# Host: localhost  (Version: 5.5.53)
# Date: 2018-01-05 17:09:41
# Generator: MySQL-Front 5.3  (Build 4.234)

/*!40101 SET NAMES utf8 */;

#
# Structure for table "33hao_activity"
#

DROP TABLE IF EXISTS `33hao_activity`;
CREATE TABLE `33hao_activity` (
  `activity_id` mediumint(9) NOT NULL AUTO_INCREMENT COMMENT 'id',
  `activity_title` varchar(255) NOT NULL COMMENT '标题',
  `activity_type` enum('1','2') DEFAULT NULL COMMENT '活动类型 1:商品 2:团购',
  `activity_banner` varchar(255) NOT NULL COMMENT '活动横幅大图片',
  `activity_style` varchar(255) NOT NULL COMMENT '活动页面模板样式标识码',
  `activity_desc` varchar(1000) NOT NULL COMMENT '描述',
  `activity_start_date` int(10) unsigned NOT NULL DEFAULT '0' COMMENT '开始时间',
  `activity_end_date` int(10) unsigned NOT NULL DEFAULT '0' COMMENT '结束时间',
  `activity_sort` tinyint(1) unsigned NOT NULL DEFAULT '255' COMMENT '排序',
  `activity_state` tinyint(1) unsigned NOT NULL DEFAULT '1' COMMENT '活动状态 0为关闭 1为开启',
  PRIMARY KEY (`activity_id`)
) ENGINE=InnoDB DEFAULT CHARSET=utf8 COMMENT='活动表';

#
# Data for table "33hao_activity"
#


#
# Structure for table "33hao_activity_detail"
#

DROP TABLE IF EXISTS `33hao_activity_detail`;
CREATE TABLE `33hao_activity_detail` (
  `activity_detail_id` mediumint(9) NOT NULL AUTO_INCREMENT COMMENT 'id',
  `activity_id` mediumint(8) unsigned NOT NULL DEFAULT '0' COMMENT '活动编号',
  `item_id` int(11) NOT NULL COMMENT '商品或团购的编号',
  `item_name` varchar(255) NOT NULL COMMENT '商品或团购名称',
  `store_id` int(11) NOT NULL COMMENT '店铺编号',
  `store_name` varchar(255) NOT NULL COMMENT '店铺名称',
  `activity_detail_state` enum('0','1','2','3') NOT NULL DEFAULT '0' COMMENT '审核状态 0:(默认)待审核 1:通过 2:未通过 3:再次申请',
  `activity_detail_sort` tinyint(1) unsigned NOT NULL DEFAULT '255' COMMENT '排序',
  PRIMARY KEY (`activity_detail_id`),
  KEY `activity_id` (`activity_id`)
) ENGINE=InnoDB DEFAULT CHARSET=utf8 COMMENT='活动细节表';

#
# Data for table "33hao_activity_detail"
#


#
# Structure for table "33hao_address"
#

DROP TABLE IF EXISTS `33hao_address`;
CREATE TABLE `33hao_address` (
  `address_id` mediumint(10) unsigned NOT NULL AUTO_INCREMENT COMMENT '地址ID',
  `member_id` mediumint(10) unsigned NOT NULL DEFAULT '0' COMMENT '会员ID',
  `true_name` varchar(50) NOT NULL COMMENT '会员姓名',
  `area_id` mediumint(10) unsigned NOT NULL DEFAULT '0' COMMENT '地区ID',
  `city_id` mediumint(9) DEFAULT NULL COMMENT '市级ID',
  `area_info` varchar(255) NOT NULL DEFAULT '' COMMENT '地区内容',
  `address` varchar(255) NOT NULL COMMENT '地址',
  `tel_phone` varchar(20) DEFAULT NULL COMMENT '座机电话',
  `mob_phone` varchar(15) DEFAULT NULL COMMENT '手机电话',
  `is_default` enum('0','1') NOT NULL DEFAULT '0' COMMENT '1默认收货地址',
  `dlyp_id` int(11) DEFAULT '0' COMMENT '自提点ID',
  PRIMARY KEY (`address_id`),
  KEY `member_id` (`member_id`)
) ENGINE=InnoDB AUTO_INCREMENT=16 DEFAULT CHARSET=utf8 COMMENT='买家地址信息表';

#
# Data for table "33hao_address"
#

INSERT INTO `33hao_address` VALUES (1,33,'刘帅',0,36,'北京市  北京市  昌平区','昌平大河村太极庙','131611563','13621286210','1',0),(2,33,'刘帅',65,40,'天津\t天津市\t西青区','复兴门','1313113131','13621286210','0',0),(3,1,'刘帅',0,36,'北京市  北京市  昌平区','昌平太2','','13300712233','1',0),(7,0,'张三',0,NULL,'北京市','北京市',NULL,'133192222222','0',0),(8,0,'张三',0,NULL,'北京市','北京市',NULL,'13133775592','0',0),(9,0,'zhangsan',0,NULL,'北京市','北京市',NULL,'13133775592','0',0),(10,0,'张三',0,NULL,'北京市','北京市',NULL,'1234556','0',0),(13,0,'张三',0,NULL,'北京市  北京市  房山区  100000','北京市  北京市  房山区  100000',NULL,'13188229955','0',0),(14,46,'刘帅',37,36,'北京 北京市 东城区','三四十',NULL,'13621286210','0',0),(15,47,'刘帅',37,36,'北京 北京市 东城区','颠三倒四',NULL,'13621286210','0',0);

#
# Structure for table "33hao_admin"
#

DROP TABLE IF EXISTS `33hao_admin`;
CREATE TABLE `33hao_admin` (
  `admin_id` int(11) unsigned NOT NULL AUTO_INCREMENT COMMENT '管理员ID',
  `admin_name` varchar(20) NOT NULL COMMENT '管理员名称',
  `admin_password` varchar(32) NOT NULL DEFAULT '' COMMENT '管理员密码',
  `admin_login_time` int(10) NOT NULL DEFAULT '0' COMMENT '登录时间',
  `admin_login_num` int(11) NOT NULL DEFAULT '0' COMMENT '登录次数',
  `admin_is_super` tinyint(1) NOT NULL DEFAULT '0' COMMENT '是否超级管理员',
  `admin_gid` smallint(6) DEFAULT '0' COMMENT '权限组ID',
  PRIMARY KEY (`admin_id`),
  KEY `member_id` (`admin_id`)
) ENGINE=InnoDB AUTO_INCREMENT=2 DEFAULT CHARSET=utf8 COMMENT='管理员表';

#
# Data for table "33hao_admin"
#

INSERT INTO `33hao_admin` VALUES (1,'root','e10adc3949ba59abbe56e057f20f883e',1515136700,19,1,0);

#
# Structure for table "33hao_admin_log"
#

DROP TABLE IF EXISTS `33hao_admin_log`;
CREATE TABLE `33hao_admin_log` (
  `id` int(10) unsigned NOT NULL AUTO_INCREMENT,
  `content` varchar(50) NOT NULL COMMENT '操作内容',
  `createtime` int(10) unsigned DEFAULT NULL COMMENT '发生时间',
  `admin_name` char(20) NOT NULL COMMENT '管理员',
  `admin_id` mediumint(8) unsigned NOT NULL DEFAULT '0' COMMENT '管理员ID',
  `ip` char(15) NOT NULL COMMENT 'IP',
  `url` varchar(50) NOT NULL DEFAULT '' COMMENT 'act&op',
  PRIMARY KEY (`id`)
) ENGINE=InnoDB AUTO_INCREMENT=38 DEFAULT CHARSET=utf8 COMMENT='管理员操作日志';

#
# Data for table "33hao_admin_log"
#

INSERT INTO `33hao_admin_log` VALUES (1,'',1472607386,'root',1,'127.0.0.1','login&login'),(2,'编辑站点设置',1472607939,'root',1,'127.0.0.1','setting&base'),(3,'',1472607955,'root',1,'127.0.0.1','login&login'),(4,'编辑邮件设置',1472608109,'root',1,'127.0.0.1','message&email'),(5,'清理缓存',1472608940,'root',1,'127.0.0.1','cache&clear'),(6,'',1472621690,'root',1,'127.0.0.1','login&login'),(7,'编辑QQ互联',1472621823,'root',1,'127.0.0.1','account&qq'),(8,'编辑防灌水设置',1472623661,'root',1,'127.0.0.1','setting&dump'),(9,'添加会员[\t测试会员1]',1472624116,'root',1,'127.0.0.1','member&member_add'),(10,'发送通知',1472624164,'root',1,'127.0.0.1','notice&notice'),(11,'',1472689881,'root',1,'127.0.0.1','login&login'),(12,'',1472699400,'root',1,'127.0.0.1','login&login'),(13,'编辑会员[ID:2]',1472699565,'root',1,'127.0.0.1','member&member_edit'),(14,'编辑会员[ID:2]',1472699688,'root',1,'127.0.0.1','member&member_edit'),(15,'',1472708167,'root',1,'127.0.0.1','login&login'),(16,'清理缓存',1472709962,'root',1,'127.0.0.1','cache&clear'),(17,'删除邮币分类[ID:1]',1472712553,'root',1,'127.0.0.1','ybk_class&ybk_class'),(18,'添加邮币分类[邮币]',1472713624,'root',1,'127.0.0.1','ybk_class&ybk_class_add'),(19,'添加邮币分类[金币]',1472714709,'root',1,'127.0.0.1','ybk_class&ybk_class_add'),(20,'添加邮币分类[银币]',1472714723,'root',1,'127.0.0.1','ybk_class&ybk_class_add'),(21,'编辑[邮币]',1472716275,'root',1,'127.0.0.1','ybk_class&ybk_class_edit'),(22,'删除[ID:3]',1472716399,'root',1,'127.0.0.1','ybk_class&ybk_class_del'),(23,'编辑[银币]',1472716408,'root',1,'127.0.0.1','ybk_class&ybk_class_edit'),(24,'',1472722438,'root',1,'127.0.0.1','login&login'),(25,'',1472775992,'root',1,'127.0.0.1','login&login'),(26,'广告位信息修改成功[顶部logo边广告]',1472776694,'root',1,'127.0.0.1','adv&ap_edit'),(27,'',1472787609,'root',1,'127.0.0.1','login&login'),(28,'',1473062308,'root',1,'116.213.119.69','login&login'),(29,'',1473762749,'root',1,'116.213.119.69','login&login'),(30,'',1474508376,'root',1,'127.0.0.1','login&login'),(31,'',1474591086,'root',1,'127.0.0.1','login&login'),(32,'',1474596102,'root',1,'127.0.0.1','login&login'),(33,'',1474596125,'root',1,'106.38.84.34','login&login'),(34,'',1474872171,'root',1,'106.38.84.34','login&login'),(35,'',1474942057,'root',1,'127.0.0.1','login&login'),(36,'',1474961368,'root',1,'127.0.0.1','login&login'),(37,'',1515136700,'root',1,'127.0.0.1','login&login');

#
# Structure for table "33hao_adv"
#

DROP TABLE IF EXISTS `33hao_adv`;
CREATE TABLE `33hao_adv` (
  `adv_id` mediumint(8) unsigned NOT NULL AUTO_INCREMENT COMMENT '广告自增标识编号',
  `ap_id` mediumint(8) unsigned NOT NULL COMMENT '广告位id',
  `adv_title` varchar(255) NOT NULL COMMENT '广告内容描述',
  `adv_content` varchar(1000) NOT NULL COMMENT '广告内容',
  `adv_start_date` int(10) DEFAULT NULL COMMENT '广告开始时间',
  `adv_end_date` int(10) DEFAULT NULL COMMENT '广告结束时间',
  `slide_sort` int(10) unsigned NOT NULL COMMENT '幻灯片排序',
  `member_id` int(11) NOT NULL COMMENT '会员ID',
  `member_name` varchar(50) NOT NULL COMMENT '会员用户名',
  `click_num` int(10) unsigned NOT NULL COMMENT '广告点击率',
  `is_allow` smallint(1) unsigned NOT NULL COMMENT '会员购买的广告是否通过审核0未审核1审核已通过2审核未通过',
  `buy_style` varchar(10) NOT NULL COMMENT '购买方式',
  `goldpay` int(10) unsigned NOT NULL COMMENT '购买所支付的金币',
  PRIMARY KEY (`adv_id`)
) ENGINE=InnoDB AUTO_INCREMENT=942 DEFAULT CHARSET=utf8 COMMENT='广告表';

#
# Data for table "33hao_adv"
#

INSERT INTO `33hao_adv` VALUES (15,9,'首页通栏','a:2:{s:7:\"adv_pic\";s:21:\"04716538681718544.png\";s:11:\"adv_pic_url\";s:13:\"www.33hao.com\";}',1388505600,1577721600,0,0,'',0,1,'',0),(915,1037,'闲置首页幻灯片1','a:2:{s:13:\"adv_slide_pic\";s:36:\"008a76ccc9449d92b529c2d7dd1ddbb4.png\";s:13:\"adv_slide_url\";s:14:\"www.33hao.com\";}',1325347200,1622476800,1,0,'',0,1,'',0),(916,1037,'闲置首页幻灯片2','a:2:{s:13:\"adv_slide_pic\";s:36:\"fe79d67a363cc0e37ccd65896fea52bd.png\";s:13:\"adv_slide_url\";s:14:\"www.33hao.com\";}',1325347200,1622476800,2,0,'',1,1,'',0),(917,1037,'闲置首页幻灯片3','a:2:{s:13:\"adv_slide_pic\";s:36:\"07085e616fbbd0b2750edb70221ca536.jpg\";s:13:\"adv_slide_url\";s:14:\"www.33hao.com\";}',1325347200,1622476800,3,0,'',1,1,'',0),(918,1037,'闲置首页幻灯片4','a:2:{s:13:\"adv_slide_pic\";s:36:\"42d613f281b21845783e22b2d12ca607.png\";s:13:\"adv_slide_url\";s:14:\"www.33hao.com\";}',1325347200,1622476800,4,0,'',0,1,'',0),(919,1037,'闲置首页幻灯片5','a:2:{s:13:\"adv_slide_pic\";s:36:\"70fa9bcbdd0affe3b4c6832613299f52.png\";s:13:\"adv_slide_url\";s:14:\"www.33hao.com\";}',1325347200,1622476800,5,0,'',0,1,'',0),(920,1038,'闲置横栏广告1','a:2:{s:7:\"adv_pic\";s:36:\"62583bd76a71da66a1259da1d8050b39.jpg\";s:11:\"adv_pic_url\";s:14:\"www.33hao.com\";}',1325347200,1622476800,0,0,'',1,1,'',0),(921,1038,'闲置横栏广告2','a:2:{s:7:\"adv_pic\";s:36:\"d6751364a7e32bcebbfee859e60f62c4.jpg\";s:11:\"adv_pic_url\";s:14:\"www.33hao.com\";}',1325347200,1622476800,0,0,'',2,1,'',0),(931,1043,'闲置首页中部短栏广告1','a:2:{s:7:\"adv_pic\";s:36:\"90189662e6a7a5e8b2f5992485462cdd.png\";s:11:\"adv_pic_url\";s:14:\"www.33hao.com\";}',1328025600,1622476800,0,0,'',1,1,'',0),(932,1044,'闲置首页中部短栏广告2','a:2:{s:7:\"adv_pic\";s:36:\"2cfee9543caaafeccb1b5d69d814a0fe.png\";s:11:\"adv_pic_url\";s:14:\"www.33hao.com\";}',1328025600,1622476800,0,0,'',0,1,'',0),(933,1045,'闲置首页中部短栏广告3','a:2:{s:7:\"adv_pic\";s:36:\"9297917ba3be7b0790d69bb700b93436.jpg\";s:11:\"adv_pic_url\";s:14:\"www.33hao.com\";}',1328025600,1622476800,0,0,'',0,1,'',0),(934,1046,'闲置首页中部短栏广告4','a:2:{s:7:\"adv_pic\";s:36:\"a18f85f81e845a1055726388334df19f.jpg\";s:11:\"adv_pic_url\";s:14:\"www.33hao.com\";}',1328025600,1622476800,0,0,'',0,1,'',0),(935,11,'首页物流自提banner','a:2:{s:7:\"adv_pic\";s:21:\"04876370813599010.gif\";s:11:\"adv_pic_url\";s:41:\"v3.33hao.com/delivery/index.php?act=login\";}',1434211200,1749312000,0,0,'',0,1,'',0),(936,1047,'好商城V3','a:2:{s:7:\"adv_pic\";s:21:\"04891676111561966.png\";s:11:\"adv_pic_url\";s:13:\"www.33hao.com\";}',1435766400,1753891200,0,0,'',0,1,'',0),(937,1,'1','a1.png',1,1,0,0,'',0,1,'',0),(938,1,'2','a2.png',1,1,0,0,'',0,1,'',0),(939,1,'3','a3.png',1,1,0,0,'',0,1,'',0),(940,1,'4','a4.png',1,1,0,0,'',0,1,'',0),(941,1,'5','a5.png',1,1,0,0,'',0,1,'',0);

#
# Structure for table "33hao_adv_click"
#

DROP TABLE IF EXISTS `33hao_adv_click`;
CREATE TABLE `33hao_adv_click` (
  `adv_id` mediumint(8) unsigned NOT NULL COMMENT '广告id',
  `ap_id` mediumint(8) unsigned NOT NULL DEFAULT '0' COMMENT '所属广告位id',
  `click_year` smallint(5) unsigned NOT NULL DEFAULT '0' COMMENT '点击年份',
  `click_month` smallint(5) unsigned NOT NULL DEFAULT '0' COMMENT '点击月份',
  `click_num` mediumint(8) unsigned NOT NULL DEFAULT '0' COMMENT '点击率',
  `adv_name` varchar(100) NOT NULL COMMENT '广告名称',
  `ap_name` varchar(100) NOT NULL COMMENT '广告位名称'
) ENGINE=InnoDB DEFAULT CHARSET=utf8 COMMENT='广告点击率表';

#
# Data for table "33hao_adv_click"
#


#
# Structure for table "33hao_adv_position"
#

DROP TABLE IF EXISTS `33hao_adv_position`;
CREATE TABLE `33hao_adv_position` (
  `ap_id` mediumint(8) unsigned NOT NULL AUTO_INCREMENT COMMENT '广告位置id',
  `ap_name` varchar(100) NOT NULL COMMENT '广告位置名',
  `ap_intro` varchar(255) NOT NULL COMMENT '广告位简介',
  `ap_class` smallint(1) unsigned NOT NULL COMMENT '广告类别：0图片1文字2幻灯3Flash',
  `ap_display` smallint(1) unsigned NOT NULL COMMENT '广告展示方式：0幻灯片1多广告展示2单广告展示',
  `is_use` smallint(1) unsigned NOT NULL COMMENT '广告位是否启用：0不启用1启用',
  `ap_width` int(10) NOT NULL COMMENT '广告位宽度',
  `ap_height` int(10) NOT NULL COMMENT '广告位高度',
  `ap_price` int(10) unsigned NOT NULL COMMENT '广告位单价',
  `adv_num` int(10) unsigned NOT NULL COMMENT '拥有的广告数',
  `click_num` int(10) unsigned NOT NULL COMMENT '广告位点击率',
  `default_content` varchar(100) NOT NULL COMMENT '广告位默认内容',
  PRIMARY KEY (`ap_id`)
) ENGINE=InnoDB AUTO_INCREMENT=1050 DEFAULT CHARSET=utf8 COMMENT='广告位表';

#
# Data for table "33hao_adv_position"
#

INSERT INTO `33hao_adv_position` VALUES (9,'首页底部通栏图片广告','位于首页底部的通栏型图片广告',0,2,0,1200,90,100,1,0,'04418235791378401.jpg'),(11,'首页中上部banner','物流自取广告',0,2,0,1200,100,100,1,0,'banner.gif'),(35,'积分列表页中部广告位','积分列表页中部广告位',0,2,1,900,368,30,0,0,'f448e48ee0deb06707480d46a2a360ae.gif'),(37,'商品列表页左侧广告位','商品列表页左侧广告位',0,1,1,206,300,100,0,0,'7a4832d109ee46fe7677c1d3c30e067f.gif'),(1037,'闲置幻灯片','闲置首页幻灯片广告',2,0,1,240,217,30,5,0,''),(1038,'闲置首页中部横栏广告','闲置首页中部横栏广告',0,1,0,1000,61,30,2,0,'c861866014826de9d2a85cb9b592007c.jpg'),(1043,'闲置首页中部短栏广告1','闲置首页中部短栏广告1',0,2,1,240,100,30,1,0,'e2e3047e7d942c0239752c47a11aeceb.png'),(1044,'闲置首页中部短栏广告2','闲置首页中部短栏广告2',0,2,1,240,100,30,1,0,'52fca98cac39ab7071019ab55ca9b520.png'),(1045,'闲置首页中部短栏广告3','闲置首页中部短栏广告3',0,2,1,240,100,30,1,0,'41e9b62413294eae29073f4d57fdccb4.jpg'),(1046,'闲置首页中部短栏广告4','闲置首页中部短栏广告4',0,2,1,240,100,30,1,0,'4ab14bb8de01d777f45a1c0c29507c15.jpg'),(1047,'首页中上部banner','好商城v3',0,2,0,1200,90,100,1,0,'04891676111561966.png'),(1048,'顶部logo边广告','',0,2,0,100,70,0,0,0,'05048168915006375.gif'),(1049,'首页右侧广告','首页右侧广告',0,1,0,230,165,0,0,0,'05057671828128355.png');

#
# Structure for table "33hao_album_class"
#

DROP TABLE IF EXISTS `33hao_album_class`;
CREATE TABLE `33hao_album_class` (
  `aclass_id` int(10) unsigned NOT NULL AUTO_INCREMENT COMMENT '相册id',
  `aclass_name` varchar(100) NOT NULL COMMENT '相册名称',
  `store_id` int(10) unsigned NOT NULL COMMENT '所属店铺id',
  `aclass_des` varchar(255) NOT NULL COMMENT '相册描述',
  `aclass_sort` tinyint(3) unsigned NOT NULL COMMENT '排序',
  `aclass_cover` varchar(255) NOT NULL COMMENT '相册封面',
  `upload_time` int(10) unsigned NOT NULL COMMENT '图片上传时间',
  `is_default` tinyint(1) unsigned NOT NULL DEFAULT '0' COMMENT '是否为默认相册,1代表默认',
  PRIMARY KEY (`aclass_id`)
) ENGINE=InnoDB AUTO_INCREMENT=2 DEFAULT CHARSET=utf8 COMMENT='相册表';

#
# Data for table "33hao_album_class"
#

INSERT INTO `33hao_album_class` VALUES (1,'默认相册',1,'',255,'',1387942806,1);

#
# Structure for table "33hao_album_pic"
#

DROP TABLE IF EXISTS `33hao_album_pic`;
CREATE TABLE `33hao_album_pic` (
  `apic_id` int(10) unsigned NOT NULL AUTO_INCREMENT COMMENT '相册图片表id',
  `apic_name` varchar(100) NOT NULL COMMENT '图片名称',
  `apic_tag` varchar(255) NOT NULL COMMENT '图片标签',
  `aclass_id` int(10) unsigned NOT NULL COMMENT '相册id',
  `apic_cover` varchar(255) NOT NULL COMMENT '图片路径',
  `apic_size` int(10) unsigned NOT NULL COMMENT '图片大小',
  `apic_spec` varchar(100) NOT NULL COMMENT '图片规格',
  `store_id` int(10) unsigned NOT NULL COMMENT '所属店铺id',
  `upload_time` int(10) unsigned NOT NULL COMMENT '图片上传时间',
  PRIMARY KEY (`apic_id`)
) ENGINE=InnoDB AUTO_INCREMENT=921 DEFAULT CHARSET=utf8 COMMENT='相册图片表';

#
# Data for table "33hao_album_pic"
#

INSERT INTO `33hao_album_pic` VALUES (388,'11','',1,'1_04418206625430066.jpg',174541,'1x1',1,1388476662),(389,'12','',1,'1_04418207021778349.jpg',336218,'1x1',1,1388476702),(390,'13','',1,'1_04418207062633139.jpg',457837,'1x1',1,1388476706),(391,'14','',1,'1_04418207107006930.jpg',314892,'1x1',1,1388476710),(392,'31','',1,'1_04418207207476705.jpg',282850,'1x1',1,1388476720),(393,'32','',1,'1_04418207237197915.jpg',521077,'1x1',1,1388476723),(394,'33','',1,'1_04418207258840120.jpg',502581,'1x1',1,1388476725),(395,'34','',1,'1_04418207283569084.jpg',383670,'1x1',1,1388476728),(396,'12','',1,'1_04418207321967915.jpg',336218,'1x1',1,1388476732),(397,'13','',1,'1_04418207350682444.jpg',457837,'1x1',1,1388476735),(398,'14','',1,'1_04418207374719006.jpg',314892,'1x1',1,1388476737),(399,'21','',1,'1_04418207428759462.jpg',161981,'1x1',1,1388476742),(400,'21','',1,'1_04418207471410641.jpg',161981,'1x1',1,1388476747),(401,'22','',1,'1_04418207575073862.jpg',384532,'1x1',1,1388476757),(402,'23','',1,'1_04418207617911287.jpg',427267,'1x1',1,1388476761),(403,'24','',1,'1_04418207651522662.jpg',491681,'1x1',1,1388476765),(404,'41','',1,'1_04418207748921454.jpg',239524,'1x1',1,1388476774),(405,'42','',1,'1_04418207775017390.jpg',129511,'1x1',1,1388476777),(406,'43','',1,'1_04418207803169795.jpg',356141,'1x1',1,1388476780),(407,'44','',1,'1_04418207830061660.jpg',146314,'1x1',1,1388476782),(408,'11','',1,'1_04418211211965600.jpg',131570,'1x1',1,1388477121),(409,'22','',1,'1_04418211624146737.jpg',251896,'1x1',1,1388477162),(410,'21','',1,'1_04418211646104580.jpg',234534,'1x1',1,1388477164),(411,'23','',1,'1_04418211670177204.jpg',311451,'1x1',1,1388477166),(412,'24','',1,'1_04418211696227370.jpg',287928,'1x1',1,1388477169),(413,'12','',1,'1_04418211725315624.jpg',239674,'1x1',1,1388477172),(414,'13','',1,'1_04418211757384304.jpg',465717,'1x1',1,1388477175),(415,'14','',1,'1_04418211785719847.jpg',425344,'1x1',1,1388477178),(416,'32','',1,'1_04418211827276143.jpg',239282,'1x1',1,1388477182),(417,'31','',1,'1_04418211855225368.jpg',233100,'1x1',1,1388477185),(418,'33','',1,'1_04418211883385668.jpg',239952,'1x1',1,1388477188),(419,'34','',1,'1_04418211907013907.jpg',241641,'1x1',1,1388477190),(420,'11','',1,'1_04418239521122578.jpg',263011,'1x1',1,1388479952),(421,'21','',1,'1_04418240378724556.jpg',227648,'1x1',1,1388480037),(422,'22','',1,'1_04418240412383742.jpg',177558,'1x1',1,1388480041),(423,'23','',1,'1_04418240440076521.jpg',365455,'1x1',1,1388480043),(424,'24','',1,'1_04418240469700467.jpg',324199,'1x1',1,1388480046),(425,'51','',1,'1_04418240514917358.jpg',151339,'1x1',1,1388480051),(426,'52','',1,'1_04418240547037748.jpg',190841,'1x1',1,1388480054),(427,'53','',1,'1_04418240569316654.jpg',148740,'1x1',1,1388480056),(428,'54','',1,'1_04418240593223779.jpg',187276,'1x1',1,1388480059),(429,'31','',1,'1_04418240641767556.jpg',359584,'1x1',1,1388480064),(430,'32','',1,'1_04418240666885368.jpg',283091,'1x1',1,1388480066),(431,'33','',1,'1_04418240697199699.jpg',332601,'1x1',1,1388480069),(432,'34','',1,'1_04418240726658802.jpg',281580,'1x1',1,1388480072),(433,'41','',1,'1_04418240795665638.jpg',142770,'1x1',1,1388480079),(434,'42','',1,'1_04418240827143666.jpg',131160,'1x1',1,1388480082),(435,'43','',1,'1_04418240859146562.jpg',374630,'1x1',1,1388480085),(436,'44','',1,'1_04418240886330482.jpg',346866,'1x1',1,1388480088),(437,'51','',1,'1_04418240955916042.jpg',151339,'1x1',1,1388480095),(438,'52','',1,'1_04418240987274775.jpg',190841,'1x1',1,1388480098),(439,'53','',1,'1_04418241012342707.jpg',148740,'1x1',1,1388480101),(440,'54','',1,'1_04418241035889286.jpg',187276,'1x1',1,1388480103),(441,'1','',1,'1_04418241398474746.jpg',208231,'1x1',1,1388480139),(442,'11','',1,'1_04418242684128103.jpg',263011,'1x1',1,1388480268),(443,'12','',1,'1_04418242714323222.jpg',189817,'1x1',1,1388480271),(444,'13','',1,'1_04418242742004222.jpg',65729,'1x1',1,1388480274),(445,'14','',1,'1_04418242771276943.jpg',334143,'1x1',1,1388480277),(446,'1','',1,'1_04418242839438481.jpg',208231,'1x1',1,1388480283),(447,'1','',1,'1_04418242873386601.jpg',208231,'1x1',1,1388480287),(448,'1','',1,'1_04418242912771108.jpg',208231,'1x1',1,1388480291),(449,'12','',1,'1_04418253211770278.jpg',165391,'1x1',1,1388481321),(450,'11','',1,'1_04418253240878850.jpg',171643,'1x1',1,1388481324),(451,'12','',1,'1_04418253965368434.jpg',165391,'1x1',1,1388481396),(452,'13','',1,'1_04418253993341194.jpg',128894,'1x1',1,1388481399),(453,'14','',1,'1_04418254020459178.jpg',111305,'1x1',1,1388481402),(454,'22','',1,'1_04418254088878407.jpg',198054,'1x1',1,1388481408),(455,'21','',1,'1_04418254118588220.jpg',277621,'1x1',1,1388481411),(456,'23','',1,'1_04418254147327427.jpg',261169,'1x1',1,1388481414),(457,'24','',1,'1_04418254171863431.jpg',258254,'1x1',1,1388481417),(458,'31','',1,'1_04418254218437108.jpg',177831,'1x1',1,1388481421),(459,'32','',1,'1_04418254243309723.jpg',192984,'1x1',1,1388481424),(460,'33','',1,'1_04418254270788167.jpg',299184,'1x1',1,1388481427),(461,'34','',1,'1_04418254463390448.jpg',244684,'1x1',1,1388481446),(912,'5','',1,'1_04423392298369303.jpg',175464,'1x1',1,1388995229),(913,'副本','',1,'1_04423392645620711.jpg',449848,'1x1',1,1388995264),(914,'1','',1,'1_04423411880302392.png',638634,'1x1',1,1388997188),(915,'副本','',1,'1_04423412221350722.jpg',868721,'1x1',1,1388997222),(916,'2','',1,'1_04423412434387147.png',346293,'1x1',1,1388997243),(917,'3','',1,'1_04423412474341466.png',446748,'1x1',1,1388997247),(918,'u=3586233367,3171193232&fm=111&gp=0','',1,'1_05271078669780291.jpg',5396,'220x158',1,1473763866),(919,'u=3586233367,3171193232&fm=111&gp=0','',1,'1_05271078708588411.jpg',5396,'220x158',1,1473763870),(920,'u=3586233367,3171193232&fm=111&gp=0','',1,'1_05271078830672794.jpg',5396,'220x158',1,1473763883);

#
# Structure for table "33hao_area"
#

DROP TABLE IF EXISTS `33hao_area`;
CREATE TABLE `33hao_area` (
  `area_id` int(11) unsigned NOT NULL AUTO_INCREMENT COMMENT '索引ID',
  `area_name` varchar(50) NOT NULL COMMENT '地区名称',
  `area_parent_id` int(11) unsigned NOT NULL DEFAULT '0' COMMENT '地区父ID',
  `area_sort` tinyint(3) unsigned NOT NULL DEFAULT '0' COMMENT '排序',
  `area_deep` tinyint(1) unsigned NOT NULL DEFAULT '1' COMMENT '地区深度，从1开始',
  `area_region` varchar(3) DEFAULT NULL COMMENT '大区名称',
  PRIMARY KEY (`area_id`),
  KEY `area_parent_id` (`area_parent_id`)
) ENGINE=InnoDB AUTO_INCREMENT=45056 DEFAULT CHARSET=utf8 COMMENT='地区表';

#
# Data for table "33hao_area"
#

INSERT INTO `33hao_area` VALUES (1,'北京',0,0,1,'华北'),(2,'天津',0,0,1,'华北'),(3,'河北',0,0,1,'华北'),(4,'山西',0,0,1,'华北'),(5,'内蒙古',0,0,1,'华北'),(6,'辽宁',0,0,1,'东北'),(7,'吉林',0,0,1,'东北'),(8,'黑龙江',0,0,1,'东北'),(9,'上海',0,0,1,'华东'),(10,'江苏',0,0,1,'华东'),(11,'浙江',0,0,1,'华东'),(12,'安徽',0,0,1,'华东'),(13,'福建',0,0,1,'华南'),(14,'江西',0,0,1,'华东'),(15,'山东',0,0,1,'华东'),(16,'河南',0,0,1,'华中'),(17,'湖北',0,0,1,'华中'),(18,'湖南',0,0,1,'华中'),(19,'广东',0,0,1,'华南'),(20,'广西',0,0,1,'华南'),(21,'海南',0,0,1,'华南'),(22,'重庆',0,0,1,'西南'),(23,'四川',0,0,1,'西南'),(24,'贵州',0,0,1,'西南'),(25,'云南',0,0,1,'西南'),(26,'西藏',0,0,1,'西南'),(27,'陕西',0,0,1,'西北'),(28,'甘肃',0,0,1,'西北'),(29,'青海',0,0,1,'西北'),(30,'宁夏',0,0,1,'西北'),(31,'新疆',0,0,1,'西北'),(32,'台湾',0,0,1,'港澳台'),(33,'香港',0,0,1,'港澳台'),(34,'澳门',0,0,1,'港澳台'),(35,'海外',0,0,1,'海外'),(36,'北京市',1,0,2,NULL),(37,'东城区',36,0,3,NULL),(38,'西城区',36,0,3,NULL),(39,'上海市',9,0,2,NULL),(40,'天津市',2,0,2,NULL),(41,'朝阳区',36,0,3,NULL),(42,'丰台区',36,0,3,NULL),(43,'石景山区',36,0,3,NULL),(44,'海淀区',36,0,3,NULL),(45,'门头沟区',36,0,3,NULL),(46,'房山区',36,0,3,NULL),(47,'通州区',36,0,3,NULL),(48,'顺义区',36,0,3,NULL),(49,'昌平区',36,0,3,NULL),(50,'大兴区',36,0,3,NULL),(51,'怀柔区',36,0,3,NULL),(52,'平谷区',36,0,3,NULL),(53,'密云县',36,0,3,NULL),(54,'延庆县',36,0,3,NULL),(55,'和平区',40,0,3,NULL),(56,'河东区',40,0,3,NULL),(57,'河西区',40,0,3,NULL),(58,'南开区',40,0,3,NULL),(59,'河北区',40,0,3,NULL),(60,'红桥区',40,0,3,NULL),(61,'塘沽区',40,0,3,NULL),(62,'重庆市',22,0,2,NULL),(64,'东丽区',40,0,3,NULL),(65,'西青区',40,0,3,NULL),(66,'津南区',40,0,3,NULL),(67,'北辰区',40,0,3,NULL),(68,'武清区',40,0,3,NULL),(69,'宝坻区',40,0,3,NULL),(70,'宁河县',40,0,3,NULL),(71,'静海县',40,0,3,NULL),(72,'蓟县',40,0,3,NULL),(73,'石家庄市',3,0,2,NULL),(74,'唐山市',3,0,2,NULL),(75,'秦皇岛市',3,0,2,NULL),(76,'邯郸市',3,0,2,NULL),(77,'邢台市',3,0,2,NULL),(78,'保定市',3,0,2,NULL),(79,'张家口市',3,0,2,NULL),(80,'承德市',3,0,2,NULL),(81,'衡水市',3,0,2,NULL),(82,'廊坊市',3,0,2,NULL),(83,'沧州市',3,0,2,NULL),(84,'太原市',4,0,2,NULL),(85,'大同市',4,0,2,NULL),(86,'阳泉市',4,0,2,NULL),(87,'长治市',4,0,2,NULL),(88,'晋城市',4,0,2,NULL),(89,'朔州市',4,0,2,NULL),(90,'晋中市',4,0,2,NULL),(91,'运城市',4,0,2,NULL),(92,'忻州市',4,0,2,NULL),(93,'临汾市',4,0,2,NULL),(94,'吕梁市',4,0,2,NULL),(95,'呼和浩特市',5,0,2,NULL),(96,'包头市',5,0,2,NULL),(97,'乌海市',5,0,2,NULL),(98,'赤峰市',5,0,2,NULL),(99,'通辽市',5,0,2,NULL),(100,'鄂尔多斯市',5,0,2,NULL),(101,'呼伦贝尔市',5,0,2,NULL),(102,'巴彦淖尔市',5,0,2,NULL),(103,'乌兰察布市',5,0,2,NULL),(104,'兴安盟',5,0,2,NULL),(105,'锡林郭勒盟',5,0,2,NULL),(106,'阿拉善盟',5,0,2,NULL),(107,'沈阳市',6,0,2,NULL),(108,'大连市',6,0,2,NULL),(109,'鞍山市',6,0,2,NULL),(110,'抚顺市',6,0,2,NULL),(111,'本溪市',6,0,2,NULL),(112,'丹东市',6,0,2,NULL),(113,'锦州市',6,0,2,NULL),(114,'营口市',6,0,2,NULL),(115,'阜新市',6,0,2,NULL),(116,'辽阳市',6,0,2,NULL),(117,'盘锦市',6,0,2,NULL),(118,'铁岭市',6,0,2,NULL),(119,'朝阳市',6,0,2,NULL),(120,'葫芦岛市',6,0,2,NULL),(121,'长春市',7,0,2,NULL),(122,'吉林市',7,0,2,NULL),(123,'四平市',7,0,2,NULL),(124,'辽源市',7,0,2,NULL),(125,'通化市',7,0,2,NULL),(126,'白山市',7,0,2,NULL),(127,'松原市',7,0,2,NULL),(128,'白城市',7,0,2,NULL),(129,'延边朝鲜族自治州',7,0,2,NULL),(130,'哈尔滨市',8,0,2,NULL),(131,'齐齐哈尔市',8,0,2,NULL),(132,'鸡西市',8,0,2,NULL),(133,'鹤岗市',8,0,2,NULL),(134,'双鸭山市',8,0,2,NULL),(135,'大庆市',8,0,2,NULL),(136,'伊春市',8,0,2,NULL),(137,'佳木斯市',8,0,2,NULL),(138,'七台河市',8,0,2,NULL),(139,'牡丹江市',8,0,2,NULL),(140,'黑河市',8,0,2,NULL),(141,'绥化市',8,0,2,NULL),(142,'大兴安岭地区',8,0,2,NULL),(143,'黄浦区',39,0,3,NULL),(144,'卢湾区',39,0,3,NULL),(145,'徐汇区',39,0,3,NULL),(146,'长宁区',39,0,3,NULL),(147,'静安区',39,0,3,NULL),(148,'普陀区',39,0,3,NULL),(149,'闸北区',39,0,3,NULL),(150,'虹口区',39,0,3,NULL),(151,'杨浦区',39,0,3,NULL),(152,'闵行区',39,0,3,NULL),(153,'宝山区',39,0,3,NULL),(154,'嘉定区',39,0,3,NULL),(155,'浦东新区',39,0,3,NULL),(156,'金山区',39,0,3,NULL),(157,'松江区',39,0,3,NULL),(158,'青浦区',39,0,3,NULL),(159,'南汇区',39,0,3,NULL),(160,'奉贤区',39,0,3,NULL),(161,'崇明县',39,0,3,NULL),(162,'南京市',10,0,2,NULL),(163,'无锡市',10,0,2,NULL),(164,'徐州市',10,0,2,NULL),(165,'常州市',10,0,2,NULL),(166,'苏州市',10,0,2,NULL),(167,'南通市',10,0,2,NULL),(168,'连云港市',10,0,2,NULL),(169,'淮安市',10,0,2,NULL),(170,'盐城市',10,0,2,NULL),(171,'扬州市',10,0,2,NULL),(172,'镇江市',10,0,2,NULL),(173,'泰州市',10,0,2,NULL),(174,'宿迁市',10,0,2,NULL),(175,'杭州市',11,0,2,NULL),(176,'宁波市',11,0,2,NULL),(177,'温州市',11,0,2,NULL),(178,'嘉兴市',11,0,2,NULL),(179,'湖州市',11,0,2,NULL),(180,'绍兴市',11,0,2,NULL),(181,'舟山市',11,0,2,NULL),(182,'衢州市',11,0,2,NULL),(183,'金华市',11,0,2,NULL),(184,'台州市',11,0,2,NULL),(185,'丽水市',11,0,2,NULL),(186,'合肥市',12,0,2,NULL),(187,'芜湖市',12,0,2,NULL),(188,'蚌埠市',12,0,2,NULL),(189,'淮南市',12,0,2,NULL),(190,'马鞍山市',12,0,2,NULL),(191,'淮北市',12,0,2,NULL),(192,'铜陵市',12,0,2,NULL),(193,'安庆市',12,0,2,NULL),(194,'黄山市',12,0,2,NULL),(195,'滁州市',12,0,2,NULL),(196,'阜阳市',12,0,2,NULL),(197,'宿州市',12,0,2,NULL),(198,'巢湖市',12,0,2,NULL),(199,'六安市',12,0,2,NULL),(200,'亳州市',12,0,2,NULL),(201,'池州市',12,0,2,NULL),(202,'宣城市',12,0,2,NULL),(203,'福州市',13,0,2,NULL),(204,'厦门市',13,0,2,NULL),(205,'莆田市',13,0,2,NULL),(206,'三明市',13,0,2,NULL),(207,'泉州市',13,0,2,NULL),(208,'漳州市',13,0,2,NULL),(209,'南平市',13,0,2,NULL),(210,'龙岩市',13,0,2,NULL),(211,'宁德市',13,0,2,NULL),(212,'南昌市',14,0,2,NULL),(213,'景德镇市',14,0,2,NULL),(214,'萍乡市',14,0,2,NULL),(215,'九江市',14,0,2,NULL),(216,'新余市',14,0,2,NULL),(217,'鹰潭市',14,0,2,NULL),(218,'赣州市',14,0,2,NULL),(219,'吉安市',14,0,2,NULL),(220,'宜春市',14,0,2,NULL),(221,'抚州市',14,0,2,NULL),(222,'上饶市',14,0,2,NULL),(223,'济南市',15,0,2,NULL),(224,'青岛市',15,0,2,NULL),(225,'淄博市',15,0,2,NULL),(226,'枣庄市',15,0,2,NULL),(227,'东营市',15,0,2,NULL),(228,'烟台市',15,0,2,NULL),(229,'潍坊市',15,0,2,NULL),(230,'济宁市',15,0,2,NULL),(231,'泰安市',15,0,2,NULL),(232,'威海市',15,0,2,NULL),(233,'日照市',15,0,2,NULL),(234,'莱芜市',15,0,2,NULL),(235,'临沂市',15,0,2,NULL),(236,'德州市',15,0,2,NULL),(237,'聊城市',15,0,2,NULL),(238,'滨州市',15,0,2,NULL),(239,'菏泽市',15,0,2,NULL),(240,'郑州市',16,0,2,NULL),(241,'开封市',16,0,2,NULL),(242,'洛阳市',16,0,2,NULL),(243,'平顶山市',16,0,2,NULL),(244,'安阳市',16,0,2,NULL),(245,'鹤壁市',16,0,2,NULL),(246,'新乡市',16,0,2,NULL),(247,'焦作市',16,0,2,NULL),(248,'濮阳市',16,0,2,NULL),(249,'许昌市',16,0,2,NULL),(250,'漯河市',16,0,2,NULL),(251,'三门峡市',16,0,2,NULL),(252,'南阳市',16,0,2,NULL),(253,'商丘市',16,0,2,NULL),(254,'信阳市',16,0,2,NULL),(255,'周口市',16,0,2,NULL),(256,'驻马店市',16,0,2,NULL),(257,'济源市',16,0,2,NULL),(258,'武汉市',17,0,2,NULL),(259,'黄石市',17,0,2,NULL),(260,'十堰市',17,0,2,NULL),(261,'宜昌市',17,0,2,NULL),(262,'襄樊市',17,0,2,NULL),(263,'鄂州市',17,0,2,NULL),(264,'荆门市',17,0,2,NULL),(265,'孝感市',17,0,2,NULL),(266,'荆州市',17,0,2,NULL),(267,'黄冈市',17,0,2,NULL),(268,'咸宁市',17,0,2,NULL),(269,'随州市',17,0,2,NULL),(270,'恩施土家族苗族自治州',17,0,2,NULL),(271,'仙桃市',17,0,2,NULL),(272,'潜江市',17,0,2,NULL),(273,'天门市',17,0,2,NULL),(274,'神农架林区',17,0,2,NULL),(275,'长沙市',18,0,2,NULL),(276,'株洲市',18,0,2,NULL),(277,'湘潭市',18,0,2,NULL),(278,'衡阳市',18,0,2,NULL),(279,'邵阳市',18,0,2,NULL),(280,'岳阳市',18,0,2,NULL),(281,'常德市',18,0,2,NULL),(282,'张家界市',18,0,2,NULL),(283,'益阳市',18,0,2,NULL),(284,'郴州市',18,0,2,NULL),(285,'永州市',18,0,2,NULL),(286,'怀化市',18,0,2,NULL),(287,'娄底市',18,0,2,NULL),(288,'湘西土家族苗族自治州',18,0,2,NULL),(289,'广州市',19,0,2,NULL),(290,'韶关市',19,0,2,NULL),(291,'深圳市',19,0,2,NULL),(292,'珠海市',19,0,2,NULL),(293,'汕头市',19,0,2,NULL),(294,'佛山市',19,0,2,NULL),(295,'江门市',19,0,2,NULL),(296,'湛江市',19,0,2,NULL),(297,'茂名市',19,0,2,NULL),(298,'肇庆市',19,0,2,NULL),(299,'惠州市',19,0,2,NULL),(300,'梅州市',19,0,2,NULL),(301,'汕尾市',19,0,2,NULL),(302,'河源市',19,0,2,NULL),(303,'阳江市',19,0,2,NULL),(304,'清远市',19,0,2,NULL),(305,'东莞市',19,0,2,NULL),(306,'中山市',19,0,2,NULL),(307,'潮州市',19,0,2,NULL),(308,'揭阳市',19,0,2,NULL),(309,'云浮市',19,0,2,NULL),(310,'南宁市',20,0,2,NULL),(311,'柳州市',20,0,2,NULL),(312,'桂林市',20,0,2,NULL),(313,'梧州市',20,0,2,NULL),(314,'北海市',20,0,2,NULL),(315,'防城港市',20,0,2,NULL),(316,'钦州市',20,0,2,NULL),(317,'贵港市',20,0,2,NULL),(318,'玉林市',20,0,2,NULL),(319,'百色市',20,0,2,NULL),(320,'贺州市',20,0,2,NULL),(321,'河池市',20,0,2,NULL),(322,'来宾市',20,0,2,NULL),(323,'崇左市',20,0,2,NULL),(324,'海口市',21,0,2,NULL),(325,'三亚市',21,0,2,NULL),(326,'五指山市',21,0,2,NULL),(327,'琼海市',21,0,2,NULL),(328,'儋州市',21,0,2,NULL),(329,'文昌市',21,0,2,NULL),(330,'万宁市',21,0,2,NULL),(331,'东方市',21,0,2,NULL),(332,'定安县',21,0,2,NULL),(333,'屯昌县',21,0,2,NULL),(334,'澄迈县',21,0,2,NULL),(335,'临高县',21,0,2,NULL),(336,'白沙黎族自治县',21,0,2,NULL),(337,'昌江黎族自治县',21,0,2,NULL),(338,'乐东黎族自治县',21,0,2,NULL),(339,'陵水黎族自治县',21,0,2,NULL),(340,'保亭黎族苗族自治县',21,0,2,NULL),(341,'琼中黎族苗族自治县',21,0,2,NULL),(342,'西沙群岛',21,0,2,NULL),(343,'南沙群岛',21,0,2,NULL),(344,'中沙群岛的岛礁及其海域',21,0,2,NULL),(345,'万州区',62,0,3,NULL),(346,'涪陵区',62,0,3,NULL),(347,'渝中区',62,0,3,NULL),(348,'大渡口区',62,0,3,NULL),(349,'江北区',62,0,3,NULL),(350,'沙坪坝区',62,0,3,NULL),(351,'九龙坡区',62,0,3,NULL),(352,'南岸区',62,0,3,NULL),(353,'北碚区',62,0,3,NULL),(354,'双桥区',62,0,3,NULL),(355,'万盛区',62,0,3,NULL),(356,'渝北区',62,0,3,NULL),(357,'巴南区',62,0,3,NULL),(358,'黔江区',62,0,3,NULL),(359,'长寿区',62,0,3,NULL),(360,'綦江县',62,0,3,NULL),(361,'潼南县',62,0,3,NULL),(362,'铜梁县',62,0,3,NULL),(363,'大足县',62,0,3,NULL),(364,'荣昌县',62,0,3,NULL),(365,'璧山县',62,0,3,NULL),(366,'梁平县',62,0,3,NULL),(367,'城口县',62,0,3,NULL),(368,'丰都县',62,0,3,NULL),(369,'垫江县',62,0,3,NULL),(370,'武隆县',62,0,3,NULL),(371,'忠县',62,0,3,NULL),(372,'开县',62,0,3,NULL),(373,'云阳县',62,0,3,NULL),(374,'奉节县',62,0,3,NULL),(375,'巫山县',62,0,3,NULL),(376,'巫溪县',62,0,3,NULL),(377,'石柱土家族自治县',62,0,3,NULL),(378,'秀山土家族苗族自治县',62,0,3,NULL),(379,'酉阳土家族苗族自治县',62,0,3,NULL),(380,'彭水苗族土家族自治县',62,0,3,NULL),(381,'江津市',62,0,3,NULL),(382,'合川市',62,0,3,NULL),(383,'永川市',62,0,3,NULL),(384,'南川市',62,0,3,NULL),(385,'成都市',23,0,2,NULL),(386,'自贡市',23,0,2,NULL),(387,'攀枝花市',23,0,2,NULL),(388,'泸州市',23,0,2,NULL),(389,'德阳市',23,0,2,NULL),(390,'绵阳市',23,0,2,NULL),(391,'广元市',23,0,2,NULL),(392,'遂宁市',23,0,2,NULL),(393,'内江市',23,0,2,NULL),(394,'乐山市',23,0,2,NULL),(395,'南充市',23,0,2,NULL),(396,'眉山市',23,0,2,NULL),(397,'宜宾市',23,0,2,NULL),(398,'广安市',23,0,2,NULL),(399,'达州市',23,0,2,NULL),(400,'雅安市',23,0,2,NULL),(401,'巴中市',23,0,2,NULL),(402,'资阳市',23,0,2,NULL),(403,'阿坝藏族羌族自治州',23,0,2,NULL),(404,'甘孜藏族自治州',23,0,2,NULL),(405,'凉山彝族自治州',23,0,2,NULL),(406,'贵阳市',24,0,2,NULL),(407,'六盘水市',24,0,2,NULL),(408,'遵义市',24,0,2,NULL),(409,'安顺市',24,0,2,NULL),(410,'铜仁地区',24,0,2,NULL),(411,'黔西南布依族苗族自治州',24,0,2,NULL),(412,'毕节地区',24,0,2,NULL),(413,'黔东南苗族侗族自治州',24,0,2,NULL),(414,'黔南布依族苗族自治州',24,0,2,NULL),(415,'昆明市',25,0,2,NULL),(416,'曲靖市',25,0,2,NULL),(417,'玉溪市',25,0,2,NULL),(418,'保山市',25,0,2,NULL),(419,'昭通市',25,0,2,NULL),(420,'丽江市',25,0,2,NULL),(421,'思茅市',25,0,2,NULL),(422,'临沧市',25,0,2,NULL),(423,'楚雄彝族自治州',25,0,2,NULL),(424,'红河哈尼族彝族自治州',25,0,2,NULL),(425,'文山壮族苗族自治州',25,0,2,NULL),(426,'西双版纳傣族自治州',25,0,2,NULL),(427,'大理白族自治州',25,0,2,NULL),(428,'德宏傣族景颇族自治州',25,0,2,NULL),(429,'怒江傈僳族自治州',25,0,2,NULL),(430,'迪庆藏族自治州',25,0,2,NULL),(431,'拉萨市',26,0,2,NULL),(432,'昌都地区',26,0,2,NULL),(433,'山南地区',26,0,2,NULL),(434,'日喀则地区',26,0,2,NULL),(435,'那曲地区',26,0,2,NULL),(436,'阿里地区',26,0,2,NULL),(437,'林芝地区',26,0,2,NULL),(438,'西安市',27,0,2,NULL),(439,'铜川市',27,0,2,NULL),(440,'宝鸡市',27,0,2,NULL),(441,'咸阳市',27,0,2,NULL),(442,'渭南市',27,0,2,NULL),(443,'延安市',27,0,2,NULL),(444,'汉中市',27,0,2,NULL),(445,'榆林市',27,0,2,NULL),(446,'安康市',27,0,2,NULL),(447,'商洛市',27,0,2,NULL),(448,'兰州市',28,0,2,NULL),(449,'嘉峪关市',28,0,2,NULL),(450,'金昌市',28,0,2,NULL),(451,'白银市',28,0,2,NULL),(452,'天水市',28,0,2,NULL),(453,'武威市',28,0,2,NULL),(454,'张掖市',28,0,2,NULL),(455,'平凉市',28,0,2,NULL),(456,'酒泉市',28,0,2,NULL),(457,'庆阳市',28,0,2,NULL),(458,'定西市',28,0,2,NULL),(459,'陇南市',28,0,2,NULL),(460,'临夏回族自治州',28,0,2,NULL),(461,'甘南藏族自治州',28,0,2,NULL),(462,'西宁市',29,0,2,NULL),(463,'海东地区',29,0,2,NULL),(464,'海北藏族自治州',29,0,2,NULL),(465,'黄南藏族自治州',29,0,2,NULL),(466,'海南藏族自治州',29,0,2,NULL),(467,'果洛藏族自治州',29,0,2,NULL),(468,'玉树藏族自治州',29,0,2,NULL),(469,'海西蒙古族藏族自治州',29,0,2,NULL),(470,'银川市',30,0,2,NULL),(471,'石嘴山市',30,0,2,NULL),(472,'吴忠市',30,0,2,NULL),(473,'固原市',30,0,2,NULL),(474,'中卫市',30,0,2,NULL),(475,'乌鲁木齐市',31,0,2,NULL),(476,'克拉玛依市',31,0,2,NULL),(477,'吐鲁番地区',31,0,2,NULL),(478,'哈密地区',31,0,2,NULL),(479,'昌吉回族自治州',31,0,2,NULL),(480,'博尔塔拉蒙古自治州',31,0,2,NULL),(481,'巴音郭楞蒙古自治州',31,0,2,NULL),(482,'阿克苏地区',31,0,2,NULL),(483,'克孜勒苏柯尔克孜自治州',31,0,2,NULL),(484,'喀什地区',31,0,2,NULL),(485,'和田地区',31,0,2,NULL),(486,'伊犁哈萨克自治州',31,0,2,NULL),(487,'塔城地区',31,0,2,NULL),(488,'阿勒泰地区',31,0,2,NULL),(489,'石河子市',31,0,2,NULL),(490,'阿拉尔市',31,0,2,NULL),(491,'图木舒克市',31,0,2,NULL),(492,'五家渠市',31,0,2,NULL),(493,'台北市',32,0,2,NULL),(494,'高雄市',32,0,2,NULL),(495,'基隆市',32,0,2,NULL),(496,'台中市',32,0,2,NULL),(497,'台南市',32,0,2,NULL),(498,'新竹市',32,0,2,NULL),(499,'嘉义市',32,0,2,NULL),(500,'台北县',32,0,2,NULL),(501,'宜兰县',32,0,2,NULL),(502,'桃园县',32,0,2,NULL),(503,'新竹县',32,0,2,NULL),(504,'苗栗县',32,0,2,NULL),(505,'台中县',32,0,2,NULL),(506,'彰化县',32,0,2,NULL),(507,'南投县',32,0,2,NULL),(508,'云林县',32,0,2,NULL),(509,'嘉义县',32,0,2,NULL),(510,'台南县',32,0,2,NULL),(511,'高雄县',32,0,2,NULL),(512,'屏东县',32,0,2,NULL),(513,'澎湖县',32,0,2,NULL),(514,'台东县',32,0,2,NULL),(515,'花莲县',32,0,2,NULL),(516,'中西区',33,0,2,NULL),(517,'东区',33,0,2,NULL),(518,'九龙城区',33,0,2,NULL),(519,'观塘区',33,0,2,NULL),(520,'南区',33,0,2,NULL),(521,'深水埗区',33,0,2,NULL),(522,'黄大仙区',33,0,2,NULL),(523,'湾仔区',33,0,2,NULL),(524,'油尖旺区',33,0,2,NULL),(525,'离岛区',33,0,2,NULL),(526,'葵青区',33,0,2,NULL),(527,'北区',33,0,2,NULL),(528,'西贡区',33,0,2,NULL),(529,'沙田区',33,0,2,NULL),(530,'屯门区',33,0,2,NULL),(531,'大埔区',33,0,2,NULL),(532,'荃湾区',33,0,2,NULL),(533,'元朗区',33,0,2,NULL),(534,'澳门特别行政区',34,0,2,NULL),(535,'美国',45055,0,3,NULL),(536,'加拿大',45055,0,3,NULL),(537,'澳大利亚',45055,0,3,NULL),(538,'新西兰',45055,0,3,NULL),(539,'英国',45055,0,3,NULL),(540,'法国',45055,0,3,NULL),(541,'德国',45055,0,3,NULL),(542,'捷克',45055,0,3,NULL),(543,'荷兰',45055,0,3,NULL),(544,'瑞士',45055,0,3,NULL),(545,'希腊',45055,0,3,NULL),(546,'挪威',45055,0,3,NULL),(547,'瑞典',45055,0,3,NULL),(548,'丹麦',45055,0,3,NULL),(549,'芬兰',45055,0,3,NULL),(550,'爱尔兰',45055,0,3,NULL),(551,'奥地利',45055,0,3,NULL),(552,'意大利',45055,0,3,NULL),(553,'乌克兰',45055,0,3,NULL),(554,'俄罗斯',45055,0,3,NULL),(555,'西班牙',45055,0,3,NULL),(556,'韩国',45055,0,3,NULL),(557,'新加坡',45055,0,3,NULL),(558,'马来西亚',45055,0,3,NULL),(559,'印度',45055,0,3,NULL),(560,'泰国',45055,0,3,NULL),(561,'日本',45055,0,3,NULL),(562,'巴西',45055,0,3,NULL),(563,'阿根廷',45055,0,3,NULL),(564,'南非',45055,0,3,NULL),(565,'埃及',45055,0,3,NULL),(566,'其他',36,0,3,NULL),(1126,'井陉县',73,0,3,NULL),(1127,'井陉矿区',73,0,3,NULL),(1128,'元氏县',73,0,3,NULL),(1129,'平山县',73,0,3,NULL),(1130,'新乐市',73,0,3,NULL),(1131,'新华区',73,0,3,NULL),(1132,'无极县',73,0,3,NULL),(1133,'晋州市',73,0,3,NULL),(1134,'栾城县',73,0,3,NULL),(1135,'桥东区',73,0,3,NULL),(1136,'桥西区',73,0,3,NULL),(1137,'正定县',73,0,3,NULL),(1138,'深泽县',73,0,3,NULL),(1139,'灵寿县',73,0,3,NULL),(1140,'藁城市',73,0,3,NULL),(1141,'行唐县',73,0,3,NULL),(1142,'裕华区',73,0,3,NULL),(1143,'赞皇县',73,0,3,NULL),(1144,'赵县',73,0,3,NULL),(1145,'辛集市',73,0,3,NULL),(1146,'长安区',73,0,3,NULL),(1147,'高邑县',73,0,3,NULL),(1148,'鹿泉市',73,0,3,NULL),(1149,'丰南区',74,0,3,NULL),(1150,'丰润区',74,0,3,NULL),(1151,'乐亭县',74,0,3,NULL),(1152,'古冶区',74,0,3,NULL),(1153,'唐海县',74,0,3,NULL),(1154,'开平区',74,0,3,NULL),(1155,'滦南县',74,0,3,NULL),(1156,'滦县',74,0,3,NULL),(1157,'玉田县',74,0,3,NULL),(1158,'路北区',74,0,3,NULL),(1159,'路南区',74,0,3,NULL),(1160,'迁安市',74,0,3,NULL),(1161,'迁西县',74,0,3,NULL),(1162,'遵化市',74,0,3,NULL),(1163,'北戴河区',75,0,3,NULL),(1164,'卢龙县',75,0,3,NULL),(1165,'山海关区',75,0,3,NULL),(1166,'抚宁县',75,0,3,NULL),(1167,'昌黎县',75,0,3,NULL),(1168,'海港区',75,0,3,NULL),(1169,'青龙满族自治县',75,0,3,NULL),(1170,'丛台区',76,0,3,NULL),(1171,'临漳县',76,0,3,NULL),(1172,'复兴区',76,0,3,NULL),(1173,'大名县',76,0,3,NULL),(1174,'峰峰矿区',76,0,3,NULL),(1175,'广平县',76,0,3,NULL),(1176,'成安县',76,0,3,NULL),(1177,'曲周县',76,0,3,NULL),(1178,'武安市',76,0,3,NULL),(1179,'永年县',76,0,3,NULL),(1180,'涉县',76,0,3,NULL),(1181,'磁县',76,0,3,NULL),(1182,'肥乡县',76,0,3,NULL),(1183,'邯山区',76,0,3,NULL),(1184,'邯郸县',76,0,3,NULL),(1185,'邱县',76,0,3,NULL),(1186,'馆陶县',76,0,3,NULL),(1187,'魏县',76,0,3,NULL),(1188,'鸡泽县',76,0,3,NULL),(1189,'临城县',77,0,3,NULL),(1190,'临西县',77,0,3,NULL),(1191,'任县',77,0,3,NULL),(1192,'内丘县',77,0,3,NULL),(1193,'南和县',77,0,3,NULL),(1194,'南宫市',77,0,3,NULL),(1195,'威县',77,0,3,NULL),(1196,'宁晋县',77,0,3,NULL),(1197,'巨鹿县',77,0,3,NULL),(1198,'平乡县',77,0,3,NULL),(1199,'广宗县',77,0,3,NULL),(1200,'新河县',77,0,3,NULL),(1201,'柏乡县',77,0,3,NULL),(1202,'桥东区',77,0,3,NULL),(1203,'桥西区',77,0,3,NULL),(1204,'沙河市',77,0,3,NULL),(1205,'清河县',77,0,3,NULL),(1206,'邢台县',77,0,3,NULL),(1207,'隆尧县',77,0,3,NULL),(1208,'北市区',78,0,3,NULL),(1209,'南市区',78,0,3,NULL),(1210,'博野县',78,0,3,NULL),(1211,'唐县',78,0,3,NULL),(1212,'安国市',78,0,3,NULL),(1213,'安新县',78,0,3,NULL),(1214,'定兴县',78,0,3,NULL),(1215,'定州市',78,0,3,NULL),(1216,'容城县',78,0,3,NULL),(1217,'徐水县',78,0,3,NULL),(1218,'新市区',78,0,3,NULL),(1219,'易县',78,0,3,NULL),(1220,'曲阳县',78,0,3,NULL),(1221,'望都县',78,0,3,NULL),(1222,'涞水县',78,0,3,NULL),(1223,'涞源县',78,0,3,NULL),(1224,'涿州市',78,0,3,NULL),(1225,'清苑县',78,0,3,NULL),(1226,'满城县',78,0,3,NULL),(1227,'蠡县',78,0,3,NULL),(1228,'阜平县',78,0,3,NULL),(1229,'雄县',78,0,3,NULL),(1230,'顺平县',78,0,3,NULL),(1231,'高碑店市',78,0,3,NULL),(1232,'高阳县',78,0,3,NULL),(1233,'万全县',79,0,3,NULL),(1234,'下花园区',79,0,3,NULL),(1235,'宣化区',79,0,3,NULL),(1236,'宣化县',79,0,3,NULL),(1237,'尚义县',79,0,3,NULL),(1238,'崇礼县',79,0,3,NULL),(1239,'康保县',79,0,3,NULL),(1240,'张北县',79,0,3,NULL),(1241,'怀安县',79,0,3,NULL),(1242,'怀来县',79,0,3,NULL),(1243,'桥东区',79,0,3,NULL),(1244,'桥西区',79,0,3,NULL),(1245,'沽源县',79,0,3,NULL),(1246,'涿鹿县',79,0,3,NULL),(1247,'蔚县',79,0,3,NULL),(1248,'赤城县',79,0,3,NULL),(1249,'阳原县',79,0,3,NULL),(1250,'丰宁满族自治县',80,0,3,NULL),(1251,'兴隆县',80,0,3,NULL),(1252,'双桥区',80,0,3,NULL),(1253,'双滦区',80,0,3,NULL),(1254,'围场满族蒙古族自治县',80,0,3,NULL),(1255,'宽城满族自治县',80,0,3,NULL),(1256,'平泉县',80,0,3,NULL),(1257,'承德县',80,0,3,NULL),(1258,'滦平县',80,0,3,NULL),(1259,'隆化县',80,0,3,NULL),(1260,'鹰手营子矿区',80,0,3,NULL),(1261,'冀州市',81,0,3,NULL),(1262,'安平县',81,0,3,NULL),(1263,'故城县',81,0,3,NULL),(1264,'景县',81,0,3,NULL),(1265,'枣强县',81,0,3,NULL),(1266,'桃城区',81,0,3,NULL),(1267,'武强县',81,0,3,NULL),(1268,'武邑县',81,0,3,NULL),(1269,'深州市',81,0,3,NULL),(1270,'阜城县',81,0,3,NULL),(1271,'饶阳县',81,0,3,NULL),(1272,'三河市',82,0,3,NULL),(1273,'固安县',82,0,3,NULL),(1274,'大厂回族自治县',82,0,3,NULL),(1275,'大城县',82,0,3,NULL),(1276,'安次区',82,0,3,NULL),(1277,'广阳区',82,0,3,NULL),(1278,'文安县',82,0,3,NULL),(1279,'永清县',82,0,3,NULL),(1280,'霸州市',82,0,3,NULL),(1281,'香河县',82,0,3,NULL),(1282,'东光县',83,0,3,NULL),(1283,'任丘市',83,0,3,NULL),(1284,'南皮县',83,0,3,NULL),(1285,'吴桥县',83,0,3,NULL),(1286,'孟村回族自治县',83,0,3,NULL),(1287,'新华区',83,0,3,NULL),(1288,'沧县',83,0,3,NULL),(1289,'河间市',83,0,3,NULL),(1290,'泊头市',83,0,3,NULL),(1291,'海兴县',83,0,3,NULL),(1292,'献县',83,0,3,NULL),(1293,'盐山县',83,0,3,NULL),(1294,'肃宁县',83,0,3,NULL),(1295,'运河区',83,0,3,NULL),(1296,'青县',83,0,3,NULL),(1297,'黄骅市',83,0,3,NULL),(1298,'万柏林区',84,0,3,NULL),(1299,'古交市',84,0,3,NULL),(1300,'娄烦县',84,0,3,NULL),(1301,'小店区',84,0,3,NULL),(1302,'尖草坪区',84,0,3,NULL),(1303,'晋源区',84,0,3,NULL),(1304,'杏花岭区',84,0,3,NULL),(1305,'清徐县',84,0,3,NULL),(1306,'迎泽区',84,0,3,NULL),(1307,'阳曲县',84,0,3,NULL),(1308,'南郊区',85,0,3,NULL),(1309,'城区',85,0,3,NULL),(1310,'大同县',85,0,3,NULL),(1311,'天镇县',85,0,3,NULL),(1312,'左云县',85,0,3,NULL),(1313,'广灵县',85,0,3,NULL),(1314,'新荣区',85,0,3,NULL),(1315,'浑源县',85,0,3,NULL),(1316,'灵丘县',85,0,3,NULL),(1317,'矿区',85,0,3,NULL),(1318,'阳高县',85,0,3,NULL),(1319,'城区',86,0,3,NULL),(1320,'平定县',86,0,3,NULL),(1321,'盂县',86,0,3,NULL),(1322,'矿区',86,0,3,NULL),(1323,'郊区',86,0,3,NULL),(1324,'城区',87,0,3,NULL),(1325,'壶关县',87,0,3,NULL),(1326,'屯留县',87,0,3,NULL),(1327,'平顺县',87,0,3,NULL),(1328,'武乡县',87,0,3,NULL),(1329,'沁县',87,0,3,NULL),(1330,'沁源县',87,0,3,NULL),(1331,'潞城市',87,0,3,NULL),(1332,'襄垣县',87,0,3,NULL),(1333,'郊区',87,0,3,NULL),(1334,'长子县',87,0,3,NULL),(1335,'长治县',87,0,3,NULL),(1336,'黎城县',87,0,3,NULL),(1337,'城区',88,0,3,NULL),(1338,'沁水县',88,0,3,NULL),(1339,'泽州县',88,0,3,NULL),(1340,'阳城县',88,0,3,NULL),(1341,'陵川县',88,0,3,NULL),(1342,'高平市',88,0,3,NULL),(1343,'右玉县',89,0,3,NULL),(1344,'山阴县',89,0,3,NULL),(1345,'平鲁区',89,0,3,NULL),(1346,'应县',89,0,3,NULL),(1347,'怀仁县',89,0,3,NULL),(1348,'朔城区',89,0,3,NULL),(1349,'介休市',90,0,3,NULL),(1350,'和顺县',90,0,3,NULL),(1351,'太谷县',90,0,3,NULL),(1352,'寿阳县',90,0,3,NULL),(1353,'左权县',90,0,3,NULL),(1354,'平遥县',90,0,3,NULL),(1355,'昔阳县',90,0,3,NULL),(1356,'榆次区',90,0,3,NULL),(1357,'榆社县',90,0,3,NULL),(1358,'灵石县',90,0,3,NULL),(1359,'祁县',90,0,3,NULL),(1360,'万荣县',91,0,3,NULL),(1361,'临猗县',91,0,3,NULL),(1362,'垣曲县',91,0,3,NULL),(1363,'夏县',91,0,3,NULL),(1364,'平陆县',91,0,3,NULL),(1365,'新绛县',91,0,3,NULL),(1366,'永济市',91,0,3,NULL),(1367,'河津市',91,0,3,NULL),(1368,'盐湖区',91,0,3,NULL),(1369,'稷山县',91,0,3,NULL),(1370,'绛县',91,0,3,NULL),(1371,'芮城县',91,0,3,NULL),(1372,'闻喜县',91,0,3,NULL),(1373,'五台县',92,0,3,NULL),(1374,'五寨县',92,0,3,NULL),(1375,'代县',92,0,3,NULL),(1376,'保德县',92,0,3,NULL),(1377,'偏关县',92,0,3,NULL),(1378,'原平市',92,0,3,NULL),(1379,'宁武县',92,0,3,NULL),(1380,'定襄县',92,0,3,NULL),(1381,'岢岚县',92,0,3,NULL),(1382,'忻府区',92,0,3,NULL),(1383,'河曲县',92,0,3,NULL),(1384,'神池县',92,0,3,NULL),(1385,'繁峙县',92,0,3,NULL),(1386,'静乐县',92,0,3,NULL),(1387,'乡宁县',93,0,3,NULL),(1388,'侯马市',93,0,3,NULL),(1389,'古县',93,0,3,NULL),(1390,'吉县',93,0,3,NULL),(1391,'大宁县',93,0,3,NULL),(1392,'安泽县',93,0,3,NULL),(1393,'尧都区',93,0,3,NULL),(1394,'曲沃县',93,0,3,NULL),(1395,'永和县',93,0,3,NULL),(1396,'汾西县',93,0,3,NULL),(1397,'洪洞县',93,0,3,NULL),(1398,'浮山县',93,0,3,NULL),(1399,'翼城县',93,0,3,NULL),(1400,'蒲县',93,0,3,NULL),(1401,'襄汾县',93,0,3,NULL),(1402,'隰县',93,0,3,NULL),(1403,'霍州市',93,0,3,NULL),(1404,'中阳县',94,0,3,NULL),(1405,'临县',94,0,3,NULL),(1406,'交口县',94,0,3,NULL),(1407,'交城县',94,0,3,NULL),(1408,'兴县',94,0,3,NULL),(1409,'孝义市',94,0,3,NULL),(1410,'岚县',94,0,3,NULL),(1411,'文水县',94,0,3,NULL),(1412,'方山县',94,0,3,NULL),(1413,'柳林县',94,0,3,NULL),(1414,'汾阳市',94,0,3,NULL),(1415,'石楼县',94,0,3,NULL),(1416,'离石区',94,0,3,NULL),(1417,'和林格尔县',95,0,3,NULL),(1418,'回民区',95,0,3,NULL),(1419,'土默特左旗',95,0,3,NULL),(1420,'托克托县',95,0,3,NULL),(1421,'新城区',95,0,3,NULL),(1422,'武川县',95,0,3,NULL),(1423,'清水河县',95,0,3,NULL),(1424,'玉泉区',95,0,3,NULL),(1425,'赛罕区',95,0,3,NULL),(1426,'东河区',96,0,3,NULL),(1427,'九原区',96,0,3,NULL),(1428,'固阳县',96,0,3,NULL),(1429,'土默特右旗',96,0,3,NULL),(1430,'昆都仑区',96,0,3,NULL),(1431,'白云矿区',96,0,3,NULL),(1432,'石拐区',96,0,3,NULL),(1433,'达尔罕茂明安联合旗',96,0,3,NULL),(1434,'青山区',96,0,3,NULL),(1435,'乌达区',97,0,3,NULL),(1436,'海勃湾区',97,0,3,NULL),(1437,'海南区',97,0,3,NULL),(1438,'元宝山区',98,0,3,NULL),(1439,'克什克腾旗',98,0,3,NULL),(1440,'喀喇沁旗',98,0,3,NULL),(1441,'宁城县',98,0,3,NULL),(1442,'巴林右旗',98,0,3,NULL),(1443,'巴林左旗',98,0,3,NULL),(1444,'敖汉旗',98,0,3,NULL),(1445,'松山区',98,0,3,NULL),(1446,'林西县',98,0,3,NULL),(1447,'红山区',98,0,3,NULL),(1448,'翁牛特旗',98,0,3,NULL),(1449,'阿鲁科尔沁旗',98,0,3,NULL),(1450,'奈曼旗',99,0,3,NULL),(1451,'库伦旗',99,0,3,NULL),(1452,'开鲁县',99,0,3,NULL),(1453,'扎鲁特旗',99,0,3,NULL),(1454,'科尔沁区',99,0,3,NULL),(1455,'科尔沁左翼中旗',99,0,3,NULL),(1456,'科尔沁左翼后旗',99,0,3,NULL),(1457,'霍林郭勒市',99,0,3,NULL),(1458,'东胜区',100,0,3,NULL),(1459,'乌审旗',100,0,3,NULL),(1460,'伊金霍洛旗',100,0,3,NULL),(1461,'准格尔旗',100,0,3,NULL),(1462,'杭锦旗',100,0,3,NULL),(1463,'达拉特旗',100,0,3,NULL),(1464,'鄂东胜区',100,0,3,NULL),(1465,'鄂托克前旗',100,0,3,NULL),(1466,'鄂托克旗',100,0,3,NULL),(1467,'扎兰屯市',101,0,3,NULL),(1468,'新巴尔虎右旗',101,0,3,NULL),(1469,'新巴尔虎左旗',101,0,3,NULL),(1470,'根河市',101,0,3,NULL),(1471,'海拉尔区',101,0,3,NULL),(1472,'满洲里市',101,0,3,NULL),(1473,'牙克石市',101,0,3,NULL),(1474,'莫力达瓦达斡尔族自治旗',101,0,3,NULL),(1475,'鄂伦春自治旗',101,0,3,NULL),(1476,'鄂温克族自治旗',101,0,3,NULL),(1477,'阿荣旗',101,0,3,NULL),(1478,'陈巴尔虎旗',101,0,3,NULL),(1479,'额尔古纳市',101,0,3,NULL),(1480,'临河区',102,0,3,NULL),(1481,'乌拉特中旗',102,0,3,NULL),(1482,'乌拉特前旗',102,0,3,NULL),(1483,'乌拉特后旗',102,0,3,NULL),(1484,'五原县',102,0,3,NULL),(1485,'杭锦后旗',102,0,3,NULL),(1486,'磴口县',102,0,3,NULL),(1487,'丰镇市',103,0,3,NULL),(1488,'兴和县',103,0,3,NULL),(1489,'凉城县',103,0,3,NULL),(1490,'化德县',103,0,3,NULL),(1491,'卓资县',103,0,3,NULL),(1492,'商都县',103,0,3,NULL),(1493,'四子王旗',103,0,3,NULL),(1494,'察哈尔右翼中旗',103,0,3,NULL),(1495,'察哈尔右翼前旗',103,0,3,NULL),(1496,'察哈尔右翼后旗',103,0,3,NULL),(1497,'集宁区',103,0,3,NULL),(1498,'乌兰浩特市',104,0,3,NULL),(1499,'扎赉特旗',104,0,3,NULL),(1500,'科尔沁右翼中旗',104,0,3,NULL),(1501,'科尔沁右翼前旗',104,0,3,NULL),(1502,'突泉县',104,0,3,NULL),(1503,'阿尔山市',104,0,3,NULL),(1504,'东乌珠穆沁旗',105,0,3,NULL),(1505,'二连浩特市',105,0,3,NULL),(1506,'多伦县',105,0,3,NULL),(1507,'太仆寺旗',105,0,3,NULL),(1508,'正蓝旗',105,0,3,NULL),(1509,'正镶白旗',105,0,3,NULL),(1510,'苏尼特右旗',105,0,3,NULL),(1511,'苏尼特左旗',105,0,3,NULL),(1512,'西乌珠穆沁旗',105,0,3,NULL),(1513,'锡林浩特市',105,0,3,NULL),(1514,'镶黄旗',105,0,3,NULL),(1515,'阿巴嘎旗',105,0,3,NULL),(1516,'阿拉善右旗',106,0,3,NULL),(1517,'阿拉善左旗',106,0,3,NULL),(1518,'额济纳旗',106,0,3,NULL),(1519,'东陵区',107,0,3,NULL),(1520,'于洪区',107,0,3,NULL),(1521,'和平区',107,0,3,NULL),(1522,'大东区',107,0,3,NULL),(1523,'康平县',107,0,3,NULL),(1524,'新民市',107,0,3,NULL),(1525,'沈北新区',107,0,3,NULL),(1526,'沈河区',107,0,3,NULL),(1527,'法库县',107,0,3,NULL),(1528,'皇姑区',107,0,3,NULL),(1529,'苏家屯区',107,0,3,NULL),(1530,'辽中县',107,0,3,NULL),(1531,'铁西区',107,0,3,NULL),(1532,'中山区',108,0,3,NULL),(1533,'庄河市',108,0,3,NULL),(1534,'旅顺口区',108,0,3,NULL),(1535,'普兰店市',108,0,3,NULL),(1536,'沙河口区',108,0,3,NULL),(1537,'瓦房店市',108,0,3,NULL),(1538,'甘井子区',108,0,3,NULL),(1539,'西岗区',108,0,3,NULL),(1540,'金州区',108,0,3,NULL),(1541,'长海县',108,0,3,NULL),(1542,'千山区',109,0,3,NULL),(1543,'台安县',109,0,3,NULL),(1544,'岫岩满族自治县',109,0,3,NULL),(1545,'海城市',109,0,3,NULL),(1546,'立山区',109,0,3,NULL),(1547,'铁东区',109,0,3,NULL),(1548,'铁西区',109,0,3,NULL),(1549,'东洲区',110,0,3,NULL),(1550,'抚顺县',110,0,3,NULL),(1551,'新宾满族自治县',110,0,3,NULL),(1552,'新抚区',110,0,3,NULL),(1553,'望花区',110,0,3,NULL),(1554,'清原满族自治县',110,0,3,NULL),(1555,'顺城区',110,0,3,NULL),(1556,'南芬区',111,0,3,NULL),(1557,'平山区',111,0,3,NULL),(1558,'明山区',111,0,3,NULL),(1559,'本溪满族自治县',111,0,3,NULL),(1560,'桓仁满族自治县',111,0,3,NULL),(1561,'溪湖区',111,0,3,NULL),(1562,'东港市',112,0,3,NULL),(1563,'元宝区',112,0,3,NULL),(1564,'凤城市',112,0,3,NULL),(1565,'宽甸满族自治县',112,0,3,NULL),(1566,'振兴区',112,0,3,NULL),(1567,'振安区',112,0,3,NULL),(1568,'义县',113,0,3,NULL),(1569,'凌河区',113,0,3,NULL),(1570,'凌海市',113,0,3,NULL),(1571,'北镇市',113,0,3,NULL),(1572,'古塔区',113,0,3,NULL),(1573,'太和区',113,0,3,NULL),(1574,'黑山县',113,0,3,NULL),(1575,'大石桥市',114,0,3,NULL),(1576,'盖州市',114,0,3,NULL),(1577,'站前区',114,0,3,NULL),(1578,'老边区',114,0,3,NULL),(1579,'西市区',114,0,3,NULL),(1580,'鲅鱼圈区',114,0,3,NULL),(1581,'太平区',115,0,3,NULL),(1582,'彰武县',115,0,3,NULL),(1583,'新邱区',115,0,3,NULL),(1584,'海州区',115,0,3,NULL),(1585,'清河门区',115,0,3,NULL),(1586,'细河区',115,0,3,NULL),(1587,'蒙古族自治县',115,0,3,NULL),(1588,'太子河区',116,0,3,NULL),(1589,'宏伟区',116,0,3,NULL),(1590,'弓长岭区',116,0,3,NULL),(1591,'文圣区',116,0,3,NULL),(1592,'灯塔市',116,0,3,NULL),(1593,'白塔区',116,0,3,NULL),(1594,'辽阳县',116,0,3,NULL),(1595,'兴隆台区',117,0,3,NULL),(1596,'双台子区',117,0,3,NULL),(1597,'大洼县',117,0,3,NULL),(1598,'盘山县',117,0,3,NULL),(1599,'开原市',118,0,3,NULL),(1600,'昌图县',118,0,3,NULL),(1601,'清河区',118,0,3,NULL),(1602,'西丰县',118,0,3,NULL),(1603,'调兵山市',118,0,3,NULL),(1604,'铁岭县',118,0,3,NULL),(1605,'银州区',118,0,3,NULL),(1606,'凌源市',119,0,3,NULL),(1607,'北票市',119,0,3,NULL),(1608,'双塔区',119,0,3,NULL),(1609,'喀喇沁左翼蒙古族自治县',119,0,3,NULL),(1610,'建平县',119,0,3,NULL),(1611,'朝阳县',119,0,3,NULL),(1612,'龙城区',119,0,3,NULL),(1613,'兴城市',120,0,3,NULL),(1614,'南票区',120,0,3,NULL),(1615,'建昌县',120,0,3,NULL),(1616,'绥中县',120,0,3,NULL),(1617,'连山区',120,0,3,NULL),(1618,'龙港区',120,0,3,NULL),(1619,'九台市',121,0,3,NULL),(1620,'二道区',121,0,3,NULL),(1621,'农安县',121,0,3,NULL),(1622,'南关区',121,0,3,NULL),(1623,'双阳区',121,0,3,NULL),(1624,'宽城区',121,0,3,NULL),(1625,'德惠市',121,0,3,NULL),(1626,'朝阳区',121,0,3,NULL),(1627,'榆树市',121,0,3,NULL),(1628,'绿园区',121,0,3,NULL),(1629,'丰满区',122,0,3,NULL),(1630,'昌邑区',122,0,3,NULL),(1631,'桦甸市',122,0,3,NULL),(1632,'永吉县',122,0,3,NULL),(1633,'磐石市',122,0,3,NULL),(1634,'舒兰市',122,0,3,NULL),(1635,'船营区',122,0,3,NULL),(1636,'蛟河市',122,0,3,NULL),(1637,'龙潭区',122,0,3,NULL),(1638,'伊通满族自治县',123,0,3,NULL),(1639,'公主岭市',123,0,3,NULL),(1640,'双辽市',123,0,3,NULL),(1641,'梨树县',123,0,3,NULL),(1642,'铁东区',123,0,3,NULL),(1643,'铁西区',123,0,3,NULL),(1644,'东丰县',124,0,3,NULL),(1645,'东辽县',124,0,3,NULL),(1646,'西安区',124,0,3,NULL),(1647,'龙山区',124,0,3,NULL),(1648,'东昌区',125,0,3,NULL),(1649,'二道江区',125,0,3,NULL),(1650,'柳河县',125,0,3,NULL),(1651,'梅河口市',125,0,3,NULL),(1652,'辉南县',125,0,3,NULL),(1653,'通化县',125,0,3,NULL),(1654,'集安市',125,0,3,NULL),(1655,'临江市',126,0,3,NULL),(1656,'八道江区',126,0,3,NULL),(1657,'抚松县',126,0,3,NULL),(1658,'江源区',126,0,3,NULL),(1659,'长白朝鲜族自治县',126,0,3,NULL),(1660,'靖宇县',126,0,3,NULL),(1661,'干安县',127,0,3,NULL),(1662,'前郭尔罗斯蒙古族自治县',127,0,3,NULL),(1663,'宁江区',127,0,3,NULL),(1664,'扶余县',127,0,3,NULL),(1665,'长岭县',127,0,3,NULL),(1666,'大安市',128,0,3,NULL),(1667,'洮北区',128,0,3,NULL),(1668,'洮南市',128,0,3,NULL),(1669,'通榆县',128,0,3,NULL),(1670,'镇赉县',128,0,3,NULL),(1671,'和龙市',129,0,3,NULL),(1672,'图们市',129,0,3,NULL),(1673,'安图县',129,0,3,NULL),(1674,'延吉市',129,0,3,NULL),(1675,'敦化市',129,0,3,NULL),(1676,'汪清县',129,0,3,NULL),(1677,'珲春市',129,0,3,NULL),(1678,'龙井市',129,0,3,NULL),(1679,'五常市',130,0,3,NULL),(1680,'依兰县',130,0,3,NULL),(1681,'南岗区',130,0,3,NULL),(1682,'双城市',130,0,3,NULL),(1683,'呼兰区',130,0,3,NULL),(1684,'哈尔滨市道里区',130,0,3,NULL),(1685,'宾县',130,0,3,NULL),(1686,'尚志市',130,0,3,NULL),(1687,'巴彦县',130,0,3,NULL),(1688,'平房区',130,0,3,NULL),(1689,'延寿县',130,0,3,NULL),(1690,'方正县',130,0,3,NULL),(1691,'木兰县',130,0,3,NULL),(1692,'松北区',130,0,3,NULL),(1693,'通河县',130,0,3,NULL),(1694,'道外区',130,0,3,NULL),(1695,'阿城区',130,0,3,NULL),(1696,'香坊区',130,0,3,NULL),(1697,'依安县',131,0,3,NULL),(1698,'克东县',131,0,3,NULL),(1699,'克山县',131,0,3,NULL),(1700,'富拉尔基区',131,0,3,NULL),(1701,'富裕县',131,0,3,NULL),(1702,'建华区',131,0,3,NULL),(1703,'拜泉县',131,0,3,NULL),(1704,'昂昂溪区',131,0,3,NULL),(1705,'梅里斯达斡尔族区',131,0,3,NULL),(1706,'泰来县',131,0,3,NULL),(1707,'甘南县',131,0,3,NULL),(1708,'碾子山区',131,0,3,NULL),(1709,'讷河市',131,0,3,NULL),(1710,'铁锋区',131,0,3,NULL),(1711,'龙江县',131,0,3,NULL),(1712,'龙沙区',131,0,3,NULL),(1713,'城子河区',132,0,3,NULL),(1714,'密山市',132,0,3,NULL),(1715,'恒山区',132,0,3,NULL),(1716,'梨树区',132,0,3,NULL),(1717,'滴道区',132,0,3,NULL),(1718,'虎林市',132,0,3,NULL),(1719,'鸡东县',132,0,3,NULL),(1720,'鸡冠区',132,0,3,NULL),(1721,'麻山区',132,0,3,NULL),(1722,'东山区',133,0,3,NULL),(1723,'兴安区',133,0,3,NULL),(1724,'兴山区',133,0,3,NULL),(1725,'南山区',133,0,3,NULL),(1726,'向阳区',133,0,3,NULL),(1727,'工农区',133,0,3,NULL),(1728,'绥滨县',133,0,3,NULL),(1729,'萝北县',133,0,3,NULL),(1730,'友谊县',134,0,3,NULL),(1731,'四方台区',134,0,3,NULL),(1732,'宝山区',134,0,3,NULL),(1733,'宝清县',134,0,3,NULL),(1734,'尖山区',134,0,3,NULL),(1735,'岭东区',134,0,3,NULL),(1736,'集贤县',134,0,3,NULL),(1737,'饶河县',134,0,3,NULL),(1738,'大同区',135,0,3,NULL),(1739,'杜尔伯特蒙古族自治县',135,0,3,NULL),(1740,'林甸县',135,0,3,NULL),(1741,'红岗区',135,0,3,NULL),(1742,'肇州县',135,0,3,NULL),(1743,'肇源县',135,0,3,NULL),(1744,'胡路区',135,0,3,NULL),(1745,'萨尔图区',135,0,3,NULL),(1746,'龙凤区',135,0,3,NULL),(1747,'上甘岭区',136,0,3,NULL),(1748,'乌伊岭区',136,0,3,NULL),(1749,'乌马河区',136,0,3,NULL),(1750,'五营区',136,0,3,NULL),(1751,'伊春区',136,0,3,NULL),(1752,'南岔区',136,0,3,NULL),(1753,'友好区',136,0,3,NULL),(1754,'嘉荫县',136,0,3,NULL),(1755,'带岭区',136,0,3,NULL),(1756,'新青区',136,0,3,NULL),(1757,'汤旺河区',136,0,3,NULL),(1758,'红星区',136,0,3,NULL),(1759,'美溪区',136,0,3,NULL),(1760,'翠峦区',136,0,3,NULL),(1761,'西林区',136,0,3,NULL),(1762,'金山屯区',136,0,3,NULL),(1763,'铁力市',136,0,3,NULL),(1764,'东风区',137,0,3,NULL),(1765,'前进区',137,0,3,NULL),(1766,'同江市',137,0,3,NULL),(1767,'向阳区',137,0,3,NULL),(1768,'富锦市',137,0,3,NULL),(1769,'抚远县',137,0,3,NULL),(1770,'桦南县',137,0,3,NULL),(1771,'桦川县',137,0,3,NULL),(1772,'汤原县',137,0,3,NULL),(1773,'郊区',137,0,3,NULL),(1774,'勃利县',138,0,3,NULL),(1775,'新兴区',138,0,3,NULL),(1776,'桃山区',138,0,3,NULL),(1777,'茄子河区',138,0,3,NULL),(1778,'东宁县',139,0,3,NULL),(1779,'东安区',139,0,3,NULL),(1780,'宁安市',139,0,3,NULL),(1781,'林口县',139,0,3,NULL),(1782,'海林市',139,0,3,NULL),(1783,'爱民区',139,0,3,NULL),(1784,'穆棱市',139,0,3,NULL),(1785,'绥芬河市',139,0,3,NULL),(1786,'西安区',139,0,3,NULL),(1787,'阳明区',139,0,3,NULL),(1788,'五大连池市',140,0,3,NULL),(1789,'北安市',140,0,3,NULL),(1790,'嫩江县',140,0,3,NULL),(1791,'孙吴县',140,0,3,NULL),(1792,'爱辉区',140,0,3,NULL),(1793,'车逊克县',140,0,3,NULL),(1794,'逊克县',140,0,3,NULL),(1795,'兰西县',141,0,3,NULL),(1796,'安达市',141,0,3,NULL),(1797,'庆安县',141,0,3,NULL),(1798,'明水县',141,0,3,NULL),(1799,'望奎县',141,0,3,NULL),(1800,'海伦市',141,0,3,NULL),(1801,'绥化市北林区',141,0,3,NULL),(1802,'绥棱县',141,0,3,NULL),(1803,'肇东市',141,0,3,NULL),(1804,'青冈县',141,0,3,NULL),(1805,'呼玛县',142,0,3,NULL),(1806,'塔河县',142,0,3,NULL),(1807,'大兴安岭地区加格达奇区',142,0,3,NULL),(1808,'大兴安岭地区呼中区',142,0,3,NULL),(1809,'大兴安岭地区新林区',142,0,3,NULL),(1810,'大兴安岭地区松岭区',142,0,3,NULL),(1811,'漠河县',142,0,3,NULL),(2027,'下关区',162,0,3,NULL),(2028,'六合区',162,0,3,NULL),(2029,'建邺区',162,0,3,NULL),(2030,'栖霞区',162,0,3,NULL),(2031,'江宁区',162,0,3,NULL),(2032,'浦口区',162,0,3,NULL),(2033,'溧水县',162,0,3,NULL),(2034,'玄武区',162,0,3,NULL),(2035,'白下区',162,0,3,NULL),(2036,'秦淮区',162,0,3,NULL),(2037,'雨花台区',162,0,3,NULL),(2038,'高淳县',162,0,3,NULL),(2039,'鼓楼区',162,0,3,NULL),(2040,'北塘区',163,0,3,NULL),(2041,'南长区',163,0,3,NULL),(2042,'宜兴市',163,0,3,NULL),(2043,'崇安区',163,0,3,NULL),(2044,'惠山区',163,0,3,NULL),(2045,'江阴市',163,0,3,NULL),(2046,'滨湖区',163,0,3,NULL),(2047,'锡山区',163,0,3,NULL),(2048,'丰县',164,0,3,NULL),(2049,'九里区',164,0,3,NULL),(2050,'云龙区',164,0,3,NULL),(2051,'新沂市',164,0,3,NULL),(2052,'沛县',164,0,3,NULL),(2053,'泉山区',164,0,3,NULL),(2054,'睢宁县',164,0,3,NULL),(2055,'贾汪区',164,0,3,NULL),(2056,'邳州市',164,0,3,NULL),(2057,'铜山县',164,0,3,NULL),(2058,'鼓楼区',164,0,3,NULL),(2059,'天宁区',165,0,3,NULL),(2060,'戚墅堰区',165,0,3,NULL),(2061,'新北区',165,0,3,NULL),(2062,'武进区',165,0,3,NULL),(2063,'溧阳市',165,0,3,NULL),(2064,'金坛市',165,0,3,NULL),(2065,'钟楼区',165,0,3,NULL),(2066,'吴中区',166,0,3,NULL),(2067,'吴江市',166,0,3,NULL),(2068,'太仓市',166,0,3,NULL),(2069,'常熟市',166,0,3,NULL),(2070,'平江区',166,0,3,NULL),(2071,'张家港市',166,0,3,NULL),(2072,'昆山市',166,0,3,NULL),(2073,'沧浪区',166,0,3,NULL),(2074,'相城区',166,0,3,NULL),(2075,'苏州工业园区',166,0,3,NULL),(2076,'虎丘区',166,0,3,NULL),(2077,'金阊区',166,0,3,NULL),(2078,'启东市',167,0,3,NULL),(2079,'如东县',167,0,3,NULL),(2080,'如皋市',167,0,3,NULL),(2081,'崇川区',167,0,3,NULL),(2082,'海安县',167,0,3,NULL),(2083,'海门市',167,0,3,NULL),(2084,'港闸区',167,0,3,NULL),(2085,'通州市',167,0,3,NULL),(2086,'东海县',168,0,3,NULL),(2087,'新浦区',168,0,3,NULL),(2088,'海州区',168,0,3,NULL),(2089,'灌云县',168,0,3,NULL),(2090,'灌南县',168,0,3,NULL),(2091,'赣榆县',168,0,3,NULL),(2092,'连云区',168,0,3,NULL),(2093,'楚州区',169,0,3,NULL),(2094,'洪泽县',169,0,3,NULL),(2095,'涟水县',169,0,3,NULL),(2096,'淮阴区',169,0,3,NULL),(2097,'清河区',169,0,3,NULL),(2098,'清浦区',169,0,3,NULL),(2099,'盱眙县',169,0,3,NULL),(2100,'金湖县',169,0,3,NULL),(2101,'东台市',170,0,3,NULL),(2102,'亭湖区',170,0,3,NULL),(2103,'响水县',170,0,3,NULL),(2104,'大丰市',170,0,3,NULL),(2105,'射阳县',170,0,3,NULL),(2106,'建湖县',170,0,3,NULL),(2107,'滨海县',170,0,3,NULL),(2108,'盐都区',170,0,3,NULL),(2109,'阜宁县',170,0,3,NULL),(2110,'仪征市',171,0,3,NULL),(2111,'宝应县',171,0,3,NULL),(2112,'广陵区',171,0,3,NULL),(2113,'江都市',171,0,3,NULL),(2114,'维扬区',171,0,3,NULL),(2115,'邗江区',171,0,3,NULL),(2116,'高邮市',171,0,3,NULL),(2117,'丹徒区',172,0,3,NULL),(2118,'丹阳市',172,0,3,NULL),(2119,'京口区',172,0,3,NULL),(2120,'句容市',172,0,3,NULL),(2121,'扬中市',172,0,3,NULL),(2122,'润州区',172,0,3,NULL),(2123,'兴化市',173,0,3,NULL),(2124,'姜堰市',173,0,3,NULL),(2125,'泰兴市',173,0,3,NULL),(2126,'海陵区',173,0,3,NULL),(2127,'靖江市',173,0,3,NULL),(2128,'高港区',173,0,3,NULL),(2129,'宿城区',174,0,3,NULL),(2130,'宿豫区',174,0,3,NULL),(2131,'沭阳县',174,0,3,NULL),(2132,'泗洪县',174,0,3,NULL),(2133,'泗阳县',174,0,3,NULL),(2134,'上城区',175,0,3,NULL),(2135,'下城区',175,0,3,NULL),(2136,'临安市',175,0,3,NULL),(2137,'余杭区',175,0,3,NULL),(2138,'富阳市',175,0,3,NULL),(2139,'建德市',175,0,3,NULL),(2140,'拱墅区',175,0,3,NULL),(2141,'桐庐县',175,0,3,NULL),(2142,'江干区',175,0,3,NULL),(2143,'淳安县',175,0,3,NULL),(2144,'滨江区',175,0,3,NULL),(2145,'萧山区',175,0,3,NULL),(2146,'西湖区',175,0,3,NULL),(2147,'余姚市',176,0,3,NULL),(2148,'北仑区',176,0,3,NULL),(2149,'奉化市',176,0,3,NULL),(2150,'宁海县',176,0,3,NULL),(2151,'慈溪市',176,0,3,NULL),(2152,'江东区',176,0,3,NULL),(2153,'江北区',176,0,3,NULL),(2154,'海曙区',176,0,3,NULL),(2155,'象山县',176,0,3,NULL),(2156,'鄞州区',176,0,3,NULL),(2157,'镇海区',176,0,3,NULL),(2158,'乐清市',177,0,3,NULL),(2159,'平阳县',177,0,3,NULL),(2160,'文成县',177,0,3,NULL),(2161,'永嘉县',177,0,3,NULL),(2162,'泰顺县',177,0,3,NULL),(2163,'洞头县',177,0,3,NULL),(2164,'瑞安市',177,0,3,NULL),(2165,'瓯海区',177,0,3,NULL),(2166,'苍南县',177,0,3,NULL),(2167,'鹿城区',177,0,3,NULL),(2168,'龙湾区',177,0,3,NULL),(2169,'南湖区',178,0,3,NULL),(2170,'嘉善县',178,0,3,NULL),(2171,'平湖市',178,0,3,NULL),(2172,'桐乡市',178,0,3,NULL),(2173,'海宁市',178,0,3,NULL),(2174,'海盐县',178,0,3,NULL),(2175,'秀洲区',178,0,3,NULL),(2176,'南浔区',179,0,3,NULL),(2177,'吴兴区',179,0,3,NULL),(2178,'安吉县',179,0,3,NULL),(2179,'德清县',179,0,3,NULL),(2180,'长兴县',179,0,3,NULL),(2181,'上虞市',180,0,3,NULL),(2182,'嵊州市',180,0,3,NULL),(2183,'新昌县',180,0,3,NULL),(2184,'绍兴县',180,0,3,NULL),(2185,'诸暨市',180,0,3,NULL),(2186,'越城区',180,0,3,NULL),(2187,'定海区',181,0,3,NULL),(2188,'岱山县',181,0,3,NULL),(2189,'嵊泗县',181,0,3,NULL),(2190,'普陀区',181,0,3,NULL),(2191,'常山县',182,0,3,NULL),(2192,'开化县',182,0,3,NULL),(2193,'柯城区',182,0,3,NULL),(2194,'江山市',182,0,3,NULL),(2195,'衢江区',182,0,3,NULL),(2196,'龙游县',182,0,3,NULL),(2197,'东阳市',183,0,3,NULL),(2198,'义乌市',183,0,3,NULL),(2199,'兰溪市',183,0,3,NULL),(2200,'婺城区',183,0,3,NULL),(2201,'武义县',183,0,3,NULL),(2202,'永康市',183,0,3,NULL),(2203,'浦江县',183,0,3,NULL),(2204,'磐安县',183,0,3,NULL),(2205,'金东区',183,0,3,NULL),(2206,'三门县',184,0,3,NULL),(2207,'临海市',184,0,3,NULL),(2208,'仙居县',184,0,3,NULL),(2209,'天台县',184,0,3,NULL),(2210,'椒江区',184,0,3,NULL),(2211,'温岭市',184,0,3,NULL),(2212,'玉环县',184,0,3,NULL),(2213,'路桥区',184,0,3,NULL),(2214,'黄岩区',184,0,3,NULL),(2215,'云和县',185,0,3,NULL),(2216,'庆元县',185,0,3,NULL),(2217,'景宁畲族自治县',185,0,3,NULL),(2218,'松阳县',185,0,3,NULL),(2219,'缙云县',185,0,3,NULL),(2220,'莲都区',185,0,3,NULL),(2221,'遂昌县',185,0,3,NULL),(2222,'青田县',185,0,3,NULL),(2223,'龙泉市',185,0,3,NULL),(2224,'包河区',186,0,3,NULL),(2225,'庐阳区',186,0,3,NULL),(2226,'瑶海区',186,0,3,NULL),(2227,'肥东县',186,0,3,NULL),(2228,'肥西县',186,0,3,NULL),(2229,'蜀山区',186,0,3,NULL),(2230,'长丰县',186,0,3,NULL),(2231,'三山区',187,0,3,NULL),(2232,'南陵县',187,0,3,NULL),(2233,'弋江区',187,0,3,NULL),(2234,'繁昌县',187,0,3,NULL),(2235,'芜湖县',187,0,3,NULL),(2236,'镜湖区',187,0,3,NULL),(2237,'鸠江区',187,0,3,NULL),(2238,'五河县',188,0,3,NULL),(2239,'固镇县',188,0,3,NULL),(2240,'怀远县',188,0,3,NULL),(2241,'淮上区',188,0,3,NULL),(2242,'禹会区',188,0,3,NULL),(2243,'蚌山区',188,0,3,NULL),(2244,'龙子湖区',188,0,3,NULL),(2245,'八公山区',189,0,3,NULL),(2246,'凤台县',189,0,3,NULL),(2247,'大通区',189,0,3,NULL),(2248,'潘集区',189,0,3,NULL),(2249,'田家庵区',189,0,3,NULL),(2250,'谢家集区',189,0,3,NULL),(2251,'当涂县',190,0,3,NULL),(2252,'花山区',190,0,3,NULL),(2253,'金家庄区',190,0,3,NULL),(2254,'雨山区',190,0,3,NULL),(2255,'杜集区',191,0,3,NULL),(2256,'濉溪县',191,0,3,NULL),(2257,'烈山区',191,0,3,NULL),(2258,'相山区',191,0,3,NULL),(2259,'狮子山区',192,0,3,NULL),(2260,'郊区',192,0,3,NULL),(2261,'铜官山区',192,0,3,NULL),(2262,'铜陵县',192,0,3,NULL),(2263,'大观区',193,0,3,NULL),(2264,'太湖县',193,0,3,NULL),(2265,'宜秀区',193,0,3,NULL),(2266,'宿松县',193,0,3,NULL),(2267,'岳西县',193,0,3,NULL),(2268,'怀宁县',193,0,3,NULL),(2269,'望江县',193,0,3,NULL),(2270,'枞阳县',193,0,3,NULL),(2271,'桐城市',193,0,3,NULL),(2272,'潜山县',193,0,3,NULL),(2273,'迎江区',193,0,3,NULL),(2274,'休宁县',194,0,3,NULL),(2275,'屯溪区',194,0,3,NULL),(2276,'徽州区',194,0,3,NULL),(2277,'歙县',194,0,3,NULL),(2278,'祁门县',194,0,3,NULL),(2279,'黄山区',194,0,3,NULL),(2280,'黟县',194,0,3,NULL),(2281,'全椒县',195,0,3,NULL),(2282,'凤阳县',195,0,3,NULL),(2283,'南谯区',195,0,3,NULL),(2284,'天长市',195,0,3,NULL),(2285,'定远县',195,0,3,NULL),(2286,'明光市',195,0,3,NULL),(2287,'来安县',195,0,3,NULL),(2288,'琅玡区',195,0,3,NULL),(2289,'临泉县',196,0,3,NULL),(2290,'太和县',196,0,3,NULL),(2291,'界首市',196,0,3,NULL),(2292,'阜南县',196,0,3,NULL),(2293,'颍东区',196,0,3,NULL),(2294,'颍州区',196,0,3,NULL),(2295,'颍泉区',196,0,3,NULL),(2296,'颖上县',196,0,3,NULL),(2297,'埇桥区',197,0,3,NULL),(2298,'泗县辖',197,0,3,NULL),(2299,'灵璧县',197,0,3,NULL),(2300,'砀山县',197,0,3,NULL),(2301,'萧县',197,0,3,NULL),(2302,'含山县',198,0,3,NULL),(2303,'和县',198,0,3,NULL),(2304,'居巢区',198,0,3,NULL),(2305,'庐江县',198,0,3,NULL),(2306,'无为县',198,0,3,NULL),(2307,'寿县',199,0,3,NULL),(2308,'舒城县',199,0,3,NULL),(2309,'裕安区',199,0,3,NULL),(2310,'金安区',199,0,3,NULL),(2311,'金寨县',199,0,3,NULL),(2312,'霍山县',199,0,3,NULL),(2313,'霍邱县',199,0,3,NULL),(2314,'利辛县',200,0,3,NULL),(2315,'涡阳县',200,0,3,NULL),(2316,'蒙城县',200,0,3,NULL),(2317,'谯城区',200,0,3,NULL),(2318,'东至县',201,0,3,NULL),(2319,'石台县',201,0,3,NULL),(2320,'贵池区',201,0,3,NULL),(2321,'青阳县',201,0,3,NULL),(2322,'宁国市',202,0,3,NULL),(2323,'宣州区',202,0,3,NULL),(2324,'广德县',202,0,3,NULL),(2325,'旌德县',202,0,3,NULL),(2326,'泾县',202,0,3,NULL),(2327,'绩溪县',202,0,3,NULL),(2328,'郎溪县',202,0,3,NULL),(2329,'仓山区',203,0,3,NULL),(2330,'台江区',203,0,3,NULL),(2331,'平潭县',203,0,3,NULL),(2332,'晋安区',203,0,3,NULL),(2333,'永泰县',203,0,3,NULL),(2334,'福清市',203,0,3,NULL),(2335,'罗源县',203,0,3,NULL),(2336,'连江县',203,0,3,NULL),(2337,'长乐市',203,0,3,NULL),(2338,'闽侯县',203,0,3,NULL),(2339,'闽清县',203,0,3,NULL),(2340,'马尾区',203,0,3,NULL),(2341,'鼓楼区',203,0,3,NULL),(2342,'同安区',204,0,3,NULL),(2343,'思明区',204,0,3,NULL),(2344,'海沧区',204,0,3,NULL),(2345,'湖里区',204,0,3,NULL),(2346,'翔安区',204,0,3,NULL),(2347,'集美区',204,0,3,NULL),(2348,'仙游县',205,0,3,NULL),(2349,'城厢区',205,0,3,NULL),(2350,'涵江区',205,0,3,NULL),(2351,'秀屿区',205,0,3,NULL),(2352,'荔城区',205,0,3,NULL),(2353,'三元区',206,0,3,NULL),(2354,'大田县',206,0,3,NULL),(2355,'宁化县',206,0,3,NULL),(2356,'将乐县',206,0,3,NULL),(2357,'尤溪县',206,0,3,NULL),(2358,'建宁县',206,0,3,NULL),(2359,'明溪县',206,0,3,NULL),(2360,'梅列区',206,0,3,NULL),(2361,'永安市',206,0,3,NULL),(2362,'沙县',206,0,3,NULL),(2363,'泰宁县',206,0,3,NULL),(2364,'清流县',206,0,3,NULL),(2365,'丰泽区',207,0,3,NULL),(2366,'南安市',207,0,3,NULL),(2367,'安溪县',207,0,3,NULL),(2368,'德化县',207,0,3,NULL),(2369,'惠安县',207,0,3,NULL),(2370,'晋江市',207,0,3,NULL),(2371,'永春县',207,0,3,NULL),(2372,'泉港区',207,0,3,NULL),(2373,'洛江区',207,0,3,NULL),(2374,'石狮市',207,0,3,NULL),(2375,'金门县',207,0,3,NULL),(2376,'鲤城区',207,0,3,NULL),(2377,'东山县',208,0,3,NULL),(2378,'云霄县',208,0,3,NULL),(2379,'华安县',208,0,3,NULL),(2380,'南靖县',208,0,3,NULL),(2381,'平和县',208,0,3,NULL),(2382,'漳浦县',208,0,3,NULL),(2383,'芗城区',208,0,3,NULL),(2384,'诏安县',208,0,3,NULL),(2385,'长泰县',208,0,3,NULL),(2386,'龙文区',208,0,3,NULL),(2387,'龙海市',208,0,3,NULL),(2388,'光泽县',209,0,3,NULL),(2389,'延平区',209,0,3,NULL),(2390,'建瓯市',209,0,3,NULL),(2391,'建阳市',209,0,3,NULL),(2392,'政和县',209,0,3,NULL),(2393,'松溪县',209,0,3,NULL),(2394,'武夷山市',209,0,3,NULL),(2395,'浦城县',209,0,3,NULL),(2396,'邵武市',209,0,3,NULL),(2397,'顺昌县',209,0,3,NULL),(2398,'上杭县',210,0,3,NULL),(2399,'新罗区',210,0,3,NULL),(2400,'武平县',210,0,3,NULL),(2401,'永定县',210,0,3,NULL),(2402,'漳平市',210,0,3,NULL),(2403,'连城县',210,0,3,NULL),(2404,'长汀县',210,0,3,NULL),(2405,'古田县',211,0,3,NULL),(2406,'周宁县',211,0,3,NULL),(2407,'寿宁县',211,0,3,NULL),(2408,'屏南县',211,0,3,NULL),(2409,'柘荣县',211,0,3,NULL),(2410,'福安市',211,0,3,NULL),(2411,'福鼎市',211,0,3,NULL),(2412,'蕉城区',211,0,3,NULL),(2413,'霞浦县',211,0,3,NULL),(2414,'东湖区',212,0,3,NULL),(2415,'南昌县',212,0,3,NULL),(2416,'安义县',212,0,3,NULL),(2417,'新建县',212,0,3,NULL),(2418,'湾里区',212,0,3,NULL),(2419,'西湖区',212,0,3,NULL),(2420,'进贤县',212,0,3,NULL),(2421,'青云谱区',212,0,3,NULL),(2422,'青山湖区',212,0,3,NULL),(2423,'乐平市',213,0,3,NULL),(2424,'昌江区',213,0,3,NULL),(2425,'浮梁县',213,0,3,NULL),(2426,'珠山区',213,0,3,NULL),(2427,'上栗县',214,0,3,NULL),(2428,'安源区',214,0,3,NULL),(2429,'湘东区',214,0,3,NULL),(2430,'芦溪县',214,0,3,NULL),(2431,'莲花县',214,0,3,NULL),(2432,'九江县',215,0,3,NULL),(2433,'修水县',215,0,3,NULL),(2434,'庐山区',215,0,3,NULL),(2435,'彭泽县',215,0,3,NULL),(2436,'德安县',215,0,3,NULL),(2437,'星子县',215,0,3,NULL),(2438,'武宁县',215,0,3,NULL),(2439,'永修县',215,0,3,NULL),(2440,'浔阳区',215,0,3,NULL),(2441,'湖口县',215,0,3,NULL),(2442,'瑞昌市',215,0,3,NULL),(2443,'都昌县',215,0,3,NULL),(2444,'分宜县',216,0,3,NULL),(2445,'渝水区',216,0,3,NULL),(2446,'余江县',217,0,3,NULL),(2447,'月湖区',217,0,3,NULL),(2448,'贵溪市',217,0,3,NULL),(2449,'上犹县',218,0,3,NULL),(2450,'于都县',218,0,3,NULL),(2451,'会昌县',218,0,3,NULL),(2452,'信丰县',218,0,3,NULL),(2453,'全南县',218,0,3,NULL),(2454,'兴国县',218,0,3,NULL),(2455,'南康市',218,0,3,NULL),(2456,'大余县',218,0,3,NULL),(2457,'宁都县',218,0,3,NULL),(2458,'安远县',218,0,3,NULL),(2459,'定南县',218,0,3,NULL),(2460,'寻乌县',218,0,3,NULL),(2461,'崇义县',218,0,3,NULL),(2462,'瑞金市',218,0,3,NULL),(2463,'石城县',218,0,3,NULL),(2464,'章贡区',218,0,3,NULL),(2465,'赣县',218,0,3,NULL),(2466,'龙南县',218,0,3,NULL),(2467,'万安县',219,0,3,NULL),(2468,'井冈山市',219,0,3,NULL),(2469,'吉安县',219,0,3,NULL),(2470,'吉州区',219,0,3,NULL),(2471,'吉水县',219,0,3,NULL),(2472,'安福县',219,0,3,NULL),(2473,'峡江县',219,0,3,NULL),(2474,'新干县',219,0,3,NULL),(2475,'永丰县',219,0,3,NULL),(2476,'永新县',219,0,3,NULL),(2477,'泰和县',219,0,3,NULL),(2478,'遂川县',219,0,3,NULL),(2479,'青原区',219,0,3,NULL),(2480,'万载县',220,0,3,NULL),(2481,'上高县',220,0,3,NULL),(2482,'丰城市',220,0,3,NULL),(2483,'奉新县',220,0,3,NULL),(2484,'宜丰县',220,0,3,NULL),(2485,'樟树市',220,0,3,NULL),(2486,'袁州区',220,0,3,NULL),(2487,'铜鼓县',220,0,3,NULL),(2488,'靖安县',220,0,3,NULL),(2489,'高安市',220,0,3,NULL),(2490,'东乡县',221,0,3,NULL),(2491,'临川区',221,0,3,NULL),(2492,'乐安县',221,0,3,NULL),(2493,'南丰县',221,0,3,NULL),(2494,'南城县',221,0,3,NULL),(2495,'宜黄县',221,0,3,NULL),(2496,'崇仁县',221,0,3,NULL),(2497,'广昌县',221,0,3,NULL),(2498,'资溪县',221,0,3,NULL),(2499,'金溪县',221,0,3,NULL),(2500,'黎川县',221,0,3,NULL),(2501,'万年县',222,0,3,NULL),(2502,'上饶县',222,0,3,NULL),(2503,'余干县',222,0,3,NULL),(2504,'信州区',222,0,3,NULL),(2505,'婺源县',222,0,3,NULL),(2506,'广丰县',222,0,3,NULL),(2507,'弋阳县',222,0,3,NULL),(2508,'德兴市',222,0,3,NULL),(2509,'横峰县',222,0,3,NULL),(2510,'玉山县',222,0,3,NULL),(2511,'鄱阳县',222,0,3,NULL),(2512,'铅山县',222,0,3,NULL),(2513,'历下区',223,0,3,NULL),(2514,'历城区',223,0,3,NULL),(2515,'商河县',223,0,3,NULL),(2516,'天桥区',223,0,3,NULL),(2517,'市中区',223,0,3,NULL),(2518,'平阴县',223,0,3,NULL),(2519,'槐荫区',223,0,3,NULL),(2520,'济阳县',223,0,3,NULL),(2521,'章丘市',223,0,3,NULL),(2522,'长清区',223,0,3,NULL),(2523,'即墨市',224,0,3,NULL),(2524,'四方区',224,0,3,NULL),(2525,'城阳区',224,0,3,NULL),(2526,'崂山区',224,0,3,NULL),(2527,'市北区',224,0,3,NULL),(2528,'市南区',224,0,3,NULL),(2529,'平度市',224,0,3,NULL),(2530,'李沧区',224,0,3,NULL),(2531,'胶南市',224,0,3,NULL),(2532,'胶州市',224,0,3,NULL),(2533,'莱西市',224,0,3,NULL),(2534,'黄岛区',224,0,3,NULL),(2535,'临淄区',225,0,3,NULL),(2536,'博山区',225,0,3,NULL),(2537,'周村区',225,0,3,NULL),(2538,'张店区',225,0,3,NULL),(2539,'桓台县',225,0,3,NULL),(2540,'沂源县',225,0,3,NULL),(2541,'淄川区',225,0,3,NULL),(2542,'高青县',225,0,3,NULL),(2543,'台儿庄区',226,0,3,NULL),(2544,'山亭区',226,0,3,NULL),(2545,'峄城区',226,0,3,NULL),(2546,'市中区',226,0,3,NULL),(2547,'滕州市',226,0,3,NULL),(2548,'薛城区',226,0,3,NULL),(2549,'东营区',227,0,3,NULL),(2550,'利津县',227,0,3,NULL),(2551,'垦利县',227,0,3,NULL),(2552,'广饶县',227,0,3,NULL),(2553,'河口区',227,0,3,NULL),(2554,'招远市',228,0,3,NULL),(2555,'栖霞市',228,0,3,NULL),(2556,'海阳市',228,0,3,NULL),(2557,'牟平区',228,0,3,NULL),(2558,'福山区',228,0,3,NULL),(2559,'芝罘区',228,0,3,NULL),(2560,'莱山区',228,0,3,NULL),(2561,'莱州市',228,0,3,NULL),(2562,'莱阳市',228,0,3,NULL),(2563,'蓬莱市',228,0,3,NULL),(2564,'长岛县',228,0,3,NULL),(2565,'龙口市',228,0,3,NULL),(2566,'临朐县',229,0,3,NULL),(2567,'坊子区',229,0,3,NULL),(2568,'奎文区',229,0,3,NULL),(2569,'安丘市',229,0,3,NULL),(2570,'寒亭区',229,0,3,NULL),(2571,'寿光市',229,0,3,NULL),(2572,'昌乐县',229,0,3,NULL),(2573,'昌邑市',229,0,3,NULL),(2574,'潍城区',229,0,3,NULL),(2575,'诸城市',229,0,3,NULL),(2576,'青州市',229,0,3,NULL),(2577,'高密市',229,0,3,NULL),(2578,'任城区',230,0,3,NULL),(2579,'兖州市',230,0,3,NULL),(2580,'嘉祥县',230,0,3,NULL),(2581,'市中区',230,0,3,NULL),(2582,'微山县',230,0,3,NULL),(2583,'曲阜市',230,0,3,NULL),(2584,'梁山县',230,0,3,NULL),(2585,'汶上县',230,0,3,NULL),(2586,'泗水县',230,0,3,NULL),(2587,'邹城市',230,0,3,NULL),(2588,'金乡县',230,0,3,NULL),(2589,'鱼台县',230,0,3,NULL),(2590,'东平县',231,0,3,NULL),(2591,'宁阳县',231,0,3,NULL),(2592,'岱岳区',231,0,3,NULL),(2593,'新泰市',231,0,3,NULL),(2594,'泰山区',231,0,3,NULL),(2595,'肥城市',231,0,3,NULL),(2596,'乳山市',232,0,3,NULL),(2597,'文登市',232,0,3,NULL),(2598,'环翠区',232,0,3,NULL),(2599,'荣成市',232,0,3,NULL),(2600,'东港区',233,0,3,NULL),(2601,'五莲县',233,0,3,NULL),(2602,'岚山区',233,0,3,NULL),(2603,'莒县',233,0,3,NULL),(2604,'莱城区',234,0,3,NULL),(2605,'钢城区',234,0,3,NULL),(2606,'临沭县',235,0,3,NULL),(2607,'兰山区',235,0,3,NULL),(2608,'平邑县',235,0,3,NULL),(2609,'沂南县',235,0,3,NULL),(2610,'沂水县',235,0,3,NULL),(2611,'河东区',235,0,3,NULL),(2612,'罗庄区',235,0,3,NULL),(2613,'苍山县',235,0,3,NULL),(2614,'莒南县',235,0,3,NULL),(2615,'蒙阴县',235,0,3,NULL),(2616,'费县',235,0,3,NULL),(2617,'郯城县',235,0,3,NULL),(2618,'临邑县',236,0,3,NULL),(2619,'乐陵市',236,0,3,NULL),(2620,'夏津县',236,0,3,NULL),(2621,'宁津县',236,0,3,NULL),(2622,'平原县',236,0,3,NULL),(2623,'庆云县',236,0,3,NULL),(2624,'德城区',236,0,3,NULL),(2625,'武城县',236,0,3,NULL),(2626,'禹城市',236,0,3,NULL),(2627,'陵县',236,0,3,NULL),(2628,'齐河县',236,0,3,NULL),(2629,'东昌府区',237,0,3,NULL),(2630,'东阿县',237,0,3,NULL),(2631,'临清市',237,0,3,NULL),(2632,'冠县',237,0,3,NULL),(2633,'茌平县',237,0,3,NULL),(2634,'莘县',237,0,3,NULL),(2635,'阳谷县',237,0,3,NULL),(2636,'高唐县',237,0,3,NULL),(2637,'博兴县',238,0,3,NULL),(2638,'惠民县',238,0,3,NULL),(2639,'无棣县',238,0,3,NULL),(2640,'沾化县',238,0,3,NULL),(2641,'滨城区',238,0,3,NULL),(2642,'邹平县',238,0,3,NULL),(2643,'阳信县',238,0,3,NULL),(2644,'东明县',239,0,3,NULL),(2645,'单县',239,0,3,NULL),(2646,'定陶县',239,0,3,NULL),(2647,'巨野县',239,0,3,NULL),(2648,'成武县',239,0,3,NULL),(2649,'曹县',239,0,3,NULL),(2650,'牡丹区',239,0,3,NULL),(2651,'郓城县',239,0,3,NULL),(2652,'鄄城县',239,0,3,NULL),(2653,'上街区',240,0,3,NULL),(2654,'中原区',240,0,3,NULL),(2655,'中牟县',240,0,3,NULL),(2656,'二七区',240,0,3,NULL),(2657,'巩义市',240,0,3,NULL),(2658,'惠济区',240,0,3,NULL),(2659,'新密市',240,0,3,NULL),(2660,'新郑市',240,0,3,NULL),(2661,'登封市',240,0,3,NULL),(2662,'管城回族区',240,0,3,NULL),(2663,'荥阳市',240,0,3,NULL),(2664,'金水区',240,0,3,NULL),(2665,'兰考县',241,0,3,NULL),(2666,'尉氏县',241,0,3,NULL),(2667,'开封县',241,0,3,NULL),(2668,'杞县',241,0,3,NULL),(2669,'禹王台区',241,0,3,NULL),(2670,'通许县',241,0,3,NULL),(2671,'金明区',241,0,3,NULL),(2672,'顺河回族区',241,0,3,NULL),(2673,'鼓楼区',241,0,3,NULL),(2674,'龙亭区',241,0,3,NULL),(2675,'伊川县',242,0,3,NULL),(2676,'偃师市',242,0,3,NULL),(2677,'吉利区',242,0,3,NULL),(2678,'孟津县',242,0,3,NULL),(2679,'宜阳县',242,0,3,NULL),(2680,'嵩县',242,0,3,NULL),(2681,'新安县',242,0,3,NULL),(2682,'栾川县',242,0,3,NULL),(2683,'汝阳县',242,0,3,NULL),(2684,'洛宁县',242,0,3,NULL),(2685,'洛龙区',242,0,3,NULL),(2686,'涧西区',242,0,3,NULL),(2687,'瀍河回族区',242,0,3,NULL),(2688,'老城区',242,0,3,NULL),(2689,'西工区',242,0,3,NULL),(2690,'卫东区',243,0,3,NULL),(2691,'叶县',243,0,3,NULL),(2692,'宝丰县',243,0,3,NULL),(2693,'新华区',243,0,3,NULL),(2694,'汝州市',243,0,3,NULL),(2695,'湛河区',243,0,3,NULL),(2696,'石龙区',243,0,3,NULL),(2697,'舞钢市',243,0,3,NULL),(2698,'郏县',243,0,3,NULL),(2699,'鲁山县',243,0,3,NULL),(2700,'内黄县',244,0,3,NULL),(2701,'北关区',244,0,3,NULL),(2702,'安阳县',244,0,3,NULL),(2703,'文峰区',244,0,3,NULL),(2704,'林州市',244,0,3,NULL),(2705,'殷都区',244,0,3,NULL),(2706,'汤阴县',244,0,3,NULL),(2707,'滑县',244,0,3,NULL),(2708,'龙安区',244,0,3,NULL),(2709,'山城区',245,0,3,NULL),(2710,'浚县',245,0,3,NULL),(2711,'淇县',245,0,3,NULL),(2712,'淇滨区',245,0,3,NULL),(2713,'鹤山区',245,0,3,NULL),(2714,'凤泉区',246,0,3,NULL),(2715,'卫滨区',246,0,3,NULL),(2716,'卫辉市',246,0,3,NULL),(2717,'原阳县',246,0,3,NULL),(2718,'封丘县',246,0,3,NULL),(2719,'延津县',246,0,3,NULL),(2720,'新乡县',246,0,3,NULL),(2721,'牧野区',246,0,3,NULL),(2722,'红旗区',246,0,3,NULL),(2723,'获嘉县',246,0,3,NULL),(2724,'辉县市',246,0,3,NULL),(2725,'长垣县',246,0,3,NULL),(2726,'中站区',247,0,3,NULL),(2727,'修武县',247,0,3,NULL),(2728,'博爱县',247,0,3,NULL),(2729,'孟州市',247,0,3,NULL),(2730,'山阳区',247,0,3,NULL),(2731,'武陟县',247,0,3,NULL),(2732,'沁阳市',247,0,3,NULL),(2733,'温县',247,0,3,NULL),(2734,'解放区',247,0,3,NULL),(2735,'马村区',247,0,3,NULL),(2736,'华龙区',248,0,3,NULL),(2737,'南乐县',248,0,3,NULL),(2738,'台前县',248,0,3,NULL),(2739,'清丰县',248,0,3,NULL),(2740,'濮阳县',248,0,3,NULL),(2741,'范县',248,0,3,NULL),(2742,'禹州市',249,0,3,NULL),(2743,'襄城县',249,0,3,NULL),(2744,'许昌县',249,0,3,NULL),(2745,'鄢陵县',249,0,3,NULL),(2746,'长葛市',249,0,3,NULL),(2747,'魏都区',249,0,3,NULL),(2748,'临颍县',250,0,3,NULL),(2749,'召陵区',250,0,3,NULL),(2750,'源汇区',250,0,3,NULL),(2751,'舞阳县',250,0,3,NULL),(2752,'郾城区',250,0,3,NULL),(2753,'义马市',251,0,3,NULL),(2754,'卢氏县',251,0,3,NULL),(2755,'渑池县',251,0,3,NULL),(2756,'湖滨区',251,0,3,NULL),(2757,'灵宝市',251,0,3,NULL),(2758,'陕县',251,0,3,NULL),(2759,'内乡县',252,0,3,NULL),(2760,'南召县',252,0,3,NULL),(2761,'卧龙区',252,0,3,NULL),(2762,'唐河县',252,0,3,NULL),(2763,'宛城区',252,0,3,NULL),(2764,'新野县',252,0,3,NULL),(2765,'方城县',252,0,3,NULL),(2766,'桐柏县',252,0,3,NULL),(2767,'淅川县',252,0,3,NULL),(2768,'社旗县',252,0,3,NULL),(2769,'西峡县',252,0,3,NULL),(2770,'邓州市',252,0,3,NULL),(2771,'镇平县',252,0,3,NULL),(2772,'夏邑县',253,0,3,NULL),(2773,'宁陵县',253,0,3,NULL),(2774,'柘城县',253,0,3,NULL),(2775,'民权县',253,0,3,NULL),(2776,'永城市',253,0,3,NULL),(2777,'睢县',253,0,3,NULL),(2778,'睢阳区',253,0,3,NULL),(2779,'粱园区',253,0,3,NULL),(2780,'虞城县',253,0,3,NULL),(2781,'光山县',254,0,3,NULL),(2782,'商城县',254,0,3,NULL),(2783,'固始县',254,0,3,NULL),(2784,'平桥区',254,0,3,NULL),(2785,'息县',254,0,3,NULL),(2786,'新县',254,0,3,NULL),(2787,'浉河区',254,0,3,NULL),(2788,'淮滨县',254,0,3,NULL),(2789,'潢川县',254,0,3,NULL),(2790,'罗山县',254,0,3,NULL),(2791,'商水县',255,0,3,NULL),(2792,'太康县',255,0,3,NULL),(2793,'川汇区',255,0,3,NULL),(2794,'扶沟县',255,0,3,NULL),(2795,'沈丘县',255,0,3,NULL),(2796,'淮阳县',255,0,3,NULL),(2797,'西华县',255,0,3,NULL),(2798,'郸城县',255,0,3,NULL),(2799,'项城市',255,0,3,NULL),(2800,'鹿邑县',255,0,3,NULL),(2801,'上蔡县',256,0,3,NULL),(2802,'平舆县',256,0,3,NULL),(2803,'新蔡县',256,0,3,NULL),(2804,'正阳县',256,0,3,NULL),(2805,'汝南县',256,0,3,NULL),(2806,'泌阳县',256,0,3,NULL),(2807,'确山县',256,0,3,NULL),(2808,'西平县',256,0,3,NULL),(2809,'遂平县',256,0,3,NULL),(2810,'驿城区',256,0,3,NULL),(2811,'济源市',257,0,3,NULL),(2812,'东西湖区',258,0,3,NULL),(2813,'新洲区',258,0,3,NULL),(2814,'武昌区',258,0,3,NULL),(2815,'汉南区',258,0,3,NULL),(2816,'汉阳区',258,0,3,NULL),(2817,'江夏区',258,0,3,NULL),(2818,'江岸区',258,0,3,NULL),(2819,'江汉区',258,0,3,NULL),(2820,'洪山区',258,0,3,NULL),(2821,'硚口区',258,0,3,NULL),(2822,'蔡甸区',258,0,3,NULL),(2823,'青山区',258,0,3,NULL),(2824,'黄陂区',258,0,3,NULL),(2825,'下陆区',259,0,3,NULL),(2826,'大冶市',259,0,3,NULL),(2827,'西塞山区',259,0,3,NULL),(2828,'铁山区',259,0,3,NULL),(2829,'阳新县',259,0,3,NULL),(2830,'黄石港区',259,0,3,NULL),(2831,'丹江口市',260,0,3,NULL),(2832,'张湾区',260,0,3,NULL),(2833,'房县',260,0,3,NULL),(2834,'竹山县',260,0,3,NULL),(2835,'竹溪县',260,0,3,NULL),(2836,'茅箭区',260,0,3,NULL),(2837,'郧县',260,0,3,NULL),(2838,'郧西县',260,0,3,NULL),(2839,'五峰土家族自治县',261,0,3,NULL),(2840,'伍家岗区',261,0,3,NULL),(2841,'兴山县',261,0,3,NULL),(2842,'夷陵区',261,0,3,NULL),(2843,'宜都市',261,0,3,NULL),(2844,'当阳市',261,0,3,NULL),(2845,'枝江市',261,0,3,NULL),(2846,'点军区',261,0,3,NULL),(2847,'秭归县',261,0,3,NULL),(2848,'虢亭区',261,0,3,NULL),(2849,'西陵区',261,0,3,NULL),(2850,'远安县',261,0,3,NULL),(2851,'长阳土家族自治县',261,0,3,NULL),(2852,'保康县',262,0,3,NULL),(2853,'南漳县',262,0,3,NULL),(2854,'宜城市',262,0,3,NULL),(2855,'枣阳市',262,0,3,NULL),(2856,'樊城区',262,0,3,NULL),(2857,'老河口市',262,0,3,NULL),(2858,'襄城区',262,0,3,NULL),(2859,'襄阳区',262,0,3,NULL),(2860,'谷城县',262,0,3,NULL),(2861,'华容区',263,0,3,NULL),(2862,'粱子湖',263,0,3,NULL),(2863,'鄂城区',263,0,3,NULL),(2864,'东宝区',264,0,3,NULL),(2865,'京山县',264,0,3,NULL),(2866,'掇刀区',264,0,3,NULL),(2867,'沙洋县',264,0,3,NULL),(2868,'钟祥市',264,0,3,NULL),(2869,'云梦县',265,0,3,NULL),(2870,'大悟县',265,0,3,NULL),(2871,'孝南区',265,0,3,NULL),(2872,'孝昌县',265,0,3,NULL),(2873,'安陆市',265,0,3,NULL),(2874,'应城市',265,0,3,NULL),(2875,'汉川市',265,0,3,NULL),(2876,'公安县',266,0,3,NULL),(2877,'松滋市',266,0,3,NULL),(2878,'江陵县',266,0,3,NULL),(2879,'沙市区',266,0,3,NULL),(2880,'洪湖市',266,0,3,NULL),(2881,'监利县',266,0,3,NULL),(2882,'石首市',266,0,3,NULL),(2883,'荆州区',266,0,3,NULL),(2884,'团风县',267,0,3,NULL),(2885,'武穴市',267,0,3,NULL),(2886,'浠水县',267,0,3,NULL),(2887,'红安县',267,0,3,NULL),(2888,'罗田县',267,0,3,NULL),(2889,'英山县',267,0,3,NULL),(2890,'蕲春县',267,0,3,NULL),(2891,'麻城市',267,0,3,NULL),(2892,'黄州区',267,0,3,NULL),(2893,'黄梅县',267,0,3,NULL),(2894,'咸安区',268,0,3,NULL),(2895,'嘉鱼县',268,0,3,NULL),(2896,'崇阳县',268,0,3,NULL),(2897,'赤壁市',268,0,3,NULL),(2898,'通城县',268,0,3,NULL),(2899,'通山县',268,0,3,NULL),(2900,'广水市',269,0,3,NULL),(2901,'曾都区',269,0,3,NULL),(2902,'利川市',270,0,3,NULL),(2903,'咸丰县',270,0,3,NULL),(2904,'宣恩县',270,0,3,NULL),(2905,'巴东县',270,0,3,NULL),(2906,'建始县',270,0,3,NULL),(2907,'恩施市',270,0,3,NULL),(2908,'来凤县',270,0,3,NULL),(2909,'鹤峰县',270,0,3,NULL),(2910,'仙桃市',271,0,3,NULL),(2911,'潜江市',272,0,3,NULL),(2912,'天门市',273,0,3,NULL),(2913,'神农架林区',274,0,3,NULL),(2914,'天心区',275,0,3,NULL),(2915,'宁乡县',275,0,3,NULL),(2916,'岳麓区',275,0,3,NULL),(2917,'开福区',275,0,3,NULL),(2918,'望城县',275,0,3,NULL),(2919,'浏阳市',275,0,3,NULL),(2920,'芙蓉区',275,0,3,NULL),(2921,'长沙县',275,0,3,NULL),(2922,'雨花区',275,0,3,NULL),(2923,'天元区',276,0,3,NULL),(2924,'攸县',276,0,3,NULL),(2925,'株洲县',276,0,3,NULL),(2926,'炎陵县',276,0,3,NULL),(2927,'石峰区',276,0,3,NULL),(2928,'芦淞区',276,0,3,NULL),(2929,'茶陵县',276,0,3,NULL),(2930,'荷塘区',276,0,3,NULL),(2931,'醴陵市',276,0,3,NULL),(2932,'岳塘区',277,0,3,NULL),(2933,'湘乡市',277,0,3,NULL),(2934,'湘潭县',277,0,3,NULL),(2935,'雨湖区',277,0,3,NULL),(2936,'韶山市',277,0,3,NULL),(2937,'南岳区',278,0,3,NULL),(2938,'常宁市',278,0,3,NULL),(2939,'珠晖区',278,0,3,NULL),(2940,'石鼓区',278,0,3,NULL),(2941,'祁东县',278,0,3,NULL),(2942,'耒阳市',278,0,3,NULL),(2943,'蒸湘区',278,0,3,NULL),(2944,'衡东县',278,0,3,NULL),(2945,'衡南县',278,0,3,NULL),(2946,'衡山县',278,0,3,NULL),(2947,'衡阳县',278,0,3,NULL),(2948,'雁峰区',278,0,3,NULL),(2949,'北塔区',279,0,3,NULL),(2950,'双清区',279,0,3,NULL),(2951,'城步苗族自治县',279,0,3,NULL),(2952,'大祥区',279,0,3,NULL),(2953,'新宁县',279,0,3,NULL),(2954,'新邵县',279,0,3,NULL),(2955,'武冈市',279,0,3,NULL),(2956,'洞口县',279,0,3,NULL),(2957,'绥宁县',279,0,3,NULL),(2958,'邵东县',279,0,3,NULL),(2959,'邵阳县',279,0,3,NULL),(2960,'隆回县',279,0,3,NULL),(2961,'临湘市',280,0,3,NULL),(2962,'云溪区',280,0,3,NULL),(2963,'华容县',280,0,3,NULL),(2964,'君山区',280,0,3,NULL),(2965,'岳阳县',280,0,3,NULL),(2966,'岳阳楼区',280,0,3,NULL),(2967,'平江县',280,0,3,NULL),(2968,'汨罗市',280,0,3,NULL),(2969,'湘阴县',280,0,3,NULL),(2970,'临澧县',281,0,3,NULL),(2971,'安乡县',281,0,3,NULL),(2972,'桃源县',281,0,3,NULL),(2973,'武陵区',281,0,3,NULL),(2974,'汉寿县',281,0,3,NULL),(2975,'津市市',281,0,3,NULL),(2976,'澧县',281,0,3,NULL),(2977,'石门县',281,0,3,NULL),(2978,'鼎城区',281,0,3,NULL),(2979,'慈利县',282,0,3,NULL),(2980,'桑植县',282,0,3,NULL),(2981,'武陵源区',282,0,3,NULL),(2982,'永定区',282,0,3,NULL),(2983,'南县',283,0,3,NULL),(2984,'安化县',283,0,3,NULL),(2985,'桃江县',283,0,3,NULL),(2986,'沅江市',283,0,3,NULL),(2987,'资阳区',283,0,3,NULL),(2988,'赫山区',283,0,3,NULL),(2989,'临武县',284,0,3,NULL),(2990,'北湖区',284,0,3,NULL),(2991,'嘉禾县',284,0,3,NULL),(2992,'安仁县',284,0,3,NULL),(2993,'宜章县',284,0,3,NULL),(2994,'桂东县',284,0,3,NULL),(2995,'桂阳县',284,0,3,NULL),(2996,'永兴县',284,0,3,NULL),(2997,'汝城县',284,0,3,NULL),(2998,'苏仙区',284,0,3,NULL),(2999,'资兴市',284,0,3,NULL),(3000,'东安县',285,0,3,NULL),(3001,'冷水滩区',285,0,3,NULL),(3002,'双牌县',285,0,3,NULL),(3003,'宁远县',285,0,3,NULL),(3004,'新田县',285,0,3,NULL),(3005,'江华瑶族自治县',285,0,3,NULL),(3006,'江永县',285,0,3,NULL),(3007,'祁阳县',285,0,3,NULL),(3008,'蓝山县',285,0,3,NULL),(3009,'道县',285,0,3,NULL),(3010,'零陵区',285,0,3,NULL),(3011,'中方县',286,0,3,NULL),(3012,'会同县',286,0,3,NULL),(3013,'新晃侗族自治县',286,0,3,NULL),(3014,'沅陵县',286,0,3,NULL),(3015,'洪江市/洪江区',286,0,3,NULL),(3016,'溆浦县',286,0,3,NULL),(3017,'芷江侗族自治县',286,0,3,NULL),(3018,'辰溪县',286,0,3,NULL),(3019,'通道侗族自治县',286,0,3,NULL),(3020,'靖州苗族侗族自治县',286,0,3,NULL),(3021,'鹤城区',286,0,3,NULL),(3022,'麻阳苗族自治县',286,0,3,NULL),(3023,'冷水江市',287,0,3,NULL),(3024,'双峰县',287,0,3,NULL),(3025,'娄星区',287,0,3,NULL),(3026,'新化县',287,0,3,NULL),(3027,'涟源市',287,0,3,NULL),(3028,'保靖县',288,0,3,NULL),(3029,'凤凰县',288,0,3,NULL),(3030,'古丈县',288,0,3,NULL),(3031,'吉首市',288,0,3,NULL),(3032,'永顺县',288,0,3,NULL),(3033,'泸溪县',288,0,3,NULL),(3034,'花垣县',288,0,3,NULL),(3035,'龙山县',288,0,3,NULL),(3036,'萝岗区',289,0,3,NULL),(3037,'南沙区',289,0,3,NULL),(3038,'从化市',289,0,3,NULL),(3039,'增城市',289,0,3,NULL),(3040,'天河区',289,0,3,NULL),(3041,'海珠区',289,0,3,NULL),(3042,'番禺区',289,0,3,NULL),(3043,'白云区',289,0,3,NULL),(3044,'花都区',289,0,3,NULL),(3045,'荔湾区',289,0,3,NULL),(3046,'越秀区',289,0,3,NULL),(3047,'黄埔区',289,0,3,NULL),(3048,'乐昌市',290,0,3,NULL),(3049,'乳源瑶族自治县',290,0,3,NULL),(3050,'仁化县',290,0,3,NULL),(3051,'南雄市',290,0,3,NULL),(3052,'始兴县',290,0,3,NULL),(3053,'新丰县',290,0,3,NULL),(3054,'曲江区',290,0,3,NULL),(3055,'武江区',290,0,3,NULL),(3056,'浈江区',290,0,3,NULL),(3057,'翁源县',290,0,3,NULL),(3058,'南山区',291,0,3,NULL),(3059,'宝安区',291,0,3,NULL),(3060,'盐田区',291,0,3,NULL),(3061,'福田区',291,0,3,NULL),(3062,'罗湖区',291,0,3,NULL),(3063,'龙岗区',291,0,3,NULL),(3064,'斗门区',292,0,3,NULL),(3065,'金湾区',292,0,3,NULL),(3066,'香洲区',292,0,3,NULL),(3067,'南澳县',293,0,3,NULL),(3068,'潮南区',293,0,3,NULL),(3069,'潮阳区',293,0,3,NULL),(3070,'澄海区',293,0,3,NULL),(3071,'濠江区',293,0,3,NULL),(3072,'金平区',293,0,3,NULL),(3073,'龙湖区',293,0,3,NULL),(3074,'三水区',294,0,3,NULL),(3075,'南海区',294,0,3,NULL),(3076,'禅城区',294,0,3,NULL),(3077,'顺德区',294,0,3,NULL),(3078,'高明区',294,0,3,NULL),(3079,'台山市',295,0,3,NULL),(3080,'开平市',295,0,3,NULL),(3081,'恩平市',295,0,3,NULL),(3082,'新会区',295,0,3,NULL),(3083,'江海区',295,0,3,NULL),(3084,'蓬江区',295,0,3,NULL),(3085,'鹤山市',295,0,3,NULL),(3086,'吴川市',296,0,3,NULL),(3087,'坡头区',296,0,3,NULL),(3088,'廉江市',296,0,3,NULL),(3089,'徐闻县',296,0,3,NULL),(3090,'赤坎区',296,0,3,NULL),(3091,'遂溪县',296,0,3,NULL),(3092,'雷州市',296,0,3,NULL),(3093,'霞山区',296,0,3,NULL),(3094,'麻章区',296,0,3,NULL),(3095,'信宜市',297,0,3,NULL),(3096,'化州市',297,0,3,NULL),(3097,'电白县',297,0,3,NULL),(3098,'茂南区',297,0,3,NULL),(3099,'茂港区',297,0,3,NULL),(3100,'高州市',297,0,3,NULL),(3101,'四会市',298,0,3,NULL),(3102,'封开县',298,0,3,NULL),(3103,'广宁县',298,0,3,NULL),(3104,'德庆县',298,0,3,NULL),(3105,'怀集县',298,0,3,NULL),(3106,'端州区',298,0,3,NULL),(3107,'高要市',298,0,3,NULL),(3108,'鼎湖区',298,0,3,NULL),(3109,'博罗县',299,0,3,NULL),(3110,'惠东县',299,0,3,NULL),(3111,'惠城区',299,0,3,NULL),(3112,'惠阳区',299,0,3,NULL),(3113,'龙门县',299,0,3,NULL),(3114,'丰顺县',300,0,3,NULL),(3115,'五华县',300,0,3,NULL),(3116,'兴宁市',300,0,3,NULL),(3117,'大埔县',300,0,3,NULL),(3118,'平远县',300,0,3,NULL),(3119,'梅县',300,0,3,NULL),(3120,'梅江区',300,0,3,NULL),(3121,'蕉岭县',300,0,3,NULL),(3122,'城区',301,0,3,NULL),(3123,'海丰县',301,0,3,NULL),(3124,'陆丰市',301,0,3,NULL),(3125,'陆河县',301,0,3,NULL),(3126,'东源县',302,0,3,NULL),(3127,'和平县',302,0,3,NULL),(3128,'源城区',302,0,3,NULL),(3129,'紫金县',302,0,3,NULL),(3130,'连平县',302,0,3,NULL),(3131,'龙川县',302,0,3,NULL),(3132,'江城区',303,0,3,NULL),(3133,'阳东县',303,0,3,NULL),(3134,'阳春市',303,0,3,NULL),(3135,'阳西县',303,0,3,NULL),(3136,'佛冈县',304,0,3,NULL),(3137,'清城区',304,0,3,NULL),(3138,'清新县',304,0,3,NULL),(3139,'英德市',304,0,3,NULL),(3140,'连南瑶族自治县',304,0,3,NULL),(3141,'连山壮族瑶族自治县',304,0,3,NULL),(3142,'连州市',304,0,3,NULL),(3143,'阳山县',304,0,3,NULL),(3144,'东莞市',305,0,3,NULL),(3145,'中山市',306,0,3,NULL),(3146,'湘桥区',307,0,3,NULL),(3147,'潮安县',307,0,3,NULL),(3148,'饶平县',307,0,3,NULL),(3149,'惠来县',308,0,3,NULL),(3150,'揭东县',308,0,3,NULL),(3151,'揭西县',308,0,3,NULL),(3152,'普宁市',308,0,3,NULL),(3153,'榕城区',308,0,3,NULL),(3154,'云城区',309,0,3,NULL),(3155,'云安县',309,0,3,NULL),(3156,'新兴县',309,0,3,NULL),(3157,'罗定市',309,0,3,NULL),(3158,'郁南县',309,0,3,NULL),(3159,'上林县',310,0,3,NULL),(3160,'兴宁区',310,0,3,NULL),(3161,'宾阳县',310,0,3,NULL),(3162,'横县',310,0,3,NULL),(3163,'武鸣县',310,0,3,NULL),(3164,'江南区',310,0,3,NULL),(3165,'良庆区',310,0,3,NULL),(3166,'西乡塘区',310,0,3,NULL),(3167,'邕宁区',310,0,3,NULL),(3168,'隆安县',310,0,3,NULL),(3169,'青秀区',310,0,3,NULL),(3170,'马山县',310,0,3,NULL),(3171,'三江侗族自治县',311,0,3,NULL),(3172,'城中区',311,0,3,NULL),(3173,'柳北区',311,0,3,NULL),(3174,'柳南区',311,0,3,NULL),(3175,'柳城县',311,0,3,NULL),(3176,'柳江县',311,0,3,NULL),(3177,'融安县',311,0,3,NULL),(3178,'融水苗族自治县',311,0,3,NULL),(3179,'鱼峰区',311,0,3,NULL),(3180,'鹿寨县',311,0,3,NULL),(3181,'七星区',312,0,3,NULL),(3182,'临桂县',312,0,3,NULL),(3183,'全州县',312,0,3,NULL),(3184,'兴安县',312,0,3,NULL),(3185,'叠彩区',312,0,3,NULL),(3186,'平乐县',312,0,3,NULL),(3187,'恭城瑶族自治县',312,0,3,NULL),(3188,'永福县',312,0,3,NULL),(3189,'灌阳县',312,0,3,NULL),(3190,'灵川县',312,0,3,NULL),(3191,'秀峰区',312,0,3,NULL),(3192,'荔浦县',312,0,3,NULL),(3193,'象山区',312,0,3,NULL),(3194,'资源县',312,0,3,NULL),(3195,'阳朔县',312,0,3,NULL),(3196,'雁山区',312,0,3,NULL),(3197,'龙胜各族自治县',312,0,3,NULL),(3198,'万秀区',313,0,3,NULL),(3199,'岑溪市',313,0,3,NULL),(3200,'苍梧县',313,0,3,NULL),(3201,'蒙山县',313,0,3,NULL),(3202,'藤县',313,0,3,NULL),(3203,'蝶山区',313,0,3,NULL),(3204,'长洲区',313,0,3,NULL),(3205,'合浦县',314,0,3,NULL),(3206,'海城区',314,0,3,NULL),(3207,'铁山港区',314,0,3,NULL),(3208,'银海区',314,0,3,NULL),(3209,'上思县',315,0,3,NULL),(3210,'东兴市',315,0,3,NULL),(3211,'港口区',315,0,3,NULL),(3212,'防城区',315,0,3,NULL),(3213,'浦北县',316,0,3,NULL),(3214,'灵山县',316,0,3,NULL),(3215,'钦北区',316,0,3,NULL),(3216,'钦南区',316,0,3,NULL),(3217,'平南县',317,0,3,NULL),(3218,'桂平市',317,0,3,NULL),(3219,'港北区',317,0,3,NULL),(3220,'港南区',317,0,3,NULL),(3221,'覃塘区',317,0,3,NULL),(3222,'兴业县',318,0,3,NULL),(3223,'北流市',318,0,3,NULL),(3224,'博白县',318,0,3,NULL),(3225,'容县',318,0,3,NULL),(3226,'玉州区',318,0,3,NULL),(3227,'陆川县',318,0,3,NULL),(3228,'乐业县',319,0,3,NULL),(3229,'凌云县',319,0,3,NULL),(3230,'右江区',319,0,3,NULL),(3231,'平果县',319,0,3,NULL),(3232,'德保县',319,0,3,NULL),(3233,'田东县',319,0,3,NULL),(3234,'田林县',319,0,3,NULL),(3235,'田阳县',319,0,3,NULL),(3236,'西林县',319,0,3,NULL),(3237,'那坡县',319,0,3,NULL),(3238,'隆林各族自治县',319,0,3,NULL),(3239,'靖西县',319,0,3,NULL),(3240,'八步区',320,0,3,NULL),(3241,'富川瑶族自治县',320,0,3,NULL),(3242,'昭平县',320,0,3,NULL),(3243,'钟山县',320,0,3,NULL),(3244,'东兰县',321,0,3,NULL),(3245,'凤山县',321,0,3,NULL),(3246,'南丹县',321,0,3,NULL),(3247,'大化瑶族自治县',321,0,3,NULL),(3248,'天峨县',321,0,3,NULL),(3249,'宜州市',321,0,3,NULL),(3250,'巴马瑶族自治县',321,0,3,NULL),(3251,'环江毛南族自治县',321,0,3,NULL),(3252,'罗城仫佬族自治县',321,0,3,NULL),(3253,'都安瑶族自治县',321,0,3,NULL),(3254,'金城江区',321,0,3,NULL),(3255,'兴宾区',322,0,3,NULL),(3256,'合山市',322,0,3,NULL),(3257,'忻城县',322,0,3,NULL),(3258,'武宣县',322,0,3,NULL),(3259,'象州县',322,0,3,NULL),(3260,'金秀瑶族自治县',322,0,3,NULL),(3261,'凭祥市',323,0,3,NULL),(3262,'大新县',323,0,3,NULL),(3263,'天等县',323,0,3,NULL),(3264,'宁明县',323,0,3,NULL),(3265,'扶绥县',323,0,3,NULL),(3266,'江州区',323,0,3,NULL),(3267,'龙州县',323,0,3,NULL),(3268,'琼山区',324,0,3,NULL),(3269,'秀英区',324,0,3,NULL),(3270,'美兰区',324,0,3,NULL),(3271,'龙华区',324,0,3,NULL),(3272,'三亚市',325,0,3,NULL),(3273,'五指山市',326,0,3,NULL),(3274,'琼海市',327,0,3,NULL),(3275,'儋州市',328,0,3,NULL),(3276,'文昌市',329,0,3,NULL),(3277,'万宁市',330,0,3,NULL),(3278,'东方市',331,0,3,NULL),(3279,'定安县',332,0,3,NULL),(3280,'屯昌县',333,0,3,NULL),(3281,'澄迈县',334,0,3,NULL),(3282,'临高县',335,0,3,NULL),(3283,'白沙黎族自治县',336,0,3,NULL),(3284,'昌江黎族自治县',337,0,3,NULL),(3285,'乐东黎族自治县',338,0,3,NULL),(3286,'陵水黎族自治县',339,0,3,NULL),(3287,'保亭黎族苗族自治县',340,0,3,NULL),(3288,'琼中黎族苗族自治县',341,0,3,NULL),(4209,'双流县',385,0,3,NULL),(4210,'大邑县',385,0,3,NULL),(4211,'崇州市',385,0,3,NULL),(4212,'彭州市',385,0,3,NULL),(4213,'成华区',385,0,3,NULL),(4214,'新津县',385,0,3,NULL),(4215,'新都区',385,0,3,NULL),(4216,'武侯区',385,0,3,NULL),(4217,'温江区',385,0,3,NULL),(4218,'蒲江县',385,0,3,NULL),(4219,'邛崃市',385,0,3,NULL),(4220,'郫县',385,0,3,NULL),(4221,'都江堰市',385,0,3,NULL),(4222,'金堂县',385,0,3,NULL),(4223,'金牛区',385,0,3,NULL),(4224,'锦江区',385,0,3,NULL),(4225,'青白江区',385,0,3,NULL),(4226,'青羊区',385,0,3,NULL),(4227,'龙泉驿区',385,0,3,NULL),(4228,'大安区',386,0,3,NULL),(4229,'富顺县',386,0,3,NULL),(4230,'沿滩区',386,0,3,NULL),(4231,'自流井区',386,0,3,NULL),(4232,'荣县',386,0,3,NULL),(4233,'贡井区',386,0,3,NULL),(4234,'东区',387,0,3,NULL),(4235,'仁和区',387,0,3,NULL),(4236,'盐边县',387,0,3,NULL),(4237,'米易县',387,0,3,NULL),(4238,'西区',387,0,3,NULL),(4239,'叙永县',388,0,3,NULL),(4240,'古蔺县',388,0,3,NULL),(4241,'合江县',388,0,3,NULL),(4242,'江阳区',388,0,3,NULL),(4243,'泸县',388,0,3,NULL),(4244,'纳溪区',388,0,3,NULL),(4245,'龙马潭区',388,0,3,NULL),(4246,'中江县',389,0,3,NULL),(4247,'什邡市',389,0,3,NULL),(4248,'广汉市',389,0,3,NULL),(4249,'旌阳区',389,0,3,NULL),(4250,'绵竹市',389,0,3,NULL),(4251,'罗江县',389,0,3,NULL),(4252,'三台县',390,0,3,NULL),(4253,'北川羌族自治县',390,0,3,NULL),(4254,'安县',390,0,3,NULL),(4255,'平武县',390,0,3,NULL),(4256,'梓潼县',390,0,3,NULL),(4257,'江油市',390,0,3,NULL),(4258,'涪城区',390,0,3,NULL),(4259,'游仙区',390,0,3,NULL),(4260,'盐亭县',390,0,3,NULL),(4261,'元坝区',391,0,3,NULL),(4262,'利州区',391,0,3,NULL),(4263,'剑阁县',391,0,3,NULL),(4264,'旺苍县',391,0,3,NULL),(4265,'朝天区',391,0,3,NULL),(4266,'苍溪县',391,0,3,NULL),(4267,'青川县',391,0,3,NULL),(4268,'大英县',392,0,3,NULL),(4269,'安居区',392,0,3,NULL),(4270,'射洪县',392,0,3,NULL),(4271,'船山区',392,0,3,NULL),(4272,'蓬溪县',392,0,3,NULL),(4273,'东兴区',393,0,3,NULL),(4274,'威远县',393,0,3,NULL),(4275,'市中区',393,0,3,NULL),(4276,'资中县',393,0,3,NULL),(4277,'隆昌县',393,0,3,NULL),(4278,'五通桥区',394,0,3,NULL),(4279,'井研县',394,0,3,NULL),(4280,'夹江县',394,0,3,NULL),(4281,'峨眉山市',394,0,3,NULL),(4282,'峨边彝族自治县',394,0,3,NULL),(4283,'市中区',394,0,3,NULL),(4284,'沐川县',394,0,3,NULL),(4285,'沙湾区',394,0,3,NULL),(4286,'犍为县',394,0,3,NULL),(4287,'金口河区',394,0,3,NULL),(4288,'马边彝族自治县',394,0,3,NULL),(4289,'仪陇县',395,0,3,NULL),(4290,'南充市嘉陵区',395,0,3,NULL),(4291,'南部县',395,0,3,NULL),(4292,'嘉陵区',395,0,3,NULL),(4293,'营山县',395,0,3,NULL),(4294,'蓬安县',395,0,3,NULL),(4295,'西充县',395,0,3,NULL),(4296,'阆中市',395,0,3,NULL),(4297,'顺庆区',395,0,3,NULL),(4298,'高坪区',395,0,3,NULL),(4299,'东坡区',396,0,3,NULL),(4300,'丹棱县',396,0,3,NULL),(4301,'仁寿县',396,0,3,NULL),(4302,'彭山县',396,0,3,NULL),(4303,'洪雅县',396,0,3,NULL),(4304,'青神县',396,0,3,NULL),(4305,'兴文县',397,0,3,NULL),(4306,'南溪县',397,0,3,NULL),(4307,'宜宾县',397,0,3,NULL),(4308,'屏山县',397,0,3,NULL),(4309,'江安县',397,0,3,NULL),(4310,'珙县',397,0,3,NULL),(4311,'筠连县',397,0,3,NULL),(4312,'翠屏区',397,0,3,NULL),(4313,'长宁县',397,0,3,NULL),(4314,'高县',397,0,3,NULL),(4315,'华蓥市',398,0,3,NULL),(4316,'岳池县',398,0,3,NULL),(4317,'广安区',398,0,3,NULL),(4318,'武胜县',398,0,3,NULL),(4319,'邻水县',398,0,3,NULL),(4320,'万源市',399,0,3,NULL),(4321,'大竹县',399,0,3,NULL),(4322,'宣汉县',399,0,3,NULL),(4323,'开江县',399,0,3,NULL),(4324,'渠县',399,0,3,NULL),(4325,'达县',399,0,3,NULL),(4326,'通川区',399,0,3,NULL),(4327,'名山县',400,0,3,NULL),(4328,'天全县',400,0,3,NULL),(4329,'宝兴县',400,0,3,NULL),(4330,'汉源县',400,0,3,NULL),(4331,'石棉县',400,0,3,NULL),(4332,'芦山县',400,0,3,NULL),(4333,'荥经县',400,0,3,NULL),(4334,'雨城区',400,0,3,NULL),(4335,'南江县',401,0,3,NULL),(4336,'巴州区',401,0,3,NULL),(4337,'平昌县',401,0,3,NULL),(4338,'通江县',401,0,3,NULL),(4339,'乐至县',402,0,3,NULL),(4340,'安岳县',402,0,3,NULL),(4341,'简阳市',402,0,3,NULL),(4342,'雁江区',402,0,3,NULL),(4343,'九寨沟县',403,0,3,NULL),(4344,'壤塘县',403,0,3,NULL),(4345,'小金县',403,0,3,NULL),(4346,'松潘县',403,0,3,NULL),(4347,'汶川县',403,0,3,NULL),(4348,'理县',403,0,3,NULL),(4349,'红原县',403,0,3,NULL),(4350,'若尔盖县',403,0,3,NULL),(4351,'茂县',403,0,3,NULL),(4352,'金川县',403,0,3,NULL),(4353,'阿坝县',403,0,3,NULL),(4354,'马尔康县',403,0,3,NULL),(4355,'黑水县',403,0,3,NULL),(4356,'丹巴县',404,0,3,NULL),(4357,'乡城县',404,0,3,NULL),(4358,'巴塘县',404,0,3,NULL),(4359,'康定县',404,0,3,NULL),(4360,'得荣县',404,0,3,NULL),(4361,'德格县',404,0,3,NULL),(4362,'新龙县',404,0,3,NULL),(4363,'泸定县',404,0,3,NULL),(4364,'炉霍县',404,0,3,NULL),(4365,'理塘县',404,0,3,NULL),(4366,'甘孜县',404,0,3,NULL),(4367,'白玉县',404,0,3,NULL),(4368,'石渠县',404,0,3,NULL),(4369,'稻城县',404,0,3,NULL),(4370,'色达县',404,0,3,NULL),(4371,'道孚县',404,0,3,NULL),(4372,'雅江县',404,0,3,NULL),(4373,'会东县',405,0,3,NULL),(4374,'会理县',405,0,3,NULL),(4375,'冕宁县',405,0,3,NULL),(4376,'喜德县',405,0,3,NULL),(4377,'宁南县',405,0,3,NULL),(4378,'布拖县',405,0,3,NULL),(4379,'德昌县',405,0,3,NULL),(4380,'昭觉县',405,0,3,NULL),(4381,'普格县',405,0,3,NULL),(4382,'木里藏族自治县',405,0,3,NULL),(4383,'甘洛县',405,0,3,NULL),(4384,'盐源县',405,0,3,NULL),(4385,'美姑县',405,0,3,NULL),(4386,'西昌',405,0,3,NULL),(4387,'越西县',405,0,3,NULL),(4388,'金阳县',405,0,3,NULL),(4389,'雷波县',405,0,3,NULL),(4390,'乌当区',406,0,3,NULL),(4391,'云岩区',406,0,3,NULL),(4392,'修文县',406,0,3,NULL),(4393,'南明区',406,0,3,NULL),(4394,'小河区',406,0,3,NULL),(4395,'开阳县',406,0,3,NULL),(4396,'息烽县',406,0,3,NULL),(4397,'清镇市',406,0,3,NULL),(4398,'白云区',406,0,3,NULL),(4399,'花溪区',406,0,3,NULL),(4400,'六枝特区',407,0,3,NULL),(4401,'水城县',407,0,3,NULL),(4402,'盘县',407,0,3,NULL),(4403,'钟山区',407,0,3,NULL),(4404,'习水县',408,0,3,NULL),(4405,'仁怀市',408,0,3,NULL),(4406,'余庆县',408,0,3,NULL),(4407,'凤冈县',408,0,3,NULL),(4408,'务川仡佬族苗族自治县',408,0,3,NULL),(4409,'桐梓县',408,0,3,NULL),(4410,'正安县',408,0,3,NULL),(4411,'汇川区',408,0,3,NULL),(4412,'湄潭县',408,0,3,NULL),(4413,'红花岗区',408,0,3,NULL),(4414,'绥阳县',408,0,3,NULL),(4415,'赤水市',408,0,3,NULL),(4416,'道真仡佬族苗族自治县',408,0,3,NULL),(4417,'遵义县',408,0,3,NULL),(4418,'关岭布依族苗族自治县',409,0,3,NULL),(4419,'平坝县',409,0,3,NULL),(4420,'普定县',409,0,3,NULL),(4421,'紫云苗族布依族自治县',409,0,3,NULL),(4422,'西秀区',409,0,3,NULL),(4423,'镇宁布依族苗族自治县',409,0,3,NULL),(4424,'万山特区',410,0,3,NULL),(4425,'印江土家族苗族自治县',410,0,3,NULL),(4426,'德江县',410,0,3,NULL),(4427,'思南县',410,0,3,NULL),(4428,'松桃苗族自治县',410,0,3,NULL),(4429,'江口县',410,0,3,NULL),(4430,'沿河土家族自治县',410,0,3,NULL),(4431,'玉屏侗族自治县',410,0,3,NULL),(4432,'石阡县',410,0,3,NULL),(4433,'铜仁市',410,0,3,NULL),(4434,'兴义市',411,0,3,NULL),(4435,'兴仁县',411,0,3,NULL),(4436,'册亨县',411,0,3,NULL),(4437,'安龙县',411,0,3,NULL),(4438,'普安县',411,0,3,NULL),(4439,'晴隆县',411,0,3,NULL),(4440,'望谟县',411,0,3,NULL),(4441,'贞丰县',411,0,3,NULL),(4442,'大方县',412,0,3,NULL),(4443,'威宁彝族回族苗族自治县',412,0,3,NULL),(4444,'毕节市',412,0,3,NULL),(4445,'纳雍县',412,0,3,NULL),(4446,'织金县',412,0,3,NULL),(4447,'赫章县',412,0,3,NULL),(4448,'金沙县',412,0,3,NULL),(4449,'黔西县',412,0,3,NULL),(4450,'三穗县',413,0,3,NULL),(4451,'丹寨县',413,0,3,NULL),(4452,'从江县',413,0,3,NULL),(4453,'凯里市',413,0,3,NULL),(4454,'剑河县',413,0,3,NULL),(4455,'台江县',413,0,3,NULL),(4456,'天柱县',413,0,3,NULL),(4457,'岑巩县',413,0,3,NULL),(4458,'施秉县',413,0,3,NULL),(4459,'榕江县',413,0,3,NULL),(4460,'锦屏县',413,0,3,NULL),(4461,'镇远县',413,0,3,NULL),(4462,'雷山县',413,0,3,NULL),(4463,'麻江县',413,0,3,NULL),(4464,'黄平县',413,0,3,NULL),(4465,'黎平县',413,0,3,NULL),(4466,'三都水族自治县',414,0,3,NULL),(4467,'平塘县',414,0,3,NULL),(4468,'惠水县',414,0,3,NULL),(4469,'独山县',414,0,3,NULL),(4470,'瓮安县',414,0,3,NULL),(4471,'福泉市',414,0,3,NULL),(4472,'罗甸县',414,0,3,NULL),(4473,'荔波县',414,0,3,NULL),(4474,'贵定县',414,0,3,NULL),(4475,'都匀市',414,0,3,NULL),(4476,'长顺县',414,0,3,NULL),(4477,'龙里县',414,0,3,NULL),(4478,'东川区',415,0,3,NULL),(4479,'五华区',415,0,3,NULL),(4480,'呈贡县',415,0,3,NULL),(4481,'安宁市',415,0,3,NULL),(4482,'官渡区',415,0,3,NULL),(4483,'宜良县',415,0,3,NULL),(4484,'富民县',415,0,3,NULL),(4485,'寻甸回族彝族自治县',415,0,3,NULL),(4486,'嵩明县',415,0,3,NULL),(4487,'晋宁县',415,0,3,NULL),(4488,'盘龙区',415,0,3,NULL),(4489,'石林彝族自治县',415,0,3,NULL),(4490,'禄劝彝族苗族自治县',415,0,3,NULL),(4491,'西山区',415,0,3,NULL),(4492,'会泽县',416,0,3,NULL),(4493,'宣威市',416,0,3,NULL),(4494,'富源县',416,0,3,NULL),(4495,'师宗县',416,0,3,NULL),(4496,'沾益县',416,0,3,NULL),(4497,'罗平县',416,0,3,NULL),(4498,'陆良县',416,0,3,NULL),(4499,'马龙县',416,0,3,NULL),(4500,'麒麟区',416,0,3,NULL),(4501,'元江哈尼族彝族傣族自治县',417,0,3,NULL),(4502,'华宁县',417,0,3,NULL),(4503,'峨山彝族自治县',417,0,3,NULL),(4504,'新平彝族傣族自治县',417,0,3,NULL),(4505,'易门县',417,0,3,NULL),(4506,'江川县',417,0,3,NULL),(4507,'澄江县',417,0,3,NULL),(4508,'红塔区',417,0,3,NULL),(4509,'通海县',417,0,3,NULL),(4510,'施甸县',418,0,3,NULL),(4511,'昌宁县',418,0,3,NULL),(4512,'腾冲县',418,0,3,NULL),(4513,'隆阳区',418,0,3,NULL),(4514,'龙陵县',418,0,3,NULL),(4515,'大关县',419,0,3,NULL),(4516,'威信县',419,0,3,NULL),(4517,'巧家县',419,0,3,NULL),(4518,'彝良县',419,0,3,NULL),(4519,'昭阳区',419,0,3,NULL),(4520,'水富县',419,0,3,NULL),(4521,'永善县',419,0,3,NULL),(4522,'盐津县',419,0,3,NULL),(4523,'绥江县',419,0,3,NULL),(4524,'镇雄县',419,0,3,NULL),(4525,'鲁甸县',419,0,3,NULL),(4526,'华坪县',420,0,3,NULL),(4527,'古城区',420,0,3,NULL),(4528,'宁蒗彝族自治县',420,0,3,NULL),(4529,'永胜县',420,0,3,NULL),(4530,'玉龙纳西族自治县',420,0,3,NULL),(4531,'临翔区',422,0,3,NULL),(4532,'云县',422,0,3,NULL),(4533,'凤庆县',422,0,3,NULL),(4534,'双江拉祜族佤族布朗族傣族自治县',422,0,3,NULL),(4535,'永德县',422,0,3,NULL),(4536,'沧源佤族自治县',422,0,3,NULL),(4537,'耿马傣族佤族自治县',422,0,3,NULL),(4538,'镇康县',422,0,3,NULL),(4539,'元谋县',423,0,3,NULL),(4540,'南华县',423,0,3,NULL),(4541,'双柏县',423,0,3,NULL),(4542,'大姚县',423,0,3,NULL),(4543,'姚安县',423,0,3,NULL),(4544,'楚雄市',423,0,3,NULL),(4545,'武定县',423,0,3,NULL),(4546,'永仁县',423,0,3,NULL),(4547,'牟定县',423,0,3,NULL),(4548,'禄丰县',423,0,3,NULL),(4549,'个旧市',424,0,3,NULL),(4550,'元阳县',424,0,3,NULL),(4551,'屏边苗族自治县',424,0,3,NULL),(4552,'建水县',424,0,3,NULL),(4553,'开远市',424,0,3,NULL),(4554,'弥勒县',424,0,3,NULL),(4555,'河口瑶族自治县',424,0,3,NULL),(4556,'泸西县',424,0,3,NULL),(4557,'石屏县',424,0,3,NULL),(4558,'红河县',424,0,3,NULL),(4559,'绿春县',424,0,3,NULL),(4560,'蒙自县',424,0,3,NULL),(4561,'金平苗族瑶族傣族自治县',424,0,3,NULL),(4562,'丘北县',425,0,3,NULL),(4563,'富宁县',425,0,3,NULL),(4564,'广南县',425,0,3,NULL),(4565,'文山县',425,0,3,NULL),(4566,'砚山县',425,0,3,NULL),(4567,'西畴县',425,0,3,NULL),(4568,'马关县',425,0,3,NULL),(4569,'麻栗坡县',425,0,3,NULL),(4570,'勐海县',426,0,3,NULL),(4571,'勐腊县',426,0,3,NULL),(4572,'景洪市',426,0,3,NULL),(4573,'云龙县',427,0,3,NULL),(4574,'剑川县',427,0,3,NULL),(4575,'南涧彝族自治县',427,0,3,NULL),(4576,'大理市',427,0,3,NULL),(4577,'宾川县',427,0,3,NULL),(4578,'巍山彝族回族自治县',427,0,3,NULL),(4579,'弥渡县',427,0,3,NULL),(4580,'永平县',427,0,3,NULL),(4581,'洱源县',427,0,3,NULL),(4582,'漾濞彝族自治县',427,0,3,NULL),(4583,'祥云县',427,0,3,NULL),(4584,'鹤庆县',427,0,3,NULL),(4585,'梁河县',428,0,3,NULL),(4586,'潞西市',428,0,3,NULL),(4587,'瑞丽市',428,0,3,NULL),(4588,'盈江县',428,0,3,NULL),(4589,'陇川县',428,0,3,NULL),(4590,'德钦县',430,0,3,NULL),(4591,'维西傈僳族自治县',430,0,3,NULL),(4592,'香格里拉县',430,0,3,NULL),(4593,'城关区',431,0,3,NULL),(4594,'堆龙德庆县',431,0,3,NULL),(4595,'墨竹工卡县',431,0,3,NULL),(4596,'尼木县',431,0,3,NULL),(4597,'当雄县',431,0,3,NULL),(4598,'曲水县',431,0,3,NULL),(4599,'林周县',431,0,3,NULL),(4600,'达孜县',431,0,3,NULL),(4601,'丁青县',432,0,3,NULL),(4602,'八宿县',432,0,3,NULL),(4603,'察雅县',432,0,3,NULL),(4604,'左贡县',432,0,3,NULL),(4605,'昌都县',432,0,3,NULL),(4606,'江达县',432,0,3,NULL),(4607,'洛隆县',432,0,3,NULL),(4608,'类乌齐县',432,0,3,NULL),(4609,'芒康县',432,0,3,NULL),(4610,'贡觉县',432,0,3,NULL),(4611,'边坝县',432,0,3,NULL),(4612,'乃东县',433,0,3,NULL),(4613,'加查县',433,0,3,NULL),(4614,'扎囊县',433,0,3,NULL),(4615,'措美县',433,0,3,NULL),(4616,'曲松县',433,0,3,NULL),(4617,'桑日县',433,0,3,NULL),(4618,'洛扎县',433,0,3,NULL),(4619,'浪卡子县',433,0,3,NULL),(4620,'琼结县',433,0,3,NULL),(4621,'贡嘎县',433,0,3,NULL),(4622,'错那县',433,0,3,NULL),(4623,'隆子县',433,0,3,NULL),(4624,'亚东县',434,0,3,NULL),(4625,'仁布县',434,0,3,NULL),(4626,'仲巴县',434,0,3,NULL),(4627,'南木林县',434,0,3,NULL),(4628,'吉隆县',434,0,3,NULL),(4629,'定日县',434,0,3,NULL),(4630,'定结县',434,0,3,NULL),(4631,'岗巴县',434,0,3,NULL),(4632,'康马县',434,0,3,NULL),(4633,'拉孜县',434,0,3,NULL),(4634,'日喀则市',434,0,3,NULL),(4635,'昂仁县',434,0,3,NULL),(4636,'江孜县',434,0,3,NULL),(4637,'白朗县',434,0,3,NULL),(4638,'聂拉木县',434,0,3,NULL),(4639,'萨嘎县',434,0,3,NULL),(4640,'萨迦县',434,0,3,NULL),(4641,'谢通门县',434,0,3,NULL),(4642,'嘉黎县',435,0,3,NULL),(4643,'安多县',435,0,3,NULL),(4644,'尼玛县',435,0,3,NULL),(4645,'巴青县',435,0,3,NULL),(4646,'比如县',435,0,3,NULL),(4647,'班戈县',435,0,3,NULL),(4648,'申扎县',435,0,3,NULL),(4649,'索县',435,0,3,NULL),(4650,'聂荣县',435,0,3,NULL),(4651,'那曲县',435,0,3,NULL),(4652,'噶尔县',436,0,3,NULL),(4653,'措勤县',436,0,3,NULL),(4654,'改则县',436,0,3,NULL),(4655,'日土县',436,0,3,NULL),(4656,'普兰县',436,0,3,NULL),(4657,'札达县',436,0,3,NULL),(4658,'革吉县',436,0,3,NULL),(4659,'墨脱县',437,0,3,NULL),(4660,'察隅县',437,0,3,NULL),(4661,'工布江达县',437,0,3,NULL),(4662,'朗县',437,0,3,NULL),(4663,'林芝县',437,0,3,NULL),(4664,'波密县',437,0,3,NULL),(4665,'米林县',437,0,3,NULL),(4666,'临潼区',438,0,3,NULL),(4667,'周至县',438,0,3,NULL),(4668,'户县',438,0,3,NULL),(4669,'新城区',438,0,3,NULL),(4670,'未央区',438,0,3,NULL),(4671,'灞桥区',438,0,3,NULL),(4672,'碑林区',438,0,3,NULL),(4673,'莲湖区',438,0,3,NULL),(4674,'蓝田县',438,0,3,NULL),(4675,'长安区',438,0,3,NULL),(4676,'阎良区',438,0,3,NULL),(4677,'雁塔区',438,0,3,NULL),(4678,'高陵县',438,0,3,NULL),(4679,'印台区',439,0,3,NULL),(4680,'宜君县',439,0,3,NULL),(4681,'王益区',439,0,3,NULL),(4682,'耀州区',439,0,3,NULL),(4683,'凤县',440,0,3,NULL),(4684,'凤翔县',440,0,3,NULL),(4685,'千阳县',440,0,3,NULL),(4686,'太白县',440,0,3,NULL),(4687,'岐山县',440,0,3,NULL),(4688,'扶风县',440,0,3,NULL),(4689,'渭滨区',440,0,3,NULL),(4690,'眉县',440,0,3,NULL),(4691,'金台区',440,0,3,NULL),(4692,'陇县',440,0,3,NULL),(4693,'陈仓区',440,0,3,NULL),(4694,'麟游县',440,0,3,NULL),(4695,'三原县',441,0,3,NULL),(4696,'干县',441,0,3,NULL),(4697,'兴平市',441,0,3,NULL),(4698,'彬县',441,0,3,NULL),(4699,'旬邑县',441,0,3,NULL),(4700,'杨陵区',441,0,3,NULL),(4701,'武功县',441,0,3,NULL),(4702,'永寿县',441,0,3,NULL),(4703,'泾阳县',441,0,3,NULL),(4704,'淳化县',441,0,3,NULL),(4705,'渭城区',441,0,3,NULL),(4706,'礼泉县',441,0,3,NULL),(4707,'秦都区',441,0,3,NULL),(4708,'长武县',441,0,3,NULL),(4709,'临渭区',442,0,3,NULL),(4710,'华县',442,0,3,NULL),(4711,'华阴市',442,0,3,NULL),(4712,'合阳县',442,0,3,NULL),(4713,'大荔县',442,0,3,NULL),(4714,'富平县',442,0,3,NULL),(4715,'潼关县',442,0,3,NULL),(4716,'澄城县',442,0,3,NULL),(4717,'白水县',442,0,3,NULL),(4718,'蒲城县',442,0,3,NULL),(4719,'韩城市',442,0,3,NULL),(4720,'吴起县',443,0,3,NULL),(4721,'子长县',443,0,3,NULL),(4722,'安塞县',443,0,3,NULL),(4723,'宜川县',443,0,3,NULL),(4724,'宝塔区',443,0,3,NULL),(4725,'富县',443,0,3,NULL),(4726,'延川县',443,0,3,NULL),(4727,'延长县',443,0,3,NULL),(4728,'志丹县',443,0,3,NULL),(4729,'洛川县',443,0,3,NULL),(4730,'甘泉县',443,0,3,NULL),(4731,'黄陵县',443,0,3,NULL),(4732,'黄龙县',443,0,3,NULL),(4733,'佛坪县',444,0,3,NULL),(4734,'勉县',444,0,3,NULL),(4735,'南郑县',444,0,3,NULL),(4736,'城固县',444,0,3,NULL),(4737,'宁强县',444,0,3,NULL),(4738,'汉台区',444,0,3,NULL),(4739,'洋县',444,0,3,NULL),(4740,'留坝县',444,0,3,NULL),(4741,'略阳县',444,0,3,NULL),(4742,'西乡县',444,0,3,NULL),(4743,'镇巴县',444,0,3,NULL),(4744,'佳县',445,0,3,NULL),(4745,'吴堡县',445,0,3,NULL),(4746,'子洲县',445,0,3,NULL),(4747,'定边县',445,0,3,NULL),(4748,'府谷县',445,0,3,NULL),(4749,'榆林市榆阳区',445,0,3,NULL),(4750,'横山县',445,0,3,NULL),(4751,'清涧县',445,0,3,NULL),(4752,'神木县',445,0,3,NULL),(4753,'米脂县',445,0,3,NULL),(4754,'绥德县',445,0,3,NULL),(4755,'靖边县',445,0,3,NULL),(4756,'宁陕县',446,0,3,NULL),(4757,'岚皋县',446,0,3,NULL),(4758,'平利县',446,0,3,NULL),(4759,'旬阳县',446,0,3,NULL),(4760,'汉滨区',446,0,3,NULL),(4761,'汉阴县',446,0,3,NULL),(4762,'白河县',446,0,3,NULL),(4763,'石泉县',446,0,3,NULL),(4764,'紫阳县',446,0,3,NULL),(4765,'镇坪县',446,0,3,NULL),(4766,'丹凤县',447,0,3,NULL),(4767,'商南县',447,0,3,NULL),(4768,'商州区',447,0,3,NULL),(4769,'山阳县',447,0,3,NULL),(4770,'柞水县',447,0,3,NULL),(4771,'洛南县',447,0,3,NULL),(4772,'镇安县',447,0,3,NULL),(4773,'七里河区',448,0,3,NULL),(4774,'城关区',448,0,3,NULL),(4775,'安宁区',448,0,3,NULL),(4776,'榆中县',448,0,3,NULL),(4777,'永登县',448,0,3,NULL),(4778,'皋兰县',448,0,3,NULL),(4779,'红古区',448,0,3,NULL),(4780,'西固区',448,0,3,NULL),(4781,'嘉峪关市',449,0,3,NULL),(4782,'永昌县',450,0,3,NULL),(4783,'金川区',450,0,3,NULL),(4784,'会宁县',451,0,3,NULL),(4785,'平川区',451,0,3,NULL),(4786,'景泰县',451,0,3,NULL),(4787,'白银区',451,0,3,NULL),(4788,'靖远县',451,0,3,NULL),(4789,'张家川回族自治县',452,0,3,NULL),(4790,'武山县',452,0,3,NULL),(4791,'清水县',452,0,3,NULL),(4792,'甘谷县',452,0,3,NULL),(4793,'秦安县',452,0,3,NULL),(4794,'秦州区',452,0,3,NULL),(4795,'麦积区',452,0,3,NULL),(4796,'凉州区',453,0,3,NULL),(4797,'古浪县',453,0,3,NULL),(4798,'天祝藏族自治县',453,0,3,NULL),(4799,'民勤县',453,0,3,NULL),(4800,'临泽县',454,0,3,NULL),(4801,'山丹县',454,0,3,NULL),(4802,'民乐县',454,0,3,NULL),(4803,'甘州区',454,0,3,NULL),(4804,'肃南裕固族自治县',454,0,3,NULL),(4805,'高台县',454,0,3,NULL),(4806,'华亭县',455,0,3,NULL),(4807,'崆峒区',455,0,3,NULL),(4808,'崇信县',455,0,3,NULL),(4809,'庄浪县',455,0,3,NULL),(4810,'泾川县',455,0,3,NULL),(4811,'灵台县',455,0,3,NULL),(4812,'静宁县',455,0,3,NULL),(4813,'敦煌市',456,0,3,NULL),(4814,'玉门市',456,0,3,NULL),(4815,'瓜州县（原安西县）',456,0,3,NULL),(4816,'肃北蒙古族自治县',456,0,3,NULL),(4817,'肃州区',456,0,3,NULL),(4818,'金塔县',456,0,3,NULL),(4819,'阿克塞哈萨克族自治县',456,0,3,NULL),(4820,'华池县',457,0,3,NULL),(4821,'合水县',457,0,3,NULL),(4822,'宁县',457,0,3,NULL),(4823,'庆城县',457,0,3,NULL),(4824,'正宁县',457,0,3,NULL),(4825,'环县',457,0,3,NULL),(4826,'西峰区',457,0,3,NULL),(4827,'镇原县',457,0,3,NULL),(4828,'临洮县',458,0,3,NULL),(4829,'安定区',458,0,3,NULL),(4830,'岷县',458,0,3,NULL),(4831,'渭源县',458,0,3,NULL),(4832,'漳县',458,0,3,NULL),(4833,'通渭县',458,0,3,NULL),(4834,'陇西县',458,0,3,NULL),(4835,'两当县',459,0,3,NULL),(4836,'宕昌县',459,0,3,NULL),(4837,'康县',459,0,3,NULL),(4838,'徽县',459,0,3,NULL),(4839,'成县',459,0,3,NULL),(4840,'文县',459,0,3,NULL),(4841,'武都区',459,0,3,NULL),(4842,'礼县',459,0,3,NULL),(4843,'西和县',459,0,3,NULL),(4844,'东乡族自治县',460,0,3,NULL),(4845,'临夏县',460,0,3,NULL),(4846,'临夏市',460,0,3,NULL),(4847,'和政县',460,0,3,NULL),(4848,'广河县',460,0,3,NULL),(4849,'康乐县',460,0,3,NULL),(4850,'永靖县',460,0,3,NULL),(4851,'积石山保安族东乡族撒拉族自治县',460,0,3,NULL),(4852,'临潭县',461,0,3,NULL),(4853,'卓尼县',461,0,3,NULL),(4854,'合作市',461,0,3,NULL),(4855,'夏河县',461,0,3,NULL),(4856,'玛曲县',461,0,3,NULL),(4857,'碌曲县',461,0,3,NULL),(4858,'舟曲县',461,0,3,NULL),(4859,'迭部县',461,0,3,NULL),(4860,'城东区',462,0,3,NULL),(4861,'城中区',462,0,3,NULL),(4862,'城北区',462,0,3,NULL),(4863,'城西区',462,0,3,NULL),(4864,'大通回族土族自治县',462,0,3,NULL),(4865,'湟中县',462,0,3,NULL),(4866,'湟源县',462,0,3,NULL),(4867,'乐都县',463,0,3,NULL),(4868,'互助土族自治县',463,0,3,NULL),(4869,'化隆回族自治县',463,0,3,NULL),(4870,'平安县',463,0,3,NULL),(4871,'循化撒拉族自治县',463,0,3,NULL),(4872,'民和回族土族自治县',463,0,3,NULL),(4873,'刚察县',464,0,3,NULL),(4874,'海晏县',464,0,3,NULL),(4875,'祁连县',464,0,3,NULL),(4876,'门源回族自治县',464,0,3,NULL),(4877,'同仁县',465,0,3,NULL),(4878,'尖扎县',465,0,3,NULL),(4879,'河南蒙古族自治县',465,0,3,NULL),(4880,'泽库县',465,0,3,NULL),(4881,'共和县',466,0,3,NULL),(4882,'兴海县',466,0,3,NULL),(4883,'同德县',466,0,3,NULL),(4884,'贵南县',466,0,3,NULL),(4885,'贵德县',466,0,3,NULL),(4886,'久治县',467,0,3,NULL),(4887,'玛多县',467,0,3,NULL),(4888,'玛沁县',467,0,3,NULL),(4889,'班玛县',467,0,3,NULL),(4890,'甘德县',467,0,3,NULL),(4891,'达日县',467,0,3,NULL),(4892,'囊谦县',468,0,3,NULL),(4893,'曲麻莱县',468,0,3,NULL),(4894,'杂多县',468,0,3,NULL),(4895,'治多县',468,0,3,NULL),(4896,'玉树县',468,0,3,NULL),(4897,'称多县',468,0,3,NULL),(4898,'乌兰县',469,0,3,NULL),(4899,'冷湖行委',469,0,3,NULL),(4900,'大柴旦行委',469,0,3,NULL),(4901,'天峻县',469,0,3,NULL),(4902,'德令哈市',469,0,3,NULL),(4903,'格尔木市',469,0,3,NULL),(4904,'茫崖行委',469,0,3,NULL),(4905,'都兰县',469,0,3,NULL),(4906,'兴庆区',470,0,3,NULL),(4907,'永宁县',470,0,3,NULL),(4908,'灵武市',470,0,3,NULL),(4909,'西夏区',470,0,3,NULL),(4910,'贺兰县',470,0,3,NULL),(4911,'金凤区',470,0,3,NULL),(4912,'大武口区',471,0,3,NULL),(4913,'平罗县',471,0,3,NULL),(4914,'惠农区',471,0,3,NULL),(4915,'利通区',472,0,3,NULL),(4916,'同心县',472,0,3,NULL),(4917,'盐池县',472,0,3,NULL),(4918,'青铜峡市',472,0,3,NULL),(4919,'原州区',473,0,3,NULL),(4920,'彭阳县',473,0,3,NULL),(4921,'泾源县',473,0,3,NULL),(4922,'西吉县',473,0,3,NULL),(4923,'隆德县',473,0,3,NULL),(4924,'中宁县',474,0,3,NULL),(4925,'沙坡头区',474,0,3,NULL),(4926,'海原县',474,0,3,NULL),(4927,'东山区',475,0,3,NULL),(4928,'乌鲁木齐县',475,0,3,NULL),(4929,'天山区',475,0,3,NULL),(4930,'头屯河区',475,0,3,NULL),(4931,'新市区',475,0,3,NULL),(4932,'水磨沟区',475,0,3,NULL),(4933,'沙依巴克区',475,0,3,NULL),(4934,'达坂城区',475,0,3,NULL),(4935,'乌尔禾区',476,0,3,NULL),(4936,'克拉玛依区',476,0,3,NULL),(4937,'独山子区',476,0,3,NULL),(4938,'白碱滩区',476,0,3,NULL),(4939,'吐鲁番市',477,0,3,NULL),(4940,'托克逊县',477,0,3,NULL),(4941,'鄯善县',477,0,3,NULL),(4942,'伊吾县',478,0,3,NULL),(4943,'哈密市',478,0,3,NULL),(4944,'巴里坤哈萨克自治县',478,0,3,NULL),(4945,'吉木萨尔县',479,0,3,NULL),(4946,'呼图壁县',479,0,3,NULL),(4947,'奇台县',479,0,3,NULL),(4948,'昌吉市',479,0,3,NULL),(4949,'木垒哈萨克自治县',479,0,3,NULL),(4950,'玛纳斯县',479,0,3,NULL),(4951,'米泉市',479,0,3,NULL),(4952,'阜康市',479,0,3,NULL),(4953,'博乐市',480,0,3,NULL),(4954,'温泉县',480,0,3,NULL),(4955,'精河县',480,0,3,NULL),(4956,'博湖县',481,0,3,NULL),(4957,'和硕县',481,0,3,NULL),(4958,'和静县',481,0,3,NULL),(4959,'尉犁县',481,0,3,NULL),(4960,'库尔勒市',481,0,3,NULL),(4961,'焉耆回族自治县',481,0,3,NULL),(4962,'若羌县',481,0,3,NULL),(4963,'轮台县',481,0,3,NULL),(4964,'乌什县',482,0,3,NULL),(4965,'库车县',482,0,3,NULL),(4966,'拜城县',482,0,3,NULL),(4967,'新和县',482,0,3,NULL),(4968,'柯坪县',482,0,3,NULL),(4969,'沙雅县',482,0,3,NULL),(4970,'温宿县',482,0,3,NULL),(4971,'阿克苏市',482,0,3,NULL),(4972,'阿瓦提县',482,0,3,NULL),(4973,'乌恰县',483,0,3,NULL),(4974,'阿克陶县',483,0,3,NULL),(4975,'阿合奇县',483,0,3,NULL),(4976,'阿图什市',483,0,3,NULL),(4977,'伽师县',484,0,3,NULL),(4978,'叶城县',484,0,3,NULL),(4979,'喀什市',484,0,3,NULL),(4980,'塔什库尔干塔吉克自治县',484,0,3,NULL),(4981,'岳普湖县',484,0,3,NULL),(4982,'巴楚县',484,0,3,NULL),(4983,'泽普县',484,0,3,NULL),(4984,'疏勒县',484,0,3,NULL),(4985,'疏附县',484,0,3,NULL),(4986,'英吉沙县',484,0,3,NULL),(4987,'莎车县',484,0,3,NULL),(4988,'麦盖提县',484,0,3,NULL),(4989,'于田县',485,0,3,NULL),(4990,'和田县',485,0,3,NULL),(4991,'和田市',485,0,3,NULL),(4992,'墨玉县',485,0,3,NULL),(4993,'民丰县',485,0,3,NULL),(4994,'洛浦县',485,0,3,NULL),(4995,'皮山县',485,0,3,NULL),(4996,'策勒县',485,0,3,NULL),(4997,'伊宁县',486,0,3,NULL),(4998,'伊宁市',486,0,3,NULL),(4999,'奎屯市',486,0,3,NULL),(5000,'察布查尔锡伯自治县',486,0,3,NULL),(5001,'尼勒克县',486,0,3,NULL),(5002,'巩留县',486,0,3,NULL),(5003,'新源县',486,0,3,NULL),(5004,'昭苏县',486,0,3,NULL),(5005,'特克斯县',486,0,3,NULL),(5006,'霍城县',486,0,3,NULL),(5007,'乌苏市',487,0,3,NULL),(5008,'和布克赛尔蒙古自治县',487,0,3,NULL),(5009,'塔城市',487,0,3,NULL),(5010,'托里县',487,0,3,NULL),(5011,'沙湾县',487,0,3,NULL),(5012,'裕民县',487,0,3,NULL),(5013,'额敏县',487,0,3,NULL),(5014,'吉木乃县',488,0,3,NULL),(5015,'哈巴河县',488,0,3,NULL),(5016,'富蕴县',488,0,3,NULL),(5017,'布尔津县',488,0,3,NULL),(5018,'福海县',488,0,3,NULL),(5019,'阿勒泰市',488,0,3,NULL),(5020,'青河县',488,0,3,NULL),(5021,'石河子市',489,0,3,NULL),(5022,'阿拉尔市',490,0,3,NULL),(5023,'图木舒克市',491,0,3,NULL),(5024,'五家渠市',492,0,3,NULL),(45055,'海外',35,0,2,NULL);

#
# Structure for table "33hao_arrival_notice"
#

DROP TABLE IF EXISTS `33hao_arrival_notice`;
CREATE TABLE `33hao_arrival_notice` (
  `an_id` int(10) unsigned NOT NULL AUTO_INCREMENT COMMENT '通知id',
  `goods_id` int(10) unsigned NOT NULL COMMENT '商品id',
  `goods_name` varchar(50) NOT NULL COMMENT '商品名称',
  `member_id` int(10) unsigned NOT NULL COMMENT '会员id',
  `an_addtime` int(10) unsigned NOT NULL COMMENT '添加时间',
  `an_email` varchar(100) NOT NULL COMMENT '邮箱',
  `an_mobile` varchar(11) NOT NULL COMMENT '手机号',
  `an_type` tinyint(3) unsigned NOT NULL DEFAULT '1' COMMENT '状态 1到货通知，2预售',
  PRIMARY KEY (`an_id`)
) ENGINE=InnoDB DEFAULT CHARSET=utf8 COMMENT='商品到货通知表';

#
# Data for table "33hao_arrival_notice"
#


#
# Structure for table "33hao_article"
#

DROP TABLE IF EXISTS `33hao_article`;
CREATE TABLE `33hao_article` (
  `article_id` int(11) NOT NULL AUTO_INCREMENT COMMENT '索引id',
  `ac_id` mediumint(8) unsigned NOT NULL DEFAULT '0' COMMENT '分类id',
  `article_url` varchar(100) DEFAULT NULL COMMENT '跳转链接/app图片地址',
  `article_show` tinyint(1) unsigned NOT NULL DEFAULT '1' COMMENT '是否显示，0为否，1为是，默认为1',
  `article_sort` tinyint(3) unsigned NOT NULL DEFAULT '255' COMMENT '排序',
  `article_title` varchar(100) DEFAULT NULL COMMENT '标题',
  `article_content` text COMMENT '内容',
  `article_time` int(10) unsigned NOT NULL DEFAULT '0' COMMENT '发布时间',
  PRIMARY KEY (`article_id`),
  KEY `ac_id` (`ac_id`)
) ENGINE=InnoDB AUTO_INCREMENT=51 DEFAULT CHARSET=utf8 COMMENT='文章表';

#
# Data for table "33hao_article"
#

INSERT INTO `33hao_article` VALUES (6,2,'',1,255,'如何注册成为会员','如何注册成为会员',1435672310),(7,2,'',1,255,'如何搜索','如何搜索',1435672310),(8,2,'',1,255,'忘记密码','忘记密码',1435672310),(9,2,'',1,255,'我要买','我要买',1435672310),(10,2,'',1,255,'查看已购买商品','查看已购买商品',1435672310),(11,3,'',1,255,'如何管理店铺','如何管理店铺',1435672310),(12,3,'',1,255,'查看售出商品','查看售出商品',1435672310),(13,3,'',1,255,'如何发货','如何发货',1435672310),(14,3,'',1,255,'商城商品推荐','商城商品推荐',1435672310),(15,3,'',1,255,'如何申请开店','如何申请开店',1435672310),(16,4,'',1,255,'如何注册支付宝','如何注册支付宝',1435672310),(17,4,'',1,255,'在线支付','在线支付',1435672310),(18,6,'',1,255,'会员修改密码','会员修改密码',1435672310),(19,6,'',1,255,'会员修改个人资料','会员修改个人资料',1435672310),(20,6,'',1,255,'商品发布','商品发布',1435672310),(21,6,'',1,255,'修改收货地址','修改收货地址',1435672310),(22,7,'http://www.33hao.com/',1,255,'关于我们','<p>&nbsp;&nbsp;&nbsp;&nbsp;&nbsp;&nbsp; 好商城V3位于中国深圳，是专业从事生产管理信息化领域技术咨询和软件开发的高新技术企业。公司拥有多名技术人才和资深的行业解决方案专家。</p>\r\n<p>&nbsp;&nbsp;&nbsp;&nbsp;&nbsp;&nbsp; 公司拥有一支勇于开拓、具有战略眼光和敏锐市场判断力的市场营销队伍，一批求实敬业，追求卓越的行政管理人才，一个能征善战，技术优秀，经验丰富的开发团队。公司坚持按现代企业制度和市场规律办事，在扩大经营规模的同时，注重企业经济运行质量，在自主产品研发及承接软件项目方面获得了很强的竞争力。 我公司也积极参与国内传统企业的信息化改造，引进国际化产品开发的标准，规范软件开发流程，通过提升各层面的软件开发人才的技术素质，打造国产软件精品，目前已经开发出具有自主知识产权的网络商城软件，还在积极开发基于电子商务平台高效能、高效益的管理系统。为今后进一步开拓国内市场打下坚实的基础。公司致力于构造一个开放、发展的人才平台，积极营造追求卓越、积极奉献的工作氛围，把“以人为本”的理念落实到每一项具体工作中，为那些锋芒内敛，激情无限的业界精英提供充分的发展空间，优雅自信、从容自得的工作环境，事业雄心与生活情趣两相兼顾的生活方式。并通过每个员工不断提升自我，以自己的独特价值观对工作与生活作最准确的判断，使我们每一个员工彰显出他们出色的自我品位，独有的工作个性和卓越的创新风格，让他们时刻保持振奋、不断鼓舞内心深处的梦想，永远走在时代潮流前端。公司发展趋势 励精图治，展望未来。公司把发展产业策略与发掘人才策略紧密结合，广纳社会精英，挖掘创新潜能，以人为本，凝聚人气，努力营造和谐宽松的工作氛围，为优秀人才的脱颖而出提供机遇。公司将在深入发展软件产业的同时，通过不懈的努力，来塑造大型软件公司的辉煌形象。 </p>',1435672310),(23,7,'',1,255,'联系我们','<p>欢迎您对我们的站点、工作、产品和服务提出自己宝贵的意见或建议。我们将给予您及时答复。同时也欢迎您到我们公司来洽商业务。</p>\r\n<p><br />\r\n<strong>公司名称</strong>： 好商城V3 <br />\r\n<strong>通信地址</strong>： 中国深圳 <br />\r\n<strong>邮政编码</strong>： 300121 <br />\r\n<strong>电话</strong>： 400-800-8000 <br />\r\n<strong>商务洽谈</strong>： 86-0755-888888 <br />\r\n<strong>软件著作权登记号</strong>： 软著登字第888888号 <br />\r\n<strong>ICP备案号</strong>： 津ICP备888888号 </p>',1435672310),(24,7,'',1,255,'招聘英才','<dl> <h3>PHP程序员</h3>\r\n<dt>职位要求： <dd>熟悉PHP5开发语言；<br />\r\n熟悉MySQL5数据库，同时熟悉sqlserver，oracle者优先；<br />\r\n熟悉面向对象思想，MVC三层体系，至少使用过目前已知PHP框架其中一种；<br />\r\n熟悉SERVER2003/Linux操作系统，熟悉常用Linux操作命令；<br />\r\n熟悉Mysql数据库应用开发，了解Mysql的数据库配置管理、性能优化等基本操作技能；<br />\r\n熟悉jquery，smarty等常用开源软件；<br />\r\n具备良好的代码编程习惯及较强的文档编写能力；<br />\r\n具备良好的团队合作能力；<br />\r\n熟悉设计模式者优先；<br />\r\n熟悉java，c++,c#,python其中一种者优先； </dd> <dt>学历要求： <dd>大本 </dd> <dt>工作经验： <dd>一年以上 </dd> <dt>工作地点： <dd>天津 </dd></dl> <dl> <h3>网页设计（2名）</h3>\r\n<dt>岗位职责： <dd>网站UI设计、 切片以及HTML制作。 </dd> <dt>职位要求： <dd>有大型网站设计经验；有网站改版、频道建设经验者优先考虑； <br />\r\n熟练掌握photoshop,fireworks,dreamwaver等设计软件； <br />\r\n熟练运用Div+Css制作网页，符合CSS2.0-W3C标准，并掌握不同浏览器下，不同版本下CSS元素的区别；<br />\r\n熟悉网站制作流程，能运用并修改简单JavaScript类程序； <br />\r\n积极向上，有良好的人际沟通能力，良好的工作协调能力，踏实肯干的工作精神；具有良好的沟通表达能力，<br />\r\n需求判断力，团队协作能力； <br />\r\n请应聘者在简历中提供个人近期作品连接。 </dd> <dt>学历要求： <dd>专科 </dd> <dt>工作经验： <dd>一年以上 </dd> <dt>工作地点： <dd>深圳 </dd></dl> <dl> <h3>方案策划（1名）</h3>\r\n<dt>职位要求： <dd>2年以上的文案编辑类相关工作经验，具备一定的文字功底，有极强的语言表达和逻辑思维能力， 能独立完成项目方案的编写，拟草各种协议。熟悉使用办公软件。 </dd> <dt>学历要求： <dd>大专以上 </dd> <dt>工作经验： <dd>一年以上 </dd> <dt>工作地点： <dd>深圳 </dd></dl>',1435672310),(25,7,'',1,255,'合作及洽谈','<p>&nbsp;&nbsp;&nbsp;&nbsp;&nbsp; 好商城V3希望与服务代理商、合作伙伴并肩合作，携手开拓日益广阔的网络购物软件市场。如果您拥有好的建议，拥有丰富渠道资源、拥有众多目标客户、拥有相应的市场资源，并希望与好商城V3进行深度业务合作， 欢迎成为好商城V3业务合作伙伴，请联系。</p>\r\n<p>&nbsp;</p>\r\n<p><strong>公司名称</strong>： 天津市网城天创科技有限责任公司 <br />\r\n<strong>通信地址</strong>： 中国深圳 <br />\r\n<strong>邮政编码</strong>： 518000 <br />\r\n<strong>电话</strong>： 400-800-8000 <br />\r\n<strong>商务洽谈</strong>： 86-0755-3585310 <br />\r\n</p>',1435672310),(26,5,'',1,255,'联系卖家','联系卖家',1435672310),(28,4,'',1,255,'分期付款','分期付款<br />',1435672310),(29,4,'',1,255,'邮局汇款','邮局汇款<br />',1435672310),(30,4,'',1,255,'公司转账','公司转账<br />',1435672310),(31,5,'',1,255,'退换货政策','退换货政策',1435672310),(32,5,'',1,255,'退换货流程','退换货流程',1435672310),(33,5,'',1,255,'返修/退换货','返修/退换货',1435672310),(34,5,'',1,255,'退款申请','退款申请',1435672310),(35,1,'http://www.33hao.com/',1,1,'火爆销售中','火爆销售中<br />',1435672310),(36,1,'',1,255,'管理功能说明','管理功能说明',1435672310),(37,1,'',1,255,'如何扩充水印字体库','如何扩充水印字体库',1435672310),(38,1,'',1,255,'提示信息','提示信息',1435672310),(39,2,'',1,255,'积分细则','积分细则积分细则',1435672310),(40,2,'',1,255,'积分兑换说明','积分兑换说明',1435672310),(41,1,'',1,255,'功能使用说明','功能使用说明',1435672310),(42,8,NULL,3,255,'测试公告1','测试公告1\n测试公告1',1435672310),(43,8,NULL,3,255,'测试公告2','测试公告2\r\n',1435672310),(44,9,'312221_G_1436346439690.jpg',3,255,'2015-1 乙未年·羊(T)第三轮','2015年是乙未羊年，中国邮政延续经典的生肖邮票系列，于5日发行《乙未年》特种邮票1套1枚，全套邮票面值为1.20元。这是中国邮政发行的第三轮生肖邮票的收官之作。',1475028724),(45,9,'1407_G_1268905134577.jpg',3,255,'2004-1 甲申年·猴（T）第三轮生肖邮票猴赠送版','年农历甲申年，即猴年。这是第三轮生肖票的第一套。猴为常见的攀援动物，在中国传统文化中意蕴浓厚，吉祥和象征。方形的票面上，“猴三世”正笑眯眯地冲着我们乐，左手挠头，右手抱桃，憨态可掬，灵气毕现。',1475028763),(46,9,'20160928093811.png',3,255,'第二套人民币2元宝塔山','在大黑十、叁元等由苏联印制的钱币价格飙升到顶峰之后，其他第二套人民币的币种就可以趁此机会把握升值了，其中53年2元人民币是升值明显的一币种之一。其升值除了这个原因之外，还要归功于其得天独厚的历史价值。人们总是乐意去购买具有历史价值的钱币，这样就既可拥有其价格又可拥有其历史价值，可谓一举两得。\n',1475028763),(47,9,'20160928094336.png',3,255,'2012壬辰龙年生肖贺岁纪念币 龙年纪念币','十二生肖蕴含了中国人民的智慧与憧憬，饱含了对幸福生活的向往与吉祥福喜的寄托之情。生肖文化的一个积极因素是吉祥祝福。\n',1475028764),(48,9,'360x240.jpg',3,255,'邮票新闻：四轮鸡还能复制四轮猴的传奇吗？','“错过了升值几倍的猴票，还要错过鸡票吗？”丁酉年生肖鸡特种邮票 <http://news.jcang.com.cn/article_cat-132.html>刚开印，预售价满天飞，想借猴票的火势，再发一把“生肖财”。票面价19.2元的大版张鸡票，预售价达到388元，溢价20多倍。\n',1475028764),(49,9,'660_G_1355449478581.jpg',3,255,'J103M 第二十三届奥林匹克运动会小型张','小型张主题为“走向世界”。画面为艺术体操中的藤圈操。五名女运动员用藤圈组成奥运会的标志——五色环。边框图案是中国古代导引造型。\n',1475028764),(50,9,'92a58ddd90593d7ebd2e3b2c8e28f0fb.jpg',3,255,'M/S T29全国工艺美术展览小型张新二枚','详细描述：影写版,齿数：11.5*11，小型张规格：139*90mm，邮票规格:：90*40 面值:3元 工世美术—飞天（壁画） 发行量:10万枚\n',1475028764);

#
# Structure for table "33hao_article_class"
#

DROP TABLE IF EXISTS `33hao_article_class`;
CREATE TABLE `33hao_article_class` (
  `ac_id` int(10) unsigned NOT NULL AUTO_INCREMENT COMMENT '索引ID',
  `ac_code` varchar(20) DEFAULT NULL COMMENT '分类标识码',
  `ac_name` varchar(100) NOT NULL COMMENT '分类名称',
  `ac_parent_id` int(10) unsigned NOT NULL DEFAULT '0' COMMENT '父ID',
  `ac_sort` tinyint(1) unsigned NOT NULL DEFAULT '255' COMMENT '排序',
  PRIMARY KEY (`ac_id`),
  KEY `ac_parent_id` (`ac_parent_id`)
) ENGINE=InnoDB AUTO_INCREMENT=10 DEFAULT CHARSET=utf8 COMMENT='文章分类表';

#
# Data for table "33hao_article_class"
#

INSERT INTO `33hao_article_class` VALUES (1,'notice','商城公告',0,255),(2,'member','帮助中心',0,255),(3,'store','店主之家',0,255),(4,'payment','支付方式',0,255),(5,'sold','售后服务',0,255),(6,'service','客服中心',0,255),(7,'about','关于我们',0,255),(8,'ybk_notice','app公告',0,255),(9,'ybk_news','app新闻资讯',0,255);

#
# Structure for table "33hao_attribute"
#

DROP TABLE IF EXISTS `33hao_attribute`;
CREATE TABLE `33hao_attribute` (
  `attr_id` int(10) unsigned NOT NULL AUTO_INCREMENT COMMENT '属性id',
  `attr_name` varchar(100) NOT NULL COMMENT '属性名称',
  `type_id` int(10) unsigned NOT NULL COMMENT '所属类型id',
  `attr_value` text NOT NULL COMMENT '属性值列',
  `attr_show` tinyint(1) unsigned NOT NULL COMMENT '是否显示。0为不显示、1为显示',
  `attr_sort` tinyint(1) unsigned NOT NULL COMMENT '排序',
  PRIMARY KEY (`attr_id`),
  KEY `attr_id` (`attr_id`,`type_id`)
) ENGINE=InnoDB AUTO_INCREMENT=221 DEFAULT CHARSET=utf8 COMMENT='商品属性表';

#
# Data for table "33hao_attribute"
#

INSERT INTO `33hao_attribute` VALUES (206,'款式',34,'毛衣,开衫,套头衫,打底衫,长款,高领,蝙蝠衫,吊带/背心,其它',1,1),(207,'材质',34,'棉,涤纶,真丝,亚麻,丝光棉,羊毛/羊绒,腈纶/化纤,棉混纺,其它',1,2),(208,'价格',34,'0-99,100-199,200-299,300-399,400-499,500-599,600-999,1000以上',1,3),(209,'袖长',34,'长袖,短袖,七分袖,无袖,五分袖/中袖,九分袖,其它',1,4),(210,'风格',34,'欧美,日韩,OL通勤,休闲,原创设计,百搭,其它',1,5),(211,'袖长',35,'长袖,短袖,七分袖,无袖,九分袖,五分袖/中袖,其它',1,1),(212,'花型',35,'纯色,条纹,格子,千鸟格,波点,拼接,撞色,小碎花,印花/绣花,渐变,豹纹,骷髅,手绘,几何,卡通,字母,脸谱,头像,动物,植物,建筑,其它',1,2),(213,'版式',35,'修身,宽松,直筒,斗篷,其他',1,3),(214,'衣长',35,'短款(35-50CM),常规款(51-65CM),中长款(66-80CM),长款(衣长大于80CM)',1,4),(215,'领型',35,'圆领,V领,立领,翻领/polo领,方领,西装领,荷叶领,娃娃领,连帽/帽领,其它领型,高领',1,5),(216,'款式',36,'套头,开衫,套装',1,1),(217,'袖长',36,'长袖,短袖,七分袖,无袖,九分袖,五分袖/中袖,其它',1,2),(218,'花型',36,'纯色,条纹,格子,千鸟格,波点,拼接,撞色,小碎花,印花/绣花,渐变,豹纹,骷髅,手绘,几何,卡通,字母,脸谱,头像,动物,植物,建筑,其它',1,3),(219,'版式',36,'修身,宽松,直筒,其他',1,4),(220,'薄厚',36,'薄款,普通,加厚,抓绒,棉内胆,毛内胆',1,5);

#
# Structure for table "33hao_attribute_value"
#

DROP TABLE IF EXISTS `33hao_attribute_value`;
CREATE TABLE `33hao_attribute_value` (
  `attr_value_id` int(10) unsigned NOT NULL AUTO_INCREMENT COMMENT '属性值id',
  `attr_value_name` varchar(100) NOT NULL COMMENT '属性值名称',
  `attr_id` int(10) unsigned NOT NULL COMMENT '所属属性id',
  `type_id` int(10) unsigned NOT NULL COMMENT '类型id',
  `attr_value_sort` tinyint(1) unsigned NOT NULL COMMENT '属性值排序',
  PRIMARY KEY (`attr_value_id`)
) ENGINE=InnoDB AUTO_INCREMENT=3181 DEFAULT CHARSET=utf8 COMMENT='商品属性值表';

#
# Data for table "33hao_attribute_value"
#

INSERT INTO `33hao_attribute_value` VALUES (3050,'毛衣',206,34,0),(3051,'开衫',206,34,0),(3052,'套头衫',206,34,0),(3053,'打底衫',206,34,0),(3054,'长款',206,34,0),(3055,'高领',206,34,0),(3056,'蝙蝠衫',206,34,0),(3057,'吊带/背心',206,34,0),(3058,'其它',206,34,0),(3059,'棉',207,34,0),(3060,'涤纶',207,34,0),(3061,'真丝',207,34,0),(3062,'亚麻',207,34,0),(3063,'丝光棉',207,34,0),(3064,'羊毛/羊绒',207,34,0),(3065,'腈纶/化纤',207,34,0),(3066,'棉混纺',207,34,0),(3067,'其它',207,34,0),(3068,'0-99',208,34,0),(3069,'100-199',208,34,0),(3070,'200-299',208,34,0),(3071,'300-399',208,34,0),(3072,'400-499',208,34,0),(3073,'500-599',208,34,0),(3074,'600-999',208,34,0),(3075,'1000以上',208,34,0),(3076,'长袖',209,34,0),(3077,'短袖',209,34,0),(3078,'七分袖',209,34,0),(3079,'无袖',209,34,0),(3080,'五分袖/中袖',209,34,0),(3081,'九分袖',209,34,0),(3082,'其它',209,34,0),(3083,'欧美',210,34,0),(3084,'日韩',210,34,0),(3085,'OL通勤',210,34,0),(3086,'休闲',210,34,0),(3087,'原创设计',210,34,0),(3088,'百搭',210,34,0),(3089,'其它',210,34,0),(3090,'长袖',211,35,0),(3091,'短袖',211,35,0),(3092,'七分袖',211,35,0),(3093,'无袖',211,35,0),(3094,'九分袖',211,35,0),(3095,'五分袖/中袖',211,35,0),(3096,'其它',211,35,0),(3097,'纯色',212,35,0),(3098,'条纹',212,35,0),(3099,'格子',212,35,0),(3100,'千鸟格',212,35,0),(3101,'波点',212,35,0),(3102,'拼接',212,35,0),(3103,'撞色',212,35,0),(3104,'小碎花',212,35,0),(3105,'印花/绣花',212,35,0),(3106,'渐变',212,35,0),(3107,'豹纹',212,35,0),(3108,'骷髅',212,35,0),(3109,'手绘',212,35,0),(3110,'几何',212,35,0),(3111,'卡通',212,35,0),(3112,'字母',212,35,0),(3113,'脸谱',212,35,0),(3114,'头像',212,35,0),(3115,'动物',212,35,0),(3116,'植物',212,35,0),(3117,'建筑',212,35,0),(3118,'其它',212,35,0),(3119,'修身',213,35,0),(3120,'宽松',213,35,0),(3121,'直筒',213,35,0),(3122,'斗篷',213,35,0),(3123,'其他',213,35,0),(3124,'短款(35-50CM)',214,35,0),(3125,'常规款(51-65CM)',214,35,0),(3126,'中长款(66-80CM)',214,35,0),(3127,'长款(衣长大于80CM)',214,35,0),(3128,'圆领',215,35,0),(3129,'V领',215,35,0),(3130,'立领',215,35,0),(3131,'翻领/polo领',215,35,0),(3132,'方领',215,35,0),(3133,'西装领',215,35,0),(3134,'荷叶领',215,35,0),(3135,'娃娃领',215,35,0),(3136,'连帽/帽领',215,35,0),(3137,'其它领型',215,35,0),(3138,'高领',215,35,0),(3139,'套头',216,36,0),(3140,'开衫',216,36,0),(3141,'套装',216,36,0),(3142,'长袖',217,36,0),(3143,'短袖',217,36,0),(3144,'七分袖',217,36,0),(3145,'无袖',217,36,0),(3146,'九分袖',217,36,0),(3147,'五分袖/中袖',217,36,0),(3148,'其它',217,36,0),(3149,'纯色',218,36,0),(3150,'条纹',218,36,0),(3151,'格子',218,36,0),(3152,'千鸟格',218,36,0),(3153,'波点',218,36,0),(3154,'拼接',218,36,0),(3155,'撞色',218,36,0),(3156,'小碎花',218,36,0),(3157,'印花/绣花',218,36,0),(3158,'渐变',218,36,0),(3159,'豹纹',218,36,0),(3160,'骷髅',218,36,0),(3161,'手绘',218,36,0),(3162,'几何',218,36,0),(3163,'卡通',218,36,0),(3164,'字母',218,36,0),(3165,'脸谱',218,36,0),(3166,'头像',218,36,0),(3167,'动物',218,36,0),(3168,'植物',218,36,0),(3169,'建筑',218,36,0),(3170,'其它',218,36,0),(3171,'修身',219,36,0),(3172,'宽松',219,36,0),(3173,'直筒',219,36,0),(3174,'其他',219,36,0),(3175,'薄款',220,36,0),(3176,'普通',220,36,0),(3177,'加厚',220,36,0),(3178,'抓绒',220,36,0),(3179,'棉内胆',220,36,0),(3180,'毛内胆',220,36,0);

#
# Structure for table "33hao_brand"
#

DROP TABLE IF EXISTS `33hao_brand`;
CREATE TABLE `33hao_brand` (
  `brand_id` mediumint(11) NOT NULL AUTO_INCREMENT COMMENT '索引ID',
  `brand_name` varchar(100) DEFAULT NULL COMMENT '品牌名称',
  `brand_initial` varchar(1) NOT NULL COMMENT '品牌首字母',
  `brand_class` varchar(50) DEFAULT NULL COMMENT '类别名称',
  `brand_pic` varchar(100) DEFAULT NULL COMMENT '图片',
  `brand_sort` tinyint(3) unsigned DEFAULT '0' COMMENT '排序',
  `brand_recommend` tinyint(1) DEFAULT '0' COMMENT '推荐，0为否，1为是，默认为0',
  `store_id` int(11) unsigned NOT NULL DEFAULT '0' COMMENT '店铺ID',
  `brand_apply` tinyint(1) NOT NULL DEFAULT '1' COMMENT '品牌申请，0为申请中，1为通过，默认为1，申请功能是会员使用，系统后台默认为1',
  `class_id` int(10) unsigned DEFAULT '0' COMMENT '所属分类id',
  `show_type` tinyint(1) NOT NULL DEFAULT '0' COMMENT '品牌展示类型 0表示图片 1表示文字 ',
  PRIMARY KEY (`brand_id`)
) ENGINE=InnoDB AUTO_INCREMENT=365 DEFAULT CHARSET=utf8 COMMENT='品牌表';

#
# Data for table "33hao_brand"
#

INSERT INTO `33hao_brand` VALUES (79,'justyle','J','服饰鞋帽','04397468710494742_sm.jpg',0,0,0,1,1,0),(80,'享爱.','H','服饰鞋帽','04397468934349942_sm.jpg',0,0,0,1,1,0),(81,'派丽蒙','P','女装','04397469152627878_sm.jpg',0,0,0,1,4,0),(82,'康妮雅','K','女装','04397471448679692_sm.jpg',0,0,0,1,4,0),(83,'秀秀美','X','女装','04397471716977022_sm.jpg',0,0,0,1,4,0),(84,'阿迪达斯','A','服饰鞋帽','04397471910652190_sm.jpg',0,1,0,1,1,0),(85,'猫人','M','内衣','04397472152849925_sm.jpg',0,0,0,1,6,0),(86,'茵曼（INMAN）','Y','T恤','04397472336312422_sm.jpg',0,0,0,1,12,0),(87,'Hanes恒适','H','服饰鞋帽','04397472577467506_sm.jpg',0,0,0,1,1,0),(88,'缪诗','M','休闲鞋','04397472716852803_sm.jpg',0,0,0,1,74,0),(89,'真维斯','Z','服饰鞋帽','04397472838086984_sm.jpg',0,1,0,1,1,0),(90,'金利来','J','西服','04397473042647991_sm.jpg',0,0,0,1,47,0),(91,'其乐','Q','休闲鞋','04397473331842699_sm.jpg',0,1,0,1,109,0),(92,'Newbalance','N','功能鞋','04397473633585549_sm.jpg',0,1,0,1,112,0),(93,'百丽','B','女鞋','04398088925179484_sm.png',0,1,0,1,8,0),(94,'七匹狼','Q','服饰鞋帽','04398089136939537_sm.jpg',0,1,0,1,1,0),(95,'李宁','L','运动','04398089270610035_sm.jpg',0,0,0,1,7,0),(96,'佐丹奴','Z','服饰鞋帽','04398089412399747_sm.jpg',0,1,0,1,1,0),(97,'百思图','B','休闲鞋','04398089574801901_sm.jpg',0,0,0,1,93,0),(98,'斯波帝卡','S','男装','04398089726299223_sm.jpg',0,0,0,1,5,0),(99,'梦特娇','M','男装','04398089942879365_sm.jpg',0,1,0,1,5,0),(100,'宝姿','B','服饰鞋帽','04398090061006740_sm.jpg',0,1,0,1,1,0),(101,'爱帝','A','服饰鞋帽','04398090218578648_sm.jpg',0,0,0,1,1,0),(102,'她他/tata','T','高跟鞋','04398090459092275_sm.jpg',0,0,0,1,91,0),(103,'ELLE HOME','E','服饰鞋帽','04398090611386532_sm.jpg',0,1,0,1,1,0),(104,'esprit','E','女装','04398090828687339_sm.jpg',0,1,0,1,4,0),(105,'westside','W','服饰鞋帽','04398090975832253_sm.jpg',0,0,0,1,1,0),(106,'RDK','P','睡衣','04398091763582415_sm.jpg',0,0,0,1,62,0),(107,'皮尔卡丹','P','风衣','04398091877500105_sm.jpg',0,0,0,1,43,0),(108,'挪巍','N','服饰鞋帽','04398091973797599_sm.jpg',0,0,0,1,1,0),(113,'波斯顿','B','个护化妆','04398099293923325_sm.jpg',0,0,0,1,470,0),(114,'薇姿','W','个护化妆','04398099463167230_sm.jpg',0,0,0,1,470,0),(115,'相宜本草','X','个护化妆','04398099611242673_sm.jpg',0,1,0,1,470,0),(116,'Dior','D','个护化妆','04398099738566948_sm.jpg',0,1,0,1,470,0),(117,'苏菲','S','个护化妆','04398099870651075_sm.jpg',0,0,0,1,470,0),(118,'faceshop','F','个护化妆','04398100051941493_sm.jpg',0,0,0,1,470,0),(119,'芙丽芳丝','F','个护化妆','04398100178308363_sm.jpg',0,0,0,1,470,0),(120,'娇爽','J','个护化妆','04398100362129645_sm.jpg',0,0,0,1,470,0),(121,'卡尼尔','K','个护化妆','04398100483927289_sm.jpg',0,0,0,1,470,0),(122,'纪梵希','J','个护化妆','04398100614445814_sm.jpg',0,1,0,1,470,0),(123,'护舒宝','H','个护化妆','04398100738554064_sm.jpg',0,0,0,1,470,0),(124,'兰蔻','L','个护化妆','04398100899214207_sm.jpg',0,1,0,1,470,0),(125,'娇兰','J','个护化妆','04398101035858820_sm.jpg',0,1,0,1,470,0),(126,'高丝洁','G','个护化妆','04398101363358081_sm.jpg',0,0,0,1,470,0),(127,'妮维雅','N','个护化妆','04398101539246004_sm.jpg',0,1,0,1,470,0),(128,'高丝','G','个护化妆','04398101708424765_sm.jpg',0,0,0,1,470,0),(129,'狮王','S','个护化妆','04398101929845854_sm.jpg',0,0,0,1,470,0),(130,'雅顿','Y','个护化妆','04398102086535787_sm.jpg',0,1,0,1,470,0),(131,'M.A.C','M','个护化妆','04398102231196519_sm.jpg',0,0,0,1,470,0),(132,'李施德林','L','个护化妆','04398102411008632_sm.jpg',0,0,0,1,470,0),(133,'雅诗兰黛','Y','个护化妆','04398102581821577_sm.jpg',0,1,0,1,470,0),(134,'MISS FACE','M','个护化妆','04398102756025036_sm.jpg',0,0,0,1,470,0),(135,'佳洁士','J','个护化妆','04398102918746492_sm.jpg',0,0,0,1,470,0),(136,'资生堂','X','个护化妆','04398103163925153_sm.jpg',0,1,0,1,470,0),(137,'倩碧','Q','个护化妆','04398103335196758_sm.jpg',0,0,0,1,470,0),(138,'benefit','B','个护化妆','04398103525876196_sm.jpg',0,0,0,1,470,0),(139,'SISLEY','S','个护化妆','04398103731155516_sm.jpg',0,0,0,1,470,0),(140,'爱丽','A','个护化妆','04398103883736888_sm.jpg',0,0,0,1,470,0),(141,'BOBBI BROWN','B','个护化妆','04398104034802420_sm.jpg',0,0,0,1,470,0),(142,'SK-ll','S','个护化妆','04398104206717960_sm.jpg',0,1,0,1,470,0),(143,'施华洛世奇','S','珠宝手表','04398116735872287_sm.jpg',0,1,0,1,530,0),(144,'万宝龙','W','珠宝手表','04398116855649611_sm.jpg',0,0,0,1,530,0),(145,'CK','C','珠宝手表','04398116986166995_sm.jpg',0,1,0,1,530,0),(146,'Disney','D','珠宝手表','04398117134560677_sm.jpg',0,1,0,1,530,0),(147,'佐卡伊','Z','珠宝手表','04398117259027285_sm.jpg',0,0,0,1,530,0),(148,'ZIPPO','Z','','04398117390207814_sm.gif',0,0,0,1,0,0),(149,'梅花','M','珠宝手表','04398117504203345_sm.jpg',0,1,0,1,530,0),(150,'高仕','G','珠宝手表','04398117735732690_sm.jpg',0,0,0,1,530,0),(151,'宝玑','B','珠宝手表','04398117910949174_sm.jpg',0,0,0,1,530,0),(152,'一生一石','Y','珠宝手表','04398118118206423_sm.jpg',0,0,0,1,530,0),(153,'IDee','I','珠宝手表','04398118344918440_sm.jpg',0,0,0,1,530,0),(154,'elle','E','珠宝手表','04398118494505137_sm.jpg',0,0,0,1,530,0),(155,'卡西欧','K','珠宝手表','04398118617326698_sm.jpg',0,1,0,1,530,0),(156,'爱卡','A','珠宝手表','04398118792328978_sm.jpg',0,0,0,1,530,0),(157,'帝舵','D','珠宝手表','04398118894311290_sm.jpg',0,1,0,1,530,0),(158,'新秀','X','珠宝手表','04398119032319322_sm.jpg',0,0,0,1,530,0),(159,'九钻','J','珠宝手表','04398119151718735_sm.jpg',0,0,0,1,530,0),(160,'卡地亚','K','珠宝手表','04398119311706852_sm.jpg',0,0,0,1,530,0),(161,'蓝色多瑙河','L','珠宝手表','04398119501897486_sm.jpg',0,0,0,1,530,0),(162,'浪琴','L','珠宝手表','04398119677440904_sm.jpg',0,0,0,1,530,0),(163,'百利恒','B','珠宝手表','04398119859319840_sm.jpg',0,0,0,1,530,0),(164,'欧米茄','O','珠宝手表','04398119996858692_sm.jpg',0,1,0,1,530,0),(165,'tissot','T','珠宝手表','04398120151178815_sm.jpg',0,1,0,1,530,0),(166,'新光饰品','X','珠宝手表','04398120247306694_sm.jpg',0,0,0,1,530,0),(167,'英雄','Y','珠宝手表','04398120419590838_sm.jpg',0,0,0,1,530,0),(168,'瑞士军刀','R','珠宝手表','04398120584040229_sm.gif',0,0,0,1,530,0),(169,'斯沃琪','S','珠宝手表','04398121090096799_sm.jpg',0,1,0,1,530,0),(170,'阿玛尼','A','珠宝手表','04398121209932680_sm.jpg',0,1,0,1,530,0),(171,'亨得利','H','珠宝手表','04398125089603514_sm.jpg',0,0,0,1,530,0),(172,'lux-women','L','珠宝手表','04398125296052150_sm.jpg',0,0,0,1,530,0),(173,'ooh Dear','O','珠宝手表','04398125473712411_sm.jpg',0,0,0,1,530,0),(174,'acer','A','数码办公','04398155389308089_sm.jpg',0,0,0,1,256,0),(175,'清华同方','Q','数码办公','04398155613517981_sm.jpg',0,0,0,1,256,0),(176,'富士通','F','数码办公','04398155751072786_sm.jpg',0,0,0,1,256,0),(177,'微软','W','数码办公','04398155862912765_sm.jpg',0,0,0,1,256,0),(178,'得力','D','数码办公','04398156045665837_sm.jpg',0,0,0,1,256,0),(179,'DELL','D','数码办公','04398156232757027_sm.jpg',0,1,0,1,256,0),(180,'ThinkPad','T','数码办公','04398156358858442_sm.jpg',0,0,0,1,256,0),(181,'联想打印机','L','数码办公','04398156503421310_sm.jpg',0,0,0,1,256,0),(182,'金士顿','J','数码办公','04398156705753579_sm.jpg',0,1,0,1,256,0),(183,'TP-LINK','T','数码办公','04398156873572761_sm.jpg',0,1,0,1,256,0),(184,'华硕','H','数码办公','04398157012150899_sm.jpg',0,0,0,1,256,0),(185,'罗技','L','数码办公','04398157235673753_sm.jpg',0,1,0,1,256,0),(186,'D-Link','D','数码办公','04398157356404105_sm.jpg',0,0,0,1,256,0),(187,'雷蛇','L','数码办公','04398157472174891_sm.jpg',0,1,0,1,256,0),(188,'IT-CEO','I','数码办公','04398157595321784_sm.jpg',0,0,0,1,256,0),(189,'hyundri','H','数码办公','04398157712394024_sm.jpg',0,0,0,1,256,0),(190,'惠普','H','数码办公','04398157881561725_sm.jpg',0,0,0,1,256,0),(191,'迈乐','M','数码办公','04398158065769057_sm.jpg',0,0,0,1,256,0),(192,'爱普生','A','数码办公','04398158266047493_sm.jpg',0,1,0,1,256,0),(193,'三木','S','数码办公','04398158379932048_sm.jpg',0,0,0,1,256,0),(194,'忆捷','Y','数码办公','04398158508475720_sm.jpg',0,0,0,1,256,0),(195,'佰科','B','数码办公','04398158666713881_sm.jpg',0,0,0,1,256,0),(196,'飞利浦','F','数码办公','04398158808225051_sm.jpg',0,1,0,1,256,0),(197,'雷柏','L','数码办公','04398158987559915_sm.jpg',0,0,0,1,256,0),(198,'双飞燕','S','数码办公','04398159147857437_sm.jpg',0,0,0,1,256,0),(199,'网件','W','数码办公','04398159314915358_sm.jpg',0,0,0,1,256,0),(200,'山泽','S','数码办公','04398159479959395_sm.jpg',0,0,0,1,256,0),(201,'松下','S','数码办公','04398159595550035_sm.jpg',0,1,0,1,256,0),(202,'TPOS','T','数码办公','04398159795526441_sm.jpg',0,0,0,1,256,0),(203,'富勒','F','数码办公','04398159927301628_sm.jpg',0,0,0,1,256,0),(204,'北通','B','数码办公','04398160061664664_sm.jpg',0,0,0,1,256,0),(205,'romoss','R','数码办公','04398160187629402_sm.jpg',0,0,0,1,256,0),(206,'索爱','S','数码办公','04398160348310562_sm.gif',0,1,0,1,256,0),(207,'台电','T','数码办公','04398160575221477_sm.jpg',0,0,0,1,256,0),(208,'三星','S','数码办公','04398160720944823_sm.jpg',0,1,0,1,256,0),(209,'理光','L','数码办公','04398160857676307_sm.gif',0,0,0,1,256,0),(210,'飞毛腿','F','数码办公','04398161023292593_sm.jpg',0,0,0,1,256,0),(211,'阿尔卡特','A','数码办公','04398161143888870_sm.jpg',0,0,0,1,256,0),(212,'诺基亚','N','数码办公','04398161259006857_sm.gif',0,0,0,1,256,0),(213,'摩托罗拉','M','数码办公','04398161410885588_sm.gif',0,0,0,1,256,0),(214,'苹果','P','数码办公','04398168923750202_sm.png',0,1,0,1,256,0),(215,'HTC','H','数码办公','04398169850955399_sm.jpg',0,0,0,1,256,0),(216,'九阳','J','家用电器','04399844516657174_sm.jpg',0,0,0,1,308,0),(217,'索尼','S','家用电器','04399833099806870_sm.gif',0,0,0,1,308,0),(218,'格力','G','家用电器','04399833262328490_sm.jpg',0,0,0,1,308,0),(219,'夏普','H','家用电器','04399833425234004_sm.jpg',0,0,0,1,308,0),(220,'美的','M','家用电器','04399833601121412_sm.jpg',0,0,0,1,308,0),(221,'博朗','B','家用电器','04399833768343488_sm.gif',0,0,0,1,308,0),(222,'TCL','T','家用电器','04399833953558287_sm.jpg',0,0,0,1,308,0),(223,'欧姆龙','O','家用电器','04399834117653152_sm.gif',0,0,0,1,308,0),(224,'苏泊尔','S','家用电器','04399834427362760_sm.jpg',0,0,0,1,308,0),(225,'伊莱克斯','Y','家用电器','04399834676870929_sm.gif',0,0,0,1,308,0),(226,'艾力斯特','A','家用电器','04399835435836906_sm.jpg',0,0,0,1,308,0),(227,'西门子','X','家用电器','04399835594337307_sm.gif',0,0,0,1,308,0),(228,'三菱电机','S','家用电器','04399835807315767_sm.gif',0,0,0,1,308,0),(229,'奔腾','S','家用电器','04399836030618924_sm.jpg',0,0,0,1,308,0),(230,'三洋','S','家用电器','04399836185660687_sm.gif',0,0,0,1,308,0),(231,'大金','D','家用电器','04399836403301996_sm.jpg',0,0,0,1,308,0),(232,'三星电器','S','家用电器','04399836619819860_sm.jpg',0,0,0,1,308,0),(233,'海尔','H','家用电器','04399837024444210_sm.jpg',0,0,0,1,308,0),(234,'格兰仕','G','家用电器','04399837873721609_sm.jpg',0,0,0,1,308,0),(235,'海信','H','家用电器','04399838032416433_sm.jpg',0,0,0,1,308,0),(236,'博世','B','家用电器','04399838243363042_sm.jpg',0,0,0,1,308,0),(237,'老板','L','家用电器','04399838473427197_sm.jpg',0,0,0,1,308,0),(238,'奥克斯','A','家用电器','04399838633002147_sm.jpg',0,0,0,1,308,0),(239,'LG','L','家用电器','04399838782976323_sm.jpg',0,0,0,1,308,0),(240,'创维','C','家用电器','04399839110204841_sm.jpg',0,0,0,1,308,0),(241,'松下电器','S','家用电器','04399839604098052_sm.gif',0,0,0,1,308,0),(242,'中国联通','Z','虚拟充值','04399847297781057_sm.jpg',0,0,0,1,1037,0),(243,'中国电信','Z','虚拟充值','04399847472066981_sm.jpg',0,0,0,1,1037,0),(244,'中国移动','Z','虚拟充值','04399847612667714_sm.jpg',0,0,0,1,1037,0),(245,'一品玉','Y','食品饮料','04399854316938195_sm.jpg',0,0,0,1,593,0),(246,'金奥力','J','食品饮料','04399854503149255_sm.jpg',0,0,0,1,593,0),(247,'北大荒','B','食品饮料','04399854638913791_sm.jpg',0,0,0,1,593,0),(248,'健安喜','J','食品饮料','04399854806939714_sm.jpg',0,0,0,1,593,0),(249,'屯河','T','食品饮料','04399854945115195_sm.jpg',0,0,0,1,593,0),(250,'养生堂','Y','食品饮料','04399855140966866_sm.jpg',0,0,0,1,593,0),(251,'同庆和堂','T','食品饮料','04399855332734276_sm.jpg',0,0,0,1,593,0),(252,'黄飞红','H','食品饮料','04399855513686549_sm.jpg',0,0,0,1,593,0),(253,'乐力','L','食品饮料','04399855699218750_sm.jpg',0,0,0,1,593,0),(254,'汤臣倍健','T','食品饮料','04399855941379731_sm.jpg',0,0,0,1,593,0),(255,'康比特','K','食品饮料','04399856135110739_sm.jpg',0,0,0,1,593,0),(256,'喜瑞','X','食品饮料','04399856323294870_sm.jpg',0,0,0,1,593,0),(257,'同仁堂','T','食品饮料','04399856454919811_sm.jpg',0,0,0,1,593,0),(258,'白兰氏','B','食品饮料','04399856638765013_sm.jpg',0,0,0,1,593,0),(259,'Lumi','L','食品饮料','04399856804968818_sm.jpg',0,0,0,1,593,0),(260,'新西兰十一坊','X','食品饮料','04399856948519746_sm.jpg',0,0,0,1,593,0),(261,'自然之宝','Z','食品饮料','04399857092677752_sm.jpg',0,0,0,1,593,0),(262,'善存','S','食品饮料','04399857246559825_sm.jpg',0,0,0,1,593,0),(263,'长城葡萄酒','C','食品饮料','04399857399887704_sm.jpg',0,0,0,1,593,0),(264,'凯镛','K','食品饮料','04399857579422195_sm.jpg',0,0,0,1,593,0),(267,'惠氏','H','母婴用品','04399878077210018_sm.jpg',0,0,0,1,959,0),(268,'lala布书','L','母婴用品','04399878481448839_sm.jpg',0,0,0,1,959,0),(269,'美赞臣','M','母婴用品','04399878617014779_sm.jpg',0,0,0,1,959,0),(270,'好奇','H','母婴用品','04399878791943342_sm.jpg',0,0,0,1,959,0),(271,'多美','D','母婴用品','04399878980307860_sm.jpg',0,0,0,1,959,0),(272,'嘉宝','J','母婴用品','04399879383821119_sm.jpg',0,0,0,1,959,0),(273,'孩之宝','H','母婴用品','04399879573077116_sm.jpg',0,0,0,1,959,0),(274,'嗳呵','A','母婴用品','04399879712252398_sm.jpg',0,0,0,1,959,0),(275,'美斯特伦','M','母婴用品','04399879861821747_sm.jpg',0,0,0,1,959,0),(276,'乐高','L','母婴用品','04399880083330972_sm.jpg',0,0,0,1,959,0),(277,'芭比','B','母婴用品','04399880244694286_sm.jpg',0,0,0,1,959,0),(278,'NUK','N','母婴用品','04399880420786755_sm.jpg',0,0,0,1,959,0),(279,'魔法玉米','M','母婴用品','04399880604749242_sm.jpg',0,0,0,1,959,0),(280,'宝贝第一','B','母婴用品','04399880757446523_sm.jpg',0,0,0,1,959,0),(281,'强生','Q','母婴用品','04399880892528550_sm.jpg',0,0,0,1,959,0),(282,'澳优','A','母婴用品','04399881087936122_sm.jpg',0,0,0,1,959,0),(283,'木马智慧','M','母婴用品','04399881246572965_sm.jpg',0,0,0,1,959,0),(284,'百立乐','B','母婴用品','04399881709264364_sm.jpg',0,0,0,1,959,0),(285,'雀巢','Q','母婴用品','04399881950170970_sm.jpg',0,0,0,1,959,0),(286,'帮宝适','B','母婴用品','04399882134949479_sm.jpg',0,0,0,1,959,0),(287,'万代','W','母婴用品','04399882291234767_sm.jpg',0,0,0,1,959,0),(288,'亲贝','Q','母婴用品','04399882442124015_sm.jpg',0,0,0,1,959,0),(289,'十月天使','S','母婴用品','04399882581513663_sm.jpg',0,0,0,1,959,0),(290,'多美滋','D','母婴用品','04399882826616164_sm.jpg',0,0,0,1,959,0),(291,'星辉','X','母婴用品','04399882966084988_sm.jpg',0,0,0,1,959,0),(292,'布朗博士','B','母婴用品','04399883157641690_sm.jpg',0,0,0,1,959,0),(293,'新安怡','X','母婴用品','04399883297614786_sm.jpg',0,0,0,1,959,0),(294,'费雪','F','母婴用品','04399883534332035_sm.jpg',0,0,0,1,959,0),(295,'Hipp','H','母婴用品','04399883690219411_sm.jpg',0,0,0,1,959,0),(296,'新大王','X','母婴用品','04399883855598553_sm.jpg',0,0,0,1,959,0),(297,'雅培','Y','母婴用品','04399884035362889_sm.jpg',0,0,0,1,959,0),(298,'亨氏','H','母婴用品','04399884182772511_sm.jpg',0,0,0,1,959,0),(299,'十月妈咪','S','母婴用品','04399884360526483_sm.jpg',0,0,0,1,959,0),(300,'好孩子','H','母婴用品','04399884512865285_sm.jpg',0,0,0,1,959,0),(301,'婴姿坊','Y','母婴用品','04399884644632532_sm.jpg',0,0,0,1,959,0),(302,'妈咪宝贝','M','母婴用品','04399884799920935_sm.jpg',0,0,0,1,959,0),(303,'直觉','Z','运动健康','04399889262024650_sm.jpg',0,0,0,1,662,0),(304,'世达球','S','运动健康','04399889410183423_sm.jpg',0,0,0,1,662,0),(305,'悠度','Y','运动健康','04399889744222357_sm.jpg',0,0,0,1,662,0),(306,'威尔胜','W','运动健康','04399889941968796_sm.jpg',0,0,0,1,662,0),(307,'远洋瑜伽','Y','运动健康','04399890266352034_sm.jpg',0,0,0,1,662,0),(308,'信乐','X','运动健康','04399890429362085_sm.jpg',0,0,0,1,662,0),(309,'诺可文','N','运动健康','04399890643925803_sm.jpg',0,0,0,1,662,0),(310,'艾威','A','运动健康','04399890796771131_sm.jpg',0,0,0,1,662,0),(311,'LELO','L','运动健康','04399890952734102_sm.jpg',0,0,0,1,662,0),(312,'乔山','Q','运动健康','04399891122713199_sm.jpg',0,0,0,1,662,0),(313,'皮克朋','P','运动健康','04399891285897466_sm.jpg',0,0,0,1,662,0),(314,'捷安特','J','运动健康','04399891438458842_sm.jpg',0,0,0,1,662,0),(315,'开普特','K','运动健康','04399891598799644_sm.jpg',0,0,0,1,662,0),(316,'火枫','H','运动健康','04399891771381530_sm.jpg',0,0,0,1,662,0),(317,'INDEED','I','运动健康','04399891911058029_sm.jpg',0,0,0,1,662,0),(318,'欧亚马','O','运动健康','04399892067310657_sm.jpg',0,0,0,1,662,0),(319,'李斯特','L','运动健康','04399892199751417_sm.jpg',0,0,0,1,662,0),(320,'乐美福','L','运动健康','04399892359082323_sm.jpg',0,0,0,1,662,0),(321,'以比赞','Y','运动健康','04399892526357198_sm.jpg',0,0,0,1,662,0),(322,'皮尔瑜伽','P','运动健康','04399893307910546_sm.jpg',0,0,0,1,662,0),(323,'以诗萜','Y','运动健康','04399893452531024_sm.jpg',0,0,0,1,662,0),(324,'斯伯丁','S','运动健康','04399893596931049_sm.jpg',0,0,0,1,662,0),(326,'玛克','M','','04399902137097199_sm.jpg',0,0,0,1,0,0),(327,'美好家','M','','04399902244747580_sm.jpg',0,0,0,1,0,0),(328,'溢彩年华','Y','','04399902391635130_sm.jpg',0,0,0,1,0,0),(329,'欧司朗','O','','04399902537418591_sm.jpg',0,0,0,1,0,0),(330,'世家洁具','S','','04399902668760247_sm.jpg',0,0,0,1,0,0),(331,'天堂伞','T','','04399902780394855_sm.jpg',0,0,0,1,0,0),(332,'慧乐家','H','','04399902896835151_sm.jpg',0,0,0,1,0,0),(333,'希格','X','','04399903024936544_sm.jpg',0,0,0,1,0,0),(334,'生活诚品','S','','04399903153847612_sm.jpg',0,0,0,1,0,0),(335,'爱仕达','A','','04399903259361371_sm.jpg',0,0,0,1,0,0),(336,'罗莱','L','','04399903404912119_sm.jpg',0,0,0,1,0,0),(337,'索客','S','','04399903541756673_sm.jpg',0,0,0,1,0,0),(338,'好事达','H','','04399903715622158_sm.jpg',0,0,0,1,0,0),(339,'安睡宝','A','','04399903832203331_sm.jpg',0,0,0,1,0,0),(340,'博洋家纺','B','','04399903956723469_sm.jpg',0,0,0,1,0,0),(341,'空间大师','K','','04399904058344749_sm.jpg',0,0,0,1,0,0),(342,'富安娜','F','','04399904168163421_sm.jpg',0,0,0,1,0,0),(343,'三光云彩','S','','04399904279499345_sm.jpg',0,0,0,1,0,0),(344,'乔曼帝','Q','','04399904423386126_sm.jpg',0,0,0,1,0,0),(345,'乐扣乐扣','L','','04399904614221217_sm.jpg',0,0,0,1,0,0),(348,'奥唯嘉（Ovega）','A','文胸','04431812331259168_sm.jpg',0,0,0,1,58,0),(351,'曼妮芬（ManniForm）','M','内衣','04431810033957836_sm.jpg',0,0,0,1,6,0),(352,'婷美（TINGMEI）','T','内衣','04431809546541815_sm.png',0,0,0,1,6,0),(353,'古今','G','内衣','04431807497959652_sm.jpg',0,0,0,1,6,0),(358,'金史密斯（KINGSMITH）','J','健身器械','04420592440315393_small.gif',0,1,4,1,691,0),(359,'周大福','Z','纯金K金饰品','04420650490304114_sm.jpg',0,0,0,1,532,0),(360,'周生生','Z','纯金K金饰品','04420650201635924_sm.jpg',0,0,0,1,532,0),(364,'BH (必艾奇)','B','运动器械','04420633630909218_small.jpg',0,1,4,1,665,0);

#
# Structure for table "33hao_cart"
#

DROP TABLE IF EXISTS `33hao_cart`;
CREATE TABLE `33hao_cart` (
  `cart_id` int(11) NOT NULL AUTO_INCREMENT COMMENT '购物车id',
  `buyer_id` int(11) unsigned NOT NULL DEFAULT '0' COMMENT '买家id',
  `store_id` int(11) unsigned NOT NULL DEFAULT '0' COMMENT '店铺id',
  `store_name` varchar(50) NOT NULL DEFAULT '' COMMENT '店铺名称',
  `goods_id` int(11) unsigned NOT NULL DEFAULT '0' COMMENT '商品id',
  `goods_name` varchar(100) NOT NULL COMMENT '商品名称',
  `goods_price` decimal(10,2) NOT NULL DEFAULT '0.00' COMMENT '商品价格',
  `goods_num` smallint(5) unsigned NOT NULL DEFAULT '1' COMMENT '购买商品数量',
  `goods_image` varchar(100) NOT NULL COMMENT '商品图片',
  `bl_id` mediumint(8) unsigned NOT NULL DEFAULT '0' COMMENT '组合套装ID',
  PRIMARY KEY (`cart_id`),
  KEY `member_id` (`buyer_id`)
) ENGINE=InnoDB AUTO_INCREMENT=4 DEFAULT CHARSET=utf8 COMMENT='购物车数据表';

#
# Data for table "33hao_cart"
#

INSERT INTO `33hao_cart` VALUES (1,1,0,'上品,先款后货,北京',1,'',0.00,100,'',0),(2,1,0,'中品,先款后货,北京',2,'',0.00,100,'',0),(3,2,0,'上品,先款后货,北京',1,'',0.00,1000,'',0);

#
# Structure for table "33hao_chat_log"
#

DROP TABLE IF EXISTS `33hao_chat_log`;
CREATE TABLE `33hao_chat_log` (
  `m_id` int(10) unsigned NOT NULL AUTO_INCREMENT COMMENT '记录ID',
  `f_id` int(10) unsigned NOT NULL COMMENT '会员ID',
  `f_name` varchar(50) NOT NULL COMMENT '会员名',
  `f_ip` varchar(15) NOT NULL COMMENT '发自IP',
  `t_id` int(10) unsigned NOT NULL COMMENT '接收会员ID',
  `t_name` varchar(50) NOT NULL COMMENT '接收会员名',
  `t_msg` varchar(300) DEFAULT NULL COMMENT '消息内容',
  `add_time` int(10) unsigned DEFAULT '0' COMMENT '添加时间',
  PRIMARY KEY (`m_id`)
) ENGINE=InnoDB DEFAULT CHARSET=utf8 COMMENT='消息记录表';

#
# Data for table "33hao_chat_log"
#


#
# Structure for table "33hao_chat_msg"
#

DROP TABLE IF EXISTS `33hao_chat_msg`;
CREATE TABLE `33hao_chat_msg` (
  `m_id` int(10) unsigned NOT NULL AUTO_INCREMENT COMMENT '记录ID',
  `f_id` int(10) unsigned NOT NULL COMMENT '会员ID',
  `f_name` varchar(50) NOT NULL COMMENT '会员名',
  `f_ip` varchar(15) NOT NULL COMMENT '发自IP',
  `t_id` int(10) unsigned NOT NULL COMMENT '接收会员ID',
  `t_name` varchar(50) NOT NULL COMMENT '接收会员名',
  `t_msg` varchar(300) DEFAULT NULL COMMENT '消息内容',
  `r_state` tinyint(1) unsigned DEFAULT '2' COMMENT '状态:1为已读,2为未读,默认为2',
  `add_time` int(10) unsigned DEFAULT '0' COMMENT '添加时间',
  PRIMARY KEY (`m_id`)
) ENGINE=InnoDB DEFAULT CHARSET=utf8 COMMENT='消息表';

#
# Data for table "33hao_chat_msg"
#


#
# Structure for table "33hao_circle"
#

DROP TABLE IF EXISTS `33hao_circle`;
CREATE TABLE `33hao_circle` (
  `circle_id` int(11) unsigned NOT NULL AUTO_INCREMENT COMMENT '圈子id',
  `circle_name` varchar(12) NOT NULL COMMENT '圈子名称',
  `circle_desc` varchar(255) DEFAULT NULL COMMENT '圈子描述',
  `circle_masterid` int(11) unsigned NOT NULL COMMENT '圈主id',
  `circle_mastername` varchar(50) NOT NULL COMMENT '圈主名称',
  `circle_img` varchar(50) DEFAULT NULL COMMENT '圈子图片',
  `class_id` int(11) unsigned NOT NULL COMMENT '圈子分类',
  `circle_mcount` int(11) unsigned NOT NULL DEFAULT '0' COMMENT '圈子成员数',
  `circle_thcount` int(11) unsigned NOT NULL DEFAULT '0' COMMENT '圈子主题数',
  `circle_gcount` int(11) unsigned NOT NULL DEFAULT '0' COMMENT '圈子商品数',
  `circle_pursuereason` varchar(255) DEFAULT NULL COMMENT '圈子申请理由',
  `circle_notice` varchar(255) DEFAULT NULL COMMENT '圈子公告',
  `circle_status` tinyint(3) unsigned NOT NULL COMMENT '圈子状态，0关闭，1开启，2审核中，3审核失败',
  `circle_statusinfo` varchar(255) DEFAULT NULL COMMENT '关闭或审核失败原因',
  `circle_joinaudit` tinyint(3) unsigned NOT NULL COMMENT '加入圈子时候需要审核，0不需要，1需要',
  `circle_addtime` varchar(10) NOT NULL COMMENT '圈子创建时间',
  `circle_noticetime` varchar(10) DEFAULT NULL COMMENT '圈子公告更新时间',
  `is_recommend` tinyint(3) unsigned NOT NULL COMMENT '是否推荐 0未推荐，1已推荐',
  `is_hot` tinyint(4) NOT NULL DEFAULT '0' COMMENT '是否为热门圈子 1是 0否',
  `circle_tag` varchar(60) DEFAULT NULL COMMENT '圈子标签',
  `new_verifycount` int(5) unsigned NOT NULL DEFAULT '0' COMMENT '等待审核成员数',
  `new_informcount` int(5) unsigned NOT NULL DEFAULT '0' COMMENT '等待处理举报数',
  `mapply_open` tinyint(4) NOT NULL DEFAULT '0' COMMENT '申请管理是否开启 0关闭，1开启',
  `mapply_ml` tinyint(4) NOT NULL DEFAULT '0' COMMENT '成员级别',
  `new_mapplycount` int(5) unsigned NOT NULL DEFAULT '0' COMMENT '管理申请数量',
  PRIMARY KEY (`circle_id`)
) ENGINE=InnoDB DEFAULT CHARSET=utf8 COMMENT='圈子表';

#
# Data for table "33hao_circle"
#


#
# Structure for table "33hao_circle_affix"
#

DROP TABLE IF EXISTS `33hao_circle_affix`;
CREATE TABLE `33hao_circle_affix` (
  `affix_id` int(11) unsigned NOT NULL AUTO_INCREMENT COMMENT '附件id',
  `affix_filename` varchar(100) NOT NULL COMMENT '文件名称',
  `affix_filethumb` varchar(100) NOT NULL COMMENT '缩略图名称',
  `affix_filesize` int(10) unsigned NOT NULL COMMENT '文件大小，单位字节',
  `affix_addtime` varchar(10) NOT NULL COMMENT '上传时间',
  `affix_type` tinyint(3) unsigned NOT NULL COMMENT '文件类型 0无 1主题 2评论',
  `member_id` int(11) unsigned NOT NULL COMMENT '会员id',
  `theme_id` int(11) unsigned NOT NULL COMMENT '主题id',
  `reply_id` int(11) unsigned NOT NULL DEFAULT '0' COMMENT '评论id',
  `circle_id` int(11) unsigned NOT NULL COMMENT '圈子id',
  PRIMARY KEY (`affix_id`)
) ENGINE=InnoDB DEFAULT CHARSET=utf8 COMMENT='附件表';

#
# Data for table "33hao_circle_affix"
#


#
# Structure for table "33hao_circle_class"
#

DROP TABLE IF EXISTS `33hao_circle_class`;
CREATE TABLE `33hao_circle_class` (
  `class_id` int(11) unsigned NOT NULL AUTO_INCREMENT COMMENT '圈子分类id',
  `class_name` varchar(50) NOT NULL COMMENT '圈子分类名称',
  `class_addtime` varchar(10) NOT NULL COMMENT '圈子分类创建时间',
  `class_sort` tinyint(3) unsigned NOT NULL COMMENT '圈子分类排序',
  `class_status` tinyint(3) unsigned NOT NULL COMMENT '圈子分类状态 0不显示，1显示',
  `is_recommend` tinyint(3) unsigned NOT NULL COMMENT '是否推荐 0未推荐，1已推荐',
  PRIMARY KEY (`class_id`)
) ENGINE=InnoDB DEFAULT CHARSET=utf8 COMMENT='圈子分类表';

#
# Data for table "33hao_circle_class"
#


#
# Structure for table "33hao_circle_explog"
#

DROP TABLE IF EXISTS `33hao_circle_explog`;
CREATE TABLE `33hao_circle_explog` (
  `el_id` int(11) unsigned NOT NULL AUTO_INCREMENT COMMENT '经验日志id',
  `circle_id` int(11) unsigned NOT NULL COMMENT '圈子id',
  `member_id` int(11) unsigned NOT NULL COMMENT '成员id',
  `member_name` varchar(50) NOT NULL COMMENT '成员名称',
  `el_exp` int(10) NOT NULL COMMENT '获得经验',
  `el_time` varchar(10) NOT NULL COMMENT '获得时间',
  `el_type` tinyint(3) unsigned NOT NULL COMMENT '类型 1管理员操作 2发表话题 3发表回复 4话题被回复 5话题被删除 6回复被删除',
  `el_itemid` varchar(100) NOT NULL COMMENT '信息id',
  `el_desc` varchar(255) NOT NULL COMMENT '描述',
  PRIMARY KEY (`el_id`)
) ENGINE=InnoDB DEFAULT CHARSET=utf8 COMMENT='经验日志表';

#
# Data for table "33hao_circle_explog"
#


#
# Structure for table "33hao_circle_expmember"
#

DROP TABLE IF EXISTS `33hao_circle_expmember`;
CREATE TABLE `33hao_circle_expmember` (
  `member_id` int(11) NOT NULL COMMENT '成员id',
  `circle_id` int(11) unsigned NOT NULL COMMENT '圈子id',
  `em_exp` int(10) NOT NULL COMMENT '获得经验',
  `em_time` varchar(10) NOT NULL COMMENT '获得时间',
  PRIMARY KEY (`member_id`,`circle_id`)
) ENGINE=InnoDB DEFAULT CHARSET=utf8 COMMENT='成员每天获得经验表';

#
# Data for table "33hao_circle_expmember"
#


#
# Structure for table "33hao_circle_exptheme"
#

DROP TABLE IF EXISTS `33hao_circle_exptheme`;
CREATE TABLE `33hao_circle_exptheme` (
  `theme_id` int(11) unsigned NOT NULL COMMENT '主题id',
  `et_exp` int(10) NOT NULL COMMENT '获得经验',
  `et_time` varchar(10) NOT NULL COMMENT '获得时间',
  PRIMARY KEY (`theme_id`)
) ENGINE=InnoDB DEFAULT CHARSET=utf8 COMMENT='主题每天获得经验表';

#
# Data for table "33hao_circle_exptheme"
#


#
# Structure for table "33hao_circle_fs"
#

DROP TABLE IF EXISTS `33hao_circle_fs`;
CREATE TABLE `33hao_circle_fs` (
  `circle_id` int(11) unsigned NOT NULL COMMENT '圈子id',
  `friendship_id` int(11) unsigned NOT NULL COMMENT '友情圈子id',
  `friendship_name` varchar(11) NOT NULL COMMENT '友情圈子名称',
  `friendship_sort` tinyint(4) unsigned NOT NULL COMMENT '友情圈子排序',
  `friendship_status` tinyint(4) NOT NULL DEFAULT '1' COMMENT '友情圈子名称 1显示 0隐藏',
  PRIMARY KEY (`circle_id`,`friendship_id`)
) ENGINE=InnoDB DEFAULT CHARSET=utf8 COMMENT='友情圈子表';

#
# Data for table "33hao_circle_fs"
#


#
# Structure for table "33hao_circle_inform"
#

DROP TABLE IF EXISTS `33hao_circle_inform`;
CREATE TABLE `33hao_circle_inform` (
  `inform_id` int(11) unsigned NOT NULL AUTO_INCREMENT COMMENT '举报id',
  `circle_id` int(11) unsigned NOT NULL COMMENT '圈子id',
  `circle_name` varchar(12) NOT NULL COMMENT '圈子名称',
  `theme_id` int(11) unsigned NOT NULL COMMENT '话题id',
  `theme_name` varchar(50) NOT NULL COMMENT '主题名称',
  `reply_id` int(11) unsigned NOT NULL COMMENT '回复id',
  `member_id` int(11) unsigned NOT NULL COMMENT '会员id',
  `member_name` varchar(50) NOT NULL COMMENT '会员名称',
  `inform_content` varchar(255) NOT NULL COMMENT '举报内容',
  `inform_time` varchar(10) NOT NULL COMMENT '举报时间',
  `inform_type` tinyint(4) NOT NULL COMMENT '类型 0话题、1回复',
  `inform_state` tinyint(4) NOT NULL COMMENT '状态 0未处理、1已处理',
  `inform_opid` int(11) unsigned NOT NULL DEFAULT '0' COMMENT '操作人id',
  `inform_opname` varchar(50) NOT NULL DEFAULT '' COMMENT '操作人名称',
  `inform_opexp` tinyint(4) NOT NULL COMMENT '操作经验',
  `inform_opresult` varchar(255) NOT NULL DEFAULT '' COMMENT '处理结果',
  PRIMARY KEY (`inform_id`),
  KEY `circle_id` (`circle_id`,`theme_id`,`reply_id`)
) ENGINE=InnoDB DEFAULT CHARSET=utf8 COMMENT='圈子举报表';

#
# Data for table "33hao_circle_inform"
#


#
# Structure for table "33hao_circle_like"
#

DROP TABLE IF EXISTS `33hao_circle_like`;
CREATE TABLE `33hao_circle_like` (
  `theme_id` int(11) unsigned NOT NULL COMMENT '主题id',
  `member_id` int(11) unsigned NOT NULL COMMENT '会员id',
  `circle_id` int(11) unsigned NOT NULL COMMENT '圈子id'
) ENGINE=InnoDB DEFAULT CHARSET=utf8 COMMENT='主题赞表';

#
# Data for table "33hao_circle_like"
#


#
# Structure for table "33hao_circle_mapply"
#

DROP TABLE IF EXISTS `33hao_circle_mapply`;
CREATE TABLE `33hao_circle_mapply` (
  `mapply_id` int(11) unsigned NOT NULL AUTO_INCREMENT COMMENT '申请id',
  `circle_id` int(11) unsigned NOT NULL COMMENT '圈子id',
  `member_id` int(11) unsigned NOT NULL COMMENT '成员id',
  `mapply_reason` varchar(255) NOT NULL COMMENT '申请理由',
  `mapply_time` varchar(10) NOT NULL COMMENT '申请时间',
  PRIMARY KEY (`mapply_id`)
) ENGINE=InnoDB DEFAULT CHARSET=utf8 COMMENT='申请管理表';

#
# Data for table "33hao_circle_mapply"
#


#
# Structure for table "33hao_circle_member"
#

DROP TABLE IF EXISTS `33hao_circle_member`;
CREATE TABLE `33hao_circle_member` (
  `member_id` int(11) unsigned NOT NULL COMMENT '会员id',
  `circle_id` int(11) unsigned NOT NULL COMMENT '圈子id',
  `circle_name` varchar(12) NOT NULL COMMENT '圈子名称',
  `member_name` varchar(50) NOT NULL COMMENT '会员名称',
  `cm_applycontent` varchar(255) DEFAULT '' COMMENT '申请内容',
  `cm_applytime` varchar(10) NOT NULL COMMENT '申请时间',
  `cm_state` tinyint(3) unsigned NOT NULL DEFAULT '0' COMMENT '状态 0申请中 1通过 2未通过',
  `cm_intro` varchar(255) DEFAULT '' COMMENT '自我介绍',
  `cm_jointime` varchar(10) NOT NULL COMMENT '加入时间',
  `cm_level` int(11) NOT NULL DEFAULT '1' COMMENT '成员级别',
  `cm_levelname` varchar(10) NOT NULL DEFAULT '初级粉丝' COMMENT '成员头衔',
  `cm_exp` int(10) unsigned NOT NULL DEFAULT '1' COMMENT '会员经验',
  `cm_nextexp` int(10) NOT NULL DEFAULT '5' COMMENT '下一级所需经验',
  `is_identity` tinyint(3) unsigned NOT NULL COMMENT '1圈主 2管理 3成员',
  `is_allowspeak` tinyint(3) unsigned NOT NULL DEFAULT '1' COMMENT '是否允许发言 1允许 0禁止',
  `is_star` tinyint(4) NOT NULL DEFAULT '0' COMMENT '明星成员 1是 0否',
  `cm_thcount` int(11) unsigned NOT NULL DEFAULT '0' COMMENT '主题数',
  `cm_comcount` int(11) unsigned NOT NULL DEFAULT '0' COMMENT '回复数',
  `cm_lastspeaktime` varchar(10) DEFAULT '' COMMENT '最后发言时间',
  `is_recommend` tinyint(4) NOT NULL DEFAULT '0' COMMENT '是否推荐 1是 0否',
  PRIMARY KEY (`member_id`,`circle_id`)
) ENGINE=InnoDB DEFAULT CHARSET=utf8 COMMENT='圈子会员表';

#
# Data for table "33hao_circle_member"
#


#
# Structure for table "33hao_circle_ml"
#

DROP TABLE IF EXISTS `33hao_circle_ml`;
CREATE TABLE `33hao_circle_ml` (
  `circle_id` int(11) unsigned NOT NULL AUTO_INCREMENT COMMENT '圈子id',
  `mlref_id` int(10) DEFAULT NULL COMMENT '参考头衔id 0为默认 null为自定义',
  `ml_1` varchar(10) NOT NULL COMMENT '1级头衔名称',
  `ml_2` varchar(10) NOT NULL COMMENT '2级头衔名称',
  `ml_3` varchar(10) NOT NULL COMMENT '3级头衔名称',
  `ml_4` varchar(10) NOT NULL COMMENT '4级头衔名称',
  `ml_5` varchar(10) NOT NULL COMMENT '5级头衔名称',
  `ml_6` varchar(10) NOT NULL COMMENT '6级头衔名称',
  `ml_7` varchar(10) NOT NULL COMMENT '7级头衔名称',
  `ml_8` varchar(10) NOT NULL COMMENT '8级头衔名称',
  `ml_9` varchar(10) NOT NULL COMMENT '9级头衔名称',
  `ml_10` varchar(10) NOT NULL COMMENT '10级头衔名称',
  `ml_11` varchar(10) NOT NULL COMMENT '11级头衔名称',
  `ml_12` varchar(10) NOT NULL COMMENT '12级头衔名称',
  `ml_13` varchar(10) NOT NULL COMMENT '13级头衔名称',
  `ml_14` varchar(10) NOT NULL COMMENT '14级头衔名称',
  `ml_15` varchar(10) NOT NULL COMMENT '15级头衔名称',
  `ml_16` varchar(10) NOT NULL COMMENT '16级头衔名称',
  PRIMARY KEY (`circle_id`)
) ENGINE=InnoDB DEFAULT CHARSET=utf8 COMMENT='会员头衔表';

#
# Data for table "33hao_circle_ml"
#


#
# Structure for table "33hao_circle_mldefault"
#

DROP TABLE IF EXISTS `33hao_circle_mldefault`;
CREATE TABLE `33hao_circle_mldefault` (
  `mld_id` int(11) NOT NULL AUTO_INCREMENT COMMENT '头衔等级',
  `mld_name` varchar(10) NOT NULL COMMENT '头衔名称',
  `mld_exp` int(10) NOT NULL COMMENT '所需经验值',
  PRIMARY KEY (`mld_id`)
) ENGINE=InnoDB AUTO_INCREMENT=17 DEFAULT CHARSET=utf8 COMMENT='成员头衔默认设置表';

#
# Data for table "33hao_circle_mldefault"
#

INSERT INTO `33hao_circle_mldefault` VALUES (1,'初级粉丝',1),(2,'中级粉丝',5),(3,'高级粉丝',15),(4,'正式会员',30),(5,'正式会员',50),(6,'核心会员',100),(7,'核心会员',200),(8,'铁杆会员',500),(9,'铁杆会员',1000),(10,'知名人士',2000),(11,'知名人士',3000),(12,'人气楷模',6000),(13,'人气楷模',10000),(14,'意见领袖',18000),(15,'资深元老',30000),(16,'荣耀元老',60000);

#
# Structure for table "33hao_circle_mlref"
#

DROP TABLE IF EXISTS `33hao_circle_mlref`;
CREATE TABLE `33hao_circle_mlref` (
  `mlref_id` int(10) NOT NULL AUTO_INCREMENT COMMENT '参考头衔id',
  `mlref_name` varchar(10) NOT NULL COMMENT '参考头衔名称',
  `mlref_addtime` varchar(10) NOT NULL COMMENT '创建时间',
  `mlref_status` tinyint(3) unsigned NOT NULL COMMENT '状态',
  `mlref_1` varchar(10) NOT NULL COMMENT '1级头衔名称',
  `mlref_2` varchar(10) NOT NULL COMMENT '2级头衔名称',
  `mlref_3` varchar(10) NOT NULL COMMENT '3级头衔名称',
  `mlref_4` varchar(10) NOT NULL COMMENT '4级头衔名称',
  `mlref_5` varchar(10) NOT NULL COMMENT '5级头衔名称',
  `mlref_6` varchar(10) NOT NULL COMMENT '6级头衔名称',
  `mlref_7` varchar(10) NOT NULL COMMENT '7级头衔名称',
  `mlref_8` varchar(10) NOT NULL COMMENT '8级头衔名称',
  `mlref_9` varchar(10) NOT NULL COMMENT '9级头衔名称',
  `mlref_10` varchar(10) NOT NULL COMMENT '10级头衔名称',
  `mlref_11` varchar(10) NOT NULL COMMENT '11级头衔名称',
  `mlref_12` varchar(10) NOT NULL COMMENT '12级头衔名称',
  `mlref_13` varchar(10) NOT NULL COMMENT '13级头衔名称',
  `mlref_14` varchar(10) NOT NULL COMMENT '14级头衔名称',
  `mlref_15` varchar(10) NOT NULL COMMENT '15级头衔名称',
  `mlref_16` varchar(10) NOT NULL COMMENT '16级头衔名称',
  PRIMARY KEY (`mlref_id`)
) ENGINE=InnoDB AUTO_INCREMENT=7 DEFAULT CHARSET=utf8 COMMENT='会员参考头衔表';

#
# Data for table "33hao_circle_mlref"
#

INSERT INTO `33hao_circle_mlref` VALUES (1,'校园系列','1371784037',1,'托儿所','幼儿园','学前班','一年级','二年级','三年级','四年级','五年级','六年级','初一','初二','初三','高一','高二','高三','大学'),(2,'名气系列','1371797598',1,'默默无闻','崭露头角','锋芒毕露','小有名气','小有美名','颇具名气','颇具盛名','富有名气','富有美誉','远近闻名','崭露头角','声名远扬','赫赫有名','大名鼎鼎','如雷贯耳','名扬四海'),(3,'内涵系列','1371884423',1,'1L喂熊','抢个沙发','自带板凳','路人甲君','打酱油的','华丽飘过','前来围观','我勒个去','亮了瞎了','兰州烧饼','鸭梨山大','笑而不语','内牛满面','虎躯一震','霸气外露','此贴必火'),(4,'军衔系列','1371884788',1,'下士','中士','上士','少尉','中尉','上尉','大尉','少校','中校','上校','大校','少将','中将','上将','大将','元帅'),(5,'书生系列','1371884953',1,'白丁','童生','秀才','举人','举人','贡士','进士','进士','进士','探花','探花','榜眼','榜眼','状元','状元','圣贤'),(6,'武侠系列','1371885047',1,'初涉江湖','无名之辈','仗剑天涯','人海孤鸿','四方游侠','江湖少侠','后起之秀','武林新贵','武林高手','英雄豪杰','人中龙凤','自成一派','名震江湖','武林盟主','一代宗师','笑傲江湖');

#
# Structure for table "33hao_circle_recycle"
#

DROP TABLE IF EXISTS `33hao_circle_recycle`;
CREATE TABLE `33hao_circle_recycle` (
  `recycle_id` int(11) unsigned NOT NULL AUTO_INCREMENT COMMENT '回收站id',
  `member_id` int(11) NOT NULL COMMENT '会员id',
  `member_name` varchar(50) NOT NULL COMMENT '会员名称',
  `circle_id` int(11) unsigned NOT NULL COMMENT '圈子id',
  `circle_name` varchar(12) NOT NULL COMMENT '圈子名称',
  `theme_name` varchar(50) NOT NULL COMMENT '主题名称',
  `recycle_content` text NOT NULL COMMENT '内容',
  `recycle_opid` int(11) unsigned NOT NULL COMMENT '操作人id',
  `recycle_opname` varchar(50) NOT NULL COMMENT '操作人名称',
  `recycle_type` tinyint(3) unsigned NOT NULL COMMENT '类型 1话题，2回复',
  `recycle_time` varchar(10) NOT NULL COMMENT '操作时间',
  PRIMARY KEY (`recycle_id`)
) ENGINE=InnoDB DEFAULT CHARSET=utf8 COMMENT='圈子回收站表';

#
# Data for table "33hao_circle_recycle"
#


#
# Structure for table "33hao_circle_thclass"
#

DROP TABLE IF EXISTS `33hao_circle_thclass`;
CREATE TABLE `33hao_circle_thclass` (
  `thclass_id` int(11) NOT NULL AUTO_INCREMENT COMMENT '主题分类id',
  `thclass_name` varchar(20) NOT NULL COMMENT '主题名称',
  `thclass_status` tinyint(3) unsigned NOT NULL DEFAULT '1' COMMENT '主题状态 1开启，0关闭',
  `is_moderator` tinyint(3) unsigned NOT NULL DEFAULT '0' COMMENT '管理专属 1是，0否',
  `thclass_sort` tinyint(3) unsigned NOT NULL COMMENT '分类排序',
  `circle_id` int(11) unsigned NOT NULL COMMENT '所属圈子id',
  PRIMARY KEY (`thclass_id`)
) ENGINE=InnoDB DEFAULT CHARSET=utf8 COMMENT='圈子主题分类表';

#
# Data for table "33hao_circle_thclass"
#


#
# Structure for table "33hao_circle_theme"
#

DROP TABLE IF EXISTS `33hao_circle_theme`;
CREATE TABLE `33hao_circle_theme` (
  `theme_id` int(11) unsigned NOT NULL AUTO_INCREMENT COMMENT '主题id',
  `theme_name` varchar(50) NOT NULL COMMENT '主题名称',
  `theme_content` text NOT NULL COMMENT '主题内容',
  `circle_id` int(11) unsigned NOT NULL COMMENT '圈子id',
  `circle_name` varchar(12) NOT NULL COMMENT '圈子名称',
  `thclass_id` int(11) unsigned NOT NULL DEFAULT '0' COMMENT '主题分类id',
  `thclass_name` varchar(20) NOT NULL COMMENT '主题分类名称',
  `member_id` int(11) unsigned NOT NULL COMMENT '会员id',
  `member_name` varchar(50) NOT NULL COMMENT '会员名称',
  `is_identity` tinyint(3) unsigned NOT NULL COMMENT '1圈主 2管理 3成员',
  `theme_addtime` varchar(10) NOT NULL COMMENT '主题发表时间',
  `theme_editname` varchar(50) DEFAULT NULL COMMENT '编辑人名称',
  `theme_edittime` varchar(10) DEFAULT NULL COMMENT '主题编辑时间',
  `theme_likecount` int(11) unsigned NOT NULL DEFAULT '0' COMMENT '喜欢数量',
  `theme_commentcount` int(11) unsigned NOT NULL DEFAULT '0' COMMENT '评论数量',
  `theme_browsecount` int(11) unsigned NOT NULL DEFAULT '0' COMMENT '浏览数量',
  `theme_sharecount` int(11) unsigned NOT NULL DEFAULT '0' COMMENT '分享数量',
  `is_stick` tinyint(3) unsigned NOT NULL DEFAULT '0' COMMENT '是否置顶 1是  0否',
  `is_digest` tinyint(3) unsigned NOT NULL DEFAULT '0' COMMENT '是否加精 1是 0否',
  `lastspeak_id` int(11) unsigned DEFAULT NULL COMMENT '最后发言人id',
  `lastspeak_name` varchar(50) DEFAULT NULL COMMENT '最后发言人名称',
  `lastspeak_time` varchar(10) DEFAULT NULL COMMENT '最后发言时间',
  `has_goods` tinyint(3) unsigned NOT NULL DEFAULT '0' COMMENT '商品标记 1是 0否',
  `has_affix` tinyint(3) unsigned NOT NULL DEFAULT '0' COMMENT '附件标记 1是 0 否',
  `is_closed` tinyint(4) NOT NULL DEFAULT '0' COMMENT '屏蔽 1是 0否',
  `is_recommend` tinyint(4) NOT NULL DEFAULT '0' COMMENT '是否推荐 1是 0否',
  `is_shut` tinyint(4) NOT NULL DEFAULT '0' COMMENT '主题是否关闭 1是 0否',
  `theme_exp` int(11) unsigned NOT NULL DEFAULT '0' COMMENT '获得经验',
  `theme_readperm` tinyint(3) unsigned NOT NULL DEFAULT '0' COMMENT '阅读权限',
  `theme_special` tinyint(3) unsigned NOT NULL DEFAULT '0' COMMENT '特殊话题 0普通 1投票',
  PRIMARY KEY (`theme_id`)
) ENGINE=InnoDB DEFAULT CHARSET=utf8 COMMENT='圈子主题表';

#
# Data for table "33hao_circle_theme"
#


#
# Structure for table "33hao_circle_thg"
#

DROP TABLE IF EXISTS `33hao_circle_thg`;
CREATE TABLE `33hao_circle_thg` (
  `themegoods_id` int(11) NOT NULL AUTO_INCREMENT COMMENT '主题商品id',
  `theme_id` int(11) NOT NULL COMMENT '主题id',
  `reply_id` int(11) unsigned NOT NULL DEFAULT '0' COMMENT '回复id',
  `circle_id` int(11) unsigned NOT NULL COMMENT '圈子id',
  `goods_id` int(11) NOT NULL COMMENT '商品id',
  `goods_name` varchar(100) NOT NULL COMMENT '商品名称',
  `goods_price` decimal(10,2) NOT NULL COMMENT '商品价格',
  `goods_image` varchar(1000) NOT NULL COMMENT '商品图片',
  `store_id` int(11) NOT NULL COMMENT '店铺id',
  `thg_type` tinyint(4) NOT NULL DEFAULT '0' COMMENT '商品类型 0为本商城、1为淘宝 默认为0',
  `thg_url` varchar(1000) DEFAULT NULL COMMENT '商品链接',
  PRIMARY KEY (`themegoods_id`)
) ENGINE=InnoDB DEFAULT CHARSET=utf8 COMMENT='主题商品表';

#
# Data for table "33hao_circle_thg"
#


#
# Structure for table "33hao_circle_thpoll"
#

DROP TABLE IF EXISTS `33hao_circle_thpoll`;
CREATE TABLE `33hao_circle_thpoll` (
  `theme_id` int(11) unsigned NOT NULL COMMENT '话题id',
  `poll_multiple` tinyint(3) unsigned NOT NULL COMMENT '单/多选 0单选、1多选',
  `poll_startime` varchar(10) NOT NULL COMMENT '开始时间',
  `poll_endtime` varchar(10) NOT NULL COMMENT '结束时间',
  `poll_days` tinyint(3) unsigned NOT NULL COMMENT '投票天数',
  `poll_voters` mediumint(8) unsigned NOT NULL DEFAULT '0' COMMENT '投票参与人数',
  PRIMARY KEY (`theme_id`)
) ENGINE=InnoDB DEFAULT CHARSET=utf8 COMMENT='投票表';

#
# Data for table "33hao_circle_thpoll"
#


#
# Structure for table "33hao_circle_thpolloption"
#

DROP TABLE IF EXISTS `33hao_circle_thpolloption`;
CREATE TABLE `33hao_circle_thpolloption` (
  `pollop_id` int(11) unsigned NOT NULL AUTO_INCREMENT COMMENT '投票选项id',
  `theme_id` int(11) unsigned NOT NULL COMMENT '话题id',
  `pollop_option` varchar(80) NOT NULL COMMENT '投票选项',
  `pollop_votes` mediumint(8) unsigned NOT NULL DEFAULT '0' COMMENT '得票数',
  `pollop_sort` tinyint(3) unsigned NOT NULL DEFAULT '0' COMMENT '排序',
  `pollop_votername` mediumtext COMMENT '投票者名称',
  PRIMARY KEY (`pollop_id`)
) ENGINE=InnoDB DEFAULT CHARSET=utf8 COMMENT='投票选项表';

#
# Data for table "33hao_circle_thpolloption"
#


#
# Structure for table "33hao_circle_thpollvoter"
#

DROP TABLE IF EXISTS `33hao_circle_thpollvoter`;
CREATE TABLE `33hao_circle_thpollvoter` (
  `theme_id` int(11) unsigned NOT NULL COMMENT '话题id',
  `member_id` int(11) unsigned NOT NULL COMMENT '成员id',
  `member_name` varchar(50) NOT NULL COMMENT '成员名称',
  `pollvo_options` mediumtext NOT NULL COMMENT '投票选项',
  `pollvo_time` varchar(10) NOT NULL COMMENT '投票选项',
  KEY `theme_id` (`theme_id`,`member_id`)
) ENGINE=InnoDB DEFAULT CHARSET=utf8 COMMENT='成员投票信息表';

#
# Data for table "33hao_circle_thpollvoter"
#


#
# Structure for table "33hao_circle_threply"
#

DROP TABLE IF EXISTS `33hao_circle_threply`;
CREATE TABLE `33hao_circle_threply` (
  `theme_id` int(11) unsigned NOT NULL COMMENT '主题id',
  `reply_id` int(11) unsigned NOT NULL AUTO_INCREMENT COMMENT '评论id',
  `circle_id` int(11) unsigned NOT NULL COMMENT '圈子id',
  `member_id` int(11) unsigned NOT NULL COMMENT '会员id',
  `member_name` varchar(50) NOT NULL COMMENT '会员名称',
  `reply_content` text NOT NULL COMMENT '评论内容',
  `reply_addtime` varchar(10) NOT NULL COMMENT '发表时间',
  `reply_replyid` int(11) unsigned DEFAULT NULL COMMENT '回复楼层id',
  `reply_replyname` varchar(50) DEFAULT NULL COMMENT '回复楼层会员名称',
  `is_closed` tinyint(4) NOT NULL DEFAULT '0' COMMENT '屏蔽 1是 0否',
  `reply_exp` int(11) unsigned NOT NULL DEFAULT '0' COMMENT '获得经验',
  PRIMARY KEY (`theme_id`,`reply_id`)
) ENGINE=MyISAM DEFAULT CHARSET=utf8 COMMENT='主题评论表';

#
# Data for table "33hao_circle_threply"
#

/*!40000 ALTER TABLE `33hao_circle_threply` DISABLE KEYS */;
/*!40000 ALTER TABLE `33hao_circle_threply` ENABLE KEYS */;

#
# Structure for table "33hao_cms_article"
#

DROP TABLE IF EXISTS `33hao_cms_article`;
CREATE TABLE `33hao_cms_article` (
  `article_id` int(10) unsigned NOT NULL AUTO_INCREMENT COMMENT '文章编号',
  `article_title` varchar(50) NOT NULL COMMENT '文章标题',
  `article_class_id` int(10) unsigned NOT NULL DEFAULT '0' COMMENT '文章分类编号',
  `article_origin` varchar(50) DEFAULT NULL COMMENT '文章来源',
  `article_origin_address` varchar(255) DEFAULT NULL COMMENT '文章来源链接',
  `article_author` varchar(50) NOT NULL COMMENT '文章作者',
  `article_abstract` varchar(140) DEFAULT NULL COMMENT '文章摘要',
  `article_content` text COMMENT '文章正文',
  `article_image` varchar(255) DEFAULT NULL COMMENT '文章图片',
  `article_keyword` varchar(255) DEFAULT NULL COMMENT '文章关键字',
  `article_link` varchar(255) DEFAULT NULL COMMENT '相关文章',
  `article_goods` text COMMENT '相关商品',
  `article_start_time` int(10) unsigned NOT NULL DEFAULT '0' COMMENT '文章有效期开始时间',
  `article_end_time` int(10) unsigned NOT NULL DEFAULT '0' COMMENT '文章有效期结束时间',
  `article_publish_time` int(10) unsigned NOT NULL DEFAULT '0' COMMENT '文章发布时间',
  `article_click` int(10) unsigned NOT NULL DEFAULT '0' COMMENT '文章点击量',
  `article_sort` tinyint(1) unsigned NOT NULL DEFAULT '0' COMMENT '文章排序0-255',
  `article_commend_flag` tinyint(1) unsigned NOT NULL DEFAULT '0' COMMENT '文章推荐标志0-未推荐，1-已推荐',
  `article_comment_flag` tinyint(1) unsigned NOT NULL DEFAULT '1' COMMENT '文章是否允许评论1-允许，0-不允许',
  `article_verify_admin` varchar(50) DEFAULT NULL COMMENT '文章审核管理员',
  `article_verify_time` int(10) unsigned NOT NULL DEFAULT '0' COMMENT '文章审核时间',
  `article_state` tinyint(1) unsigned NOT NULL DEFAULT '1' COMMENT '1-草稿、2-待审核、3-已发布、4-回收站',
  `article_publisher_name` varchar(50) NOT NULL COMMENT '发布者用户名 ',
  `article_publisher_id` int(10) unsigned NOT NULL COMMENT '发布者编号',
  `article_type` tinyint(1) unsigned NOT NULL COMMENT '文章类型1-管理员发布，2-用户投稿',
  `article_attachment_path` varchar(50) NOT NULL COMMENT '文章附件路径',
  `article_image_all` text COMMENT '文章全部图片',
  `article_modify_time` int(10) unsigned NOT NULL DEFAULT '0' COMMENT '文章修改时间',
  `article_tag` varchar(255) DEFAULT NULL COMMENT '文章标签',
  `article_comment_count` int(10) unsigned NOT NULL COMMENT '文章评论数',
  `article_attitude_1` int(10) unsigned NOT NULL DEFAULT '0' COMMENT '文章心情1',
  `article_attitude_2` int(10) unsigned NOT NULL DEFAULT '0' COMMENT '文章心情2',
  `article_attitude_3` int(10) unsigned NOT NULL DEFAULT '0' COMMENT '文章心情3',
  `article_attitude_4` int(10) unsigned NOT NULL DEFAULT '0' COMMENT '文章心情4',
  `article_attitude_5` int(10) unsigned NOT NULL DEFAULT '0' COMMENT '文章心情5',
  `article_attitude_6` int(10) unsigned NOT NULL DEFAULT '0' COMMENT '文章心情6',
  `article_title_short` varchar(50) NOT NULL DEFAULT '' COMMENT '文章短标题',
  `article_attitude_flag` tinyint(1) unsigned NOT NULL DEFAULT '1' COMMENT '文章态度开关1-允许，0-不允许',
  `article_commend_image_flag` tinyint(1) unsigned NOT NULL DEFAULT '0' COMMENT '文章推荐标志(图文)',
  `article_share_count` int(10) unsigned NOT NULL DEFAULT '0' COMMENT '文章分享数',
  `article_verify_reason` varchar(255) DEFAULT NULL COMMENT '审核失败原因',
  PRIMARY KEY (`article_id`)
) ENGINE=InnoDB DEFAULT CHARSET=utf8 COMMENT='CMS文章表';

#
# Data for table "33hao_cms_article"
#


#
# Structure for table "33hao_cms_article_attitude"
#

DROP TABLE IF EXISTS `33hao_cms_article_attitude`;
CREATE TABLE `33hao_cms_article_attitude` (
  `attitude_id` int(10) unsigned NOT NULL AUTO_INCREMENT COMMENT '心情编号',
  `attitude_article_id` int(10) unsigned NOT NULL COMMENT '文章编号',
  `attitude_member_id` int(10) unsigned NOT NULL COMMENT '用户编号',
  `attitude_time` int(10) unsigned NOT NULL COMMENT '发布心情时间',
  PRIMARY KEY (`attitude_id`)
) ENGINE=InnoDB DEFAULT CHARSET=utf8 COMMENT='CMS文章心情表';

#
# Data for table "33hao_cms_article_attitude"
#


#
# Structure for table "33hao_cms_article_class"
#

DROP TABLE IF EXISTS `33hao_cms_article_class`;
CREATE TABLE `33hao_cms_article_class` (
  `class_id` int(10) unsigned NOT NULL AUTO_INCREMENT COMMENT '分类编号 ',
  `class_name` varchar(50) NOT NULL COMMENT '分类名称',
  `class_sort` tinyint(1) unsigned NOT NULL DEFAULT '255' COMMENT '排序',
  PRIMARY KEY (`class_id`)
) ENGINE=InnoDB DEFAULT CHARSET=utf8 COMMENT='cms文章分类表';

#
# Data for table "33hao_cms_article_class"
#


#
# Structure for table "33hao_cms_comment"
#

DROP TABLE IF EXISTS `33hao_cms_comment`;
CREATE TABLE `33hao_cms_comment` (
  `comment_id` int(10) unsigned NOT NULL AUTO_INCREMENT COMMENT '评论编号',
  `comment_type` tinyint(1) NOT NULL COMMENT '评论类型编号',
  `comment_object_id` int(10) unsigned NOT NULL COMMENT '推荐商品编号',
  `comment_message` varchar(2000) NOT NULL COMMENT '评论内容',
  `comment_member_id` int(10) unsigned NOT NULL COMMENT '评论人编号',
  `comment_time` int(10) unsigned NOT NULL COMMENT '评论时间',
  `comment_quote` varchar(255) DEFAULT NULL COMMENT '评论引用',
  `comment_up` int(10) unsigned NOT NULL COMMENT '顶数量',
  PRIMARY KEY (`comment_id`)
) ENGINE=InnoDB DEFAULT CHARSET=utf8 COMMENT='CMS评论表';

#
# Data for table "33hao_cms_comment"
#


#
# Structure for table "33hao_cms_comment_up"
#

DROP TABLE IF EXISTS `33hao_cms_comment_up`;
CREATE TABLE `33hao_cms_comment_up` (
  `up_id` int(10) unsigned NOT NULL AUTO_INCREMENT COMMENT '顶编号',
  `comment_id` int(10) unsigned NOT NULL COMMENT '评论编号',
  `up_member_id` int(10) unsigned NOT NULL COMMENT '用户编号',
  `up_time` int(10) unsigned NOT NULL COMMENT '评论时间',
  PRIMARY KEY (`up_id`)
) ENGINE=InnoDB DEFAULT CHARSET=utf8 COMMENT='CMS评论顶表';

#
# Data for table "33hao_cms_comment_up"
#


#
# Structure for table "33hao_cms_index_module"
#

DROP TABLE IF EXISTS `33hao_cms_index_module`;
CREATE TABLE `33hao_cms_index_module` (
  `module_id` int(10) unsigned NOT NULL AUTO_INCREMENT COMMENT '模块编号',
  `module_title` varchar(50) DEFAULT '' COMMENT '模块标题',
  `module_name` varchar(50) NOT NULL COMMENT '模板名称',
  `module_type` varchar(50) DEFAULT '' COMMENT '模块类型，index-固定内容、article1-文章模块1、article2-文章模块2、micro-微商城、adv-通栏广告',
  `module_sort` tinyint(1) unsigned DEFAULT '255' COMMENT '排序',
  `module_state` tinyint(1) unsigned DEFAULT '1' COMMENT '状态1-显示、0-不显示',
  `module_content` text COMMENT '模块内容',
  `module_style` varchar(50) NOT NULL DEFAULT 'style1' COMMENT '模块主题',
  `module_view` tinyint(3) unsigned NOT NULL DEFAULT '1' COMMENT '后台列表显示样式 1-展开 2-折叠',
  PRIMARY KEY (`module_id`)
) ENGINE=InnoDB DEFAULT CHARSET=utf8 COMMENT='CMS首页模块表';

#
# Data for table "33hao_cms_index_module"
#


#
# Structure for table "33hao_cms_module"
#

DROP TABLE IF EXISTS `33hao_cms_module`;
CREATE TABLE `33hao_cms_module` (
  `module_id` int(10) unsigned NOT NULL AUTO_INCREMENT COMMENT '模板模块编号',
  `module_title` varchar(50) NOT NULL DEFAULT '' COMMENT '模板模块标题',
  `module_name` varchar(50) NOT NULL DEFAULT '' COMMENT '模板名称',
  `module_type` varchar(50) NOT NULL DEFAULT '' COMMENT '模板模块类型，index-固定内容、article1-文章模块1、article2-文章模块2、micro-微商城、adv-通栏广告',
  `module_class` tinyint(3) unsigned NOT NULL DEFAULT '1' COMMENT '模板模块种类1-系统自带 2-用户自定义',
  PRIMARY KEY (`module_id`)
) ENGINE=InnoDB AUTO_INCREMENT=6 DEFAULT CHARSET=utf8 COMMENT='CMS模板模块表';

#
# Data for table "33hao_cms_module"
#

INSERT INTO `33hao_cms_module` VALUES (1,'综合模块','index','index',1),(2,'微商城模块','micro','micro',1),(3,'文章模块1','article1','article1',1),(4,'文章模块2','article2','article2',1),(5,'通栏广告模块','adv','adv',1);

#
# Structure for table "33hao_cms_module_assembly"
#

DROP TABLE IF EXISTS `33hao_cms_module_assembly`;
CREATE TABLE `33hao_cms_module_assembly` (
  `assembly_id` int(10) unsigned NOT NULL AUTO_INCREMENT COMMENT '组件编号',
  `assembly_title` varchar(50) NOT NULL COMMENT '组件标题',
  `assembly_name` varchar(50) NOT NULL COMMENT '组件名称',
  `assembly_explain` varchar(255) NOT NULL COMMENT '组件说明',
  PRIMARY KEY (`assembly_id`)
) ENGINE=InnoDB AUTO_INCREMENT=10 DEFAULT CHARSET=utf8 COMMENT='cms模块组件表';

#
# Data for table "33hao_cms_module_assembly"
#

INSERT INTO `33hao_cms_module_assembly` VALUES (1,'文章','article','文章组件'),(2,'图片','picture','图片组件'),(3,'商品','goods','商品组件'),(4,'品牌','brand','品牌组件'),(5,'图文','article_image','图文'),(6,'店铺','store','店铺'),(7,'会员','member','会员'),(8,'FLASH','flash','FLASH'),(9,'自定义','html','自定义');

#
# Structure for table "33hao_cms_module_frame"
#

DROP TABLE IF EXISTS `33hao_cms_module_frame`;
CREATE TABLE `33hao_cms_module_frame` (
  `frame_id` int(10) unsigned NOT NULL AUTO_INCREMENT COMMENT '框架编号',
  `frame_title` varchar(50) NOT NULL COMMENT '框架标题',
  `frame_name` varchar(50) NOT NULL COMMENT '框架名称',
  `frame_explain` varchar(255) NOT NULL COMMENT '框架说明',
  `frame_structure` varchar(255) NOT NULL COMMENT '框架结构',
  PRIMARY KEY (`frame_id`)
) ENGINE=InnoDB AUTO_INCREMENT=9 DEFAULT CHARSET=utf8 COMMENT='cms模块框架表';

#
# Data for table "33hao_cms_module_frame"
#

INSERT INTO `33hao_cms_module_frame` VALUES (1,'右边栏三列结构','2_2_1','右边栏三列结构','{\"block1\":{\"type\":\"block\",\"name\":\"w2\"},\"block2\":{\"type\":\"block\",\"name\":\"w2\"},\"block3\":{\"type\":\"block\",\"name\":\"w1\"}}'),(2,'左边栏三列结构','1_2_2','左边栏三列结构','{\"block1\":{\"type\":\"block\",\"name\":\"w1\"},\"block2\":{\"type\":\"block\",\"name\":\"w2\"},\"block3\":{\"type\":\"block\",\"name\":\"w2\"}}'),(3,'左右宽边栏结构','2_1_2','左右宽边栏结构','{\"block1\":{\"type\":\"block\",\"name\":\"w2\"},\"block2\":{\"type\":\"block\",\"name\":\"w1\"},\"block3\":{\"type\":\"block\",\"name\":\"w2\"}}'),(4,'左边栏两列结构','1_4','左边栏两列结构','{\"block1\":{\"type\":\"block\",\"name\":\"w1\"},\"block2\":{\"type\":\"block\",\"name\":\"w4\"}} '),(5,'右边栏两列结构','4_1','右边栏两列结构','{\"block1\":{\"type\":\"block\",\"name\":\"w4\"},\"block2\":{\"type\":\"block\",\"name\":\"w1\"}} '),(6,'右边栏混合结构','2x2_2_1','右边栏混合结构','{\"block1\":{\"type\":\"content\",\"name\":\"w2\",\"child\":{\"block2\":{\"type\":\"block\",\"name\":\"w22\"},\"block3\":{\"type\":\"block\",\"name\":\"w22\"}}},\"block4\":{\"type\":\"block\",\"name\":\"w2\"},\"block5\":{\"type\":\"block\",\"name\":\"w1\"}} '),(7,'左边栏混合结构','1_2_2x2','左边栏混合结构','{\"block1\":{\"type\":\"block\",\"name\":\"w1\"},\"block2\":{\"type\":\"block\",\"name\":\"w2\"},\"block3\":{\"type\":\"content\",\"name\":\"w2\",\"child\":{\"block4\":{\"type\":\"block\",\"name\":\"w22\"},\"block5\":{\"type\":\"block\",\"name\":\"w22\"}}}}'),(8,'一体化结构','1','一体化结构','{\"block1\":{\"type\":\"block\",\"name\":\"w5\"}}');

#
# Structure for table "33hao_cms_navigation"
#

DROP TABLE IF EXISTS `33hao_cms_navigation`;
CREATE TABLE `33hao_cms_navigation` (
  `navigation_id` int(10) unsigned NOT NULL AUTO_INCREMENT COMMENT '导航编号',
  `navigation_title` varchar(50) NOT NULL COMMENT '导航标题',
  `navigation_link` varchar(255) NOT NULL COMMENT '导航链接',
  `navigation_sort` tinyint(1) unsigned NOT NULL DEFAULT '255' COMMENT '排序',
  `navigation_open_type` tinyint(1) unsigned NOT NULL DEFAULT '1' COMMENT '导航打开方式1-本页打开，2-新页打开',
  PRIMARY KEY (`navigation_id`)
) ENGINE=InnoDB AUTO_INCREMENT=5 DEFAULT CHARSET=utf8 COMMENT='CMS导航表';

#
# Data for table "33hao_cms_navigation"
#

INSERT INTO `33hao_cms_navigation` VALUES (1,'商城','http://www.shop.com/',255,1),(2,'圈子','http://www.shop.com/circle',255,1),(3,'微商城','http://www.shop.com/microshop',255,1),(4,'品牌','http://www.shop.com/index.php?act=brand',255,1);

#
# Structure for table "33hao_cms_picture"
#

DROP TABLE IF EXISTS `33hao_cms_picture`;
CREATE TABLE `33hao_cms_picture` (
  `picture_id` int(10) unsigned NOT NULL AUTO_INCREMENT COMMENT '画报编号',
  `picture_title` varchar(50) NOT NULL COMMENT '画报标题',
  `picture_class_id` int(10) unsigned NOT NULL DEFAULT '0' COMMENT '画报分类编号',
  `picture_author` varchar(50) NOT NULL COMMENT '画报作者',
  `picture_abstract` varchar(140) DEFAULT NULL COMMENT '画报摘要',
  `picture_image` varchar(255) DEFAULT NULL COMMENT '画报图片',
  `picture_keyword` varchar(255) DEFAULT NULL COMMENT '画报关键字',
  `picture_publish_time` int(10) unsigned NOT NULL DEFAULT '0' COMMENT '画报发布时间',
  `picture_click` int(10) unsigned NOT NULL DEFAULT '0' COMMENT '画报点击量',
  `picture_sort` tinyint(1) unsigned NOT NULL DEFAULT '0' COMMENT '画报排序0-255',
  `picture_commend_flag` tinyint(1) unsigned NOT NULL DEFAULT '1' COMMENT '画报推荐标志1-未推荐，2-已推荐',
  `picture_comment_flag` tinyint(1) unsigned NOT NULL DEFAULT '1' COMMENT '画报是否允许评论1-允许，2-不允许',
  `picture_verify_admin` varchar(50) DEFAULT NULL COMMENT '画报审核管理员',
  `picture_verify_time` int(10) unsigned NOT NULL DEFAULT '0' COMMENT '画报审核时间',
  `picture_state` tinyint(1) unsigned NOT NULL DEFAULT '1' COMMENT '1-草稿、2-待审核、3-已发布、4-回收站、5-已关闭',
  `picture_publisher_name` varchar(50) NOT NULL COMMENT '发布人用户名',
  `picture_publisher_id` int(10) unsigned NOT NULL COMMENT '发布人编号',
  `picture_type` tinyint(1) unsigned NOT NULL COMMENT '画报类型1-管理员发布，2-用户投稿',
  `picture_attachment_path` varchar(50) NOT NULL DEFAULT '',
  `picture_modify_time` int(10) unsigned NOT NULL COMMENT '画报修改时间',
  `picture_tag` varchar(255) DEFAULT NULL COMMENT '画报标签',
  `picture_comment_count` int(10) unsigned NOT NULL COMMENT '画报评论数',
  `picture_title_short` varchar(50) NOT NULL DEFAULT '' COMMENT '画报短标题',
  `picture_image_count` tinyint(1) unsigned NOT NULL COMMENT '画报图片总数',
  `picture_share_count` int(10) unsigned NOT NULL DEFAULT '0' COMMENT '画报分享数',
  `picture_verify_reason` varchar(255) DEFAULT NULL COMMENT '审核失败原因',
  PRIMARY KEY (`picture_id`)
) ENGINE=InnoDB DEFAULT CHARSET=utf8 COMMENT='CMS画报表';

#
# Data for table "33hao_cms_picture"
#


#
# Structure for table "33hao_cms_picture_class"
#

DROP TABLE IF EXISTS `33hao_cms_picture_class`;
CREATE TABLE `33hao_cms_picture_class` (
  `class_id` int(10) unsigned NOT NULL AUTO_INCREMENT COMMENT '分类编号 ',
  `class_name` varchar(50) NOT NULL COMMENT '分类名称',
  `class_sort` tinyint(1) unsigned NOT NULL DEFAULT '255' COMMENT '排序',
  PRIMARY KEY (`class_id`)
) ENGINE=InnoDB DEFAULT CHARSET=utf8 COMMENT='cms画报分类表';

#
# Data for table "33hao_cms_picture_class"
#


#
# Structure for table "33hao_cms_picture_image"
#

DROP TABLE IF EXISTS `33hao_cms_picture_image`;
CREATE TABLE `33hao_cms_picture_image` (
  `image_id` int(10) unsigned NOT NULL AUTO_INCREMENT COMMENT '图片编号',
  `image_name` varchar(255) NOT NULL COMMENT '图片地址',
  `image_abstract` varchar(200) DEFAULT NULL COMMENT '图片摘要',
  `image_goods` text COMMENT '相关商品',
  `image_store` varchar(255) DEFAULT NULL COMMENT '相关店铺',
  `image_width` int(10) unsigned DEFAULT NULL COMMENT '图片宽度',
  `image_height` int(10) unsigned DEFAULT NULL COMMENT '图片高度',
  `image_picture_id` int(10) unsigned NOT NULL COMMENT '画报编号',
  `image_path` varchar(50) DEFAULT NULL COMMENT '图片路径',
  PRIMARY KEY (`image_id`)
) ENGINE=InnoDB DEFAULT CHARSET=utf8 COMMENT='CMS画报图片表';

#
# Data for table "33hao_cms_picture_image"
#


#
# Structure for table "33hao_cms_special"
#

DROP TABLE IF EXISTS `33hao_cms_special`;
CREATE TABLE `33hao_cms_special` (
  `special_id` int(10) unsigned NOT NULL AUTO_INCREMENT COMMENT '专题编号',
  `special_title` varchar(50) NOT NULL COMMENT '专题标题',
  `special_margin_top` int(10) DEFAULT '0' COMMENT '正文距顶部距离',
  `special_background` varchar(255) DEFAULT NULL COMMENT '专题背景',
  `special_image` varchar(255) DEFAULT NULL COMMENT '专题封面图',
  `special_image_all` text COMMENT '专题图片',
  `special_content` text COMMENT '专题内容',
  `special_modify_time` int(10) unsigned NOT NULL COMMENT '专题修改时间',
  `special_publish_id` int(10) unsigned NOT NULL COMMENT '专题发布者编号',
  `special_state` tinyint(1) unsigned NOT NULL COMMENT '专题状态1-草稿、2-已发布',
  `special_background_color` varchar(10) NOT NULL DEFAULT '#FFFFFF' COMMENT '专题背景色',
  `special_repeat` varchar(10) NOT NULL DEFAULT 'no-repeat' COMMENT '背景重复方式',
  `special_type` tinyint(1) unsigned NOT NULL DEFAULT '1' COMMENT '专题类型(1-cms专题 2-商城专题)',
  PRIMARY KEY (`special_id`)
) ENGINE=InnoDB DEFAULT CHARSET=utf8 COMMENT='CMS专题表';

#
# Data for table "33hao_cms_special"
#


#
# Structure for table "33hao_cms_tag"
#

DROP TABLE IF EXISTS `33hao_cms_tag`;
CREATE TABLE `33hao_cms_tag` (
  `tag_id` int(10) unsigned NOT NULL AUTO_INCREMENT COMMENT '标签编号',
  `tag_name` varchar(50) NOT NULL COMMENT '标签名称',
  `tag_sort` tinyint(1) unsigned NOT NULL COMMENT '标签排序',
  `tag_count` int(10) unsigned NOT NULL DEFAULT '0' COMMENT '标签使用计数',
  PRIMARY KEY (`tag_id`)
) ENGINE=InnoDB DEFAULT CHARSET=utf8 COMMENT='CMS标签表';

#
# Data for table "33hao_cms_tag"
#


#
# Structure for table "33hao_cms_tag_relation"
#

DROP TABLE IF EXISTS `33hao_cms_tag_relation`;
CREATE TABLE `33hao_cms_tag_relation` (
  `relation_id` int(10) unsigned NOT NULL AUTO_INCREMENT COMMENT '关系编号',
  `relation_type` tinyint(1) unsigned NOT NULL COMMENT '关系类型1-文章，2-画报',
  `relation_tag_id` int(10) unsigned NOT NULL COMMENT '标签编号',
  `relation_object_id` int(10) unsigned NOT NULL COMMENT '对象编号',
  PRIMARY KEY (`relation_id`)
) ENGINE=InnoDB DEFAULT CHARSET=utf8 COMMENT='CMS标签关系表';

#
# Data for table "33hao_cms_tag_relation"
#


#
# Structure for table "33hao_complain"
#

DROP TABLE IF EXISTS `33hao_complain`;
CREATE TABLE `33hao_complain` (
  `complain_id` int(11) NOT NULL AUTO_INCREMENT COMMENT '投诉id',
  `order_id` int(11) NOT NULL COMMENT '订单id',
  `order_goods_id` int(10) unsigned DEFAULT '0' COMMENT '订单商品ID',
  `accuser_id` int(11) NOT NULL COMMENT '原告id',
  `accuser_name` varchar(50) NOT NULL COMMENT '原告名称',
  `accused_id` int(11) NOT NULL COMMENT '被告id',
  `accused_name` varchar(50) NOT NULL COMMENT '被告名称',
  `complain_subject_content` varchar(50) NOT NULL COMMENT '投诉主题',
  `complain_subject_id` int(11) NOT NULL COMMENT '投诉主题id',
  `complain_content` varchar(255) NOT NULL COMMENT '投诉内容',
  `complain_pic1` varchar(100) NOT NULL COMMENT '投诉图片1',
  `complain_pic2` varchar(100) NOT NULL COMMENT '投诉图片2',
  `complain_pic3` varchar(100) NOT NULL COMMENT '投诉图片3',
  `complain_datetime` int(11) NOT NULL COMMENT '投诉时间',
  `complain_handle_datetime` int(11) NOT NULL COMMENT '投诉处理时间',
  `complain_handle_member_id` int(11) NOT NULL COMMENT '投诉处理人id',
  `appeal_message` varchar(255) NOT NULL COMMENT '申诉内容',
  `appeal_datetime` int(11) NOT NULL COMMENT '申诉时间',
  `appeal_pic1` varchar(100) NOT NULL COMMENT '申诉图片1',
  `appeal_pic2` varchar(100) NOT NULL COMMENT '申诉图片2',
  `appeal_pic3` varchar(100) NOT NULL COMMENT '申诉图片3',
  `final_handle_message` varchar(255) NOT NULL COMMENT '最终处理意见',
  `final_handle_datetime` int(11) NOT NULL COMMENT '最终处理时间',
  `final_handle_member_id` int(11) NOT NULL COMMENT '最终处理人id',
  `complain_state` tinyint(4) NOT NULL COMMENT '投诉状态(10-新投诉/20-投诉通过转给被投诉人/30-被投诉人已申诉/40-提交仲裁/99-已关闭)',
  `complain_active` tinyint(4) NOT NULL DEFAULT '1' COMMENT '投诉是否通过平台审批(1未通过/2通过)',
  PRIMARY KEY (`complain_id`)
) ENGINE=InnoDB DEFAULT CHARSET=utf8 COMMENT='投诉表';

#
# Data for table "33hao_complain"
#


#
# Structure for table "33hao_complain_subject"
#

DROP TABLE IF EXISTS `33hao_complain_subject`;
CREATE TABLE `33hao_complain_subject` (
  `complain_subject_id` int(11) NOT NULL AUTO_INCREMENT COMMENT '投诉主题id',
  `complain_subject_content` varchar(50) NOT NULL COMMENT '投诉主题',
  `complain_subject_desc` varchar(100) NOT NULL COMMENT '投诉主题描述',
  `complain_subject_state` tinyint(4) NOT NULL COMMENT '投诉主题状态(1-有效/2-失效)',
  PRIMARY KEY (`complain_subject_id`)
) ENGINE=InnoDB AUTO_INCREMENT=4 DEFAULT CHARSET=utf8 COMMENT='投诉主题表';

#
# Data for table "33hao_complain_subject"
#

INSERT INTO `33hao_complain_subject` VALUES (1,'商家不同意退款','买家申请退款被拒绝。',2),(2,'未收到货','交易成功，未收到货，钱已经付给商家，可进行维权。',1),(3,'售后保障服务','交易完成后30天内，在使用商品过程中，发现商品有质量问题或无法正常使用，可进行维权。',1);

#
# Structure for table "33hao_complain_talk"
#

DROP TABLE IF EXISTS `33hao_complain_talk`;
CREATE TABLE `33hao_complain_talk` (
  `talk_id` int(11) NOT NULL AUTO_INCREMENT COMMENT '投诉对话id',
  `complain_id` int(11) NOT NULL COMMENT '投诉id',
  `talk_member_id` int(11) NOT NULL COMMENT '发言人id',
  `talk_member_name` varchar(50) NOT NULL COMMENT '发言人名称',
  `talk_member_type` varchar(10) NOT NULL COMMENT '发言人类型(1-投诉人/2-被投诉人/3-平台)',
  `talk_content` varchar(255) NOT NULL COMMENT '发言内容',
  `talk_state` tinyint(4) NOT NULL COMMENT '发言状态(1-显示/2-不显示)',
  `talk_admin` int(11) NOT NULL DEFAULT '0' COMMENT '对话管理员，屏蔽对话人的id',
  `talk_datetime` int(11) NOT NULL COMMENT '对话发表时间',
  PRIMARY KEY (`talk_id`)
) ENGINE=InnoDB DEFAULT CHARSET=utf8 COMMENT='投诉对话表';

#
# Data for table "33hao_complain_talk"
#


#
# Structure for table "33hao_consult"
#

DROP TABLE IF EXISTS `33hao_consult`;
CREATE TABLE `33hao_consult` (
  `consult_id` int(10) unsigned NOT NULL AUTO_INCREMENT COMMENT '咨询编号',
  `goods_id` int(11) unsigned DEFAULT '0' COMMENT '商品编号',
  `goods_name` varchar(100) NOT NULL COMMENT '商品名称',
  `member_id` int(11) NOT NULL DEFAULT '0' COMMENT '咨询发布者会员编号(0：游客)',
  `member_name` varchar(100) DEFAULT NULL COMMENT '会员名称',
  `store_id` int(11) unsigned NOT NULL DEFAULT '0' COMMENT '店铺编号',
  `store_name` varchar(50) NOT NULL COMMENT '店铺名称',
  `ct_id` int(10) unsigned NOT NULL COMMENT '咨询类型',
  `consult_content` varchar(255) DEFAULT NULL COMMENT '咨询内容',
  `consult_addtime` int(10) DEFAULT NULL COMMENT '咨询发布时间',
  `consult_reply` varchar(255) NOT NULL COMMENT '咨询回复内容',
  `consult_reply_time` int(10) DEFAULT NULL COMMENT '咨询回复时间',
  `isanonymous` tinyint(1) NOT NULL DEFAULT '0' COMMENT '0表示不匿名 1表示匿名',
  PRIMARY KEY (`consult_id`),
  KEY `goods_id` (`goods_id`),
  KEY `seller_id` (`store_id`)
) ENGINE=InnoDB DEFAULT CHARSET=utf8 COMMENT='产品咨询表';

#
# Data for table "33hao_consult"
#


#
# Structure for table "33hao_consult_type"
#

DROP TABLE IF EXISTS `33hao_consult_type`;
CREATE TABLE `33hao_consult_type` (
  `ct_id` int(10) unsigned NOT NULL AUTO_INCREMENT COMMENT '咨询类型id',
  `ct_name` varchar(10) NOT NULL COMMENT '咨询类型名称',
  `ct_introduce` text NOT NULL COMMENT '咨询类型详细介绍',
  `ct_sort` tinyint(3) unsigned NOT NULL DEFAULT '0' COMMENT '咨询类型排序',
  PRIMARY KEY (`ct_id`)
) ENGINE=InnoDB AUTO_INCREMENT=5 DEFAULT CHARSET=utf8 COMMENT='咨询类型表';

#
# Data for table "33hao_consult_type"
#

INSERT INTO `33hao_consult_type` VALUES (1,'商品咨询','&lt;strong&gt;商城承诺&lt;/strong&gt;：商品均为原装正品行货，自带机打发票，严格执行国家三包政策，享受全国联保服务。&lt;br /&gt;\r\n&lt;strong&gt;功能咨询&lt;/strong&gt;：咨询商品功能建议您拨打各品牌的官方客服电话，以便获得更准确的信息。',1),(2,'支付问题','&lt;strong&gt;大额支付&lt;/strong&gt;：快钱支付中的招行、工行、建行、农行、广发支持大额支付，最高单笔一次支付10000元。&lt;br /&gt;\r\n&lt;strong&gt;货到付款&lt;/strong&gt;：只有官方店铺支持货到付款功能。&lt;br /&gt;',2),(3,'发票及保修','&lt;strong&gt;商城承诺&lt;/strong&gt;：商品均为原装正品行货，自带机打发票，严格执行国家三包政策，享受全国联保服务。&lt;br /&gt;\r\n&lt;strong&gt;发票类型&lt;/strong&gt;：商城所售商品均自带机打发票，在提供相关企业资料证明后，可申请开取增值税发票。&lt;br /&gt;\r\n&lt;strong&gt;退 换 货&lt;/strong&gt;：商城为您提供完善的退换货服务。',3),(4,'促销及赠品','',4);

#
# Structure for table "33hao_cron"
#

DROP TABLE IF EXISTS `33hao_cron`;
CREATE TABLE `33hao_cron` (
  `id` int(10) unsigned NOT NULL AUTO_INCREMENT,
  `type` tinyint(3) unsigned DEFAULT NULL COMMENT '任务类型 1商品上架 2根据商品id更新商品促销价格 3优惠套装过期 4推荐展位过期 5团购开始更新商品促销价格 6团购过期 7限时折扣过期',
  `exeid` int(10) unsigned NOT NULL DEFAULT '0' COMMENT '关联任务的ID[如商品ID,会员ID]',
  `exetime` int(11) unsigned NOT NULL DEFAULT '0' COMMENT '执行时间',
  PRIMARY KEY (`id`)
) ENGINE=InnoDB AUTO_INCREMENT=4 DEFAULT CHARSET=utf8 COMMENT='任务队列表';

#
# Data for table "33hao_cron"
#

INSERT INTO `33hao_cron` VALUES (1,6,100086,1414684800),(2,6,100085,1414684800),(3,7,7,1577721600);

#
# Structure for table "33hao_daddress"
#

DROP TABLE IF EXISTS `33hao_daddress`;
CREATE TABLE `33hao_daddress` (
  `address_id` mediumint(10) unsigned NOT NULL AUTO_INCREMENT COMMENT '地址ID',
  `store_id` mediumint(10) unsigned NOT NULL DEFAULT '0' COMMENT '店铺ID',
  `seller_name` varchar(50) NOT NULL DEFAULT '' COMMENT '联系人',
  `area_id` mediumint(10) unsigned NOT NULL DEFAULT '0' COMMENT '地区ID',
  `city_id` mediumint(9) DEFAULT NULL COMMENT '市级ID',
  `area_info` varchar(100) DEFAULT NULL COMMENT '省市县',
  `address` varchar(100) NOT NULL COMMENT '地址',
  `telphone` varchar(40) DEFAULT NULL COMMENT '电话',
  `company` varchar(50) NOT NULL COMMENT '公司',
  `is_default` enum('0','1') NOT NULL DEFAULT '0' COMMENT '是否默认1是',
  PRIMARY KEY (`address_id`)
) ENGINE=InnoDB DEFAULT CHARSET=utf8 COMMENT='卖家发货地址信息表';

#
# Data for table "33hao_daddress"
#


#
# Structure for table "33hao_delivery_order"
#

DROP TABLE IF EXISTS `33hao_delivery_order`;
CREATE TABLE `33hao_delivery_order` (
  `order_id` int(11) NOT NULL COMMENT '订单ID',
  `addtime` int(11) DEFAULT '0' COMMENT '订单生成时间',
  `order_sn` bigint(20) DEFAULT NULL COMMENT '订单号',
  `dlyp_id` int(11) DEFAULT NULL COMMENT '自提点ID',
  `shipping_code` varchar(50) DEFAULT NULL COMMENT '物流单号',
  `express_code` varchar(30) DEFAULT NULL COMMENT '快递公司编码',
  `express_name` varchar(30) DEFAULT NULL COMMENT '快递公司名称',
  `reciver_name` varchar(20) DEFAULT NULL COMMENT '收货人',
  `reciver_telphone` varchar(20) DEFAULT NULL COMMENT '电话',
  `reciver_mobphone` varchar(11) DEFAULT NULL COMMENT '手机',
  `dlyo_state` tinyint(3) unsigned NOT NULL DEFAULT '10' COMMENT '订单状态 10(默认)未到站，20已到站，30已提取',
  `dlyo_pickup_code` varchar(4) DEFAULT NULL COMMENT '提货码',
  PRIMARY KEY (`order_id`)
) ENGINE=InnoDB DEFAULT CHARSET=utf8 COMMENT='订单自提点表';

#
# Data for table "33hao_delivery_order"
#


#
# Structure for table "33hao_delivery_point"
#

DROP TABLE IF EXISTS `33hao_delivery_point`;
CREATE TABLE `33hao_delivery_point` (
  `dlyp_id` int(10) unsigned NOT NULL AUTO_INCREMENT COMMENT '提货站id',
  `dlyp_name` varchar(50) NOT NULL COMMENT '提货站登录名',
  `dlyp_passwd` varchar(32) NOT NULL COMMENT '提货站登录密码',
  `dlyp_truename` varchar(20) NOT NULL COMMENT '真实姓名',
  `dlyp_mobile` varchar(11) NOT NULL COMMENT '手机号码',
  `dlyp_telephony` varchar(20) NOT NULL COMMENT '座机号码',
  `dlyp_address_name` varchar(20) NOT NULL COMMENT '服务站名称',
  `dlyp_area_2` int(10) unsigned NOT NULL COMMENT '二级地区id',
  `dlyp_area_3` int(10) unsigned NOT NULL COMMENT '三级地区id',
  `dlyp_area_info` varchar(255) NOT NULL COMMENT '地区内容',
  `dlyp_address` varchar(255) NOT NULL COMMENT '详细地址',
  `dlyp_idcard` varchar(18) NOT NULL COMMENT '身份证号码',
  `dlyp_idcard_image` varchar(255) NOT NULL COMMENT '身份证照片',
  `dlyp_addtime` int(10) unsigned NOT NULL COMMENT '添加时间',
  `dlyp_state` tinyint(3) unsigned NOT NULL COMMENT '提货站状态 0关闭，1开启，10等待审核, 20审核失败',
  `dlyp_fail_reason` varchar(255) DEFAULT NULL COMMENT '失败原因',
  PRIMARY KEY (`dlyp_id`),
  UNIQUE KEY `dlyp_name` (`dlyp_name`),
  UNIQUE KEY `dlyp_idcard` (`dlyp_idcard`),
  UNIQUE KEY `dlyp_mobile` (`dlyp_mobile`)
) ENGINE=InnoDB DEFAULT CHARSET=utf8 COMMENT='提货站表';

#
# Data for table "33hao_delivery_point"
#


#
# Structure for table "33hao_document"
#

DROP TABLE IF EXISTS `33hao_document`;
CREATE TABLE `33hao_document` (
  `doc_id` mediumint(11) NOT NULL AUTO_INCREMENT COMMENT 'id',
  `doc_code` varchar(255) NOT NULL COMMENT '调用标识码',
  `doc_title` varchar(255) NOT NULL COMMENT '标题',
  `doc_content` text NOT NULL COMMENT '内容',
  `doc_time` int(10) unsigned NOT NULL COMMENT '添加时间/修改时间',
  PRIMARY KEY (`doc_id`),
  UNIQUE KEY `doc_code` (`doc_code`)
) ENGINE=InnoDB AUTO_INCREMENT=7 DEFAULT CHARSET=utf8 COMMENT='系统文章表';

#
# Data for table "33hao_document"
#

INSERT INTO `33hao_document` VALUES (1,'agreement','用户服务协议','<p>特别提醒用户认真阅读本《用户服务协议》(下称《协议》) 中各条款。除非您接受本《协议》条款，否则您无权使用本网站提供的相关服务。您的使用行为将视为对本《协议》的接受，并同意接受本《协议》各项条款的约束。 <br /> <br /> <strong>一、定义</strong><br /></p>\r\n<ol>\r\n<li>\"用户\"指符合本协议所规定的条件，同意遵守本网站各种规则、条款（包括但不限于本协议），并使用本网站的个人或机构。</li>\r\n<li>\"卖家\"是指在本网站上出售物品的用户。\"买家\"是指在本网站购买物品的用户。</li>\r\n<li>\"成交\"指买家根据卖家所刊登的交易要求，在特定时间内提出最优的交易条件，因而取得依其提出的条件购买该交易物品的权利。</li>\r\n</ol>\r\n<p><br /> <br /> <strong>二、用户资格</strong><br /> <br /> 只有符合下列条件之一的人员或实体才能申请成为本网站用户，可以使用本网站的服务。</p>\r\n<ol>\r\n<li>年满十八岁，并具有民事权利能力和民事行为能力的自然人；</li>\r\n<li>未满十八岁，但监护人（包括但不仅限于父母）予以书面同意的自然人；</li>\r\n<li>根据中国法律或设立地法律、法规和/或规章成立并合法存在的公司、企事业单位、社团组织和其他组织。</li>\r\n</ol>\r\n<p><br /> 无民事行为能力人、限制民事行为能力人以及无经营或特定经营资格的组织不当注册为本网站用户或超过其民事权利或行为能力范围从事交易的，其与本网站之间的协议自始无效，本网站一经发现，有权立即注销该用户，并追究其使用本网站\"服务\"的一切法律责任。<br /> <br /> <strong>三.用户的权利和义务</strong><br /></p>\r\n<ol>\r\n<li>用户有权根据本协议的规定及本网站发布的相关规则，利用本网站网上交易平台登录物品、发布交易信息、查询物品信息、购买物品、与其他用户订立物品买卖合同、在本网站社区发帖、参加本网站的有关活动及有权享受本网站提供的其他的有关资讯及信息服务。</li>\r\n<li>用户有权根据需要更改密码和交易密码。用户应对以该用户名进行的所有活动和事件负全部责任。</li>\r\n<li>用户有义务确保向本网站提供的任何资料、注册信息真实准确，包括但不限于真实姓名、身份证号、联系电话、地址、邮政编码等。保证本网站及其他用户可以通过上述联系方式与自己进行联系。同时，用户也有义务在相关资料实际变更时及时更新有关注册资料。</li>\r\n<li>用户不得以任何形式擅自转让或授权他人使用自己在本网站的用户帐号。</li>\r\n<li>用户有义务确保在本网站网上交易平台上登录物品、发布的交易信息真实、准确，无误导性。</li>\r\n<li>用户不得在本网站网上交易平台买卖国家禁止销售的或限制销售的物品、不得买卖侵犯他人知识产权或其他合法权益的物品，也不得买卖违背社会公共利益或公共道德的物品。</li>\r\n<li>用户不得在本网站发布各类违法或违规信息。包括但不限于物品信息、交易信息、社区帖子、物品留言，店铺留言，评价内容等。</li>\r\n<li>用户在本网站交易中应当遵守诚实信用原则，不得以干预或操纵物品价格等不正当竞争方式扰乱网上交易秩序，不得从事与网上交易无关的不当行为，不得在交易平台上发布任何违法信息。</li>\r\n<li>用户不应采取不正当手段（包括但不限于虚假交易、互换好评等方式）提高自身或他人信用度，或采用不正当手段恶意评价其他用户，降低其他用户信用度。</li>\r\n<li>用户承诺自己在使用本网站网上交易平台实施的所有行为遵守国家法律、法规和本网站的相关规定以及各种社会公共利益或公共道德。对于任何法律后果的发生，用户将以自己的名义独立承担所有相应的法律责任。</li>\r\n<li>用户在本网站网上交易过程中如与其他用户因交易产生纠纷，可以请求本网站从中予以协调。用户如发现其他用户有违法或违反本协议的行为，可以向本网站举报。如用户因网上交易与其他用户产生诉讼的，用户有权通过司法部门要求本网站提供相关资料。</li>\r\n<li>用户应自行承担因交易产生的相关费用，并依法纳税。</li>\r\n<li>未经本网站书面允许，用户不得将本网站资料以及在交易平台上所展示的任何信息以复制、修改、翻译等形式制作衍生作品、分发或公开展示。</li>\r\n<li>用户同意接收来自本网站的信息，包括但不限于活动信息、交易信息、促销信息等。</li>\r\n</ol>\r\n<p><br /> <br /> <strong>四、 本网站的权利和义务</strong><br /></p>\r\n<ol>\r\n<li>本网站不是传统意义上的\"拍卖商\"，仅为用户提供一个信息交流、进行物品买卖的平台，充当买卖双方之间的交流媒介，而非买主或卖主的代理商、合伙  人、雇员或雇主等经营关系人。公布在本网站上的交易物品是用户自行上传进行交易的物品，并非本网站所有。对于用户刊登物品、提供的信息或参与竞标的过程，  本网站均不加以监视或控制，亦不介入物品的交易过程，包括运送、付款、退款、瑕疵担保及其它交易事项，且不承担因交易物品存在品质、权利上的瑕疵以及交易  方履行交易协议的能力而产生的任何责任，对于出现在拍卖上的物品品质、安全性或合法性，本网站均不予保证。</li>\r\n<li>本网站有义务在现有技术水平的基础上努力确保整个网上交易平台的正常运行，尽力避免服务中断或将中断时间限制在最短时间内，保证用户网上交易活动的顺利进行。</li>\r\n<li>本网站有义务对用户在注册使用本网站网上交易平台中所遇到的问题及反映的情况及时作出回复。 </li>\r\n<li>本网站有权对用户的注册资料进行查阅，对存在任何问题或怀疑的注册资料，本网站有权发出通知询问用户并要求用户做出解释、改正，或直接做出处罚、删除等处理。</li>\r\n<li>用  户因在本网站网上交易与其他用户产生纠纷的，用户通过司法部门或行政部门依照法定程序要求本网站提供相关资料，本网站将积极配合并提供有关资料；用户将纠  纷告知本网站，或本网站知悉纠纷情况的，经审核后，本网站有权通过电子邮件及电话联系向纠纷双方了解纠纷情况，并将所了解的情况通过电子邮件互相通知对  方。 </li>\r\n<li>因网上交易平台的特殊性，本网站没有义务对所有用户的注册资料、所有的交易行为以及与交易有关的其他事项进行事先审查，但如发生以下情形，本网站有权限制用户的活动、向用户核实有关资料、发出警告通知、暂时中止、无限期地中止及拒绝向该用户提供服务：         \r\n<ul>\r\n<li>用户违反本协议或因被提及而纳入本协议的文件；</li>\r\n<li>存在用户或其他第三方通知本网站，认为某个用户或具体交易事项存在违法或不当行为，并提供相关证据，而本网站无法联系到该用户核证或验证该用户向本网站提供的任何资料；</li>\r\n<li>存在用户或其他第三方通知本网站，认为某个用户或具体交易事项存在违法或不当行为，并提供相关证据。本网站以普通非专业交易者的知识水平标准对相关内容进行判别，可以明显认为这些内容或行为可能对本网站用户或本网站造成财务损失或法律责任。 </li>\r\n</ul>\r\n</li>\r\n<li>在反网络欺诈行动中，本着保护广大用户利益的原则，当用户举报自己交易可能存在欺诈而产生交易争议时，本网站有权通过表面判断暂时冻结相关用户账号，并有权核对当事人身份资料及要求提供交易相关证明材料。</li>\r\n<li>根据国家法律法规、本协议的内容和本网站所掌握的事实依据，可以认定用户存在违法或违反本协议行为以及在本网站交易平台上的其他不当行为，本网站有权在本网站交易平台及所在网站上以网络发布形式公布用户的违法行为，并有权随时作出删除相关信息，而无须征得用户的同意。</li>\r\n<li>本  网站有权在不通知用户的前提下删除或采取其他限制性措施处理下列信息：包括但不限于以规避费用为目的；以炒作信用为目的；存在欺诈等恶意或虚假内容；与网  上交易无关或不是以交易为目的；存在恶意竞价或其他试图扰乱正常交易秩序因素；该信息违反公共利益或可能严重损害本网站和其他用户合法利益的。</li>\r\n<li>用  户授予本网站独家的、全球通用的、永久的、免费的信息许可使用权利，本网站有权对该权利进行再授权，依此授权本网站有权(全部或部份地)  使用、复制、修订、改写、发布、翻译、分发、执行和展示用户公示于网站的各类信息或制作其派生作品，以现在已知或日后开发的任何形式、媒体或技术，将上述  信息纳入其他作品内。</li>\r\n</ol>\r\n<p><br /> <br /> <strong>五、服务的中断和终止</strong><br /></p>\r\n<ol>\r\n<li>在  本网站未向用户收取相关服务费用的情况下，本网站可自行全权决定以任何理由  (包括但不限于本网站认为用户已违反本协议的字面意义和精神，或用户在超过180天内未登录本网站等)  终止对用户的服务，并不再保存用户在本网站的全部资料（包括但不限于用户信息、商品信息、交易信息等）。同时本网站可自行全权决定，在发出通知或不发出通  知的情况下，随时停止提供全部或部分服务。服务终止后，本网站没有义务为用户保留原用户资料或与之相关的任何信息，或转发任何未曾阅读或发送的信息给用户  或第三方。此外，本网站不就终止对用户的服务而对用户或任何第三方承担任何责任。 </li>\r\n<li>如用户向本网站提出注销本网站注册用户身份，需经本网站审核同意，由本网站注销该注册用户，用户即解除与本网站的协议关系，但本网站仍保留下列权利：         \r\n<ul>\r\n<li>用户注销后，本网站有权保留该用户的资料,包括但不限于以前的用户资料、店铺资料、商品资料和交易记录等。 </li>\r\n<li>用户注销后，如用户在注销前在本网站交易平台上存在违法行为或违反本协议的行为，本网站仍可行使本协议所规定的权利。 </li>\r\n</ul>\r\n</li>\r\n<li>如存在下列情况，本网站可以通过注销用户的方式终止服务：         \r\n<ul>\r\n<li>在用户违反本协议相关规定时，本网站有权终止向该用户提供服务。本网站将在中断服务时通知用户。但如该用户在被本网站终止提供服务后，再一次直接或间接或以他人名义注册为本网站用户的，本网站有权再次单方面终止为该用户提供服务；</li>\r\n<li>一旦本网站发现用户注册资料中主要内容是虚假的，本网站有权随时终止为该用户提供服务； </li>\r\n<li>本协议终止或更新时，用户未确认新的协议的。 </li>\r\n<li>其它本网站认为需终止服务的情况。 </li>\r\n</ul>\r\n</li>\r\n<li>因用户违反相关法律法规或者违反本协议规定等原因而致使本网站中断、终止对用户服务的，对于服务中断、终止之前用户交易行为依下列原则处理：         \r\n<ul>\r\n<li>本网站有权决定是否在中断、终止对用户服务前将用户被中断或终止服务的情况和原因通知用户交易关系方，包括但不限于对该交易有意向但尚未达成交易的用户,参与该交易竞价的用户，已达成交易要约用户。</li>\r\n<li>服务中断、终止之前，用户已经上传至本网站的物品尚未交易或交易尚未完成的，本网站有权在中断、终止服务的同时删除此项物品的相关信息。 </li>\r\n<li>服务中断、终止之前，用户已经就其他用户出售的具体物品作出要约，但交易尚未结束，本网站有权在中断或终止服务的同时删除该用户的相关要约和信息。</li>\r\n</ul>\r\n</li>\r\n<li>本网站若因用户的行为（包括但不限于刊登的商品、在本网站社区发帖等）侵害了第三方的权利或违反了相关规定，而受到第三方的追偿或受到主管机关的处分时，用户应赔偿本网站因此所产生的一切损失及费用。</li>\r\n<li>对违反相关法律法规或者违反本协议规定，且情节严重的用户，本网站有权终止该用户的其它服务。</li>\r\n</ol>\r\n<p><br /> <br /> <strong>六、协议的修订</strong><br /> <br /> 本协议可由本网站随时修订，并将修订后的协议公告于本网站之上，修订后的条款内容自公告时起生效，并成为本协议的一部分。用户若在本协议修改之后，仍继续使用本网站，则视为用户接受和自愿遵守修订后的协议。本网站行使修改或中断服务时，不需对任何第三方负责。<br /> <br /> <strong>七、 本网站的责任范围 </strong><br /> <br /> 当用户接受该协议时，用户应明确了解并同意∶</p>\r\n<ol>\r\n<li>是否经由本网站下载或取得任何资料，由用户自行考虑、衡量并且自负风险，因下载任何资料而导致用户电脑系统的任何损坏或资料流失，用户应负完全责任。</li>\r\n<li>用户经由本网站取得的建议和资讯，无论其形式或表现，绝不构成本协议未明示规定的任何保证。</li>\r\n<li>基于以下原因而造成的利润、商誉、使用、资料损失或其它无形损失，本网站不承担任何直接、间接、附带、特别、衍生性或惩罚性赔偿（即使本网站已被告知前款赔偿的可能性）：         \r\n<ul>\r\n<li>本网站的使用或无法使用。</li>\r\n<li>经由或通过本网站购买或取得的任何物品，或接收之信息，或进行交易所随之产生的替代物品及服务的购买成本。</li>\r\n<li>用户的传输或资料遭到未获授权的存取或变更。</li>\r\n<li>本网站中任何第三方之声明或行为。</li>\r\n<li>本网站其它相关事宜。</li>\r\n</ul>\r\n</li>\r\n<li>本网站只是为用户提供一个交易的平台，对于用户所刊登的交易物品的合法性、真实性及其品质，以及用户履行交易的能力等，本网站一律不负任何担保责任。用户如果因使用本网站，或因购买刊登于本网站的任何物品，而受有损害时，本网站不负任何补偿或赔偿责任。</li>\r\n<li>本  网站提供与其它互联网上的网站或资源的链接，用户可能会因此连结至其它运营商经营的网站，但不表示本网站与这些运营商有任何关系。其它运营商经营的网站均  由各经营者自行负责，不属于本网站控制及负责范围之内。对于存在或来源于此类网站或资源的任何内容、广告、产品或其它资料，本网站亦不予保证或负责。因使  用或依赖任何此类网站或资源发布的或经由此类网站或资源获得的任何内容、物品或服务所产生的任何损害或损失，本网站不负任何直接或间接的责任。</li>\r\n</ol>\r\n<p><br /> <br /> <strong>八.、不可抗力</strong><br /> <br /> 因不可抗力或者其他意外事件，使得本协议的履行不可能、不必要或者无意义的，双方均不承担责任。本合同所称之不可抗力意指不能预见、不能避免并不能克服的  客观情况，包括但不限于战争、台风、水灾、火灾、雷击或地震、罢工、暴动、法定疾病、黑客攻击、网络病毒、电信部门技术管制、政府行为或任何其它自然或人  为造成的灾难等客观情况。<br /> <br /> <strong>九、争议解决方式</strong><br /></p>\r\n<ol>\r\n<li>本协议及其修订本的有效性、履行和与本协议及其修订本效力有关的所有事宜，将受中华人民共和国法律管辖，任何争议仅适用中华人民共和国法律。</li>\r\n<li>因  使用本网站服务所引起与本网站的任何争议，均应提交深圳仲裁委员会按照该会届时有效的仲裁规则进行仲裁。相关争议应单独仲裁，不得与任何其它方的争议在任  何仲裁中合并处理，该仲裁裁决是终局，对各方均有约束力。如果所涉及的争议不适于仲裁解决，用户同意一切争议由人民法院管辖。</li>\r\n</ol>',1435672310),(4,'open_store','开店协议','<p>使用本公司服务所须遵守的条款和条件。<br /><br />1.用户资格<br />本公司的服务仅向适用法律下能够签订具有法律约束力的合同的个人提供并仅由其使用。在不限制前述规定的前提下，本公司的服务不向18周岁以下或被临时或无限期中止的用户提供。如您不合资格，请勿使用本公司的服务。此外，您的帐户（包括信用评价）和用户名不得向其他方转让或出售。另外，本公司保留根据其意愿中止或终止您的帐户的权利。<br /><br />2.您的资料（包括但不限于所添加的任何商品）不得：<br />*具有欺诈性、虚假、不准确或具误导性；<br />*侵犯任何第三方著作权、专利权、商标权、商业秘密或其他专有权利或发表权或隐私权；<br />*违反任何适用的法律或法规（包括但不限于有关出口管制、消费者保护、不正当竞争、刑法、反歧视或贸易惯例/公平贸易法律的法律或法规）；<br />*有侮辱或者诽谤他人，侵害他人合法权益的内容；<br />*有淫秽、色情、赌博、暴力、凶杀、恐怖或者教唆犯罪的内容；<br />*包含可能破坏、改变、删除、不利影响、秘密截取、未经授权而接触或征用任何系统、数据或个人资料的任何病毒、特洛依木马、蠕虫、定时炸弹、删除蝇、复活节彩蛋、间谍软件或其他电脑程序；<br /><br />3.违约<br />如发生以下情形，本公司可能限制您的活动、立即删除您的商品、向本公司社区发出有关您的行为的警告、发出警告通知、暂时中止、无限期地中止或终止您的用户资格及拒绝向您提供服务：<br />(a)您违反本协议或纳入本协议的文件；<br />(b)本公司无法核证或验证您向本公司提供的任何资料；<br />(c)本公司相信您的行为可能对您、本公司用户或本公司造成损失或法律责任。<br /><br />4.责任限制<br />本公司、本公司的关联公司和相关实体或本公司的供应商在任何情况下均不就因本公司的网站、本公司的服务或本协议而产生或与之有关的利润损失或任何特别、间接或后果性的损害（无论以何种方式产生，包括疏忽）承担任何责任。您同意您就您自身行为之合法性单独承担责任。您同意，本公司和本公司的所有关联公司和相关实体对本公司用户的行为的合法性及产生的任何结果不承担责任。<br /><br />5.无代理关系<br />用户和本公司是独立的合同方，本协议无意建立也没有创立任何代理、合伙、合营、雇员与雇主或特许经营关系。本公司也不对任何用户及其网上交易行为做出明示或默许的推荐、承诺或担保。<br /><br />6.一般规定<br />本协议在所有方面均受中华人民共和国法律管辖。本协议的规定是可分割的，如本协议任何规定被裁定为无效或不可执行，该规定可被删除而其余条款应予以执行。</p>',1435672310),(5,'groupbuy','团购活动协议','<p>\r\n\t一、团购的所有权和运作权归本公司。\r\n</p>\r\n<p>\r\n\t二、本公司有权在必要时修改本协议，本协议一旦发生变更，将会在相关页面上公布。如果您不同意所改动的内容，您应主动停止使用团购服务。如果您继续使用服务，则视为接受本协议的变更。\r\n</p>\r\n<p>\r\n\t三、如发生下列任何一种情形，本公司有权中断或终止向您提供的服务而无需通知您：\r\n</p>\r\n1、 您提供的个人资料不真实；<br />\r\n2、您违反本协议的规定；<br />\r\n3、 按照政府主管部门的监管要求；<br />\r\n4、本公司认为您的行为违反团购服务性质或需求的特殊情形。\r\n<p>\r\n\t四、尽管本协议可能另有其他规定，本公司仍然可以随时终止本协议。\r\n</p>\r\n<p>\r\n\t五、本公司终止本协议的权利不会妨害本公司可能拥有的在本协议终止前因您违反本协议或本公司本应享有的任何其他权利。\r\n</p>\r\n<p>\r\n\t六、您理解并完全接受，本公司有权自行对团购资源作下线处理。\r\n</p>',1435672310),(6,'create_circle','圈子使用须知','&nbsp;&nbsp; 请您仔细阅读本须知的全部内容（特别是以<strong><span style=\"text-decoration:underline;\">粗体下划线</span></strong>标注的内容）。如果您不同意本须知的任意内容，您应当停止使用本产品。\r\n<p>\r\n\t1、“圈子”是本公司开设的一个供商城用户（以下简称“用户”或“您”）交流购物体验等信息的网络社区。<strong><span style=\"text-decoration:underline;\">您使用“圈子”产品需遵守本须知，并遵守本公司公布的操作流程和规则。</span></strong>\r\n</p>\r\n<p>\r\n\t2、“圈子”产品的功能和产品提供方式由本公司自行决定，后续本公司可能调整产品名称和产品运行的域名等。<strong><span style=\"text-decoration:underline;\">本须知适用于“圈子”产品的调整、改进版本和附加功能。</span></strong>\r\n</p>\r\n<p>\r\n\t3、您可以通过本产品创建网络关系圈子，其他感兴趣的用户可以加入您创建的圈子。您应当遵守任何适用的法律之规定，并自觉尊重和维护其他参与者的合法权利。您不得以任何形式开展违法活动、侵犯他人合法权益、损害本公司或其他公司的合法利益，否则您需为此自行承担法律责任。<strong><span style=\"text-decoration:underline;\">您同意本公司无需为产品使用者的违法或侵权等行为承担任何责任。</span></strong>\r\n</p>\r\n<p>\r\n\t4、您同意并保证通过本产品上传、发布的文字、图片等全部信息素材符合相关法律的规定。您保证素材内容以及素材所含链接指向的内容的合法性和正当性，不侵犯他人的肖像权、名誉权、知识产权、隐私权等合法权益，也不会侵犯法人或其他团体的商业秘密等合法权益。\r\n</p>\r\n<p>\r\n\t5、<strong><span style=\"text-decoration:underline;\">您使用本产品可能需要提供关于您的个人资料、肖像、联系方式等个人信息。您了解并同意，在使用本产品过程中关于您的个人信息可能会通过网络等渠道进行传播。</span></strong>\r\n</p>\r\n<p>\r\n\t6、您通过本产品上传、发布素材，即意味着<strong><span style=\"text-decoration:underline;\">您同意向本公司提供免费的、永久性的、不可撤销的权利和许可，使本公司可以在全球范围内复制、发行、展示、演绎和通过信息网络等渠道使用您上传的素材和信息</span></strong>，例如将您提供的图片发布于活动页面或平面媒体中。\r\n</p>\r\n<p>\r\n\t7、本公司无法事先了解您上传素材的真实性和合法性。如您上传的素材被发现不适宜展示或遭受他人举报或投诉的，本公司有权立即删除或进行屏蔽从而停止该素材的继续传播。<strong><span style=\"text-decoration:underline;\">如果您违反本须知的内容、有关协议或规则等的，本公司有权删除相关素材并有权拒绝您继续使用产品，届时您无权要求本公司进行补偿或赔偿。</span></strong>\r\n</p>\r\n<p>\r\n\t8、您使用本产品应同时遵守《用户服务协议》、本公司公布的各项规则以及本公司发布的关于本产品的特别规则和制度。\r\n</p>\r\n<p>\r\n\t9、第三方可能通过分公司其他产品或本产品知悉并使用您上传的素材、个人信息或进而侵犯您的合法权利。<strong><span style=\"text-decoration:underline;\">本公司提醒您注意和谨防网络诈骗以及其他可能对您不利的行动和信息，但本公司对第三方的侵权、违法等行为不承担赔偿等法律责任。</span></strong>您承诺合法使用并善待其他用户上传的素材和信息。\r\n</p>\r\n<p>\r\n\t10、您应自行对上传的素材进行备份。本公司可能按照本须知删除或屏蔽素材，相关系统亦可能遭受网络攻击或网络故障，类似或其他情况均可能使您上传的素材丢失或故障，对此本公司将尽力避免但不做任何保证。\r\n</p>\r\n<p>\r\n\t11、<strong><span style=\"text-decoration:underline;\">如您因使用本产品与本公司发生纠纷的，您同意由本公司住所地人民法院管辖审理。</span></strong> \r\n</p>\r\n<p>\r\n\t12、<strong><span style=\"text-decoration:underline;\">本公司有权更新、修改本须知以及有关规则、流程等相关文件的内容，本公司在法律允许的范围内负责对本须知进行说明和解释</span></strong>。如您对修改存有异议，您有权选择不再继续使用本产品，但您在此前的行为仍受本须知以及相关文件最新的修改版本的约束。\r\n</p>',1435672310);

#
# Structure for table "33hao_evaluate_goods"
#

DROP TABLE IF EXISTS `33hao_evaluate_goods`;
CREATE TABLE `33hao_evaluate_goods` (
  `geval_id` int(11) NOT NULL AUTO_INCREMENT COMMENT '评价ID',
  `geval_orderid` int(11) NOT NULL COMMENT '订单表自增ID',
  `geval_orderno` bigint(20) unsigned NOT NULL COMMENT '订单编号',
  `geval_ordergoodsid` int(11) NOT NULL COMMENT '订单商品表编号',
  `geval_goodsid` int(11) NOT NULL COMMENT '商品表编号',
  `geval_goodsname` varchar(100) NOT NULL COMMENT '商品名称',
  `geval_goodsprice` decimal(10,2) DEFAULT NULL COMMENT '商品价格',
  `geval_goodsimage` varchar(255) DEFAULT NULL COMMENT '商品图片',
  `geval_scores` tinyint(1) NOT NULL COMMENT '1-5分',
  `geval_content` varchar(255) DEFAULT NULL COMMENT '信誉评价内容',
  `geval_isanonymous` tinyint(1) NOT NULL DEFAULT '0' COMMENT '0表示不是 1表示是匿名评价',
  `geval_addtime` int(11) NOT NULL COMMENT '评价时间',
  `geval_storeid` int(11) NOT NULL COMMENT '店铺编号',
  `geval_storename` varchar(100) NOT NULL COMMENT '店铺名称',
  `geval_frommemberid` int(11) NOT NULL COMMENT '评价人编号',
  `geval_frommembername` varchar(100) NOT NULL COMMENT '评价人名称',
  `geval_state` tinyint(1) NOT NULL DEFAULT '0' COMMENT '评价信息的状态 0为正常 1为禁止显示',
  `geval_remark` varchar(255) DEFAULT NULL COMMENT '管理员对评价的处理备注',
  `geval_explain` varchar(255) DEFAULT NULL COMMENT '解释内容',
  `geval_image` varchar(255) DEFAULT NULL COMMENT '晒单图片',
  PRIMARY KEY (`geval_id`)
) ENGINE=InnoDB DEFAULT CHARSET=utf8 COMMENT='信誉评价表';

#
# Data for table "33hao_evaluate_goods"
#


#
# Structure for table "33hao_evaluate_store"
#

DROP TABLE IF EXISTS `33hao_evaluate_store`;
CREATE TABLE `33hao_evaluate_store` (
  `seval_id` int(11) NOT NULL AUTO_INCREMENT COMMENT '评价ID',
  `seval_orderid` int(11) unsigned NOT NULL COMMENT '订单ID',
  `seval_orderno` varchar(100) NOT NULL COMMENT '订单编号',
  `seval_addtime` int(11) unsigned NOT NULL COMMENT '评价时间',
  `seval_storeid` int(11) unsigned NOT NULL COMMENT '店铺编号',
  `seval_storename` varchar(100) NOT NULL COMMENT '店铺名称',
  `seval_memberid` int(11) unsigned NOT NULL COMMENT '买家编号',
  `seval_membername` varchar(100) NOT NULL COMMENT '买家名称',
  `seval_desccredit` tinyint(1) unsigned NOT NULL DEFAULT '5' COMMENT '描述相符评分',
  `seval_servicecredit` tinyint(1) unsigned NOT NULL DEFAULT '5' COMMENT '服务态度评分',
  `seval_deliverycredit` tinyint(1) unsigned NOT NULL DEFAULT '5' COMMENT '发货速度评分',
  PRIMARY KEY (`seval_id`)
) ENGINE=InnoDB DEFAULT CHARSET=utf8 COMMENT='店铺评分表';

#
# Data for table "33hao_evaluate_store"
#


#
# Structure for table "33hao_exppoints_log"
#

DROP TABLE IF EXISTS `33hao_exppoints_log`;
CREATE TABLE `33hao_exppoints_log` (
  `exp_id` int(11) NOT NULL AUTO_INCREMENT COMMENT '经验值日志编号',
  `exp_memberid` int(11) NOT NULL COMMENT '会员编号',
  `exp_membername` varchar(100) NOT NULL COMMENT '会员名称',
  `exp_points` int(11) NOT NULL DEFAULT '0' COMMENT '经验值负数表示扣除',
  `exp_addtime` int(11) NOT NULL COMMENT '添加时间',
  `exp_desc` varchar(100) NOT NULL COMMENT '操作描述',
  `exp_stage` varchar(50) NOT NULL COMMENT '操作阶段',
  PRIMARY KEY (`exp_id`)
) ENGINE=InnoDB AUTO_INCREMENT=12 DEFAULT CHARSET=utf8 COMMENT='经验值日志表';

#
# Data for table "33hao_exppoints_log"
#

INSERT INTO `33hao_exppoints_log` VALUES (1,1,'admin',5,1472699627,'会员登录','login'),(2,1,'admin',5,1472786018,'会员登录','login'),(3,2,'测试会员1',5,1473491139,'会员登录','login'),(4,2,'测试会员1',5,1473730009,'会员登录','login'),(5,1,'admin',5,1474333363,'会员登录','login'),(6,1,'admin',5,1474508393,'会员登录','login'),(7,1,'admin',5,1474857928,'会员登录','login'),(8,33,'user13621286210',5,1474872012,'会员登录','login'),(9,33,'刘帅',5,1475916635,'会员登录','login'),(10,1,'admin',5,1475916652,'会员登录','login'),(11,46,'liushuai123',228,1515037492,'订单1000000000000501购物消费','order');

#
# Structure for table "33hao_express"
#

DROP TABLE IF EXISTS `33hao_express`;
CREATE TABLE `33hao_express` (
  `id` tinyint(1) unsigned NOT NULL AUTO_INCREMENT COMMENT '索引ID',
  `e_name` varchar(50) NOT NULL COMMENT '公司名称',
  `e_state` enum('0','1') NOT NULL DEFAULT '1' COMMENT '状态',
  `e_code` varchar(50) NOT NULL COMMENT '编号',
  `e_letter` char(1) NOT NULL COMMENT '首字母',
  `e_order` enum('1','2') NOT NULL DEFAULT '2' COMMENT '1常用2不常用',
  `e_url` varchar(100) NOT NULL COMMENT '公司网址',
  `e_zt_state` tinyint(4) DEFAULT '0' COMMENT '是否支持服务站配送0否1是',
  UNIQUE KEY `id` (`id`)
) ENGINE=InnoDB AUTO_INCREMENT=48 DEFAULT CHARSET=utf8 COMMENT='快递公司';

#
# Data for table "33hao_express"
#

INSERT INTO `33hao_express` VALUES (1,'安信达','0','anxindakuaixi','A','2','http://www.anxinda.com',0),(2,'包裹平邮','1','youzhengguonei','B','2','http://yjcx.chinapost.com.cn',0),(3,'CCES','1','cces','C','2','http://www.cces.com.cn',0),(4,'传喜物流','1','chuanxiwuliu','C','2','http://www.cxcod.com',0),(5,'DHL快递','1','dhl','D','2','http://www.cn.dhl.com',0),(6,'大田物流','1','datianwuliu','D','2','http://www.dtw.com.cn',0),(7,'德邦物流','1','debangwuliu','D','2','http://www.deppon.com',0),(8,'EMS','1','ems','E','2','http://www.ems.com.cn',0),(9,'EMS国际','1','emsguoji','E','2','###',0),(10,'飞康达','1','feikangda','F','2','http://www.fkd.com.cn',0),(11,'FedEx(国际)','1','fedex','F','2','http://fedex.com/cn',0),(12,'凡客如风达','1','rufengda','F','2','http://www.rufengda.com',0),(13,'港中能达','1','ganzhongnengda','G','2','http://www.nd56.com',0),(14,'挂号信','1','youzhengguonei','G','2','http://yjcx.chinapost.com.cn',0),(15,'共速达','1','gongsuda','G','2','http://www.gongsuda.com/mall/Search.aspx',0),(16,'汇通快递','1','huitongkuaidi','H','2','http://www.htky365.com',0),(17,'华宇物流','1','tiandihuayu','H','2','http://www.hoau.net',0),(18,'佳吉快运','1','jiajiwuliu','J','2','http://www.jiaji.com',0),(19,'佳怡物流','1','jiayiwuliu','J','2','http://www.jiayi56.com',0),(20,'急先达','1','jixianda','J','2','http://www.joust.cn',0),(21,'快捷速递','1','kuaijiesudi','K','2','http://www.fastexpress.com.cn',0),(22,'龙邦快递','1','longbanwuliu','L','2','http://www.lbex.com.cn',0),(23,'联邦快递','1','lianbangkuaidi','L','2','http://cndxp.apac.fedex.com/dxp.html',0),(24,'联昊通','1','lianhaowuliu','L','2','http://www.lhtex.com.cn',0),(25,'全一快递','1','quanyikuaidi','Q','2','http://www.apex100.com',0),(26,'全峰快递','1','quanfengkuaidi','Q','2','http://www.qfkd.com.cn',0),(27,'全日通','1','quanritongkuaidi','Q','2','http://www.at-express.com',0),(28,'申通快递','1','shentong','S','2','http://www.sto.cn',0),(29,'顺丰快递','1','shunfeng','S','1','http://www.sf-express.com',0),(30,'速尔快递','1','suer','S','2','http://www.sure56.com',0),(31,'TNT快递','1','tnt','T','2','http://www.tnt.com.cn',0),(32,'天天快递','1','tiantian','T','2','http://www.ttkdex.com',0),(33,'天地华宇','1','tiandihuayu','T','2','http://www.hoau.net',0),(34,'UPS快递','1','ups','U','2','http://www.ups.com/cn',0),(35,'USPS','1','usps','U','2','http://www.kuaidi100.com/all/usps.shtml',0),(36,'新邦物流','1','xinbangwuliu','X','2','http://www.xbwl.cn',0),(37,'信丰物流','1','xinfengwuliu','X','2','http://www.xf-express.com.cn',0),(38,'希伊艾斯','1','cces','X','2','http://www.cces.com.cn',0),(39,'新蛋物流','1','neweggozzo','X','2','http://www.ozzo.com.cn',0),(40,'圆通快递','1','yuantong','Y','1','http://www.yto.net.cn',0),(41,'韵达快递','1','yunda','Y','1','http://www.yundaex.com',0),(42,'邮政包裹','1','youzhengguonei','Y','2','http://yjcx.chinapost.com.cn',0),(43,'优速快递','1','youshuwuliu','Y','2','http://www.uc56.com',0),(44,'中通快递','1','zhongtong','Z','1','http://www.zto.cn',0),(45,'中铁快运','1','zhongtiewuliu','Z','2','http://www.cre.cn',0),(46,'宅急送','1','zhaijisong','Z','2','http://www.zjs.com.cn',0),(47,'中邮物流','1','zhongyouwuliu','Z','2','http://www.cnpl.com.cn',0);

#
# Structure for table "33hao_favorites"
#

DROP TABLE IF EXISTS `33hao_favorites`;
CREATE TABLE `33hao_favorites` (
  `log_id` int(10) unsigned NOT NULL AUTO_INCREMENT COMMENT '记录ID',
  `member_id` int(10) unsigned NOT NULL COMMENT '会员ID',
  `member_name` varchar(50) NOT NULL COMMENT '会员名',
  `fav_id` int(10) unsigned NOT NULL COMMENT '商品或店铺ID',
  `fav_type` char(5) NOT NULL DEFAULT 'goods' COMMENT '类型:goods为商品,store为店铺,默认为商品',
  `fav_time` int(10) unsigned NOT NULL COMMENT '收藏时间',
  `store_id` int(10) unsigned NOT NULL COMMENT '店铺ID',
  `store_name` varchar(20) NOT NULL COMMENT '店铺名称',
  `sc_id` int(10) unsigned DEFAULT '0' COMMENT '店铺分类ID',
  `goods_name` varchar(50) DEFAULT NULL COMMENT '商品名称',
  `goods_image` varchar(100) DEFAULT NULL COMMENT '商品图片',
  `gc_id` int(10) unsigned DEFAULT '0' COMMENT '商品分类ID',
  `log_price` decimal(10,2) DEFAULT '0.00' COMMENT '商品收藏时价格',
  `log_msg` varchar(20) DEFAULT NULL COMMENT '收藏备注',
  PRIMARY KEY (`log_id`),
  KEY `member_id` (`member_id`)
) ENGINE=InnoDB DEFAULT CHARSET=utf8 COMMENT='收藏表';

#
# Data for table "33hao_favorites"
#


#
# Structure for table "33hao_flea"
#

DROP TABLE IF EXISTS `33hao_flea`;
CREATE TABLE `33hao_flea` (
  `goods_id` int(11) NOT NULL AUTO_INCREMENT COMMENT '闲置索引id',
  `goods_name` varchar(100) NOT NULL COMMENT '闲置名称',
  `gc_id` int(11) NOT NULL COMMENT '闲置分类id',
  `gc_name` varchar(200) NOT NULL COMMENT '闲置分类名称',
  `member_id` int(11) NOT NULL COMMENT '店铺id',
  `member_name` varchar(110) NOT NULL COMMENT '会员名称',
  `goods_image` varchar(100) NOT NULL COMMENT '闲置默认封面图片',
  `goods_tag` varchar(100) NOT NULL COMMENT '闲置标签',
  `goods_price` decimal(10,2) NOT NULL COMMENT '闲置原价',
  `goods_store_price` decimal(10,2) NOT NULL COMMENT '闲置转让价格',
  `goods_show` tinyint(1) NOT NULL COMMENT '闲置上架',
  `goods_click` int(11) NOT NULL DEFAULT '0' COMMENT '闲置浏览数',
  `flea_collect_num` int(11) unsigned NOT NULL COMMENT '闲置物品总收藏次数',
  `goods_commend` tinyint(1) NOT NULL COMMENT '闲置推荐',
  `goods_add_time` varchar(10) NOT NULL COMMENT '闲置添加时间',
  `goods_keywords` varchar(255) NOT NULL COMMENT '闲置关键字',
  `goods_description` varchar(255) NOT NULL COMMENT '闲置描述',
  `goods_body` text NOT NULL COMMENT '商品详细内容',
  `commentnum` int(11) NOT NULL DEFAULT '0' COMMENT '评论次数',
  `salenum` int(11) NOT NULL DEFAULT '0' COMMENT '售出数量',
  `flea_quality` tinyint(4) NOT NULL DEFAULT '0' COMMENT '闲置物品成色，0未选择，9-5九五成新，3是低于五成新',
  `flea_pname` varchar(20) DEFAULT NULL COMMENT '闲置商品联系人',
  `flea_pphone` varchar(20) DEFAULT NULL COMMENT '闲置商品联系人电话',
  `flea_area_id` int(11) unsigned NOT NULL COMMENT '闲置物品地区id',
  `flea_area_name` varchar(50) NOT NULL COMMENT '闲置物品地区名称',
  PRIMARY KEY (`goods_id`),
  KEY `goods_name` (`goods_name`,`gc_id`,`member_id`)
) ENGINE=MyISAM DEFAULT CHARSET=utf8 COMMENT='闲置商品';

#
# Data for table "33hao_flea"
#

/*!40000 ALTER TABLE `33hao_flea` DISABLE KEYS */;
/*!40000 ALTER TABLE `33hao_flea` ENABLE KEYS */;

#
# Structure for table "33hao_flea_area"
#

DROP TABLE IF EXISTS `33hao_flea_area`;
CREATE TABLE `33hao_flea_area` (
  `flea_area_id` int(11) unsigned NOT NULL AUTO_INCREMENT COMMENT '闲置地区id',
  `flea_area_name` varchar(50) NOT NULL COMMENT '闲置地区名称',
  `flea_area_parent_id` int(11) unsigned NOT NULL DEFAULT '0' COMMENT '闲置地区上级地区id',
  `flea_area_sort` tinyint(3) unsigned NOT NULL DEFAULT '0' COMMENT '闲置地区排序',
  `flea_area_deep` tinyint(1) unsigned NOT NULL DEFAULT '1' COMMENT '闲置地区层级',
  `flea_area_hot` int(11) NOT NULL DEFAULT '0' COMMENT '地区检索热度',
  PRIMARY KEY (`flea_area_id`)
) ENGINE=MyISAM AUTO_INCREMENT=45056 DEFAULT CHARSET=utf8 COMMENT='闲置地区';

#
# Data for table "33hao_flea_area"
#

/*!40000 ALTER TABLE `33hao_flea_area` DISABLE KEYS */;
INSERT INTO `33hao_flea_area` VALUES (1,'直辖市',0,0,1,0),(3,'河北',0,0,1,0),(4,'山西',0,0,1,0),(5,'内蒙古',0,0,1,0),(6,'辽宁',0,0,1,0),(7,'吉林',0,0,1,0),(8,'黑龙江',0,0,1,0),(10,'江苏',0,0,1,0),(11,'浙江',0,0,1,0),(12,'安徽',0,0,1,0),(13,'福建',0,0,1,0),(14,'江西',0,0,1,0),(15,'山东',0,0,1,0),(16,'河南',0,0,1,0),(17,'湖北',0,0,1,0),(18,'湖南',0,0,1,0),(19,'广东',0,0,1,0),(20,'广西',0,0,1,0),(21,'海南',0,0,1,0),(23,'四川',0,0,1,0),(24,'贵州',0,0,1,0),(25,'云南',0,0,1,0),(26,'西藏',0,0,1,0),(27,'陕西',0,0,1,0),(28,'甘肃',0,0,1,0),(29,'青海',0,0,1,0),(30,'宁夏',0,0,1,0),(31,'新疆',0,0,1,0),(32,'台湾',0,0,1,0),(33,'香港',0,0,1,0),(34,'澳门',0,0,1,0),(35,'海外',0,0,1,0),(36,'北京',1,0,2,0),(37,'东城区',36,0,3,0),(38,'西城区',36,0,3,0),(39,'崇文区',36,0,3,0),(40,'宣武区',36,0,3,0),(41,'朝阳区',36,0,3,0),(42,'丰台区',36,0,3,0),(43,'石景山区',36,0,3,0),(44,'海淀区',36,0,3,0),(45,'门头沟区',36,0,3,0),(46,'房山区',36,0,3,0),(47,'通州区',36,0,3,0),(48,'顺义区',36,0,3,0),(49,'昌平区',36,0,3,0),(50,'大兴区',36,0,3,0),(51,'怀柔区',36,0,3,0),(52,'平谷区',36,0,3,0),(53,'密云县',36,0,3,0),(54,'延庆县',36,0,3,0),(55,'和平区',45052,0,3,0),(56,'河东区',45052,0,3,0),(57,'河西区',45052,0,3,0),(58,'南开区',45052,0,3,0),(59,'河北区',45052,0,3,0),(60,'红桥区',45052,0,3,0),(61,'塘沽区',45052,0,3,0),(62,'汉沽区',45052,0,3,0),(63,'大港区',45052,0,3,0),(64,'东丽区',45052,0,3,0),(65,'西青区',45052,0,3,0),(66,'津南区',45052,0,3,0),(67,'北辰区',45052,0,3,0),(68,'武清区',45052,0,3,0),(69,'宝坻区',45052,0,3,0),(70,'宁河县',45052,0,3,0),(71,'静海县',45052,0,3,0),(72,'蓟县',45052,0,3,0),(73,'石家庄',3,0,2,0),(74,'唐山',3,0,2,0),(75,'秦皇岛',3,0,2,0),(76,'邯郸',3,0,2,0),(77,'邢台',3,0,2,0),(78,'保定',3,0,2,0),(79,'张家口',3,0,2,0),(80,'承德',3,0,2,0),(81,'衡水',3,0,2,0),(82,'廊坊',3,0,2,0),(83,'沧州',3,0,2,0),(84,'太原',4,0,2,0),(85,'大同',4,0,2,0),(86,'阳泉',4,0,2,0),(87,'长治',4,0,2,0),(88,'晋城',4,0,2,0),(89,'朔州',4,0,2,0),(90,'晋中',4,0,2,0),(91,'运城',4,0,2,0),(92,'忻州',4,0,2,0),(93,'临汾',4,0,2,0),(94,'吕梁',4,0,2,0),(95,'呼和浩特',5,0,2,0),(96,'包头',5,0,2,0),(97,'乌海',5,0,2,0),(98,'赤峰',5,0,2,0),(99,'通辽',5,0,2,0),(100,'鄂尔多斯',5,0,2,0),(101,'呼伦贝尔',5,0,2,0),(102,'巴彦淖尔',5,0,2,0),(103,'乌兰察布',5,0,2,0),(104,'兴安盟',5,0,2,0),(106,'阿拉善盟',5,0,2,0),(107,'沈阳',6,0,2,0),(108,'大连',6,0,2,0),(109,'鞍山',6,0,2,0),(110,'抚顺',6,0,2,0),(111,'本溪',6,0,2,0),(112,'丹东',6,0,2,0),(113,'锦州',6,0,2,0),(114,'营口',6,0,2,0),(115,'阜新',6,0,2,0),(116,'辽阳',6,0,2,0),(117,'盘锦',6,0,2,0),(118,'铁岭',6,0,2,0),(119,'朝阳',6,0,2,0),(120,'葫芦岛',6,0,2,0),(121,'长春',7,0,2,0),(122,'吉林',7,0,2,0),(123,'四平',7,0,2,0),(124,'辽源',7,0,2,0),(125,'通化',7,0,2,0),(126,'白山',7,0,2,0),(127,'松原',7,0,2,0),(128,'白城',7,0,2,0),(129,'延边',7,0,2,0),(130,'哈尔滨',8,0,2,0),(131,'齐齐哈尔',8,0,2,0),(132,'鸡西',8,0,2,0),(133,'鹤岗',8,0,2,0),(134,'双鸭山',8,0,2,0),(135,'大庆',8,0,2,0),(136,'伊春',8,0,2,0),(137,'佳木斯',8,0,2,0),(138,'七台河',8,0,2,0),(139,'牡丹江',8,0,2,0),(140,'黑河',8,0,2,0),(141,'绥化',8,0,2,0),(142,'大兴安岭地区',8,0,2,0),(143,'黄浦区',45054,0,3,0),(144,'卢湾区',45054,0,3,0),(145,'徐汇区',45054,0,3,0),(146,'长宁区',45054,0,3,0),(147,'静安区',45054,0,3,0),(148,'普陀区',45054,0,3,0),(149,'闸北区',45054,0,3,0),(150,'虹口区',45054,0,3,0),(151,'杨浦区',45054,0,3,0),(152,'闵行区',45054,0,3,0),(153,'宝山区',45054,0,3,0),(154,'嘉定区',45054,0,3,0),(155,'浦东新区',45054,0,3,0),(156,'金山区',45054,0,3,0),(157,'松江区',45054,0,3,0),(158,'青浦区',45054,0,3,0),(159,'南汇区',45054,0,3,0),(160,'奉贤区',45054,0,3,0),(161,'崇明县',45054,0,3,0),(162,'南京',10,0,2,0),(163,'无锡',10,0,2,0),(164,'徐州',10,0,2,0),(165,'常州',10,0,2,0),(166,'苏州',10,0,2,0),(167,'南通',10,0,2,0),(168,'连云港',10,0,2,0),(169,'淮安',10,0,2,0),(170,'盐城',10,0,2,0),(171,'扬州',10,0,2,0),(172,'镇江',10,0,2,0),(173,'泰州',10,0,2,0),(174,'宿迁',10,0,2,0),(175,'杭州',11,0,2,0),(176,'宁波',11,0,2,0),(177,'温州',11,0,2,0),(178,'嘉兴',11,0,2,0),(179,'湖州',11,0,2,0),(180,'绍兴',11,0,2,0),(181,'舟山',11,0,2,0),(182,'衢州',11,0,2,0),(183,'金华',11,0,2,0),(184,'台州',11,0,2,0),(185,'丽水',11,0,2,0),(186,'合肥',12,0,2,0),(187,'芜湖',12,0,2,0),(188,'蚌埠',12,0,2,0),(189,'淮南',12,0,2,0),(190,'马鞍山',12,0,2,0),(191,'淮北',12,0,2,0),(192,'铜陵',12,0,2,0),(193,'安庆',12,0,2,0),(194,'黄山',12,0,2,0),(195,'滁州',12,0,2,0),(196,'阜阳',12,0,2,0),(197,'宿州',12,0,2,0),(198,'巢湖',12,0,2,0),(199,'六安',12,0,2,0),(200,'亳州',12,0,2,0),(201,'池州',12,0,2,0),(202,'宣城',12,0,2,0),(203,'福州',13,0,2,0),(204,'厦门',13,0,2,0),(205,'莆田',13,0,2,0),(206,'三明',13,0,2,0),(207,'泉州',13,0,2,0),(208,'漳州',13,0,2,0),(209,'南平',13,0,2,0),(210,'龙岩',13,0,2,0),(211,'宁德',13,0,2,0),(212,'南昌',14,0,2,0),(213,'景德镇',14,0,2,0),(214,'萍乡',14,0,2,0),(215,'九江',14,0,2,0),(216,'新余',14,0,2,0),(217,'鹰潭',14,0,2,0),(218,'赣州',14,0,2,0),(219,'吉安',14,0,2,0),(220,'宜春',14,0,2,0),(221,'抚州',14,0,2,0),(222,'上饶',14,0,2,0),(223,'济南',15,0,2,0),(224,'青岛',15,0,2,0),(225,'淄博',15,0,2,0),(226,'枣庄',15,0,2,0),(227,'东营',15,0,2,0),(228,'烟台',15,0,2,0),(229,'潍坊',15,0,2,0),(230,'济宁',15,0,2,0),(231,'泰安',15,0,2,0),(232,'威海',15,0,2,0),(233,'日照',15,0,2,0),(234,'莱芜',15,0,2,0),(235,'临沂',15,0,2,0),(236,'德州',15,0,2,0),(237,'聊城',15,0,2,0),(238,'滨州',15,0,2,0),(239,'菏泽',15,0,2,0),(240,'郑州',16,0,2,0),(241,'开封',16,0,2,0),(242,'洛阳',16,0,2,0),(243,'平顶山',16,0,2,0),(244,'安阳',16,0,2,0),(245,'鹤壁',16,0,2,0),(246,'新乡',16,0,2,0),(247,'焦作',16,0,2,0),(248,'濮阳',16,0,2,0),(249,'许昌',16,0,2,0),(250,'漯河',16,0,2,0),(251,'三门峡',16,0,2,0),(252,'南阳',16,0,2,0),(253,'商丘',16,0,2,0),(254,'信阳',16,0,2,0),(255,'周口',16,0,2,0),(256,'驻马店',16,0,2,0),(257,'济源',16,0,2,0),(258,'武汉',17,0,2,0),(259,'黄石',17,0,2,0),(260,'十堰',17,0,2,0),(261,'宜昌',17,0,2,0),(262,'襄樊',17,0,2,0),(263,'鄂州',17,0,2,0),(264,'荆门',17,0,2,0),(265,'孝感',17,0,2,0),(266,'荆州',17,0,2,0),(267,'黄冈',17,0,2,0),(268,'咸宁',17,0,2,0),(269,'随州',17,0,2,0),(270,'恩施',17,0,2,0),(271,'仙桃',17,0,2,0),(272,'潜江',17,0,2,0),(273,'天门',17,0,2,0),(274,'神农架',17,0,2,0),(275,'长沙',18,0,2,0),(276,'株洲',18,0,2,0),(277,'湘潭',18,0,2,0),(278,'衡阳',18,0,2,0),(279,'邵阳',18,0,2,0),(280,'岳阳',18,0,2,0),(281,'常德',18,0,2,0),(282,'张家界',18,0,2,0),(283,'益阳',18,0,2,0),(284,'郴州',18,0,2,0),(285,'永州',18,0,2,0),(286,'怀化',18,0,2,0),(287,'娄底',18,0,2,0),(288,'湘西',18,0,2,0),(289,'广州',19,0,2,0),(290,'韶关',19,0,2,0),(291,'深圳',19,0,2,0),(292,'珠海',19,0,2,0),(293,'汕头',19,0,2,0),(294,'佛山',19,0,2,0),(295,'江门',19,0,2,0),(296,'湛江',19,0,2,0),(297,'茂名',19,0,2,0),(298,'肇庆',19,0,2,0),(299,'惠州',19,0,2,0),(300,'梅州',19,0,2,0),(301,'汕尾',19,0,2,0),(302,'河源',19,0,2,0),(303,'阳江',19,0,2,0),(304,'清远',19,0,2,0),(305,'东莞',19,0,2,0),(306,'中山',19,0,2,0),(307,'潮州',19,0,2,0),(308,'揭阳',19,0,2,0),(309,'云浮',19,0,2,0),(310,'南宁',20,0,2,0),(311,'柳州',20,0,2,0),(312,'桂林',20,0,2,0),(313,'梧州',20,0,2,0),(314,'北海',20,0,2,0),(315,'防城港',20,0,2,0),(316,'钦州',20,0,2,0),(317,'贵港',20,0,2,0),(318,'玉林',20,0,2,0),(319,'百色',20,0,2,0),(320,'贺州',20,0,2,0),(321,'河池',20,0,2,0),(322,'来宾',20,0,2,0),(323,'崇左',20,0,2,0),(324,'海口',21,0,2,0),(325,'三亚',21,0,2,0),(326,'五指山',21,0,2,0),(327,'琼海',21,0,2,0),(328,'儋州',21,0,2,0),(329,'文昌',21,0,2,0),(330,'万宁',21,0,2,0),(331,'东方',21,0,2,0),(332,'定安县',21,0,2,0),(333,'屯昌县',21,0,2,0),(334,'澄迈县',21,0,2,0),(335,'临高县',21,0,2,0),(336,'白沙',21,0,2,0),(337,'昌江',21,0,2,0),(338,'乐东',21,0,2,0),(339,'陵水',21,0,2,0),(340,'保亭',21,0,2,0),(341,'琼中',21,0,2,0),(342,'西沙群岛',21,0,2,0),(343,'南沙群岛',21,0,2,0),(344,'中沙群岛',21,0,2,0),(345,'万州区',45053,0,3,0),(346,'涪陵区',45053,0,3,0),(347,'渝中区',45053,0,3,0),(348,'大渡口区',45053,0,3,0),(349,'江北区',45053,0,3,0),(350,'沙坪坝区',45053,0,3,0),(351,'九龙坡区',45053,0,3,0),(352,'南岸区',45053,0,3,0),(353,'北碚区',45053,0,3,0),(354,'双桥区',45053,0,3,0),(355,'万盛区',45053,0,3,0),(356,'渝北区',45053,0,3,0),(357,'巴南区',45053,0,3,0),(358,'黔江区',45053,0,3,0),(359,'长寿区',45053,0,3,0),(360,'綦江县',45053,0,3,0),(361,'潼南县',45053,0,3,0),(362,'铜梁县',45053,0,3,0),(363,'大足县',45053,0,3,0),(364,'荣昌县',45053,0,3,0),(365,'璧山县',45053,0,3,0),(366,'梁平县',45053,0,3,0),(367,'城口县',45053,0,3,0),(368,'丰都县',45053,0,3,0),(369,'垫江县',45053,0,3,0),(370,'武隆县',45053,0,3,0),(371,'忠县',45053,0,3,0),(372,'开县',45053,0,3,0),(373,'云阳县',45053,0,3,0),(374,'奉节县',45053,0,3,0),(375,'巫山县',45053,0,3,0),(376,'巫溪县',45053,0,3,0),(377,'石柱',45053,0,3,0),(378,'秀山',45053,0,3,0),(379,'酉阳',45053,0,3,0),(380,'彭水',45053,0,3,0),(381,'江津',45053,0,3,0),(382,'合川',45053,0,3,0),(383,'永川',45053,0,3,0),(384,'南川',45053,0,3,0),(385,'成都',23,0,2,0),(386,'自贡',23,0,2,0),(387,'攀枝花',23,0,2,0),(388,'泸州',23,0,2,0),(389,'德阳',23,0,2,0),(390,'绵阳',23,0,2,0),(391,'广元',23,0,2,0),(392,'遂宁',23,0,2,0),(393,'内江',23,0,2,0),(394,'乐山',23,0,2,0),(395,'南充',23,0,2,0),(396,'眉山',23,0,2,0),(397,'宜宾',23,0,2,0),(398,'广安',23,0,2,0),(399,'达州',23,0,2,0),(400,'雅安',23,0,2,0),(401,'巴中',23,0,2,0),(402,'资阳',23,0,2,0),(403,'阿坝',23,0,2,0),(404,'甘孜',23,0,2,0),(405,'凉山',23,0,2,0),(406,'贵阳',24,0,2,0),(407,'六盘水',24,0,2,0),(408,'遵义',24,0,2,0),(409,'安顺',24,0,2,0),(410,'铜仁地区',24,0,2,0),(412,'毕节地区',24,0,2,0),(415,'昆明',25,0,2,0),(416,'曲靖',25,0,2,0),(417,'玉溪',25,0,2,0),(418,'保山',25,0,2,0),(419,'昭通',25,0,2,0),(420,'丽江',25,0,2,0),(421,'思茅',25,0,2,0),(422,'临沧',25,0,2,0),(423,'楚雄',25,0,2,0),(424,'红河',25,0,2,0),(425,'文山',25,0,2,0),(426,'西双版纳',25,0,2,0),(427,'大理',25,0,2,0),(428,'德宏',25,0,2,0),(429,'怒江',25,0,2,0),(430,'迪庆',25,0,2,0),(431,'拉萨',26,0,2,0),(432,'昌都',26,0,2,0),(433,'山南',26,0,2,0),(434,'日喀则',26,0,2,0),(435,'那曲',26,0,2,0),(436,'阿里',26,0,2,0),(437,'林芝',26,0,2,0),(438,'西安',27,0,2,0),(439,'铜川',27,0,2,0),(440,'宝鸡',27,0,2,0),(441,'咸阳',27,0,2,0),(442,'渭南',27,0,2,0),(443,'延安',27,0,2,0),(444,'汉中',27,0,2,0),(445,'榆林',27,0,2,0),(446,'安康',27,0,2,0),(447,'商洛',27,0,2,0),(448,'兰州',28,0,2,0),(449,'嘉峪关',28,0,2,0),(450,'金昌',28,0,2,0),(451,'白银',28,0,2,0),(452,'天水',28,0,2,0),(453,'武威',28,0,2,0),(454,'张掖',28,0,2,0),(455,'平凉',28,0,2,0),(456,'酒泉',28,0,2,0),(457,'庆阳',28,0,2,0),(458,'定西',28,0,2,0),(459,'陇南',28,0,2,0),(460,'临夏',28,0,2,0),(461,'甘南',28,0,2,0),(462,'西宁',29,0,2,0),(463,'海东',29,0,2,0),(464,'海北',29,0,2,0),(465,'黄南',29,0,2,0),(466,'海南',29,0,2,0),(467,'果洛',29,0,2,0),(468,'玉树',29,0,2,0),(469,'海西',29,0,2,0),(470,'银川',30,0,2,0),(471,'石嘴山',30,0,2,0),(472,'吴忠',30,0,2,0),(473,'固原',30,0,2,0),(474,'中卫',30,0,2,0),(475,'乌鲁木齐',31,0,2,0),(476,'克拉玛依',31,0,2,0),(477,'吐鲁番',31,0,2,0),(478,'哈密',31,0,2,0),(479,'昌吉',31,0,2,0),(480,'博尔塔拉',31,0,2,0),(481,'巴音郭楞',31,0,2,0),(482,'阿克苏',31,0,2,0),(484,'喀什',31,0,2,0),(485,'和田',31,0,2,0),(486,'伊犁',31,0,2,0),(487,'塔城',31,0,2,0),(488,'阿勒泰',31,0,2,0),(489,'石河子',31,0,2,0),(490,'阿拉尔',31,0,2,0),(491,'图木舒克',31,0,2,0),(492,'五家渠',31,0,2,0),(493,'台北',32,0,2,0),(494,'高雄',32,0,2,0),(495,'基隆',32,0,2,0),(496,'台中',32,0,2,0),(497,'台南',32,0,2,0),(498,'新竹',32,0,2,0),(499,'嘉义',32,0,2,0),(500,'台北县',32,0,2,0),(501,'宜兰县',32,0,2,0),(502,'桃园县',32,0,2,0),(503,'新竹县',32,0,2,0),(504,'苗栗县',32,0,2,0),(505,'台中县',32,0,2,0),(506,'彰化县',32,0,2,0),(507,'南投县',32,0,2,0),(508,'云林县',32,0,2,0),(509,'嘉义县',32,0,2,0),(510,'台南县',32,0,2,0),(511,'高雄县',32,0,2,0),(512,'屏东县',32,0,2,0),(513,'澎湖县',32,0,2,0),(514,'台东县',32,0,2,0),(515,'花莲县',32,0,2,0),(516,'中西区',33,0,2,0),(517,'东区',33,0,2,0),(518,'九龙城区',33,0,2,0),(519,'观塘区',33,0,2,0),(520,'南区',33,0,2,0),(521,'深水埗区',33,0,2,0),(522,'黄大仙区',33,0,2,0),(523,'湾仔区',33,0,2,0),(524,'油尖旺区',33,0,2,0),(525,'离岛区',33,0,2,0),(526,'葵青区',33,0,2,0),(527,'北区',33,0,2,0),(528,'西贡区',33,0,2,0),(529,'沙田区',33,0,2,0),(530,'屯门区',33,0,2,0),(531,'大埔区',33,0,2,0),(532,'荃湾区',33,0,2,0),(533,'元朗区',33,0,2,0),(534,'澳门',34,0,2,0),(535,'美国',45055,0,3,0),(536,'加拿大',45055,0,3,0),(537,'澳大利亚',45055,0,3,0),(538,'新西兰',45055,0,3,0),(539,'英国',45055,0,3,0),(540,'法国',45055,0,3,0),(541,'德国',45055,0,3,0),(542,'捷克',45055,0,3,0),(543,'荷兰',45055,0,3,0),(544,'瑞士',45055,0,3,0),(545,'希腊',45055,0,3,0),(546,'挪威',45055,0,3,0),(547,'瑞典',45055,0,3,0),(548,'丹麦',45055,0,3,0),(549,'芬兰',45055,0,3,0),(550,'爱尔兰',45055,0,3,0),(551,'奥地利',45055,0,3,0),(552,'意大利',45055,0,3,0),(553,'乌克兰',45055,0,3,0),(554,'俄罗斯',45055,0,3,0),(555,'西班牙',45055,0,3,0),(556,'韩国',45055,0,3,0),(557,'新加坡',45055,0,3,0),(558,'马来西亚',45055,0,3,0),(559,'印度',45055,0,3,0),(560,'泰国',45055,0,3,0),(561,'日本',45055,0,3,0),(562,'巴西',45055,0,3,0),(563,'阿根廷',45055,0,3,0),(564,'南非',45055,0,3,0),(565,'埃及',45055,0,3,0),(566,'其他',36,0,3,0),(1126,'井陉县',73,0,3,0),(1127,'井陉矿区',73,0,3,0),(1128,'元氏县',73,0,3,0),(1129,'平山县',73,0,3,0),(1130,'新乐',73,0,3,0),(1131,'新华区',73,0,3,0),(1132,'无极县',73,0,3,0),(1133,'晋州',73,0,3,0),(1134,'栾城县',73,0,3,0),(1135,'桥东区',73,0,3,0),(1136,'桥西区',73,0,3,0),(1137,'正定县',73,0,3,0),(1138,'深泽县',73,0,3,0),(1139,'灵寿县',73,0,3,0),(1140,'藁城',73,0,3,0),(1141,'行唐县',73,0,3,0),(1142,'裕华区',73,0,3,0),(1143,'赞皇县',73,0,3,0),(1144,'赵县',73,0,3,0),(1145,'辛集',73,0,3,0),(1146,'长安区',73,0,3,0),(1147,'高邑县',73,0,3,0),(1148,'鹿泉',73,0,3,0),(1149,'丰南区',74,0,3,0),(1150,'丰润区',74,0,3,0),(1151,'乐亭县',74,0,3,0),(1152,'古冶区',74,0,3,0),(1153,'唐海县',74,0,3,0),(1154,'开平区',74,0,3,0),(1155,'滦南县',74,0,3,0),(1156,'滦县',74,0,3,0),(1157,'玉田县',74,0,3,0),(1158,'路北区',74,0,3,0),(1159,'路南区',74,0,3,0),(1160,'迁安',74,0,3,0),(1161,'迁西县',74,0,3,0),(1162,'遵化',74,0,3,0),(1163,'北戴河区',75,0,3,0),(1164,'卢龙县',75,0,3,0),(1165,'山海关区',75,0,3,0),(1166,'抚宁县',75,0,3,0),(1167,'昌黎县',75,0,3,0),(1168,'海港区',75,0,3,0),(1169,'青龙',75,0,3,0),(1170,'丛台区',76,0,3,0),(1171,'临漳县',76,0,3,0),(1172,'复兴区',76,0,3,0),(1173,'大名县',76,0,3,0),(1174,'峰峰矿区',76,0,3,0),(1175,'广平县',76,0,3,0),(1176,'成安县',76,0,3,0),(1177,'曲周县',76,0,3,0),(1178,'武安',76,0,3,0),(1179,'永年县',76,0,3,0),(1180,'涉县',76,0,3,0),(1181,'磁县',76,0,3,0),(1182,'肥乡县',76,0,3,0),(1183,'邯山区',76,0,3,0),(1184,'邯郸县',76,0,3,0),(1185,'邱县',76,0,3,0),(1186,'馆陶县',76,0,3,0),(1187,'魏县',76,0,3,0),(1188,'鸡泽县',76,0,3,0),(1189,'临城县',77,0,3,0),(1190,'临西县',77,0,3,0),(1191,'任县',77,0,3,0),(1192,'内丘县',77,0,3,0),(1193,'南和县',77,0,3,0),(1194,'南宫',77,0,3,0),(1195,'威县',77,0,3,0),(1196,'宁晋县',77,0,3,0),(1197,'巨鹿县',77,0,3,0),(1198,'平乡县',77,0,3,0),(1199,'广宗县',77,0,3,0),(1200,'新河县',77,0,3,0),(1201,'柏乡县',77,0,3,0),(1202,'桥东区',77,0,3,0),(1203,'桥西区',77,0,3,0),(1204,'沙河',77,0,3,0),(1205,'清河县',77,0,3,0),(1206,'邢台县',77,0,3,0),(1207,'隆尧县',77,0,3,0),(1208,'北市区',78,0,3,0),(1209,'南市区',78,0,3,0),(1210,'博野县',78,0,3,0),(1211,'唐县',78,0,3,0),(1212,'安国',78,0,3,0),(1213,'安新县',78,0,3,0),(1214,'定兴县',78,0,3,0),(1215,'定州',78,0,3,0),(1216,'容城县',78,0,3,0),(1217,'徐水县',78,0,3,0),(1218,'新市区',78,0,3,0),(1219,'易县',78,0,3,0),(1220,'曲阳县',78,0,3,0),(1221,'望都县',78,0,3,0),(1222,'涞水县',78,0,3,0),(1223,'涞源县',78,0,3,0),(1224,'涿州',78,0,3,0),(1225,'清苑县',78,0,3,0),(1226,'满城县',78,0,3,0),(1227,'蠡县',78,0,3,0),(1228,'阜平县',78,0,3,0),(1229,'雄县',78,0,3,0),(1230,'顺平县',78,0,3,0),(1231,'高碑店',78,0,3,0),(1232,'高阳县',78,0,3,0),(1233,'万全县',79,0,3,0),(1234,'下花园区',79,0,3,0),(1235,'宣化区',79,0,3,0),(1236,'宣化县',79,0,3,0),(1237,'尚义县',79,0,3,0),(1238,'崇礼县',79,0,3,0),(1239,'康保县',79,0,3,0),(1240,'张北县',79,0,3,0),(1241,'怀安县',79,0,3,0),(1242,'怀来县',79,0,3,0),(1243,'桥东区',79,0,3,0),(1244,'桥西区',79,0,3,0),(1245,'沽源县',79,0,3,0),(1246,'涿鹿县',79,0,3,0),(1247,'蔚县',79,0,3,0),(1248,'赤城县',79,0,3,0),(1249,'阳原县',79,0,3,0),(1250,'丰宁',80,0,3,0),(1251,'兴隆县',80,0,3,0),(1252,'双桥区',80,0,3,0),(1253,'双滦区',80,0,3,0),(1256,'平泉县',80,0,3,0),(1257,'承德县',80,0,3,0),(1258,'滦平县',80,0,3,0),(1259,'隆化县',80,0,3,0),(1261,'冀州',81,0,3,0),(1262,'安平县',81,0,3,0),(1263,'故城县',81,0,3,0),(1264,'景县',81,0,3,0),(1265,'枣强县',81,0,3,0),(1266,'桃城区',81,0,3,0),(1267,'武强县',81,0,3,0),(1268,'武邑县',81,0,3,0),(1269,'深州',81,0,3,0),(1270,'阜城县',81,0,3,0),(1271,'饶阳县',81,0,3,0),(1272,'三河',82,0,3,0),(1273,'固安县',82,0,3,0),(1274,'大厂',82,0,3,0),(1275,'大城县',82,0,3,0),(1276,'安次区',82,0,3,0),(1277,'广阳区',82,0,3,0),(1278,'文安县',82,0,3,0),(1279,'永清县',82,0,3,0),(1280,'霸州',82,0,3,0),(1281,'香河县',82,0,3,0),(1282,'东光县',83,0,3,0),(1283,'任丘',83,0,3,0),(1284,'南皮县',83,0,3,0),(1285,'吴桥县',83,0,3,0),(1287,'新华区',83,0,3,0),(1288,'沧县',83,0,3,0),(1289,'河间',83,0,3,0),(1290,'泊头',83,0,3,0),(1291,'海兴县',83,0,3,0),(1292,'献县',83,0,3,0),(1293,'盐山县',83,0,3,0),(1294,'肃宁县',83,0,3,0),(1295,'运河区',83,0,3,0),(1296,'青县',83,0,3,0),(1297,'黄骅',83,0,3,0),(1298,'万柏林区',84,0,3,0),(1299,'古交',84,0,3,0),(1300,'娄烦县',84,0,3,0),(1301,'小店区',84,0,3,0),(1302,'尖草坪区',84,0,3,0),(1303,'晋源区',84,0,3,0),(1304,'杏花岭区',84,0,3,0),(1305,'清徐县',84,0,3,0),(1306,'迎泽区',84,0,3,0),(1307,'阳曲县',84,0,3,0),(1308,'南郊区',85,0,3,0),(1309,'城区',85,0,3,0),(1310,'大同县',85,0,3,0),(1311,'天镇县',85,0,3,0),(1312,'左云县',85,0,3,0),(1313,'广灵县',85,0,3,0),(1314,'新荣区',85,0,3,0),(1315,'浑源县',85,0,3,0),(1316,'灵丘县',85,0,3,0),(1317,'矿区',85,0,3,0),(1318,'阳高县',85,0,3,0),(1319,'城区',86,0,3,0),(1320,'平定县',86,0,3,0),(1321,'盂县',86,0,3,0),(1322,'矿区',86,0,3,0),(1323,'郊区',86,0,3,0),(1324,'城区',87,0,3,0),(1325,'壶关县',87,0,3,0),(1326,'屯留县',87,0,3,0),(1327,'平顺县',87,0,3,0),(1328,'武乡县',87,0,3,0),(1329,'沁县',87,0,3,0),(1330,'沁源县',87,0,3,0),(1331,'潞城',87,0,3,0),(1332,'襄垣县',87,0,3,0),(1333,'郊区',87,0,3,0),(1334,'长子县',87,0,3,0),(1335,'长治县',87,0,3,0),(1336,'黎城县',87,0,3,0),(1337,'城区',88,0,3,0),(1338,'沁水县',88,0,3,0),(1339,'泽州县',88,0,3,0),(1340,'阳城县',88,0,3,0),(1341,'陵川县',88,0,3,0),(1342,'高平',88,0,3,0),(1343,'右玉县',89,0,3,0),(1344,'山阴县',89,0,3,0),(1345,'平鲁区',89,0,3,0),(1346,'应县',89,0,3,0),(1347,'怀仁县',89,0,3,0),(1348,'朔城区',89,0,3,0),(1349,'介休',90,0,3,0),(1350,'和顺县',90,0,3,0),(1351,'太谷县',90,0,3,0),(1352,'寿阳县',90,0,3,0),(1353,'左权县',90,0,3,0),(1354,'平遥县',90,0,3,0),(1355,'昔阳县',90,0,3,0),(1356,'榆次区',90,0,3,0),(1357,'榆社县',90,0,3,0),(1358,'灵石县',90,0,3,0),(1359,'祁县',90,0,3,0),(1360,'万荣县',91,0,3,0),(1361,'临猗县',91,0,3,0),(1362,'垣曲县',91,0,3,0),(1363,'夏县',91,0,3,0),(1364,'平陆县',91,0,3,0),(1365,'新绛县',91,0,3,0),(1366,'永济',91,0,3,0),(1367,'河津',91,0,3,0),(1368,'盐湖区',91,0,3,0),(1369,'稷山县',91,0,3,0),(1370,'绛县',91,0,3,0),(1371,'芮城县',91,0,3,0),(1372,'闻喜县',91,0,3,0),(1373,'五台县',92,0,3,0),(1374,'五寨县',92,0,3,0),(1375,'代县',92,0,3,0),(1376,'保德县',92,0,3,0),(1377,'偏关县',92,0,3,0),(1378,'原平',92,0,3,0),(1379,'宁武县',92,0,3,0),(1380,'定襄县',92,0,3,0),(1381,'岢岚县',92,0,3,0),(1382,'忻府区',92,0,3,0),(1383,'河曲县',92,0,3,0),(1384,'神池县',92,0,3,0),(1385,'繁峙县',92,0,3,0),(1386,'静乐县',92,0,3,0),(1387,'乡宁县',93,0,3,0),(1388,'侯马',93,0,3,0),(1389,'古县',93,0,3,0),(1390,'吉县',93,0,3,0),(1391,'大宁县',93,0,3,0),(1392,'安泽县',93,0,3,0),(1393,'尧都区',93,0,3,0),(1394,'曲沃县',93,0,3,0),(1395,'永和县',93,0,3,0),(1396,'汾西县',93,0,3,0),(1397,'洪洞县',93,0,3,0),(1398,'浮山县',93,0,3,0),(1399,'翼城县',93,0,3,0),(1400,'蒲县',93,0,3,0),(1401,'襄汾县',93,0,3,0),(1402,'隰县',93,0,3,0),(1403,'霍州',93,0,3,0),(1404,'中阳县',94,0,3,0),(1405,'临县',94,0,3,0),(1406,'交口县',94,0,3,0),(1407,'交城县',94,0,3,0),(1408,'兴县',94,0,3,0),(1409,'孝义',94,0,3,0),(1410,'岚县',94,0,3,0),(1411,'文水县',94,0,3,0),(1412,'方山县',94,0,3,0),(1413,'柳林县',94,0,3,0),(1414,'汾阳',94,0,3,0),(1415,'石楼县',94,0,3,0),(1416,'离石区',94,0,3,0),(1418,'回民区',95,0,3,0),(1420,'托克托县',95,0,3,0),(1421,'新城区',95,0,3,0),(1422,'武川县',95,0,3,0),(1423,'清水河县',95,0,3,0),(1424,'玉泉区',95,0,3,0),(1425,'赛罕区',95,0,3,0),(1426,'东河区',96,0,3,0),(1427,'九原区',96,0,3,0),(1428,'固阳县',96,0,3,0),(1430,'昆都仑区',96,0,3,0),(1431,'白云矿区',96,0,3,0),(1432,'石拐区',96,0,3,0),(1434,'青山区',96,0,3,0),(1435,'乌达区',97,0,3,0),(1436,'海勃湾区',97,0,3,0),(1437,'海南区',97,0,3,0),(1438,'元宝山区',98,0,3,0),(1440,'喀喇沁旗',98,0,3,0),(1441,'宁城县',98,0,3,0),(1442,'巴林右旗',98,0,3,0),(1443,'巴林左旗',98,0,3,0),(1444,'敖汉旗',98,0,3,0),(1445,'松山区',98,0,3,0),(1446,'林西县',98,0,3,0),(1447,'红山区',98,0,3,0),(1448,'翁牛特旗',98,0,3,0),(1450,'奈曼旗',99,0,3,0),(1451,'库伦旗',99,0,3,0),(1452,'开鲁县',99,0,3,0),(1453,'扎鲁特旗',99,0,3,0),(1454,'科尔沁区',99,0,3,0),(1457,'霍林郭勒',99,0,3,0),(1458,'东胜区',100,0,3,0),(1459,'乌审旗',100,0,3,0),(1461,'准格尔旗',100,0,3,0),(1462,'杭锦旗',100,0,3,0),(1463,'达拉特旗',100,0,3,0),(1464,'鄂东胜区',100,0,3,0),(1466,'鄂托克旗',100,0,3,0),(1467,'扎兰屯',101,0,3,0),(1470,'根河',101,0,3,0),(1471,'海拉尔区',101,0,3,0),(1472,'满洲里',101,0,3,0),(1473,'牙克石',101,0,3,0),(1477,'阿荣旗',101,0,3,0),(1479,'额尔古纳',101,0,3,0),(1480,'临河区',102,0,3,0),(1484,'五原县',102,0,3,0),(1485,'杭锦后旗',102,0,3,0),(1486,'磴口县',102,0,3,0),(1487,'丰镇',103,0,3,0),(1488,'兴和县',103,0,3,0),(1489,'凉城县',103,0,3,0),(1490,'化德县',103,0,3,0),(1491,'卓资县',103,0,3,0),(1492,'商都县',103,0,3,0),(1502,'突泉县',104,0,3,0),(1503,'阿尔山',104,0,3,0),(1505,'二连浩特',105,0,3,0),(1506,'多伦县',105,0,3,0),(1519,'东陵区',107,0,3,0),(1520,'于洪区',107,0,3,0),(1521,'和平区',107,0,3,0),(1522,'大东区',107,0,3,0),(1523,'康平县',107,0,3,0),(1524,'新民',107,0,3,0),(1525,'沈北新区',107,0,3,0),(1526,'沈河区',107,0,3,0),(1527,'法库县',107,0,3,0),(1528,'皇姑区',107,0,3,0),(1529,'苏家屯区',107,0,3,0),(1530,'辽中县',107,0,3,0),(1531,'铁西区',107,0,3,0),(1532,'中山区',108,0,3,0),(1533,'庄河',108,0,3,0),(1534,'旅顺口区',108,0,3,0),(1535,'普兰店',108,0,3,0),(1536,'沙河口区',108,0,3,0),(1537,'瓦房店',108,0,3,0),(1538,'甘井子区',108,0,3,0),(1539,'西岗区',108,0,3,0),(1540,'金州区',108,0,3,0),(1541,'长海县',108,0,3,0),(1542,'千山区',109,0,3,0),(1543,'台安县',109,0,3,0),(1545,'海城',109,0,3,0),(1546,'立山区',109,0,3,0),(1547,'铁东区',109,0,3,0),(1548,'铁西区',109,0,3,0),(1549,'东洲区',110,0,3,0),(1550,'抚顺县',110,0,3,0),(1552,'新抚区',110,0,3,0),(1553,'望花区',110,0,3,0),(1555,'顺城区',110,0,3,0),(1556,'南芬区',111,0,3,0),(1557,'平山区',111,0,3,0),(1558,'明山区',111,0,3,0),(1561,'溪湖区',111,0,3,0),(1562,'东港',112,0,3,0),(1563,'元宝区',112,0,3,0),(1564,'凤城',112,0,3,0),(1566,'振兴区',112,0,3,0),(1567,'振安区',112,0,3,0),(1568,'义县',113,0,3,0),(1569,'凌河区',113,0,3,0),(1570,'凌海',113,0,3,0),(1571,'北镇',113,0,3,0),(1572,'古塔区',113,0,3,0),(1573,'太和区',113,0,3,0),(1574,'黑山县',113,0,3,0),(1575,'大石桥',114,0,3,0),(1576,'盖州',114,0,3,0),(1577,'站前区',114,0,3,0),(1578,'老边区',114,0,3,0),(1579,'西市区',114,0,3,0),(1580,'鲅鱼圈区',114,0,3,0),(1581,'太平区',115,0,3,0),(1582,'彰武县',115,0,3,0),(1583,'新邱区',115,0,3,0),(1584,'海州区',115,0,3,0),(1585,'清河门区',115,0,3,0),(1586,'细河区',115,0,3,0),(1588,'太子河区',116,0,3,0),(1589,'宏伟区',116,0,3,0),(1590,'弓长岭区',116,0,3,0),(1591,'文圣区',116,0,3,0),(1592,'灯塔',116,0,3,0),(1593,'白塔区',116,0,3,0),(1594,'辽阳县',116,0,3,0),(1595,'兴隆台区',117,0,3,0),(1596,'双台子区',117,0,3,0),(1597,'大洼县',117,0,3,0),(1598,'盘山县',117,0,3,0),(1599,'开原',118,0,3,0),(1600,'昌图县',118,0,3,0),(1601,'清河区',118,0,3,0),(1602,'西丰县',118,0,3,0),(1603,'调兵山',118,0,3,0),(1604,'铁岭县',118,0,3,0),(1605,'银州区',118,0,3,0),(1606,'凌源',119,0,3,0),(1607,'北票',119,0,3,0),(1608,'双塔区',119,0,3,0),(1610,'建平县',119,0,3,0),(1611,'朝阳县',119,0,3,0),(1612,'龙城区',119,0,3,0),(1613,'兴城',120,0,3,0),(1614,'南票区',120,0,3,0),(1615,'建昌县',120,0,3,0),(1616,'绥中县',120,0,3,0),(1617,'连山区',120,0,3,0),(1618,'龙港区',120,0,3,0),(1619,'九台',121,0,3,0),(1620,'二道区',121,0,3,0),(1621,'农安县',121,0,3,0),(1622,'南关区',121,0,3,0),(1623,'双阳区',121,0,3,0),(1624,'宽城区',121,0,3,0),(1625,'德惠',121,0,3,0),(1626,'朝阳区',121,0,3,0),(1627,'榆树',121,0,3,0),(1628,'绿园区',121,0,3,0),(1629,'丰满区',122,0,3,0),(1630,'昌邑区',122,0,3,0),(1631,'桦甸',122,0,3,0),(1632,'永吉县',122,0,3,0),(1633,'磐石',122,0,3,0),(1634,'舒兰',122,0,3,0),(1635,'船营区',122,0,3,0),(1636,'蛟河',122,0,3,0),(1637,'龙潭区',122,0,3,0),(1639,'公主岭',123,0,3,0),(1640,'双辽',123,0,3,0),(1641,'梨树县',123,0,3,0),(1642,'铁东区',123,0,3,0),(1643,'铁西区',123,0,3,0),(1644,'东丰县',124,0,3,0),(1645,'东辽县',124,0,3,0),(1646,'西安区',124,0,3,0),(1647,'龙山区',124,0,3,0),(1648,'东昌区',125,0,3,0),(1649,'二道江区',125,0,3,0),(1650,'柳河县',125,0,3,0),(1651,'梅河口',125,0,3,0),(1652,'辉南县',125,0,3,0),(1653,'通化县',125,0,3,0),(1654,'集安',125,0,3,0),(1655,'临江',126,0,3,0),(1656,'八道江区',126,0,3,0),(1657,'抚松县',126,0,3,0),(1658,'江源区',126,0,3,0),(1660,'靖宇县',126,0,3,0),(1661,'干安县',127,0,3,0),(1663,'宁江区',127,0,3,0),(1664,'扶余县',127,0,3,0),(1665,'长岭县',127,0,3,0),(1666,'大安',128,0,3,0),(1667,'洮北区',128,0,3,0),(1668,'洮南',128,0,3,0),(1669,'通榆县',128,0,3,0),(1670,'镇赉县',128,0,3,0),(1671,'和龙',129,0,3,0),(1672,'图们',129,0,3,0),(1673,'安图县',129,0,3,0),(1674,'延吉',129,0,3,0),(1675,'敦化',129,0,3,0),(1676,'汪清县',129,0,3,0),(1677,'珲春',129,0,3,0),(1678,'龙井',129,0,3,0),(1679,'五常',130,0,3,0),(1680,'依兰县',130,0,3,0),(1681,'南岗区',130,0,3,0),(1682,'双城',130,0,3,0),(1683,'呼兰区',130,0,3,0),(1684,'哈尔滨市道里区',130,0,3,0),(1685,'宾县',130,0,3,0),(1686,'尚志',130,0,3,0),(1687,'巴彦县',130,0,3,0),(1688,'平房区',130,0,3,0),(1689,'延寿县',130,0,3,0),(1690,'方正县',130,0,3,0),(1691,'木兰县',130,0,3,0),(1692,'松北区',130,0,3,0),(1693,'通河县',130,0,3,0),(1694,'道外区',130,0,3,0),(1695,'阿城区',130,0,3,0),(1696,'香坊区',130,0,3,0),(1697,'依安县',131,0,3,0),(1698,'克东县',131,0,3,0),(1699,'克山县',131,0,3,0),(1700,'富拉尔基',131,0,3,0),(1701,'富裕县',131,0,3,0),(1702,'建华区',131,0,3,0),(1703,'拜泉县',131,0,3,0),(1704,'昂昂溪区',131,0,3,0),(1706,'泰来县',131,0,3,0),(1707,'甘南县',131,0,3,0),(1708,'碾子山区',131,0,3,0),(1709,'讷河',131,0,3,0),(1710,'铁锋区',131,0,3,0),(1711,'龙江县',131,0,3,0),(1712,'龙沙区',131,0,3,0),(1713,'城子河区',132,0,3,0),(1714,'密山',132,0,3,0),(1715,'恒山区',132,0,3,0),(1716,'梨树区',132,0,3,0),(1717,'滴道区',132,0,3,0),(1718,'虎林',132,0,3,0),(1719,'鸡东县',132,0,3,0),(1720,'鸡冠区',132,0,3,0),(1721,'麻山区',132,0,3,0),(1722,'东山区',133,0,3,0),(1723,'兴安区',133,0,3,0),(1724,'兴山区',133,0,3,0),(1725,'南山区',133,0,3,0),(1726,'向阳区',133,0,3,0),(1727,'工农区',133,0,3,0),(1728,'绥滨县',133,0,3,0),(1729,'萝北县',133,0,3,0),(1730,'友谊县',134,0,3,0),(1731,'四方台区',134,0,3,0),(1732,'宝山区',134,0,3,0),(1733,'宝清县',134,0,3,0),(1734,'尖山区',134,0,3,0),(1735,'岭东区',134,0,3,0),(1736,'集贤县',134,0,3,0),(1737,'饶河县',134,0,3,0),(1738,'大同区',135,0,3,0),(1740,'林甸县',135,0,3,0),(1741,'红岗区',135,0,3,0),(1742,'肇州县',135,0,3,0),(1743,'肇源县',135,0,3,0),(1744,'胡路区',135,0,3,0),(1745,'萨尔图区',135,0,3,0),(1746,'龙凤区',135,0,3,0),(1747,'上甘岭区',136,0,3,0),(1748,'乌伊岭区',136,0,3,0),(1749,'乌马河区',136,0,3,0),(1750,'五营区',136,0,3,0),(1751,'伊春区',136,0,3,0),(1752,'南岔区',136,0,3,0),(1753,'友好区',136,0,3,0),(1754,'嘉荫县',136,0,3,0),(1755,'带岭区',136,0,3,0),(1756,'新青区',136,0,3,0),(1757,'汤旺河区',136,0,3,0),(1758,'红星区',136,0,3,0),(1759,'美溪区',136,0,3,0),(1760,'翠峦区',136,0,3,0),(1761,'西林区',136,0,3,0),(1762,'金山屯区',136,0,3,0),(1763,'铁力',136,0,3,0),(1764,'东风区',137,0,3,0),(1765,'前进区',137,0,3,0),(1766,'同江',137,0,3,0),(1767,'向阳区',137,0,3,0),(1768,'富锦',137,0,3,0),(1769,'抚远县',137,0,3,0),(1770,'桦南县',137,0,3,0),(1771,'桦川县',137,0,3,0),(1772,'汤原县',137,0,3,0),(1773,'郊区',137,0,3,0),(1774,'勃利县',138,0,3,0),(1775,'新兴区',138,0,3,0),(1776,'桃山区',138,0,3,0),(1777,'茄子河区',138,0,3,0),(1778,'东宁县',139,0,3,0),(1779,'东安区',139,0,3,0),(1780,'宁安',139,0,3,0),(1781,'林口县',139,0,3,0),(1782,'海林',139,0,3,0),(1783,'爱民区',139,0,3,0),(1784,'穆棱',139,0,3,0),(1785,'绥芬河',139,0,3,0),(1786,'西安区',139,0,3,0),(1787,'阳明区',139,0,3,0),(1788,'五大连池',140,0,3,0),(1789,'北安',140,0,3,0),(1790,'嫩江县',140,0,3,0),(1791,'孙吴县',140,0,3,0),(1792,'爱辉区',140,0,3,0),(1793,'车逊克县',140,0,3,0),(1794,'逊克县',140,0,3,0),(1795,'兰西县',141,0,3,0),(1796,'安达',141,0,3,0),(1797,'庆安县',141,0,3,0),(1798,'明水县',141,0,3,0),(1799,'望奎县',141,0,3,0),(1800,'海伦',141,0,3,0),(1802,'绥棱县',141,0,3,0),(1803,'肇东',141,0,3,0),(1804,'青冈县',141,0,3,0),(1805,'呼玛县',142,0,3,0),(1806,'塔河县',142,0,3,0),(1811,'漠河县',142,0,3,0),(2027,'下关区',162,0,3,0),(2028,'六合区',162,0,3,0),(2029,'建邺区',162,0,3,0),(2030,'栖霞区',162,0,3,0),(2031,'江宁区',162,0,3,0),(2032,'浦口区',162,0,3,0),(2033,'溧水县',162,0,3,0),(2034,'玄武区',162,0,3,0),(2035,'白下区',162,0,3,0),(2036,'秦淮区',162,0,3,0),(2037,'雨花台区',162,0,3,0),(2038,'高淳县',162,0,3,0),(2039,'鼓楼区',162,0,3,0),(2040,'北塘区',163,0,3,0),(2041,'南长区',163,0,3,0),(2042,'宜兴',163,0,3,0),(2043,'崇安区',163,0,3,0),(2044,'惠山区',163,0,3,0),(2045,'江阴',163,0,3,0),(2046,'滨湖区',163,0,3,0),(2047,'锡山区',163,0,3,0),(2048,'丰县',164,0,3,0),(2049,'九里区',164,0,3,0),(2050,'云龙区',164,0,3,0),(2051,'新沂',164,0,3,0),(2052,'沛县',164,0,3,0),(2053,'泉山区',164,0,3,0),(2054,'睢宁县',164,0,3,0),(2055,'贾汪区',164,0,3,0),(2056,'邳州',164,0,3,0),(2057,'铜山县',164,0,3,0),(2058,'鼓楼区',164,0,3,0),(2059,'天宁区',165,0,3,0),(2060,'戚墅堰区',165,0,3,0),(2061,'新北区',165,0,3,0),(2062,'武进区',165,0,3,0),(2063,'溧阳',165,0,3,0),(2064,'金坛',165,0,3,0),(2065,'钟楼区',165,0,3,0),(2066,'吴中区',166,0,3,0),(2067,'吴江',166,0,3,0),(2068,'太仓',166,0,3,0),(2069,'常熟',166,0,3,0),(2070,'平江区',166,0,3,0),(2071,'张家港',166,0,3,0),(2072,'昆山',166,0,3,0),(2073,'沧浪区',166,0,3,0),(2074,'相城区',166,0,3,0),(2075,'苏州工业园区',166,0,3,0),(2076,'虎丘区',166,0,3,0),(2077,'金阊区',166,0,3,0),(2078,'启东',167,0,3,0),(2079,'如东县',167,0,3,0),(2080,'如皋',167,0,3,0),(2081,'崇川区',167,0,3,0),(2082,'海安县',167,0,3,0),(2083,'海门',167,0,3,0),(2084,'港闸区',167,0,3,0),(2085,'通州',167,0,3,0),(2086,'东海县',168,0,3,0),(2087,'新浦区',168,0,3,0),(2088,'海州区',168,0,3,0),(2089,'灌云县',168,0,3,0),(2090,'灌南县',168,0,3,0),(2091,'赣榆县',168,0,3,0),(2092,'连云区',168,0,3,0),(2093,'楚州区',169,0,3,0),(2094,'洪泽县',169,0,3,0),(2095,'涟水县',169,0,3,0),(2096,'淮阴区',169,0,3,0),(2097,'清河区',169,0,3,0),(2098,'清浦区',169,0,3,0),(2099,'盱眙县',169,0,3,0),(2100,'金湖县',169,0,3,0),(2101,'东台',170,0,3,0),(2102,'亭湖区',170,0,3,0),(2103,'响水县',170,0,3,0),(2104,'大丰',170,0,3,0),(2105,'射阳县',170,0,3,0),(2106,'建湖县',170,0,3,0),(2107,'滨海县',170,0,3,0),(2108,'盐都区',170,0,3,0),(2109,'阜宁县',170,0,3,0),(2110,'仪征',171,0,3,0),(2111,'宝应县',171,0,3,0),(2112,'广陵区',171,0,3,0),(2113,'江都',171,0,3,0),(2114,'维扬区',171,0,3,0),(2115,'邗江区',171,0,3,0),(2116,'高邮',171,0,3,0),(2117,'丹徒区',172,0,3,0),(2118,'丹阳',172,0,3,0),(2119,'京口区',172,0,3,0),(2120,'句容',172,0,3,0),(2121,'扬中',172,0,3,0),(2122,'润州区',172,0,3,0),(2123,'兴化',173,0,3,0),(2124,'姜堰',173,0,3,0),(2125,'泰兴',173,0,3,0),(2126,'海陵区',173,0,3,0),(2127,'靖江',173,0,3,0),(2128,'高港区',173,0,3,0),(2129,'宿城区',174,0,3,0),(2130,'宿豫区',174,0,3,0),(2131,'沭阳县',174,0,3,0),(2132,'泗洪县',174,0,3,0),(2133,'泗阳县',174,0,3,0),(2134,'上城区',175,0,3,0),(2135,'下城区',175,0,3,0),(2136,'临安',175,0,3,0),(2137,'余杭区',175,0,3,0),(2138,'富阳',175,0,3,0),(2139,'建德',175,0,3,0),(2140,'拱墅区',175,0,3,0),(2141,'桐庐县',175,0,3,0),(2142,'江干区',175,0,3,0),(2143,'淳安县',175,0,3,0),(2144,'滨江区',175,0,3,0),(2145,'萧山区',175,0,3,0),(2146,'西湖区',175,0,3,0),(2147,'余姚',176,0,3,0),(2148,'北仑区',176,0,3,0),(2149,'奉化',176,0,3,0),(2150,'宁海县',176,0,3,0),(2151,'慈溪',176,0,3,0),(2152,'江东区',176,0,3,0),(2153,'江北区',176,0,3,0),(2154,'海曙区',176,0,3,0),(2155,'象山县',176,0,3,0),(2156,'鄞州区',176,0,3,0),(2157,'镇海区',176,0,3,0),(2158,'乐清',177,0,3,0),(2159,'平阳县',177,0,3,0),(2160,'文成县',177,0,3,0),(2161,'永嘉县',177,0,3,0),(2162,'泰顺县',177,0,3,0),(2163,'洞头县',177,0,3,0),(2164,'瑞安',177,0,3,0),(2165,'瓯海区',177,0,3,0),(2166,'苍南县',177,0,3,0),(2167,'鹿城区',177,0,3,0),(2168,'龙湾区',177,0,3,0),(2169,'南湖区',178,0,3,0),(2170,'嘉善县',178,0,3,0),(2171,'平湖',178,0,3,0),(2172,'桐乡',178,0,3,0),(2173,'海宁',178,0,3,0),(2174,'海盐县',178,0,3,0),(2175,'秀洲区',178,0,3,0),(2176,'南浔区',179,0,3,0),(2177,'吴兴区',179,0,3,0),(2178,'安吉县',179,0,3,0),(2179,'德清县',179,0,3,0),(2180,'长兴县',179,0,3,0),(2181,'上虞',180,0,3,0),(2182,'嵊州',180,0,3,0),(2183,'新昌县',180,0,3,0),(2184,'绍兴县',180,0,3,0),(2185,'诸暨',180,0,3,0),(2186,'越城区',180,0,3,0),(2187,'定海区',181,0,3,0),(2188,'岱山县',181,0,3,0),(2189,'嵊泗县',181,0,3,0),(2190,'普陀区',181,0,3,0),(2191,'常山县',182,0,3,0),(2192,'开化县',182,0,3,0),(2193,'柯城区',182,0,3,0),(2194,'江山',182,0,3,0),(2195,'衢江区',182,0,3,0),(2196,'龙游县',182,0,3,0),(2197,'东阳',183,0,3,0),(2198,'义乌',183,0,3,0),(2199,'兰溪',183,0,3,0),(2200,'婺城区',183,0,3,0),(2201,'武义县',183,0,3,0),(2202,'永康',183,0,3,0),(2203,'浦江县',183,0,3,0),(2204,'磐安县',183,0,3,0),(2205,'金东区',183,0,3,0),(2206,'三门县',184,0,3,0),(2207,'临海',184,0,3,0),(2208,'仙居县',184,0,3,0),(2209,'天台县',184,0,3,0),(2210,'椒江区',184,0,3,0),(2211,'温岭',184,0,3,0),(2212,'玉环县',184,0,3,0),(2213,'路桥区',184,0,3,0),(2214,'黄岩区',184,0,3,0),(2215,'云和县',185,0,3,0),(2216,'庆元县',185,0,3,0),(2217,'景宁',185,0,3,0),(2218,'松阳县',185,0,3,0),(2219,'缙云县',185,0,3,0),(2220,'莲都区',185,0,3,0),(2221,'遂昌县',185,0,3,0),(2222,'青田县',185,0,3,0),(2223,'龙泉',185,0,3,0),(2224,'包河区',186,0,3,0),(2225,'庐阳区',186,0,3,0),(2226,'瑶海区',186,0,3,0),(2227,'肥东县',186,0,3,0),(2228,'肥西县',186,0,3,0),(2229,'蜀山区',186,0,3,0),(2230,'长丰县',186,0,3,0),(2231,'三山区',187,0,3,0),(2232,'南陵县',187,0,3,0),(2233,'弋江区',187,0,3,0),(2234,'繁昌县',187,0,3,0),(2235,'芜湖县',187,0,3,0),(2236,'镜湖区',187,0,3,0),(2237,'鸠江区',187,0,3,0),(2238,'五河县',188,0,3,0),(2239,'固镇县',188,0,3,0),(2240,'怀远县',188,0,3,0),(2241,'淮上区',188,0,3,0),(2242,'禹会区',188,0,3,0),(2243,'蚌山区',188,0,3,0),(2244,'龙子湖区',188,0,3,0),(2245,'八公山区',189,0,3,0),(2246,'凤台县',189,0,3,0),(2247,'大通区',189,0,3,0),(2248,'潘集区',189,0,3,0),(2249,'田家庵区',189,0,3,0),(2250,'谢家集区',189,0,3,0),(2251,'当涂县',190,0,3,0),(2252,'花山区',190,0,3,0),(2253,'金家庄区',190,0,3,0),(2254,'雨山区',190,0,3,0),(2255,'杜集区',191,0,3,0),(2256,'濉溪县',191,0,3,0),(2257,'烈山区',191,0,3,0),(2258,'相山区',191,0,3,0),(2259,'狮子山区',192,0,3,0),(2260,'郊区',192,0,3,0),(2261,'铜官山区',192,0,3,0),(2262,'铜陵县',192,0,3,0),(2263,'大观区',193,0,3,0),(2264,'太湖县',193,0,3,0),(2265,'宜秀区',193,0,3,0),(2266,'宿松县',193,0,3,0),(2267,'岳西县',193,0,3,0),(2268,'怀宁县',193,0,3,0),(2269,'望江县',193,0,3,0),(2270,'枞阳县',193,0,3,0),(2271,'桐城',193,0,3,0),(2272,'潜山县',193,0,3,0),(2273,'迎江区',193,0,3,0),(2274,'休宁县',194,0,3,0),(2275,'屯溪区',194,0,3,0),(2276,'徽州区',194,0,3,0),(2277,'歙县',194,0,3,0),(2278,'祁门县',194,0,3,0),(2279,'黄山区',194,0,3,0),(2280,'黟县',194,0,3,0),(2281,'全椒县',195,0,3,0),(2282,'凤阳县',195,0,3,0),(2283,'南谯区',195,0,3,0),(2284,'天长',195,0,3,0),(2285,'定远县',195,0,3,0),(2286,'明光',195,0,3,0),(2287,'来安县',195,0,3,0),(2288,'琅玡区',195,0,3,0),(2289,'临泉县',196,0,3,0),(2290,'太和县',196,0,3,0),(2291,'界首',196,0,3,0),(2292,'阜南县',196,0,3,0),(2293,'颍东区',196,0,3,0),(2294,'颍州区',196,0,3,0),(2295,'颍泉区',196,0,3,0),(2296,'颖上县',196,0,3,0),(2297,'埇桥区',197,0,3,0),(2298,'泗县辖',197,0,3,0),(2299,'灵璧县',197,0,3,0),(2300,'砀山县',197,0,3,0),(2301,'萧县',197,0,3,0),(2302,'含山县',198,0,3,0),(2303,'和县',198,0,3,0),(2304,'居巢区',198,0,3,0),(2305,'庐江县',198,0,3,0),(2306,'无为县',198,0,3,0),(2307,'寿县',199,0,3,0),(2308,'舒城县',199,0,3,0),(2309,'裕安区',199,0,3,0),(2310,'金安区',199,0,3,0),(2311,'金寨县',199,0,3,0),(2312,'霍山县',199,0,3,0),(2313,'霍邱县',199,0,3,0),(2314,'利辛县',200,0,3,0),(2315,'涡阳县',200,0,3,0),(2316,'蒙城县',200,0,3,0),(2317,'谯城区',200,0,3,0),(2318,'东至县',201,0,3,0),(2319,'石台县',201,0,3,0),(2320,'贵池区',201,0,3,0),(2321,'青阳县',201,0,3,0),(2322,'宁国',202,0,3,0),(2323,'宣州区',202,0,3,0),(2324,'广德县',202,0,3,0),(2325,'旌德县',202,0,3,0),(2326,'泾县',202,0,3,0),(2327,'绩溪县',202,0,3,0),(2328,'郎溪县',202,0,3,0),(2329,'仓山区',203,0,3,0),(2330,'台江区',203,0,3,0),(2331,'平潭县',203,0,3,0),(2332,'晋安区',203,0,3,0),(2333,'永泰县',203,0,3,0),(2334,'福清',203,0,3,0),(2335,'罗源县',203,0,3,0),(2336,'连江县',203,0,3,0),(2337,'长乐',203,0,3,0),(2338,'闽侯县',203,0,3,0),(2339,'闽清县',203,0,3,0),(2340,'马尾区',203,0,3,0),(2341,'鼓楼区',203,0,3,0),(2342,'同安区',204,0,3,0),(2343,'思明区',204,0,3,0),(2344,'海沧区',204,0,3,0),(2345,'湖里区',204,0,3,0),(2346,'翔安区',204,0,3,0),(2347,'集美区',204,0,3,0),(2348,'仙游县',205,0,3,0),(2349,'城厢区',205,0,3,0),(2350,'涵江区',205,0,3,0),(2351,'秀屿区',205,0,3,0),(2352,'荔城区',205,0,3,0),(2353,'三元区',206,0,3,0),(2354,'大田县',206,0,3,0),(2355,'宁化县',206,0,3,0),(2356,'将乐县',206,0,3,0),(2357,'尤溪县',206,0,3,0),(2358,'建宁县',206,0,3,0),(2359,'明溪县',206,0,3,0),(2360,'梅列区',206,0,3,0),(2361,'永安',206,0,3,0),(2362,'沙县',206,0,3,0),(2363,'泰宁县',206,0,3,0),(2364,'清流县',206,0,3,0),(2365,'丰泽区',207,0,3,0),(2366,'南安',207,0,3,0),(2367,'安溪县',207,0,3,0),(2368,'德化县',207,0,3,0),(2369,'惠安县',207,0,3,0),(2370,'晋江',207,0,3,0),(2371,'永春县',207,0,3,0),(2372,'泉港区',207,0,3,0),(2373,'洛江区',207,0,3,0),(2374,'石狮',207,0,3,0),(2375,'金门县',207,0,3,0),(2376,'鲤城区',207,0,3,0),(2377,'东山县',208,0,3,0),(2378,'云霄县',208,0,3,0),(2379,'华安县',208,0,3,0),(2380,'南靖县',208,0,3,0),(2381,'平和县',208,0,3,0),(2382,'漳浦县',208,0,3,0),(2383,'芗城区',208,0,3,0),(2384,'诏安县',208,0,3,0),(2385,'长泰县',208,0,3,0),(2386,'龙文区',208,0,3,0),(2387,'龙海',208,0,3,0),(2388,'光泽县',209,0,3,0),(2389,'延平区',209,0,3,0),(2390,'建瓯',209,0,3,0),(2391,'建阳',209,0,3,0),(2392,'政和县',209,0,3,0),(2393,'松溪县',209,0,3,0),(2394,'武夷山',209,0,3,0),(2395,'浦城县',209,0,3,0),(2396,'邵武',209,0,3,0),(2397,'顺昌县',209,0,3,0),(2398,'上杭县',210,0,3,0),(2399,'新罗区',210,0,3,0),(2400,'武平县',210,0,3,0),(2401,'永定县',210,0,3,0),(2402,'漳平',210,0,3,0),(2403,'连城县',210,0,3,0),(2404,'长汀县',210,0,3,0),(2405,'古田县',211,0,3,0),(2406,'周宁县',211,0,3,0),(2407,'寿宁县',211,0,3,0),(2408,'屏南县',211,0,3,0),(2409,'柘荣县',211,0,3,0),(2410,'福安',211,0,3,0),(2411,'福鼎',211,0,3,0),(2412,'蕉城区',211,0,3,0),(2413,'霞浦县',211,0,3,0),(2414,'东湖区',212,0,3,0),(2415,'南昌县',212,0,3,0),(2416,'安义县',212,0,3,0),(2417,'新建县',212,0,3,0),(2418,'湾里区',212,0,3,0),(2419,'西湖区',212,0,3,0),(2420,'进贤县',212,0,3,0),(2421,'青云谱区',212,0,3,0),(2422,'青山湖区',212,0,3,0),(2423,'乐平',213,0,3,0),(2424,'昌江区',213,0,3,0),(2425,'浮梁县',213,0,3,0),(2426,'珠山区',213,0,3,0),(2427,'上栗县',214,0,3,0),(2428,'安源区',214,0,3,0),(2429,'湘东区',214,0,3,0),(2430,'芦溪县',214,0,3,0),(2431,'莲花县',214,0,3,0),(2432,'九江县',215,0,3,0),(2433,'修水县',215,0,3,0),(2434,'庐山区',215,0,3,0),(2435,'彭泽县',215,0,3,0),(2436,'德安县',215,0,3,0),(2437,'星子县',215,0,3,0),(2438,'武宁县',215,0,3,0),(2439,'永修县',215,0,3,0),(2440,'浔阳区',215,0,3,0),(2441,'湖口县',215,0,3,0),(2442,'瑞昌',215,0,3,0),(2443,'都昌县',215,0,3,0),(2444,'分宜县',216,0,3,0),(2445,'渝水区',216,0,3,0),(2446,'余江县',217,0,3,0),(2447,'月湖区',217,0,3,0),(2448,'贵溪',217,0,3,0),(2449,'上犹县',218,0,3,0),(2450,'于都县',218,0,3,0),(2451,'会昌县',218,0,3,0),(2452,'信丰县',218,0,3,0),(2453,'全南县',218,0,3,0),(2454,'兴国县',218,0,3,0),(2455,'南康',218,0,3,0),(2456,'大余县',218,0,3,0),(2457,'宁都县',218,0,3,0),(2458,'安远县',218,0,3,0),(2459,'定南县',218,0,3,0),(2460,'寻乌县',218,0,3,0),(2461,'崇义县',218,0,3,0),(2462,'瑞金',218,0,3,0),(2463,'石城县',218,0,3,0),(2464,'章贡区',218,0,3,0),(2465,'赣县',218,0,3,0),(2466,'龙南县',218,0,3,0),(2467,'万安县',219,0,3,0),(2468,'井冈山',219,0,3,0),(2469,'吉安县',219,0,3,0),(2470,'吉州区',219,0,3,0),(2471,'吉水县',219,0,3,0),(2472,'安福县',219,0,3,0),(2473,'峡江县',219,0,3,0),(2474,'新干县',219,0,3,0),(2475,'永丰县',219,0,3,0),(2476,'永新县',219,0,3,0),(2477,'泰和县',219,0,3,0),(2478,'遂川县',219,0,3,0),(2479,'青原区',219,0,3,0),(2480,'万载县',220,0,3,0),(2481,'上高县',220,0,3,0),(2482,'丰城',220,0,3,0),(2483,'奉新县',220,0,3,0),(2484,'宜丰县',220,0,3,0),(2485,'樟树',220,0,3,0),(2486,'袁州区',220,0,3,0),(2487,'铜鼓县',220,0,3,0),(2488,'靖安县',220,0,3,0),(2489,'高安',220,0,3,0),(2490,'东乡县',221,0,3,0),(2491,'临川区',221,0,3,0),(2492,'乐安县',221,0,3,0),(2493,'南丰县',221,0,3,0),(2494,'南城县',221,0,3,0),(2495,'宜黄县',221,0,3,0),(2496,'崇仁县',221,0,3,0),(2497,'广昌县',221,0,3,0),(2498,'资溪县',221,0,3,0),(2499,'金溪县',221,0,3,0),(2500,'黎川县',221,0,3,0),(2501,'万年县',222,0,3,0),(2502,'上饶县',222,0,3,0),(2503,'余干县',222,0,3,0),(2504,'信州区',222,0,3,0),(2505,'婺源县',222,0,3,0),(2506,'广丰县',222,0,3,0),(2507,'弋阳县',222,0,3,0),(2508,'德兴',222,0,3,0),(2509,'横峰县',222,0,3,0),(2510,'玉山县',222,0,3,0),(2511,'鄱阳县',222,0,3,0),(2512,'铅山县',222,0,3,0),(2513,'历下区',223,0,3,0),(2514,'历城区',223,0,3,0),(2515,'商河县',223,0,3,0),(2516,'天桥区',223,0,3,0),(2517,'市中区',223,0,3,0),(2518,'平阴县',223,0,3,0),(2519,'槐荫区',223,0,3,0),(2520,'济阳县',223,0,3,0),(2521,'章丘',223,0,3,0),(2522,'长清区',223,0,3,0),(2523,'即墨',224,0,3,0),(2524,'四方区',224,0,3,0),(2525,'城阳区',224,0,3,0),(2526,'崂山区',224,0,3,0),(2527,'市北区',224,0,3,0),(2528,'市南区',224,0,3,0),(2529,'平度',224,0,3,0),(2530,'李沧区',224,0,3,0),(2531,'胶南',224,0,3,0),(2532,'胶州',224,0,3,0),(2533,'莱西',224,0,3,0),(2534,'黄岛区',224,0,3,0),(2535,'临淄区',225,0,3,0),(2536,'博山区',225,0,3,0),(2537,'周村区',225,0,3,0),(2538,'张店区',225,0,3,0),(2539,'桓台县',225,0,3,0),(2540,'沂源县',225,0,3,0),(2541,'淄川区',225,0,3,0),(2542,'高青县',225,0,3,0),(2543,'台儿庄区',226,0,3,0),(2544,'山亭区',226,0,3,0),(2545,'峄城区',226,0,3,0),(2546,'市中区',226,0,3,0),(2547,'滕州',226,0,3,0),(2548,'薛城区',226,0,3,0),(2549,'东营区',227,0,3,0),(2550,'利津县',227,0,3,0),(2551,'垦利县',227,0,3,0),(2552,'广饶县',227,0,3,0),(2553,'河口区',227,0,3,0),(2554,'招远',228,0,3,0),(2555,'栖霞',228,0,3,0),(2556,'海阳',228,0,3,0),(2557,'牟平区',228,0,3,0),(2558,'福山区',228,0,3,0),(2559,'芝罘区',228,0,3,0),(2560,'莱山区',228,0,3,0),(2561,'莱州',228,0,3,0),(2562,'莱阳',228,0,3,0),(2563,'蓬莱',228,0,3,0),(2564,'长岛县',228,0,3,0),(2565,'龙口',228,0,3,0),(2566,'临朐县',229,0,3,0),(2567,'坊子区',229,0,3,0),(2568,'奎文区',229,0,3,0),(2569,'安丘',229,0,3,0),(2570,'寒亭区',229,0,3,0),(2571,'寿光',229,0,3,0),(2572,'昌乐县',229,0,3,0),(2573,'昌邑',229,0,3,0),(2574,'潍城区',229,0,3,0),(2575,'诸城',229,0,3,0),(2576,'青州',229,0,3,0),(2577,'高密',229,0,3,0),(2578,'任城区',230,0,3,0),(2579,'兖州',230,0,3,0),(2580,'嘉祥县',230,0,3,0),(2581,'市中区',230,0,3,0),(2582,'微山县',230,0,3,0),(2583,'曲阜',230,0,3,0),(2584,'梁山县',230,0,3,0),(2585,'汶上县',230,0,3,0),(2586,'泗水县',230,0,3,0),(2587,'邹城',230,0,3,0),(2588,'金乡县',230,0,3,0),(2589,'鱼台县',230,0,3,0),(2590,'东平县',231,0,3,0),(2591,'宁阳县',231,0,3,0),(2592,'岱岳区',231,0,3,0),(2593,'新泰',231,0,3,0),(2594,'泰山区',231,0,3,0),(2595,'肥城',231,0,3,0),(2596,'乳山',232,0,3,0),(2597,'文登',232,0,3,0),(2598,'环翠区',232,0,3,0),(2599,'荣成',232,0,3,0),(2600,'东港区',233,0,3,0),(2601,'五莲县',233,0,3,0),(2602,'岚山区',233,0,3,0),(2603,'莒县',233,0,3,0),(2604,'莱城区',234,0,3,0),(2605,'钢城区',234,0,3,0),(2606,'临沭县',235,0,3,0),(2607,'兰山区',235,0,3,0),(2608,'平邑县',235,0,3,0),(2609,'沂南县',235,0,3,0),(2610,'沂水县',235,0,3,0),(2611,'河东区',235,0,3,0),(2612,'罗庄区',235,0,3,0),(2613,'苍山县',235,0,3,0),(2614,'莒南县',235,0,3,0),(2615,'蒙阴县',235,0,3,0),(2616,'费县',235,0,3,0),(2617,'郯城县',235,0,3,0),(2618,'临邑县',236,0,3,0),(2619,'乐陵',236,0,3,0),(2620,'夏津县',236,0,3,0),(2621,'宁津县',236,0,3,0),(2622,'平原县',236,0,3,0),(2623,'庆云县',236,0,3,0),(2624,'德城区',236,0,3,0),(2625,'武城县',236,0,3,0),(2626,'禹城',236,0,3,0),(2627,'陵县',236,0,3,0),(2628,'齐河县',236,0,3,0),(2629,'东昌府区',237,0,3,0),(2630,'东阿县',237,0,3,0),(2631,'临清',237,0,3,0),(2632,'冠县',237,0,3,0),(2633,'茌平县',237,0,3,0),(2634,'莘县',237,0,3,0),(2635,'阳谷县',237,0,3,0),(2636,'高唐县',237,0,3,0),(2637,'博兴县',238,0,3,0),(2638,'惠民县',238,0,3,0),(2639,'无棣县',238,0,3,0),(2640,'沾化县',238,0,3,0),(2641,'滨城区',238,0,3,0),(2642,'邹平县',238,0,3,0),(2643,'阳信县',238,0,3,0),(2644,'东明县',239,0,3,0),(2645,'单县',239,0,3,0),(2646,'定陶县',239,0,3,0),(2647,'巨野县',239,0,3,0),(2648,'成武县',239,0,3,0),(2649,'曹县',239,0,3,0),(2650,'牡丹区',239,0,3,0),(2651,'郓城县',239,0,3,0),(2652,'鄄城县',239,0,3,0),(2653,'上街区',240,0,3,0),(2654,'中原区',240,0,3,0),(2655,'中牟县',240,0,3,0),(2656,'二七区',240,0,3,0),(2657,'巩义',240,0,3,0),(2658,'惠济区',240,0,3,0),(2659,'新密',240,0,3,0),(2660,'新郑',240,0,3,0),(2661,'登封',240,0,3,0),(2662,'管城',240,0,3,0),(2663,'荥阳',240,0,3,0),(2664,'金水区',240,0,3,0),(2665,'兰考县',241,0,3,0),(2666,'尉氏县',241,0,3,0),(2667,'开封县',241,0,3,0),(2668,'杞县',241,0,3,0),(2669,'禹王台区',241,0,3,0),(2670,'通许县',241,0,3,0),(2671,'金明区',241,0,3,0),(2672,'顺河',241,0,3,0),(2673,'鼓楼区',241,0,3,0),(2674,'龙亭区',241,0,3,0),(2675,'伊川县',242,0,3,0),(2676,'偃师',242,0,3,0),(2677,'吉利区',242,0,3,0),(2678,'孟津县',242,0,3,0),(2679,'宜阳县',242,0,3,0),(2680,'嵩县',242,0,3,0),(2681,'新安县',242,0,3,0),(2682,'栾川县',242,0,3,0),(2683,'汝阳县',242,0,3,0),(2684,'洛宁县',242,0,3,0),(2685,'洛龙区',242,0,3,0),(2686,'涧西区',242,0,3,0),(2687,'瀍河',242,0,3,0),(2688,'老城区',242,0,3,0),(2689,'西工区',242,0,3,0),(2690,'卫东区',243,0,3,0),(2691,'叶县',243,0,3,0),(2692,'宝丰县',243,0,3,0),(2693,'新华区',243,0,3,0),(2694,'汝州',243,0,3,0),(2695,'湛河区',243,0,3,0),(2696,'石龙区',243,0,3,0),(2697,'舞钢',243,0,3,0),(2698,'郏县',243,0,3,0),(2699,'鲁山县',243,0,3,0),(2700,'内黄县',244,0,3,0),(2701,'北关区',244,0,3,0),(2702,'安阳县',244,0,3,0),(2703,'文峰区',244,0,3,0),(2704,'林州',244,0,3,0),(2705,'殷都区',244,0,3,0),(2706,'汤阴县',244,0,3,0),(2707,'滑县',244,0,3,0),(2708,'龙安区',244,0,3,0),(2709,'山城区',245,0,3,0),(2710,'浚县',245,0,3,0),(2711,'淇县',245,0,3,0),(2712,'淇滨区',245,0,3,0),(2713,'鹤山区',245,0,3,0),(2714,'凤泉区',246,0,3,0),(2715,'卫滨区',246,0,3,0),(2716,'卫辉',246,0,3,0),(2717,'原阳县',246,0,3,0),(2718,'封丘县',246,0,3,0),(2719,'延津县',246,0,3,0),(2720,'新乡县',246,0,3,0),(2721,'牧野区',246,0,3,0),(2722,'红旗区',246,0,3,0),(2723,'获嘉县',246,0,3,0),(2724,'辉县',246,0,3,0),(2725,'长垣县',246,0,3,0),(2726,'中站区',247,0,3,0),(2727,'修武县',247,0,3,0),(2728,'博爱县',247,0,3,0),(2729,'孟州',247,0,3,0),(2730,'山阳区',247,0,3,0),(2731,'武陟县',247,0,3,0),(2732,'沁阳',247,0,3,0),(2733,'温县',247,0,3,0),(2734,'解放区',247,0,3,0),(2735,'马村区',247,0,3,0),(2736,'华龙区',248,0,3,0),(2737,'南乐县',248,0,3,0),(2738,'台前县',248,0,3,0),(2739,'清丰县',248,0,3,0),(2740,'濮阳县',248,0,3,0),(2741,'范县',248,0,3,0),(2742,'禹州',249,0,3,0),(2743,'襄城县',249,0,3,0),(2744,'许昌县',249,0,3,0),(2745,'鄢陵县',249,0,3,0),(2746,'长葛',249,0,3,0),(2747,'魏都区',249,0,3,0),(2748,'临颍县',250,0,3,0),(2749,'召陵区',250,0,3,0),(2750,'源汇区',250,0,3,0),(2751,'舞阳县',250,0,3,0),(2752,'郾城区',250,0,3,0),(2753,'义马',251,0,3,0),(2754,'卢氏县',251,0,3,0),(2755,'渑池县',251,0,3,0),(2756,'湖滨区',251,0,3,0),(2757,'灵宝',251,0,3,0),(2758,'陕县',251,0,3,0),(2759,'内乡县',252,0,3,0),(2760,'南召县',252,0,3,0),(2761,'卧龙区',252,0,3,0),(2762,'唐河县',252,0,3,0),(2763,'宛城区',252,0,3,0),(2764,'新野县',252,0,3,0),(2765,'方城县',252,0,3,0),(2766,'桐柏县',252,0,3,0),(2767,'淅川县',252,0,3,0),(2768,'社旗县',252,0,3,0),(2769,'西峡县',252,0,3,0),(2770,'邓州',252,0,3,0),(2771,'镇平县',252,0,3,0),(2772,'夏邑县',253,0,3,0),(2773,'宁陵县',253,0,3,0),(2774,'柘城县',253,0,3,0),(2775,'民权县',253,0,3,0),(2776,'永城',253,0,3,0),(2777,'睢县',253,0,3,0),(2778,'睢阳区',253,0,3,0),(2779,'粱园区',253,0,3,0),(2780,'虞城县',253,0,3,0),(2781,'光山县',254,0,3,0),(2782,'商城县',254,0,3,0),(2783,'固始县',254,0,3,0),(2784,'平桥区',254,0,3,0),(2785,'息县',254,0,3,0),(2786,'新县',254,0,3,0),(2787,'浉河区',254,0,3,0),(2788,'淮滨县',254,0,3,0),(2789,'潢川县',254,0,3,0),(2790,'罗山县',254,0,3,0),(2791,'商水县',255,0,3,0),(2792,'太康县',255,0,3,0),(2793,'川汇区',255,0,3,0),(2794,'扶沟县',255,0,3,0),(2795,'沈丘县',255,0,3,0),(2796,'淮阳县',255,0,3,0),(2797,'西华县',255,0,3,0),(2798,'郸城县',255,0,3,0),(2799,'项城',255,0,3,0),(2800,'鹿邑县',255,0,3,0),(2801,'上蔡县',256,0,3,0),(2802,'平舆县',256,0,3,0),(2803,'新蔡县',256,0,3,0),(2804,'正阳县',256,0,3,0),(2805,'汝南县',256,0,3,0),(2806,'泌阳县',256,0,3,0),(2807,'确山县',256,0,3,0),(2808,'西平县',256,0,3,0),(2809,'遂平县',256,0,3,0),(2810,'驿城区',256,0,3,0),(2811,'济源',257,0,3,0),(2812,'东西湖区',258,0,3,0),(2813,'新洲区',258,0,3,0),(2814,'武昌区',258,0,3,0),(2815,'汉南区',258,0,3,0),(2816,'汉阳区',258,0,3,0),(2817,'江夏区',258,0,3,0),(2818,'江岸区',258,0,3,0),(2819,'江汉区',258,0,3,0),(2820,'洪山区',258,0,3,0),(2821,'硚口区',258,0,3,0),(2822,'蔡甸区',258,0,3,0),(2823,'青山区',258,0,3,0),(2824,'黄陂区',258,0,3,0),(2825,'下陆区',259,0,3,0),(2826,'大冶',259,0,3,0),(2827,'西塞山区',259,0,3,0),(2828,'铁山区',259,0,3,0),(2829,'阳新县',259,0,3,0),(2830,'黄石港区',259,0,3,0),(2831,'丹江口',260,0,3,0),(2832,'张湾区',260,0,3,0),(2833,'房县',260,0,3,0),(2834,'竹山县',260,0,3,0),(2835,'竹溪县',260,0,3,0),(2836,'茅箭区',260,0,3,0),(2837,'郧县',260,0,3,0),(2838,'郧西县',260,0,3,0),(2840,'伍家岗区',261,0,3,0),(2841,'兴山县',261,0,3,0),(2842,'夷陵区',261,0,3,0),(2843,'宜都',261,0,3,0),(2844,'当阳',261,0,3,0),(2845,'枝江',261,0,3,0),(2846,'点军区',261,0,3,0),(2847,'秭归县',261,0,3,0),(2848,'虢亭区',261,0,3,0),(2849,'西陵区',261,0,3,0),(2850,'远安县',261,0,3,0),(2852,'保康县',262,0,3,0),(2853,'南漳县',262,0,3,0),(2854,'宜城',262,0,3,0),(2855,'枣阳',262,0,3,0),(2856,'樊城区',262,0,3,0),(2857,'老河口',262,0,3,0),(2858,'襄城区',262,0,3,0),(2859,'襄阳区',262,0,3,0),(2860,'谷城县',262,0,3,0),(2861,'华容区',263,0,3,0),(2862,'粱子湖',263,0,3,0),(2863,'鄂城区',263,0,3,0),(2864,'东宝区',264,0,3,0),(2865,'京山县',264,0,3,0),(2866,'掇刀区',264,0,3,0),(2867,'沙洋县',264,0,3,0),(2868,'钟祥',264,0,3,0),(2869,'云梦县',265,0,3,0),(2870,'大悟县',265,0,3,0),(2871,'孝南区',265,0,3,0),(2872,'孝昌县',265,0,3,0),(2873,'安陆',265,0,3,0),(2874,'应城',265,0,3,0),(2875,'汉川',265,0,3,0),(2876,'公安县',266,0,3,0),(2877,'松滋',266,0,3,0),(2878,'江陵县',266,0,3,0),(2879,'沙市区',266,0,3,0),(2880,'洪湖',266,0,3,0),(2881,'监利县',266,0,3,0),(2882,'石首',266,0,3,0),(2883,'荆州区',266,0,3,0),(2884,'团风县',267,0,3,0),(2885,'武穴',267,0,3,0),(2886,'浠水县',267,0,3,0),(2887,'红安县',267,0,3,0),(2888,'罗田县',267,0,3,0),(2889,'英山县',267,0,3,0),(2890,'蕲春县',267,0,3,0),(2891,'麻城',267,0,3,0),(2892,'黄州区',267,0,3,0),(2893,'黄梅县',267,0,3,0),(2894,'咸安区',268,0,3,0),(2895,'嘉鱼县',268,0,3,0),(2896,'崇阳县',268,0,3,0),(2897,'赤壁',268,0,3,0),(2898,'通城县',268,0,3,0),(2899,'通山县',268,0,3,0),(2900,'广水',269,0,3,0),(2901,'曾都区',269,0,3,0),(2902,'利川',270,0,3,0),(2903,'咸丰县',270,0,3,0),(2904,'宣恩县',270,0,3,0),(2905,'巴东县',270,0,3,0),(2906,'建始县',270,0,3,0),(2907,'恩施',270,0,3,0),(2908,'来凤县',270,0,3,0),(2909,'鹤峰县',270,0,3,0),(2910,'仙桃',271,0,3,0),(2911,'潜江',272,0,3,0),(2912,'天门',273,0,3,0),(2914,'天心区',275,0,3,0),(2915,'宁乡县',275,0,3,0),(2916,'岳麓区',275,0,3,0),(2917,'开福区',275,0,3,0),(2918,'望城县',275,0,3,0),(2919,'浏阳',275,0,3,0),(2920,'芙蓉区',275,0,3,0),(2921,'长沙县',275,0,3,0),(2922,'雨花区',275,0,3,0),(2923,'天元区',276,0,3,0),(2924,'攸县',276,0,3,0),(2925,'株洲县',276,0,3,0),(2926,'炎陵县',276,0,3,0),(2927,'石峰区',276,0,3,0),(2928,'芦淞区',276,0,3,0),(2929,'茶陵县',276,0,3,0),(2930,'荷塘区',276,0,3,0),(2931,'醴陵',276,0,3,0),(2932,'岳塘区',277,0,3,0),(2933,'湘乡',277,0,3,0),(2934,'湘潭县',277,0,3,0),(2935,'雨湖区',277,0,3,0),(2936,'韶山',277,0,3,0),(2937,'南岳区',278,0,3,0),(2938,'常宁',278,0,3,0),(2939,'珠晖区',278,0,3,0),(2940,'石鼓区',278,0,3,0),(2941,'祁东县',278,0,3,0),(2942,'耒阳',278,0,3,0),(2943,'蒸湘区',278,0,3,0),(2944,'衡东县',278,0,3,0),(2945,'衡南县',278,0,3,0),(2946,'衡山县',278,0,3,0),(2947,'衡阳县',278,0,3,0),(2948,'雁峰区',278,0,3,0),(2949,'北塔区',279,0,3,0),(2950,'双清区',279,0,3,0),(2952,'大祥区',279,0,3,0),(2953,'新宁县',279,0,3,0),(2954,'新邵县',279,0,3,0),(2955,'武冈',279,0,3,0),(2956,'洞口县',279,0,3,0),(2957,'绥宁县',279,0,3,0),(2958,'邵东县',279,0,3,0),(2959,'邵阳县',279,0,3,0),(2960,'隆回县',279,0,3,0),(2961,'临湘',280,0,3,0),(2962,'云溪区',280,0,3,0),(2963,'华容县',280,0,3,0),(2964,'君山区',280,0,3,0),(2965,'岳阳县',280,0,3,0),(2966,'岳阳楼区',280,0,3,0),(2967,'平江县',280,0,3,0),(2968,'汨罗',280,0,3,0),(2969,'湘阴县',280,0,3,0),(2970,'临澧县',281,0,3,0),(2971,'安乡县',281,0,3,0),(2972,'桃源县',281,0,3,0),(2973,'武陵区',281,0,3,0),(2974,'汉寿县',281,0,3,0),(2975,'津市',281,0,3,0),(2976,'澧县',281,0,3,0),(2977,'石门县',281,0,3,0),(2978,'鼎城区',281,0,3,0),(2979,'慈利县',282,0,3,0),(2980,'桑植县',282,0,3,0),(2981,'武陵源区',282,0,3,0),(2982,'永定区',282,0,3,0),(2983,'南县',283,0,3,0),(2984,'安化县',283,0,3,0),(2985,'桃江县',283,0,3,0),(2986,'沅江',283,0,3,0),(2987,'资阳区',283,0,3,0),(2988,'赫山区',283,0,3,0),(2989,'临武县',284,0,3,0),(2990,'北湖区',284,0,3,0),(2991,'嘉禾县',284,0,3,0),(2992,'安仁县',284,0,3,0),(2993,'宜章县',284,0,3,0),(2994,'桂东县',284,0,3,0),(2995,'桂阳县',284,0,3,0),(2996,'永兴县',284,0,3,0),(2997,'汝城县',284,0,3,0),(2998,'苏仙区',284,0,3,0),(2999,'资兴',284,0,3,0),(3000,'东安县',285,0,3,0),(3001,'冷水滩区',285,0,3,0),(3002,'双牌县',285,0,3,0),(3003,'宁远县',285,0,3,0),(3004,'新田县',285,0,3,0),(3006,'江永县',285,0,3,0),(3007,'祁阳县',285,0,3,0),(3008,'蓝山县',285,0,3,0),(3009,'道县',285,0,3,0),(3010,'零陵区',285,0,3,0),(3011,'中方县',286,0,3,0),(3012,'会同县',286,0,3,0),(3014,'沅陵县',286,0,3,0),(3016,'溆浦县',286,0,3,0),(3021,'鹤城区',286,0,3,0),(3023,'冷水江',287,0,3,0),(3024,'双峰县',287,0,3,0),(3025,'娄星区',287,0,3,0),(3026,'新化县',287,0,3,0),(3027,'涟源',287,0,3,0),(3028,'保靖县',288,0,3,0),(3029,'凤凰县',288,0,3,0),(3030,'古丈县',288,0,3,0),(3031,'吉首',288,0,3,0),(3032,'永顺县',288,0,3,0),(3033,'泸溪县',288,0,3,0),(3034,'花垣县',288,0,3,0),(3035,'龙山县',288,0,3,0),(3036,'萝岗区',289,0,3,0),(3037,'南沙区',289,0,3,0),(3038,'从化',289,0,3,0),(3039,'增城',289,0,3,0),(3040,'天河区',289,0,3,0),(3041,'海珠区',289,0,3,0),(3042,'番禺区',289,0,3,0),(3043,'白云区',289,0,3,0),(3044,'花都区',289,0,3,0),(3045,'荔湾区',289,0,3,0),(3046,'越秀区',289,0,3,0),(3047,'黄埔区',289,0,3,0),(3048,'乐昌',290,0,3,0),(3050,'仁化县',290,0,3,0),(3051,'南雄',290,0,3,0),(3052,'始兴县',290,0,3,0),(3053,'新丰县',290,0,3,0),(3054,'曲江区',290,0,3,0),(3055,'武江区',290,0,3,0),(3056,'浈江区',290,0,3,0),(3057,'翁源县',290,0,3,0),(3058,'南山区',291,0,3,0),(3059,'宝安区',291,0,3,0),(3060,'盐田区',291,0,3,0),(3061,'福田区',291,0,3,0),(3062,'罗湖区',291,0,3,0),(3063,'龙岗区',291,0,3,0),(3064,'斗门区',292,0,3,0),(3065,'金湾区',292,0,3,0),(3066,'香洲区',292,0,3,0),(3067,'南澳县',293,0,3,0),(3068,'潮南区',293,0,3,0),(3069,'潮阳区',293,0,3,0),(3070,'澄海区',293,0,3,0),(3071,'濠江区',293,0,3,0),(3072,'金平区',293,0,3,0),(3073,'龙湖区',293,0,3,0),(3074,'三水区',294,0,3,0),(3075,'南海区',294,0,3,0),(3076,'禅城区',294,0,3,0),(3077,'顺德区',294,0,3,0),(3078,'高明区',294,0,3,0),(3079,'台山',295,0,3,0),(3080,'开平',295,0,3,0),(3081,'恩平',295,0,3,0),(3082,'新会区',295,0,3,0),(3083,'江海区',295,0,3,0),(3084,'蓬江区',295,0,3,0),(3085,'鹤山',295,0,3,0),(3086,'吴川',296,0,3,0),(3087,'坡头区',296,0,3,0),(3088,'廉江',296,0,3,0),(3089,'徐闻县',296,0,3,0),(3090,'赤坎区',296,0,3,0),(3091,'遂溪县',296,0,3,0),(3092,'雷州',296,0,3,0),(3093,'霞山区',296,0,3,0),(3094,'麻章区',296,0,3,0),(3095,'信宜',297,0,3,0),(3096,'化州',297,0,3,0),(3097,'电白县',297,0,3,0),(3098,'茂南区',297,0,3,0),(3099,'茂港区',297,0,3,0),(3100,'高州',297,0,3,0),(3101,'四会',298,0,3,0),(3102,'封开县',298,0,3,0),(3103,'广宁县',298,0,3,0),(3104,'德庆县',298,0,3,0),(3105,'怀集县',298,0,3,0),(3106,'端州区',298,0,3,0),(3107,'高要',298,0,3,0),(3108,'鼎湖区',298,0,3,0),(3109,'博罗县',299,0,3,0),(3110,'惠东县',299,0,3,0),(3111,'惠城区',299,0,3,0),(3112,'惠阳区',299,0,3,0),(3113,'龙门县',299,0,3,0),(3114,'丰顺县',300,0,3,0),(3115,'五华县',300,0,3,0),(3116,'兴宁',300,0,3,0),(3117,'大埔县',300,0,3,0),(3118,'平远县',300,0,3,0),(3119,'梅县',300,0,3,0),(3120,'梅江区',300,0,3,0),(3121,'蕉岭县',300,0,3,0),(3122,'城区',301,0,3,0),(3123,'海丰县',301,0,3,0),(3124,'陆丰',301,0,3,0),(3125,'陆河县',301,0,3,0),(3126,'东源县',302,0,3,0),(3127,'和平县',302,0,3,0),(3128,'源城区',302,0,3,0),(3129,'紫金县',302,0,3,0),(3130,'连平县',302,0,3,0),(3131,'龙川县',302,0,3,0),(3132,'江城区',303,0,3,0),(3133,'阳东县',303,0,3,0),(3134,'阳春',303,0,3,0),(3135,'阳西县',303,0,3,0),(3136,'佛冈县',304,0,3,0),(3137,'清城区',304,0,3,0),(3138,'清新县',304,0,3,0),(3139,'英德',304,0,3,0),(3142,'连州',304,0,3,0),(3143,'阳山县',304,0,3,0),(3144,'东莞',305,0,3,0),(3145,'中山',306,0,3,0),(3146,'湘桥区',307,0,3,0),(3147,'潮安县',307,0,3,0),(3148,'饶平县',307,0,3,0),(3149,'惠来县',308,0,3,0),(3150,'揭东县',308,0,3,0),(3151,'揭西县',308,0,3,0),(3152,'普宁',308,0,3,0),(3153,'榕城区',308,0,3,0),(3154,'云城区',309,0,3,0),(3155,'云安县',309,0,3,0),(3156,'新兴县',309,0,3,0),(3157,'罗定',309,0,3,0),(3158,'郁南县',309,0,3,0),(3159,'上林县',310,0,3,0),(3160,'兴宁区',310,0,3,0),(3161,'宾阳县',310,0,3,0),(3162,'横县',310,0,3,0),(3163,'武鸣县',310,0,3,0),(3164,'江南区',310,0,3,0),(3165,'良庆区',310,0,3,0),(3166,'西乡塘区',310,0,3,0),(3167,'邕宁区',310,0,3,0),(3168,'隆安县',310,0,3,0),(3169,'青秀区',310,0,3,0),(3170,'马山县',310,0,3,0),(3171,'三江',311,0,3,0),(3172,'城中区',311,0,3,0),(3173,'柳北区',311,0,3,0),(3174,'柳南区',311,0,3,0),(3175,'柳城县',311,0,3,0),(3176,'柳江县',311,0,3,0),(3177,'融安县',311,0,3,0),(3178,'融水',311,0,3,0),(3179,'鱼峰区',311,0,3,0),(3180,'鹿寨县',311,0,3,0),(3181,'七星区',312,0,3,0),(3182,'临桂县',312,0,3,0),(3183,'全州县',312,0,3,0),(3184,'兴安县',312,0,3,0),(3185,'叠彩区',312,0,3,0),(3186,'平乐县',312,0,3,0),(3187,'恭城',312,0,3,0),(3188,'永福县',312,0,3,0),(3189,'灌阳县',312,0,3,0),(3190,'灵川县',312,0,3,0),(3191,'秀峰区',312,0,3,0),(3192,'荔浦县',312,0,3,0),(3193,'象山区',312,0,3,0),(3194,'资源县',312,0,3,0),(3195,'阳朔县',312,0,3,0),(3196,'雁山区',312,0,3,0),(3197,'龙胜',312,0,3,0),(3198,'万秀区',313,0,3,0),(3199,'岑溪',313,0,3,0),(3200,'苍梧县',313,0,3,0),(3201,'蒙山县',313,0,3,0),(3202,'藤县',313,0,3,0),(3203,'蝶山区',313,0,3,0),(3204,'长洲区',313,0,3,0),(3205,'合浦县',314,0,3,0),(3206,'海城区',314,0,3,0),(3207,'铁山港区',314,0,3,0),(3208,'银海区',314,0,3,0),(3209,'上思县',315,0,3,0),(3210,'东兴',315,0,3,0),(3211,'港口区',315,0,3,0),(3212,'防城区',315,0,3,0),(3213,'浦北县',316,0,3,0),(3214,'灵山县',316,0,3,0),(3215,'钦北区',316,0,3,0),(3216,'钦南区',316,0,3,0),(3217,'平南县',317,0,3,0),(3218,'桂平',317,0,3,0),(3219,'港北区',317,0,3,0),(3220,'港南区',317,0,3,0),(3221,'覃塘区',317,0,3,0),(3222,'兴业县',318,0,3,0),(3223,'北流',318,0,3,0),(3224,'博白县',318,0,3,0),(3225,'容县',318,0,3,0),(3226,'玉州区',318,0,3,0),(3227,'陆川县',318,0,3,0),(3228,'乐业县',319,0,3,0),(3229,'凌云县',319,0,3,0),(3230,'右江区',319,0,3,0),(3231,'平果县',319,0,3,0),(3232,'德保县',319,0,3,0),(3233,'田东县',319,0,3,0),(3234,'田林县',319,0,3,0),(3235,'田阳县',319,0,3,0),(3236,'西林县',319,0,3,0),(3237,'那坡县',319,0,3,0),(3239,'靖西县',319,0,3,0),(3240,'八步区',320,0,3,0),(3242,'昭平县',320,0,3,0),(3243,'钟山县',320,0,3,0),(3244,'东兰县',321,0,3,0),(3245,'凤山县',321,0,3,0),(3246,'南丹县',321,0,3,0),(3248,'天峨县',321,0,3,0),(3249,'宜州',321,0,3,0),(3254,'金城江区',321,0,3,0),(3255,'兴宾区',322,0,3,0),(3256,'合山',322,0,3,0),(3257,'忻城县',322,0,3,0),(3258,'武宣县',322,0,3,0),(3259,'象州县',322,0,3,0),(3260,'金秀',322,0,3,0),(3261,'凭祥',323,0,3,0),(3262,'大新县',323,0,3,0),(3263,'天等县',323,0,3,0),(3264,'宁明县',323,0,3,0),(3265,'扶绥县',323,0,3,0),(3266,'江州区',323,0,3,0),(3267,'龙州县',323,0,3,0),(3268,'琼山区',324,0,3,0),(3269,'秀英区',324,0,3,0),(3270,'美兰区',324,0,3,0),(3271,'龙华区',324,0,3,0),(3272,'三亚',325,0,3,0),(3273,'五指山',326,0,3,0),(3274,'琼海',327,0,3,0),(3275,'儋州',328,0,3,0),(3276,'文昌',329,0,3,0),(3277,'万宁',330,0,3,0),(3278,'东方',331,0,3,0),(3279,'定安县',332,0,3,0),(3280,'屯昌县',333,0,3,0),(3281,'澄迈县',334,0,3,0),(3282,'临高县',335,0,3,0),(4209,'双流县',385,0,3,0),(4210,'大邑县',385,0,3,0),(4211,'崇州',385,0,3,0),(4212,'彭州',385,0,3,0),(4213,'成华区',385,0,3,0),(4214,'新津县',385,0,3,0),(4215,'新都区',385,0,3,0),(4216,'武侯区',385,0,3,0),(4217,'温江区',385,0,3,0),(4218,'蒲江县',385,0,3,0),(4219,'邛崃',385,0,3,0),(4220,'郫县',385,0,3,0),(4221,'都江堰',385,0,3,0),(4222,'金堂县',385,0,3,0),(4223,'金牛区',385,0,3,0),(4224,'锦江区',385,0,3,0),(4225,'青白江区',385,0,3,0),(4226,'青羊区',385,0,3,0),(4227,'龙泉驿区',385,0,3,0),(4228,'大安区',386,0,3,0),(4229,'富顺县',386,0,3,0),(4230,'沿滩区',386,0,3,0),(4231,'自流井区',386,0,3,0),(4232,'荣县',386,0,3,0),(4233,'贡井区',386,0,3,0),(4234,'东区',387,0,3,0),(4235,'仁和区',387,0,3,0),(4236,'盐边县',387,0,3,0),(4237,'米易县',387,0,3,0),(4238,'西区',387,0,3,0),(4239,'叙永县',388,0,3,0),(4240,'古蔺县',388,0,3,0),(4241,'合江县',388,0,3,0),(4242,'江阳区',388,0,3,0),(4243,'泸县',388,0,3,0),(4244,'纳溪区',388,0,3,0),(4245,'龙马潭区',388,0,3,0),(4246,'中江县',389,0,3,0),(4247,'什邡',389,0,3,0),(4248,'广汉',389,0,3,0),(4249,'旌阳区',389,0,3,0),(4250,'绵竹',389,0,3,0),(4251,'罗江县',389,0,3,0),(4252,'三台县',390,0,3,0),(4253,'北川',390,0,3,0),(4254,'安县',390,0,3,0),(4255,'平武县',390,0,3,0),(4256,'梓潼县',390,0,3,0),(4257,'江油',390,0,3,0),(4258,'涪城区',390,0,3,0),(4259,'游仙区',390,0,3,0),(4260,'盐亭县',390,0,3,0),(4261,'元坝区',391,0,3,0),(4262,'利州区',391,0,3,0),(4263,'剑阁县',391,0,3,0),(4264,'旺苍县',391,0,3,0),(4265,'朝天区',391,0,3,0),(4266,'苍溪县',391,0,3,0),(4267,'青川县',391,0,3,0),(4268,'大英县',392,0,3,0),(4269,'安居区',392,0,3,0),(4270,'射洪县',392,0,3,0),(4271,'船山区',392,0,3,0),(4272,'蓬溪县',392,0,3,0),(4273,'东兴区',393,0,3,0),(4274,'威远县',393,0,3,0),(4275,'市中区',393,0,3,0),(4276,'资中县',393,0,3,0),(4277,'隆昌县',393,0,3,0),(4278,'五通桥区',394,0,3,0),(4279,'井研县',394,0,3,0),(4280,'夹江县',394,0,3,0),(4281,'峨眉山',394,0,3,0),(4282,'峨边',394,0,3,0),(4283,'市中区',394,0,3,0),(4284,'沐川县',394,0,3,0),(4285,'沙湾区',394,0,3,0),(4286,'犍为县',394,0,3,0),(4287,'金口河区',394,0,3,0),(4288,'马边',394,0,3,0),(4289,'仪陇县',395,0,3,0),(4290,'嘉陵区',395,0,3,0),(4291,'南部县',395,0,3,0),(4292,'嘉陵区',395,0,3,0),(4293,'营山县',395,0,3,0),(4294,'蓬安县',395,0,3,0),(4295,'西充县',395,0,3,0),(4296,'阆中',395,0,3,0),(4297,'顺庆区',395,0,3,0),(4298,'高坪区',395,0,3,0),(4299,'东坡区',396,0,3,0),(4300,'丹棱县',396,0,3,0),(4301,'仁寿县',396,0,3,0),(4302,'彭山县',396,0,3,0),(4303,'洪雅县',396,0,3,0),(4304,'青神县',396,0,3,0),(4305,'兴文县',397,0,3,0),(4306,'南溪县',397,0,3,0),(4307,'宜宾县',397,0,3,0),(4308,'屏山县',397,0,3,0),(4309,'江安县',397,0,3,0),(4310,'珙县',397,0,3,0),(4311,'筠连县',397,0,3,0),(4312,'翠屏区',397,0,3,0),(4313,'长宁县',397,0,3,0),(4314,'高县',397,0,3,0),(4315,'华蓥',398,0,3,0),(4316,'岳池县',398,0,3,0),(4317,'广安区',398,0,3,0),(4318,'武胜县',398,0,3,0),(4319,'邻水县',398,0,3,0),(4320,'万源',399,0,3,0),(4321,'大竹县',399,0,3,0),(4322,'宣汉县',399,0,3,0),(4323,'开江县',399,0,3,0),(4324,'渠县',399,0,3,0),(4325,'达县',399,0,3,0),(4326,'通川区',399,0,3,0),(4327,'名山县',400,0,3,0),(4328,'天全县',400,0,3,0),(4329,'宝兴县',400,0,3,0),(4330,'汉源县',400,0,3,0),(4331,'石棉县',400,0,3,0),(4332,'芦山县',400,0,3,0),(4333,'荥经县',400,0,3,0),(4334,'雨城区',400,0,3,0),(4335,'南江县',401,0,3,0),(4336,'巴州区',401,0,3,0),(4337,'平昌县',401,0,3,0),(4338,'通江县',401,0,3,0),(4339,'乐至县',402,0,3,0),(4340,'安岳县',402,0,3,0),(4341,'简阳',402,0,3,0),(4342,'雁江区',402,0,3,0),(4343,'九寨沟县',403,0,3,0),(4344,'壤塘县',403,0,3,0),(4345,'小金县',403,0,3,0),(4346,'松潘县',403,0,3,0),(4347,'汶川县',403,0,3,0),(4348,'理县',403,0,3,0),(4349,'红原县',403,0,3,0),(4350,'若尔盖县',403,0,3,0),(4351,'茂县',403,0,3,0),(4352,'金川县',403,0,3,0),(4353,'阿坝县',403,0,3,0),(4354,'马尔康县',403,0,3,0),(4355,'黑水县',403,0,3,0),(4356,'丹巴县',404,0,3,0),(4357,'乡城县',404,0,3,0),(4358,'巴塘县',404,0,3,0),(4359,'康定县',404,0,3,0),(4360,'得荣县',404,0,3,0),(4361,'德格县',404,0,3,0),(4362,'新龙县',404,0,3,0),(4363,'泸定县',404,0,3,0),(4364,'炉霍县',404,0,3,0),(4365,'理塘县',404,0,3,0),(4366,'甘孜县',404,0,3,0),(4367,'白玉县',404,0,3,0),(4368,'石渠县',404,0,3,0),(4369,'稻城县',404,0,3,0),(4370,'色达县',404,0,3,0),(4371,'道孚县',404,0,3,0),(4372,'雅江县',404,0,3,0),(4373,'会东县',405,0,3,0),(4374,'会理县',405,0,3,0),(4375,'冕宁县',405,0,3,0),(4376,'喜德县',405,0,3,0),(4377,'宁南县',405,0,3,0),(4378,'布拖县',405,0,3,0),(4379,'德昌县',405,0,3,0),(4380,'昭觉县',405,0,3,0),(4381,'普格县',405,0,3,0),(4382,'木里',405,0,3,0),(4383,'甘洛县',405,0,3,0),(4384,'盐源县',405,0,3,0),(4385,'美姑县',405,0,3,0),(4386,'西昌',405,0,3,0),(4387,'越西县',405,0,3,0),(4388,'金阳县',405,0,3,0),(4389,'雷波县',405,0,3,0),(4390,'乌当区',406,0,3,0),(4391,'云岩区',406,0,3,0),(4392,'修文县',406,0,3,0),(4393,'南明区',406,0,3,0),(4394,'小河区',406,0,3,0),(4395,'开阳县',406,0,3,0),(4396,'息烽县',406,0,3,0),(4397,'清镇',406,0,3,0),(4398,'白云区',406,0,3,0),(4399,'花溪区',406,0,3,0),(4400,'六枝特区',407,0,3,0),(4401,'水城县',407,0,3,0),(4402,'盘县',407,0,3,0),(4403,'钟山区',407,0,3,0),(4404,'习水县',408,0,3,0),(4405,'仁怀',408,0,3,0),(4406,'余庆县',408,0,3,0),(4407,'凤冈县',408,0,3,0),(4409,'桐梓县',408,0,3,0),(4410,'正安县',408,0,3,0),(4411,'汇川区',408,0,3,0),(4412,'湄潭县',408,0,3,0),(4413,'红花岗区',408,0,3,0),(4414,'绥阳县',408,0,3,0),(4415,'赤水',408,0,3,0),(4417,'遵义县',408,0,3,0),(4419,'平坝县',409,0,3,0),(4420,'普定县',409,0,3,0),(4422,'西秀区',409,0,3,0),(4424,'万山特区',410,0,3,0),(4426,'德江县',410,0,3,0),(4427,'思南县',410,0,3,0),(4432,'石阡县',410,0,3,0),(4433,'铜仁',410,0,3,0),(4434,'兴义',411,0,3,0),(4435,'兴仁县',411,0,3,0),(4436,'册亨县',411,0,3,0),(4437,'安龙县',411,0,3,0),(4438,'普安县',411,0,3,0),(4439,'晴隆县',411,0,3,0),(4440,'望谟县',411,0,3,0),(4441,'贞丰县',411,0,3,0),(4442,'大方县',412,0,3,0),(4444,'毕节',412,0,3,0),(4445,'纳雍县',412,0,3,0),(4446,'织金县',412,0,3,0),(4447,'赫章县',412,0,3,0),(4448,'金沙县',412,0,3,0),(4449,'黔西县',412,0,3,0),(4450,'三穗县',413,0,3,0),(4451,'丹寨县',413,0,3,0),(4452,'从江县',413,0,3,0),(4453,'凯里',413,0,3,0),(4454,'剑河县',413,0,3,0),(4455,'台江县',413,0,3,0),(4456,'天柱县',413,0,3,0),(4457,'岑巩县',413,0,3,0),(4458,'施秉县',413,0,3,0),(4459,'榕江县',413,0,3,0),(4460,'锦屏县',413,0,3,0),(4461,'镇远县',413,0,3,0),(4462,'雷山县',413,0,3,0),(4463,'麻江县',413,0,3,0),(4464,'黄平县',413,0,3,0),(4465,'黎平县',413,0,3,0),(4467,'平塘县',414,0,3,0),(4468,'惠水县',414,0,3,0),(4469,'独山县',414,0,3,0),(4470,'瓮安县',414,0,3,0),(4471,'福泉',414,0,3,0),(4472,'罗甸县',414,0,3,0),(4473,'荔波县',414,0,3,0),(4474,'贵定县',414,0,3,0),(4475,'都匀',414,0,3,0),(4476,'长顺县',414,0,3,0),(4477,'龙里县',414,0,3,0),(4478,'东川区',415,0,3,0),(4479,'五华区',415,0,3,0),(4480,'呈贡县',415,0,3,0),(4481,'安宁',415,0,3,0),(4482,'官渡区',415,0,3,0),(4483,'宜良县',415,0,3,0),(4484,'富民县',415,0,3,0),(4486,'嵩明县',415,0,3,0),(4487,'晋宁县',415,0,3,0),(4488,'盘龙区',415,0,3,0),(4491,'西山区',415,0,3,0),(4492,'会泽县',416,0,3,0),(4493,'宣威',416,0,3,0),(4494,'富源县',416,0,3,0),(4495,'师宗县',416,0,3,0),(4496,'沾益县',416,0,3,0),(4497,'罗平县',416,0,3,0),(4498,'陆良县',416,0,3,0),(4499,'马龙县',416,0,3,0),(4500,'麒麟区',416,0,3,0),(4502,'华宁县',417,0,3,0),(4505,'易门县',417,0,3,0),(4506,'江川县',417,0,3,0),(4507,'澄江县',417,0,3,0),(4508,'红塔区',417,0,3,0),(4509,'通海县',417,0,3,0),(4510,'施甸县',418,0,3,0),(4511,'昌宁县',418,0,3,0),(4512,'腾冲县',418,0,3,0),(4513,'隆阳区',418,0,3,0),(4514,'龙陵县',418,0,3,0),(4515,'大关县',419,0,3,0),(4516,'威信县',419,0,3,0),(4517,'巧家县',419,0,3,0),(4518,'彝良县',419,0,3,0),(4519,'昭阳区',419,0,3,0),(4520,'水富县',419,0,3,0),(4521,'永善县',419,0,3,0),(4522,'盐津县',419,0,3,0),(4523,'绥江县',419,0,3,0),(4524,'镇雄县',419,0,3,0),(4525,'鲁甸县',419,0,3,0),(4526,'华坪县',420,0,3,0),(4527,'古城区',420,0,3,0),(4528,'宁蒗',420,0,3,0),(4529,'永胜县',420,0,3,0),(4530,'玉龙',420,0,3,0),(4531,'临翔区',422,0,3,0),(4532,'云县',422,0,3,0),(4533,'凤庆县',422,0,3,0),(4534,'双江',422,0,3,0),(4535,'永德县',422,0,3,0),(4536,'沧源',422,0,3,0),(4537,'耿马',422,0,3,0),(4538,'镇康县',422,0,3,0),(4539,'元谋县',423,0,3,0),(4540,'南华县',423,0,3,0),(4541,'双柏县',423,0,3,0),(4542,'大姚县',423,0,3,0),(4543,'姚安县',423,0,3,0),(4544,'楚雄',423,0,3,0),(4545,'武定县',423,0,3,0),(4546,'永仁县',423,0,3,0),(4547,'牟定县',423,0,3,0),(4548,'禄丰县',423,0,3,0),(4549,'个旧',424,0,3,0),(4550,'元阳县',424,0,3,0),(4551,'屏边',424,0,3,0),(4552,'建水县',424,0,3,0),(4553,'开远',424,0,3,0),(4554,'弥勒县',424,0,3,0),(4555,'河口',424,0,3,0),(4556,'泸西县',424,0,3,0),(4557,'石屏县',424,0,3,0),(4558,'红河县',424,0,3,0),(4559,'绿春县',424,0,3,0),(4560,'蒙自县',424,0,3,0),(4561,'金平',424,0,3,0),(4562,'丘北县',425,0,3,0),(4563,'富宁县',425,0,3,0),(4564,'广南县',425,0,3,0),(4565,'文山县',425,0,3,0),(4566,'砚山县',425,0,3,0),(4567,'西畴县',425,0,3,0),(4568,'马关县',425,0,3,0),(4569,'麻栗坡县',425,0,3,0),(4570,'勐海县',426,0,3,0),(4571,'勐腊县',426,0,3,0),(4572,'景洪',426,0,3,0),(4573,'云龙县',427,0,3,0),(4574,'剑川县',427,0,3,0),(4575,'南涧',427,0,3,0),(4576,'大理',427,0,3,0),(4577,'宾川县',427,0,3,0),(4578,'巍山',427,0,3,0),(4579,'弥渡县',427,0,3,0),(4580,'永平县',427,0,3,0),(4581,'洱源县',427,0,3,0),(4582,'漾濞',427,0,3,0),(4583,'祥云县',427,0,3,0),(4584,'鹤庆县',427,0,3,0),(4585,'梁河县',428,0,3,0),(4586,'潞西',428,0,3,0),(4587,'瑞丽',428,0,3,0),(4588,'盈江县',428,0,3,0),(4589,'陇川县',428,0,3,0),(4590,'德钦县',430,0,3,0),(4591,'维西傈',430,0,3,0),(4592,'香格里拉',430,0,3,0),(4593,'城关区',431,0,3,0),(4594,'堆龙德庆',431,0,3,0),(4595,'墨竹工卡',431,0,3,0),(4596,'尼木县',431,0,3,0),(4597,'当雄县',431,0,3,0),(4598,'曲水县',431,0,3,0),(4599,'林周县',431,0,3,0),(4600,'达孜县',431,0,3,0),(4601,'丁青县',432,0,3,0),(4602,'八宿县',432,0,3,0),(4603,'察雅县',432,0,3,0),(4604,'左贡县',432,0,3,0),(4605,'昌都县',432,0,3,0),(4606,'江达县',432,0,3,0),(4607,'洛隆县',432,0,3,0),(4608,'类乌齐县',432,0,3,0),(4609,'芒康县',432,0,3,0),(4610,'贡觉县',432,0,3,0),(4611,'边坝县',432,0,3,0),(4612,'乃东县',433,0,3,0),(4613,'加查县',433,0,3,0),(4614,'扎囊县',433,0,3,0),(4615,'措美县',433,0,3,0),(4616,'曲松县',433,0,3,0),(4617,'桑日县',433,0,3,0),(4618,'洛扎县',433,0,3,0),(4619,'浪卡子县',433,0,3,0),(4620,'琼结县',433,0,3,0),(4621,'贡嘎县',433,0,3,0),(4622,'错那县',433,0,3,0),(4623,'隆子县',433,0,3,0),(4624,'亚东县',434,0,3,0),(4625,'仁布县',434,0,3,0),(4626,'仲巴县',434,0,3,0),(4627,'南木林县',434,0,3,0),(4628,'吉隆县',434,0,3,0),(4629,'定日县',434,0,3,0),(4630,'定结县',434,0,3,0),(4631,'岗巴县',434,0,3,0),(4632,'康马县',434,0,3,0),(4633,'拉孜县',434,0,3,0),(4634,'日喀则',434,0,3,0),(4635,'昂仁县',434,0,3,0),(4636,'江孜县',434,0,3,0),(4637,'白朗县',434,0,3,0),(4638,'聂拉木县',434,0,3,0),(4639,'萨嘎县',434,0,3,0),(4640,'萨迦县',434,0,3,0),(4641,'谢通门县',434,0,3,0),(4642,'嘉黎县',435,0,3,0),(4643,'安多县',435,0,3,0),(4644,'尼玛县',435,0,3,0),(4645,'巴青县',435,0,3,0),(4646,'比如县',435,0,3,0),(4647,'班戈县',435,0,3,0),(4648,'申扎县',435,0,3,0),(4649,'索县',435,0,3,0),(4650,'聂荣县',435,0,3,0),(4651,'那曲县',435,0,3,0),(4652,'噶尔县',436,0,3,0),(4653,'措勤县',436,0,3,0),(4654,'改则县',436,0,3,0),(4655,'日土县',436,0,3,0),(4656,'普兰县',436,0,3,0),(4657,'札达县',436,0,3,0),(4658,'革吉县',436,0,3,0),(4659,'墨脱县',437,0,3,0),(4660,'察隅县',437,0,3,0),(4661,'工布江达',437,0,3,0),(4662,'朗县',437,0,3,0),(4663,'林芝县',437,0,3,0),(4664,'波密县',437,0,3,0),(4665,'米林县',437,0,3,0),(4666,'临潼区',438,0,3,0),(4667,'周至县',438,0,3,0),(4668,'户县',438,0,3,0),(4669,'新城区',438,0,3,0),(4670,'未央区',438,0,3,0),(4671,'灞桥区',438,0,3,0),(4672,'碑林区',438,0,3,0),(4673,'莲湖区',438,0,3,0),(4674,'蓝田县',438,0,3,0),(4675,'长安区',438,0,3,0),(4676,'阎良区',438,0,3,0),(4677,'雁塔区',438,0,3,0),(4678,'高陵县',438,0,3,0),(4679,'印台区',439,0,3,0),(4680,'宜君县',439,0,3,0),(4681,'王益区',439,0,3,0),(4682,'耀州区',439,0,3,0),(4683,'凤县',440,0,3,0),(4684,'凤翔县',440,0,3,0),(4685,'千阳县',440,0,3,0),(4686,'太白县',440,0,3,0),(4687,'岐山县',440,0,3,0),(4688,'扶风县',440,0,3,0),(4689,'渭滨区',440,0,3,0),(4690,'眉县',440,0,3,0),(4691,'金台区',440,0,3,0),(4692,'陇县',440,0,3,0),(4693,'陈仓区',440,0,3,0),(4694,'麟游县',440,0,3,0),(4695,'三原县',441,0,3,0),(4696,'干县',441,0,3,0),(4697,'兴平',441,0,3,0),(4698,'彬县',441,0,3,0),(4699,'旬邑县',441,0,3,0),(4700,'杨陵区',441,0,3,0),(4701,'武功县',441,0,3,0),(4702,'永寿县',441,0,3,0),(4703,'泾阳县',441,0,3,0),(4704,'淳化县',441,0,3,0),(4705,'渭城区',441,0,3,0),(4706,'礼泉县',441,0,3,0),(4707,'秦都区',441,0,3,0),(4708,'长武县',441,0,3,0),(4709,'临渭区',442,0,3,0),(4710,'华县',442,0,3,0),(4711,'华阴',442,0,3,0),(4712,'合阳县',442,0,3,0),(4713,'大荔县',442,0,3,0),(4714,'富平县',442,0,3,0),(4715,'潼关县',442,0,3,0),(4716,'澄城县',442,0,3,0),(4717,'白水县',442,0,3,0),(4718,'蒲城县',442,0,3,0),(4719,'韩城',442,0,3,0),(4720,'吴起县',443,0,3,0),(4721,'子长县',443,0,3,0),(4722,'安塞县',443,0,3,0),(4723,'宜川县',443,0,3,0),(4724,'宝塔区',443,0,3,0),(4725,'富县',443,0,3,0),(4726,'延川县',443,0,3,0),(4727,'延长县',443,0,3,0),(4728,'志丹县',443,0,3,0),(4729,'洛川县',443,0,3,0),(4730,'甘泉县',443,0,3,0),(4731,'黄陵县',443,0,3,0),(4732,'黄龙县',443,0,3,0),(4733,'佛坪县',444,0,3,0),(4734,'勉县',444,0,3,0),(4735,'南郑县',444,0,3,0),(4736,'城固县',444,0,3,0),(4737,'宁强县',444,0,3,0),(4738,'汉台区',444,0,3,0),(4739,'洋县',444,0,3,0),(4740,'留坝县',444,0,3,0),(4741,'略阳县',444,0,3,0),(4742,'西乡县',444,0,3,0),(4743,'镇巴县',444,0,3,0),(4744,'佳县',445,0,3,0),(4745,'吴堡县',445,0,3,0),(4746,'子洲县',445,0,3,0),(4747,'定边县',445,0,3,0),(4748,'府谷县',445,0,3,0),(4749,'榆阳',445,0,3,0),(4750,'横山县',445,0,3,0),(4751,'清涧县',445,0,3,0),(4752,'神木县',445,0,3,0),(4753,'米脂县',445,0,3,0),(4754,'绥德县',445,0,3,0),(4755,'靖边县',445,0,3,0),(4756,'宁陕县',446,0,3,0),(4757,'岚皋县',446,0,3,0),(4758,'平利县',446,0,3,0),(4759,'旬阳县',446,0,3,0),(4760,'汉滨区',446,0,3,0),(4761,'汉阴县',446,0,3,0),(4762,'白河县',446,0,3,0),(4763,'石泉县',446,0,3,0),(4764,'紫阳县',446,0,3,0),(4765,'镇坪县',446,0,3,0),(4766,'丹凤县',447,0,3,0),(4767,'商南县',447,0,3,0),(4768,'商州区',447,0,3,0),(4769,'山阳县',447,0,3,0),(4770,'柞水县',447,0,3,0),(4771,'洛南县',447,0,3,0),(4772,'镇安县',447,0,3,0),(4773,'七里河区',448,0,3,0),(4774,'城关区',448,0,3,0),(4775,'安宁区',448,0,3,0),(4776,'榆中县',448,0,3,0),(4777,'永登县',448,0,3,0),(4778,'皋兰县',448,0,3,0),(4779,'红古区',448,0,3,0),(4780,'西固区',448,0,3,0),(4781,'嘉峪关',449,0,3,0),(4782,'永昌县',450,0,3,0),(4783,'金川区',450,0,3,0),(4784,'会宁县',451,0,3,0),(4785,'平川区',451,0,3,0),(4786,'景泰县',451,0,3,0),(4787,'白银区',451,0,3,0),(4788,'靖远县',451,0,3,0),(4789,'张家川',452,0,3,0),(4790,'武山县',452,0,3,0),(4791,'清水县',452,0,3,0),(4792,'甘谷县',452,0,3,0),(4793,'秦安县',452,0,3,0),(4794,'秦州区',452,0,3,0),(4795,'麦积区',452,0,3,0),(4796,'凉州区',453,0,3,0),(4797,'古浪县',453,0,3,0),(4798,'天祝',453,0,3,0),(4799,'民勤县',453,0,3,0),(4800,'临泽县',454,0,3,0),(4801,'山丹县',454,0,3,0),(4802,'民乐县',454,0,3,0),(4803,'甘州区',454,0,3,0),(4804,'肃南裕',454,0,3,0),(4805,'高台县',454,0,3,0),(4806,'华亭县',455,0,3,0),(4807,'崆峒区',455,0,3,0),(4808,'崇信县',455,0,3,0),(4809,'庄浪县',455,0,3,0),(4810,'泾川县',455,0,3,0),(4811,'灵台县',455,0,3,0),(4812,'静宁县',455,0,3,0),(4813,'敦煌',456,0,3,0),(4814,'玉门',456,0,3,0),(4817,'肃州区',456,0,3,0),(4818,'金塔县',456,0,3,0),(4820,'华池县',457,0,3,0),(4821,'合水县',457,0,3,0),(4822,'宁县',457,0,3,0),(4823,'庆城县',457,0,3,0),(4824,'正宁县',457,0,3,0),(4825,'环县',457,0,3,0),(4826,'西峰区',457,0,3,0),(4827,'镇原县',457,0,3,0),(4828,'临洮县',458,0,3,0),(4829,'安定区',458,0,3,0),(4830,'岷县',458,0,3,0),(4831,'渭源县',458,0,3,0),(4832,'漳县',458,0,3,0),(4833,'通渭县',458,0,3,0),(4834,'陇西县',458,0,3,0),(4835,'两当县',459,0,3,0),(4836,'宕昌县',459,0,3,0),(4837,'康县',459,0,3,0),(4838,'徽县',459,0,3,0),(4839,'成县',459,0,3,0),(4840,'文县',459,0,3,0),(4841,'武都区',459,0,3,0),(4842,'礼县',459,0,3,0),(4843,'西和县',459,0,3,0),(4845,'临夏县',460,0,3,0),(4846,'临夏',460,0,3,0),(4847,'和政县',460,0,3,0),(4848,'广河县',460,0,3,0),(4849,'康乐县',460,0,3,0),(4850,'永靖县',460,0,3,0),(4852,'临潭县',461,0,3,0),(4853,'卓尼县',461,0,3,0),(4854,'合作',461,0,3,0),(4855,'夏河县',461,0,3,0),(4856,'玛曲县',461,0,3,0),(4857,'碌曲县',461,0,3,0),(4858,'舟曲县',461,0,3,0),(4859,'迭部县',461,0,3,0),(4860,'城东区',462,0,3,0),(4861,'城中区',462,0,3,0),(4862,'城北区',462,0,3,0),(4863,'城西区',462,0,3,0),(4864,'大通',462,0,3,0),(4865,'湟中县',462,0,3,0),(4866,'湟源县',462,0,3,0),(4867,'乐都县',463,0,3,0),(4868,'互助',463,0,3,0),(4869,'化隆',463,0,3,0),(4870,'平安县',463,0,3,0),(4871,'循化',463,0,3,0),(4872,'民和',463,0,3,0),(4873,'刚察县',464,0,3,0),(4874,'海晏县',464,0,3,0),(4875,'祁连县',464,0,3,0),(4876,'门源',464,0,3,0),(4877,'同仁县',465,0,3,0),(4878,'尖扎县',465,0,3,0),(4880,'泽库县',465,0,3,0),(4881,'共和县',466,0,3,0),(4882,'兴海县',466,0,3,0),(4883,'同德县',466,0,3,0),(4884,'贵南县',466,0,3,0),(4885,'贵德县',466,0,3,0),(4886,'久治县',467,0,3,0),(4887,'玛多县',467,0,3,0),(4888,'玛沁县',467,0,3,0),(4889,'班玛县',467,0,3,0),(4890,'甘德县',467,0,3,0),(4891,'达日县',467,0,3,0),(4892,'囊谦县',468,0,3,0),(4893,'曲麻莱县',468,0,3,0),(4894,'杂多县',468,0,3,0),(4895,'治多县',468,0,3,0),(4896,'玉树县',468,0,3,0),(4897,'称多县',468,0,3,0),(4898,'乌兰县',469,0,3,0),(4899,'冷湖行委',469,0,3,0),(4900,'大柴旦行委',469,0,3,0),(4901,'天峻县',469,0,3,0),(4902,'德令哈',469,0,3,0),(4903,'格尔木',469,0,3,0),(4904,'茫崖行委',469,0,3,0),(4905,'都兰县',469,0,3,0),(4906,'兴庆区',470,0,3,0),(4907,'永宁县',470,0,3,0),(4908,'灵武',470,0,3,0),(4909,'西夏区',470,0,3,0),(4910,'贺兰县',470,0,3,0),(4911,'金凤区',470,0,3,0),(4912,'大武口区',471,0,3,0),(4913,'平罗县',471,0,3,0),(4914,'惠农区',471,0,3,0),(4915,'利通区',472,0,3,0),(4916,'同心县',472,0,3,0),(4917,'盐池县',472,0,3,0),(4918,'青铜峡',472,0,3,0),(4919,'原州区',473,0,3,0),(4920,'彭阳县',473,0,3,0),(4921,'泾源县',473,0,3,0),(4922,'西吉县',473,0,3,0),(4923,'隆德县',473,0,3,0),(4924,'中宁县',474,0,3,0),(4925,'沙坡头区',474,0,3,0),(4926,'海原县',474,0,3,0),(4927,'东山区',475,0,3,0),(4928,'乌鲁木齐县',475,0,3,0),(4929,'天山区',475,0,3,0),(4930,'头屯河区',475,0,3,0),(4931,'新市区',475,0,3,0),(4932,'水磨沟区',475,0,3,0),(4933,'沙依巴克区',475,0,3,0),(4934,'达坂城区',475,0,3,0),(4935,'乌尔禾区',476,0,3,0),(4936,'克拉玛依区',476,0,3,0),(4937,'独山子区',476,0,3,0),(4938,'白碱滩区',476,0,3,0),(4939,'吐鲁番',477,0,3,0),(4940,'托克逊县',477,0,3,0),(4941,'鄯善县',477,0,3,0),(4942,'伊吾县',478,0,3,0),(4943,'哈密',478,0,3,0),(4944,'巴里',478,0,3,0),(4945,'吉木萨尔',479,0,3,0),(4946,'呼图壁县',479,0,3,0),(4947,'奇台县',479,0,3,0),(4948,'昌吉',479,0,3,0),(4949,'木垒',479,0,3,0),(4950,'玛纳斯县',479,0,3,0),(4951,'米泉',479,0,3,0),(4952,'阜康',479,0,3,0),(4953,'博乐',480,0,3,0),(4954,'温泉县',480,0,3,0),(4955,'精河县',480,0,3,0),(4956,'博湖县',481,0,3,0),(4957,'和硕县',481,0,3,0),(4958,'和静县',481,0,3,0),(4959,'尉犁县',481,0,3,0),(4960,'库尔勒',481,0,3,0),(4961,'焉耆',481,0,3,0),(4962,'若羌县',481,0,3,0),(4963,'轮台县',481,0,3,0),(4964,'乌什县',482,0,3,0),(4965,'库车县',482,0,3,0),(4966,'拜城县',482,0,3,0),(4967,'新和县',482,0,3,0),(4968,'柯坪县',482,0,3,0),(4969,'沙雅县',482,0,3,0),(4970,'温宿县',482,0,3,0),(4971,'阿克苏',482,0,3,0),(4972,'阿瓦提县',482,0,3,0),(4973,'乌恰县',483,0,3,0),(4974,'阿克陶县',483,0,3,0),(4975,'阿合奇县',483,0,3,0),(4976,'阿图什',483,0,3,0),(4977,'伽师县',484,0,3,0),(4978,'叶城县',484,0,3,0),(4979,'喀什',484,0,3,0),(4981,'岳普湖',484,0,3,0),(4982,'巴楚县',484,0,3,0),(4983,'泽普县',484,0,3,0),(4984,'疏勒县',484,0,3,0),(4985,'疏附县',484,0,3,0),(4986,'英吉沙县',484,0,3,0),(4987,'莎车县',484,0,3,0),(4988,'麦盖提县',484,0,3,0),(4989,'于田县',485,0,3,0),(4990,'和田县',485,0,3,0),(4991,'和田',485,0,3,0),(4992,'墨玉县',485,0,3,0),(4993,'民丰县',485,0,3,0),(4994,'洛浦县',485,0,3,0),(4995,'皮山县',485,0,3,0),(4996,'策勒县',485,0,3,0),(4997,'伊宁县',486,0,3,0),(4998,'伊宁',486,0,3,0),(4999,'奎屯',486,0,3,0),(5001,'尼勒克县',486,0,3,0),(5002,'巩留县',486,0,3,0),(5003,'新源县',486,0,3,0),(5004,'昭苏县',486,0,3,0),(5005,'特克斯县',486,0,3,0),(5006,'霍城县',486,0,3,0),(5007,'乌苏',487,0,3,0),(5009,'塔城',487,0,3,0),(5010,'托里县',487,0,3,0),(5011,'沙湾县',487,0,3,0),(5012,'裕民县',487,0,3,0),(5013,'额敏县',487,0,3,0),(5014,'吉木乃县',488,0,3,0),(5015,'哈巴河县',488,0,3,0),(5016,'富蕴县',488,0,3,0),(5017,'布尔津县',488,0,3,0),(5018,'福海县',488,0,3,0),(5019,'阿勒泰',488,0,3,0),(5020,'青河县',488,0,3,0),(5021,'石河子',489,0,3,0),(5022,'阿拉尔',490,0,3,0),(5023,'图木舒克',491,0,3,0),(5024,'五家渠',492,0,3,0),(45052,'天津',1,0,2,0),(45053,'重庆',1,0,2,0),(45054,'上海',1,0,2,0),(45055,'海外',35,0,2,0);
/*!40000 ALTER TABLE `33hao_flea_area` ENABLE KEYS */;

#
# Structure for table "33hao_flea_class"
#

DROP TABLE IF EXISTS `33hao_flea_class`;
CREATE TABLE `33hao_flea_class` (
  `gc_id` int(10) unsigned NOT NULL AUTO_INCREMENT COMMENT '索引ID',
  `gc_name` varchar(100) NOT NULL COMMENT '分类名称',
  `gc_name_index` varchar(100) NOT NULL COMMENT '闲置首页显示的名称',
  `gc_parent_id` int(10) unsigned NOT NULL DEFAULT '0' COMMENT '父ID',
  `gc_sort` tinyint(3) unsigned NOT NULL DEFAULT '0' COMMENT '排序',
  `gc_show` tinyint(1) NOT NULL DEFAULT '1' COMMENT '前台显示，0为否，1为是，默认为1',
  `gc_index_show` tinyint(1) NOT NULL DEFAULT '1' COMMENT '首页显示 1：默认 显示 0：不显示',
  PRIMARY KEY (`gc_id`)
) ENGINE=MyISAM AUTO_INCREMENT=108 DEFAULT CHARSET=utf8 COMMENT='闲置分类';

#
# Data for table "33hao_flea_class"
#

/*!40000 ALTER TABLE `33hao_flea_class` DISABLE KEYS */;
INSERT INTO `33hao_flea_class` VALUES (1,'手机','',0,1,1,1),(2,'手机','',1,255,1,1),(3,'配件','',1,255,1,1),(4,'相机/摄像机','',0,2,1,1),(5,'单反镜头','',4,255,1,1),(6,'数码单反','',4,255,1,1),(7,'普通数码相机','',4,255,1,1),(8,'胶片相机','',4,255,1,1),(9,'摄像机','',4,255,1,1),(10,'其他','',4,255,1,1),(11,'电脑/电脑配件','',0,3,1,1),(12,'笔记本电脑','',11,255,1,1),(13,'平板电脑','',11,255,1,1),(14,'台式机','',11,255,1,1),(15,'显示器','',11,255,1,1),(16,'台式机配件','',11,255,1,1),(17,'网络设备','',11,255,1,1),(18,'笔记本配件','',11,255,1,1),(19,'数码3C产品','',0,4,1,1),(20,'MP3/MP4/录音笔','',19,255,1,1),(21,'游戏机','',19,255,1,1),(22,'游戏软件','',19,255,1,1),(23,'U盘','',19,255,1,1),(24,'移动硬盘','',19,255,1,1),(25,'闪存卡','',19,255,1,1),(26,'其他','',19,255,1,1),(27,'服装/服饰','',0,5,1,1),(28,'女装','',27,255,1,1),(29,'男装','',27,255,1,1),(30,'男鞋','',27,255,1,1),(31,'女鞋','',27,255,1,1),(32,'饰品','',27,255,1,1),(33,'箱包','',27,255,1,1),(34,'其他','',27,255,1,1),(35,'美容/美颜/香水','',0,6,1,1),(36,'美容护肤','',35,255,1,1),(37,'彩妆','',35,255,1,1),(38,'美容工具','',35,255,1,1),(39,'香水','',35,255,1,1),(40,'美容护发','',35,255,1,1),(41,'其他','',35,255,1,1),(42,'家居/日用品','',0,7,1,1),(43,'家具','',42,255,1,1),(44,'日用日化','',42,255,1,1),(45,'建材','',42,255,1,1),(46,'家饰家纺','',42,255,1,1),(47,'其他','',42,255,1,1),(48,'食品/保健品','',0,8,1,1),(49,'食品','',48,255,1,1),(50,'保健品','',48,255,1,1),(51,'家用电器/影音设备','',0,9,1,1),(52,'电视机','',51,255,1,1),(53,'洗衣机','',51,255,1,1),(54,'空调','',51,255,1,1),(55,'冰箱','',51,255,1,1),(56,'其他大家电','',51,255,1,1),(57,'厨房电器','',51,255,1,1),(58,'影音/耳机/HIFI','',51,255,1,1),(59,'生活小家电','',51,255,1,1),(60,'母婴/儿童用品/玩具','',0,10,1,1),(61,'孕产妇用品/营养','',60,255,1,1),(62,'婴儿装/童装','',60,255,1,1),(63,'玩具/早教/益智','',60,255,1,1),(64,'婴儿用品','',60,255,1,1),(65,'奶粉/宝宝营养','',60,255,1,1),(66,'其他','',60,255,1,1),(67,'宠物/宠物用品','',0,11,1,1),(68,'宠物','',67,255,1,1),(69,'宠物用品','',67,255,1,1),(70,'宠物食品','',67,255,1,1),(71,'其他','',67,255,1,1),(72,'生活服务/票务/卡券','',0,12,1,1),(73,'电影票','',72,255,1,1),(74,'演出赛事','',72,255,1,1),(75,'折扣券/购物卡','',72,255,1,1),(76,'餐饮美食','',72,255,1,1),(77,'休闲娱乐','',72,255,1,1),(78,'生活服务','',72,255,1,1),(79,'其他','',72,255,1,1),(80,'书刊音像/问题用品','',0,13,1,1),(81,'书籍','',80,255,1,1),(82,'CD/DVD','',80,255,1,1),(83,'期刊杂志','',80,255,1,1),(84,'乐器','',80,255,1,1),(85,'运动器材','',80,255,1,1),(86,'文具','',80,255,1,1),(87,'其他','',80,255,1,1),(88,'汽摩/电动车/自行车','',0,14,1,1),(89,'二手整车','',88,255,1,1),(90,'骑车配件','',88,255,1,1),(91,'摩托/电动车','',88,255,1,1),(92,'摩托/电动配件','',88,255,1,1),(93,'自行车','',88,255,1,1),(94,'其他','',88,255,1,1),(95,'珠宝/黄金/手表','',0,15,1,1),(96,'裴翠','',95,255,1,1),(97,'黄金','',95,255,1,1),(98,'玉石','',95,255,1,1),(99,'钻石','',95,255,1,1),(100,'手表','',95,255,1,1),(101,'其他','',95,255,1,1),(102,'艺术品/收藏品/古董古玩','',0,16,1,1),(103,'书画','',102,255,1,1),(104,'收藏品','',102,255,1,1),(105,'古玩','',102,255,1,1),(106,'其他','',102,255,1,1),(107,'其他闲置','',0,17,1,1);
/*!40000 ALTER TABLE `33hao_flea_class` ENABLE KEYS */;

#
# Structure for table "33hao_flea_class_index"
#

DROP TABLE IF EXISTS `33hao_flea_class_index`;
CREATE TABLE `33hao_flea_class_index` (
  `fc_index_id` int(11) unsigned NOT NULL AUTO_INCREMENT COMMENT '自增id',
  `fc_index_class` varchar(50) NOT NULL COMMENT '类别名称',
  `fc_index_code` varchar(50) NOT NULL COMMENT '类别code',
  `fc_index_id1` varchar(50) NOT NULL DEFAULT '0' COMMENT '分类id1',
  `fc_index_name1` varchar(50) NOT NULL,
  `fc_index_id2` varchar(50) NOT NULL DEFAULT '0' COMMENT '分类id2',
  `fc_index_name2` varchar(50) NOT NULL,
  `fc_index_id3` varchar(50) NOT NULL DEFAULT '0' COMMENT '分类id3',
  `fc_index_name3` varchar(50) NOT NULL,
  `fc_index_id4` varchar(50) NOT NULL DEFAULT '0' COMMENT '分类id4',
  `fc_index_name4` varchar(50) NOT NULL,
  PRIMARY KEY (`fc_index_id`)
) ENGINE=MyISAM AUTO_INCREMENT=6 DEFAULT CHARSET=utf8 COMMENT='闲置首页分类';

#
# Data for table "33hao_flea_class_index"
#

/*!40000 ALTER TABLE `33hao_flea_class_index` DISABLE KEYS */;
INSERT INTO `33hao_flea_class_index` VALUES (1,'数码','shuma','1','手机','4','相机/摄像','11','电脑/配件','19','数码3C'),(2,'装扮','zhuangban','27','服装/服饰','35','美容/美颜','42','家具/日用','48','食品/保健'),(3,'居家','jujia','51','电器/影音','60','母婴/玩具','67','宠物/用品','72','生活/卡券'),(4,'兴趣','xingqu','80','书刊/音像','88','汽摩/电动','95','珠宝/黄金','102','艺术/收藏'),(5,'母婴','muying','107','其他闲置','4','相机/摄像','19','数码3C','27','服装/服饰');
/*!40000 ALTER TABLE `33hao_flea_class_index` ENABLE KEYS */;

#
# Structure for table "33hao_flea_consult"
#

DROP TABLE IF EXISTS `33hao_flea_consult`;
CREATE TABLE `33hao_flea_consult` (
  `consult_id` int(10) unsigned NOT NULL AUTO_INCREMENT COMMENT '咨询编号',
  `goods_id` int(11) DEFAULT '0' COMMENT '商品编号',
  `member_id` int(11) NOT NULL DEFAULT '0' COMMENT '咨询发布者会员编号(0：游客)',
  `seller_id` int(11) NOT NULL COMMENT '信息发布者编号',
  `email` varchar(255) DEFAULT NULL COMMENT '咨询发布者邮箱',
  `consult_content` varchar(4000) DEFAULT NULL COMMENT '咨询内容',
  `consult_addtime` int(10) DEFAULT NULL COMMENT '咨询发布时间',
  `consult_reply` varchar(4000) DEFAULT NULL COMMENT '咨询回复内容',
  `consult_reply_time` int(10) DEFAULT NULL COMMENT '咨询回复时间',
  `type` varchar(20) NOT NULL DEFAULT 'flea' COMMENT '咨询类型',
  PRIMARY KEY (`consult_id`)
) ENGINE=MyISAM DEFAULT CHARSET=utf8 COMMENT='闲置咨询';

#
# Data for table "33hao_flea_consult"
#

/*!40000 ALTER TABLE `33hao_flea_consult` DISABLE KEYS */;
/*!40000 ALTER TABLE `33hao_flea_consult` ENABLE KEYS */;

#
# Structure for table "33hao_flea_favorites"
#

DROP TABLE IF EXISTS `33hao_flea_favorites`;
CREATE TABLE `33hao_flea_favorites` (
  `member_id` int(10) unsigned NOT NULL COMMENT '会员ID',
  `fav_id` int(10) unsigned NOT NULL COMMENT '收藏ID',
  `fav_type` varchar(20) NOT NULL COMMENT '收藏类型',
  `fav_time` varchar(10) NOT NULL COMMENT '收藏时间'
) ENGINE=MyISAM DEFAULT CHARSET=utf8 COMMENT='买家闲置收藏表';

#
# Data for table "33hao_flea_favorites"
#

/*!40000 ALTER TABLE `33hao_flea_favorites` DISABLE KEYS */;
/*!40000 ALTER TABLE `33hao_flea_favorites` ENABLE KEYS */;

#
# Structure for table "33hao_flea_upload"
#

DROP TABLE IF EXISTS `33hao_flea_upload`;
CREATE TABLE `33hao_flea_upload` (
  `upload_id` int(10) unsigned NOT NULL AUTO_INCREMENT COMMENT '索引ID',
  `file_name` varchar(100) DEFAULT NULL COMMENT '文件名',
  `file_thumb` varchar(100) DEFAULT NULL COMMENT '缩微图片',
  `file_wm` varchar(100) DEFAULT NULL COMMENT '水印图片',
  `file_size` int(10) unsigned NOT NULL DEFAULT '0' COMMENT '文件大小',
  `store_id` int(10) unsigned NOT NULL DEFAULT '0' COMMENT '会员ID',
  `upload_type` tinyint(1) NOT NULL DEFAULT '0' COMMENT '默认为0，12为商品切换图片，13为商品内容图片',
  `upload_time` int(10) unsigned NOT NULL DEFAULT '0' COMMENT '添加时间',
  `item_id` int(11) unsigned NOT NULL DEFAULT '0' COMMENT '信息ID',
  PRIMARY KEY (`upload_id`)
) ENGINE=MyISAM DEFAULT CHARSET=utf8 COMMENT='闲置上传文件表';

#
# Data for table "33hao_flea_upload"
#

/*!40000 ALTER TABLE `33hao_flea_upload` DISABLE KEYS */;
/*!40000 ALTER TABLE `33hao_flea_upload` ENABLE KEYS */;

#
# Structure for table "33hao_flowstat"
#

DROP TABLE IF EXISTS `33hao_flowstat`;
CREATE TABLE `33hao_flowstat` (
  `stattime` int(11) unsigned NOT NULL COMMENT '访问日期',
  `clicknum` int(11) unsigned NOT NULL COMMENT '访问量',
  `store_id` int(11) unsigned NOT NULL COMMENT '店铺ID',
  `type` varchar(10) NOT NULL COMMENT '类型',
  `goods_id` int(11) unsigned NOT NULL COMMENT '商品ID'
) ENGINE=InnoDB DEFAULT CHARSET=utf8 COMMENT='访问量统计表';

#
# Data for table "33hao_flowstat"
#


#
# Structure for table "33hao_flowstat_1"
#

DROP TABLE IF EXISTS `33hao_flowstat_1`;
CREATE TABLE `33hao_flowstat_1` (
  `stattime` int(11) unsigned NOT NULL COMMENT '访问日期',
  `clicknum` int(11) unsigned NOT NULL COMMENT '访问量',
  `store_id` int(11) unsigned NOT NULL COMMENT '店铺ID',
  `type` varchar(10) NOT NULL COMMENT '类型',
  `goods_id` int(11) unsigned NOT NULL COMMENT '商品ID'
) ENGINE=InnoDB DEFAULT CHARSET=utf8 COMMENT='访问量统计表';

#
# Data for table "33hao_flowstat_1"
#

INSERT INTO `33hao_flowstat_1` VALUES (1473696000,1,1,'sum',0),(1473696000,1,1,'goods',232),(1474560000,4,1,'sum',0),(1474560000,1,1,'goods',232),(1474560000,1,1,'goods',54),(1474560000,1,1,'goods',44),(1474560000,1,1,'goods',231),(1474819200,5,1,'sum',0),(1474819200,1,1,'goods',232),(1474819200,3,1,'goods',231),(1475942400,1,1,'sum',0),(1475942400,1,1,'goods',231),(1514908800,5,1,'sum',0),(1514908800,2,1,'goods',232),(1514908800,3,1,'goods',231);

#
# Structure for table "33hao_flowstat_2"
#

DROP TABLE IF EXISTS `33hao_flowstat_2`;
CREATE TABLE `33hao_flowstat_2` (
  `stattime` int(11) unsigned NOT NULL COMMENT '访问日期',
  `clicknum` int(11) unsigned NOT NULL COMMENT '访问量',
  `store_id` int(11) unsigned NOT NULL COMMENT '店铺ID',
  `type` varchar(10) NOT NULL COMMENT '类型',
  `goods_id` int(11) unsigned NOT NULL COMMENT '商品ID'
) ENGINE=InnoDB DEFAULT CHARSET=utf8 COMMENT='访问量统计表';

#
# Data for table "33hao_flowstat_2"
#


#
# Structure for table "33hao_gadmin"
#

DROP TABLE IF EXISTS `33hao_gadmin`;
CREATE TABLE `33hao_gadmin` (
  `gid` smallint(5) unsigned NOT NULL AUTO_INCREMENT COMMENT '自增id',
  `gname` varchar(50) DEFAULT NULL COMMENT '组名',
  `limits` text COMMENT '权限内容',
  PRIMARY KEY (`gid`)
) ENGINE=InnoDB DEFAULT CHARSET=utf8 COMMENT='权限组';

#
# Data for table "33hao_gadmin"
#


#
# Structure for table "33hao_goods"
#

DROP TABLE IF EXISTS `33hao_goods`;
CREATE TABLE `33hao_goods` (
  `goods_id` int(10) unsigned NOT NULL AUTO_INCREMENT COMMENT '商品id(SKU)',
  `goods_commonid` int(10) unsigned NOT NULL COMMENT '商品公共表id',
  `goods_name` varchar(50) NOT NULL COMMENT '商品名称（+规格名称）',
  `rebate` varchar(255) DEFAULT NULL COMMENT '返利金额',
  `goods_jingle` varchar(150) NOT NULL COMMENT '商品广告词',
  `store_id` int(10) unsigned NOT NULL COMMENT '店铺id',
  `store_name` varchar(50) NOT NULL COMMENT '店铺名称',
  `gc_id` int(10) unsigned NOT NULL COMMENT '商品分类id',
  `gc_id_1` int(10) unsigned NOT NULL COMMENT '一级分类id',
  `gc_id_2` int(10) unsigned NOT NULL COMMENT '二级分类id',
  `gc_id_3` int(10) unsigned NOT NULL COMMENT '三级分类id',
  `brand_id` int(10) unsigned NOT NULL COMMENT '品牌id',
  `goods_price` decimal(10,2) NOT NULL COMMENT '商品价格',
  `goods_promotion_price` decimal(10,2) NOT NULL COMMENT '商品促销价格',
  `goods_promotion_type` tinyint(3) unsigned NOT NULL DEFAULT '0' COMMENT '促销类型 0无促销，1团购，2限时折扣',
  `goods_marketprice` decimal(10,2) NOT NULL COMMENT '市场价',
  `goods_serial` varchar(50) NOT NULL COMMENT '商家编号',
  `goods_storage_alarm` tinyint(3) unsigned NOT NULL COMMENT '库存报警值',
  `goods_click` int(10) unsigned NOT NULL DEFAULT '0' COMMENT '商品点击数量',
  `goods_salenum` int(10) unsigned NOT NULL DEFAULT '0' COMMENT '销售数量',
  `goods_collect` int(10) unsigned NOT NULL DEFAULT '0' COMMENT '收藏数量',
  `goods_spec` text NOT NULL COMMENT '商品规格序列化',
  `goods_storage` int(10) unsigned NOT NULL DEFAULT '0' COMMENT '商品库存',
  `goods_image` varchar(100) NOT NULL DEFAULT '' COMMENT '商品主图',
  `goods_state` tinyint(3) unsigned NOT NULL COMMENT '商品状态 0下架，1正常，10违规（禁售）',
  `goods_verify` tinyint(3) unsigned NOT NULL COMMENT '商品审核 1通过，0未通过，10审核中',
  `goods_addtime` int(10) unsigned NOT NULL COMMENT '商品添加时间',
  `goods_edittime` int(10) unsigned NOT NULL COMMENT '商品编辑时间',
  `areaid_1` int(10) unsigned NOT NULL COMMENT '一级地区id',
  `areaid_2` int(10) unsigned NOT NULL COMMENT '二级地区id',
  `color_id` int(10) unsigned NOT NULL DEFAULT '0' COMMENT '颜色规格id',
  `transport_id` mediumint(8) unsigned NOT NULL COMMENT '售卖区域id',
  `goods_freight` decimal(10,2) unsigned NOT NULL DEFAULT '0.00' COMMENT '运费 0为免运费',
  `goods_vat` tinyint(3) unsigned NOT NULL DEFAULT '0' COMMENT '是否开具增值税发票 1是，0否',
  `goods_commend` tinyint(3) unsigned NOT NULL DEFAULT '0' COMMENT '商品推荐 1是，0否 默认0',
  `goods_stcids` varchar(255) NOT NULL DEFAULT '' COMMENT '店铺分类id 首尾用,隔开',
  `evaluation_good_star` tinyint(3) unsigned NOT NULL DEFAULT '5' COMMENT '好评星级',
  `evaluation_count` int(10) unsigned NOT NULL DEFAULT '0' COMMENT '评价数',
  `is_virtual` tinyint(3) unsigned NOT NULL DEFAULT '0' COMMENT '是否为虚拟商品 1是，0否',
  `virtual_indate` int(10) unsigned NOT NULL COMMENT '虚拟商品有效期',
  `virtual_limit` tinyint(3) unsigned NOT NULL COMMENT '虚拟商品购买上限',
  `virtual_invalid_refund` tinyint(3) unsigned NOT NULL DEFAULT '1' COMMENT '是否允许过期退款， 1是，0否',
  `is_fcode` tinyint(4) NOT NULL DEFAULT '0' COMMENT '是否为F码商品 1是，0否',
  `is_appoint` tinyint(3) unsigned NOT NULL DEFAULT '0' COMMENT '是否是预约商品 1是，0否',
  `is_presell` tinyint(3) unsigned NOT NULL DEFAULT '0' COMMENT '是否是预售商品 1是，0否',
  `have_gift` tinyint(3) unsigned NOT NULL DEFAULT '0' COMMENT '是否拥有赠品',
  `is_own_shop` tinyint(3) unsigned NOT NULL DEFAULT '0' COMMENT '是否为平台自营',
  `goods_type` varchar(255) DEFAULT NULL COMMENT '葡萄酒种类',
  PRIMARY KEY (`goods_id`)
) ENGINE=InnoDB AUTO_INCREMENT=234 DEFAULT CHARSET=utf8 COMMENT='商品表';

#
# Data for table "33hao_goods"
#

INSERT INTO `33hao_goods` VALUES (38,100008,'正品 2015春装新款 女 绣花针织衫 开衫外套浮桑初 蓝色',NULL,'新款特惠',1,'官方旗舰店',14,1,4,14,103,189.00,158.00,2,702.00,'',0,0,0,0,'a:1:{i:222;s:6:\"蓝色\";}',56,'1_04418207207476705.jpg',1,1,1388476693,1388476693,1,36,222,0,0.00,0,1,',0,',5,0,0,0,0,1,0,0,0,0,1,NULL),(39,100008,'正品 2015春装新款 女 绣花针织衫 开衫外套浮桑初 绿色',NULL,'新款特惠',1,'官方旗舰店',14,1,4,14,103,189.00,189.00,0,702.00,'',0,0,0,0,'a:1:{i:224;s:6:\"绿色\";}',56,'1_04418206625430066.jpg',1,1,1388476693,1388476693,1,36,224,0,0.00,0,1,',0,',5,0,0,0,0,1,0,0,0,0,1,NULL),(40,100008,'正品 2015春装新款 女 绣花针织衫 开衫外套浮桑初 梅红',NULL,'新款特惠',1,'官方旗舰店',14,1,4,14,103,189.00,189.00,0,702.00,'',0,1,0,0,'a:1:{i:225;s:6:\"梅红\";}',56,'1_04418207471410641.jpg',1,1,1388476693,1388476693,1,36,225,0,0.00,0,1,',0,',5,0,0,0,0,1,0,0,0,0,1,NULL),(41,100008,'正品 2015春装新款 女 绣花针织衫 开衫外套浮桑初 黑色',NULL,'新款特惠',1,'官方旗舰店',14,1,4,14,103,189.00,189.00,0,702.00,'',0,0,0,0,'a:1:{i:226;s:6:\"黑色\";}',56,'1_04418207748921454.jpg',1,1,1388476693,1388476693,1,36,226,0,0.00,0,1,',0,',5,0,0,0,0,1,0,0,0,0,1,NULL),(42,100009,'2015春款打底毛衫拼色毛衣 长袖套头针织衫 莺 蓝色',NULL,'',1,'官方旗舰店',14,1,4,14,101,179.00,179.00,0,568.00,'',0,1,0,0,'a:1:{i:222;s:6:\"蓝色\";}',100,'1_04418211646104580.jpg',1,1,1388477156,1388477156,1,36,222,0,0.00,0,1,',0,',5,0,0,0,0,1,0,0,0,0,1,NULL),(43,100009,'2015春款打底毛衫拼色毛衣 长袖套头针织衫 莺 绿色',NULL,'',1,'官方旗舰店',14,1,4,14,101,179.00,179.00,0,568.00,'',0,0,0,0,'a:1:{i:224;s:6:\"绿色\";}',100,'1_04418211211965600.jpg',1,1,1388477156,1388477156,1,36,224,0,0.00,0,1,',0,',5,0,0,0,0,1,0,0,0,0,1,NULL),(44,100009,'2015春款打底毛衫拼色毛衣 长袖套头针织衫 莺 橙色',NULL,'',1,'官方旗舰店',14,1,4,14,101,179.00,179.00,0,568.00,'',0,1,0,0,'a:1:{i:227;s:6:\"橙色\";}',100,'1_04418211855225368.jpg',1,1,1388477156,1474596337,1,36,227,0,0.00,0,1,',0,',5,0,0,0,0,1,0,0,0,0,1,NULL),(46,100010,'春装 披肩式 超短款 针织 衫开衫 女装 青鸟 绿色',NULL,'',1,'官方旗舰店',14,1,4,14,103,129.00,129.00,0,358.00,'',0,0,0,0,'a:1:{i:239;s:6:\"绿色\";}',122,'1_04418240378724556.jpg',1,1,1388480030,1388480030,1,36,239,0,0.00,0,1,',0,',5,0,0,0,0,1,0,0,0,0,1,NULL),(47,100010,'春装 披肩式 超短款 针织 衫开衫 女装 青鸟 梅红',NULL,'',1,'官方旗舰店',14,1,4,14,103,129.00,129.00,0,358.00,'',0,1,0,0,'a:1:{i:240;s:6:\"梅红\";}',122,'1_04418240641767556.jpg',1,1,1388480030,1388480030,1,36,240,0,0.00,0,1,',0,',5,0,0,0,0,1,0,0,0,0,1,NULL),(48,100010,'春装 披肩式 超短款 针织 衫开衫 女装 青鸟 蓝色',NULL,'',1,'官方旗舰店',14,1,4,14,103,129.00,129.00,0,358.00,'',0,0,1,0,'a:1:{i:241;s:6:\"蓝色\";}',121,'1_04418240795665638.jpg',1,1,1388480030,1388480030,1,36,241,0,0.00,0,1,',0,',5,0,0,0,0,1,0,0,0,0,1,NULL),(49,100010,'春装 披肩式 超短款 针织 衫开衫 女装 青鸟 黑色',NULL,'',1,'官方旗舰店',14,1,4,14,103,129.00,100.00,2,358.00,'',0,1,1,0,'a:1:{i:242;s:6:\"黑色\";}',121,'1_04418240955916042.jpg',1,1,1388480030,1388480030,1,36,242,0,0.00,0,1,',0,',5,0,0,0,0,1,0,0,0,0,1,NULL),(50,100010,'春装 披肩式 超短款 针织 衫开衫 女装 青鸟 橙色',NULL,'',1,'官方旗舰店',14,1,4,14,103,129.00,129.00,0,358.00,'',0,0,0,0,'a:1:{i:243;s:6:\"橙色\";}',122,'1_04418241398474746.jpg',1,1,1388480030,1388480030,1,36,243,0,0.00,0,1,',0,',5,0,0,0,0,1,0,0,0,0,1,NULL),(51,100010,'春装 披肩式 超短款 针织 衫开衫 女装 青鸟 灰色',NULL,'',1,'官方旗舰店',14,1,4,14,103,129.00,129.00,0,358.00,'',0,1,0,0,'a:1:{i:228;s:6:\"灰色\";}',122,'1_04418242684128103.jpg',1,1,1388480030,1388480030,1,36,228,0,0.00,0,1,',0,',5,0,0,0,0,1,0,0,0,0,1,NULL),(52,100011,'新款 女款 拼接 不规则摆 长袖针织衫开衫 杏雨 白色',NULL,'2015新款，特惠促销',1,'官方旗舰店',14,1,4,14,108,99.00,58.00,2,483.00,'',0,3,0,0,'a:1:{i:249;s:6:\"白色\";}',55,'1_04418253240878850.jpg',1,1,1388481391,1388481391,1,36,249,0,0.00,0,1,',0,',5,0,0,0,0,1,0,0,0,0,1,NULL),(53,100011,'新款 女款 拼接 不规则摆 长袖针织衫开衫 杏雨 紫色',NULL,'2015新款，特惠促销',1,'官方旗舰店',14,1,4,14,108,99.00,99.00,0,483.00,'',0,1,1,0,'a:1:{i:250;s:6:\"紫色\";}',54,'1_04418254088878407.jpg',1,1,1388481391,1388481391,1,36,250,0,0.00,0,1,',0,',5,0,0,0,0,1,0,0,0,0,1,NULL),(54,100011,'新款 女款 拼接 不规则摆 长袖针织衫开衫 杏雨 粉色',NULL,'2015新款，特惠促销',1,'官方旗舰店',14,1,4,14,108,99.00,99.00,0,483.00,'',0,2,0,0,'a:1:{i:251;s:6:\"粉色\";}',55,'1_04418254218437108.jpg',1,1,1388481391,1474596309,1,36,251,0,0.00,0,1,',0,',5,0,0,0,0,1,0,0,0,0,1,NULL),(232,100086,'中华老字号 东阿阿胶桃花姬阿胶糕300g','200','',1,'官方旗舰店',617,593,596,617,250,150.00,95.00,1,168.00,'',0,43,19,0,'N;',24,'1_04423411880302392.png',1,1,1388997235,1515143146,1,36,0,0,0.00,0,1,'',5,0,0,0,0,0,0,0,0,0,1,'线上商品'),(233,100085,'至尊金奖 法国原瓶进口AOC红酒 任选一箱 红沙城堡红葡萄酒','20','全国唯一支持开瓶试饮7天无理由退换货',1,'官方旗舰店',630,593,598,630,263,899.00,228.00,1,1688.00,'',0,0,0,0,'N;',4986,'1_04423392298369303.jpg',1,1,1515143157,1515143157,1,36,0,0,0.00,0,1,'',5,0,0,0,0,0,0,0,0,0,1,'线上商品');

#
# Structure for table "33hao_goods_attr_index"
#

DROP TABLE IF EXISTS `33hao_goods_attr_index`;
CREATE TABLE `33hao_goods_attr_index` (
  `goods_id` int(10) unsigned NOT NULL COMMENT '商品id',
  `goods_commonid` int(10) unsigned NOT NULL COMMENT '商品公共表id',
  `gc_id` int(10) unsigned NOT NULL COMMENT '商品分类id',
  `type_id` int(10) unsigned NOT NULL COMMENT '类型id',
  `attr_id` int(10) unsigned NOT NULL COMMENT '属性id',
  `attr_value_id` int(10) unsigned NOT NULL COMMENT '属性值id',
  PRIMARY KEY (`goods_id`,`gc_id`,`attr_value_id`)
) ENGINE=InnoDB DEFAULT CHARSET=utf8 COMMENT='商品与属性对应表';

#
# Data for table "33hao_goods_attr_index"
#

INSERT INTO `33hao_goods_attr_index` VALUES (38,100008,14,34,206,3050),(38,100008,14,34,207,3059),(38,100008,14,34,208,3069),(38,100008,14,34,209,3076),(38,100008,14,34,210,3087),(39,100008,14,34,206,3050),(39,100008,14,34,207,3059),(39,100008,14,34,208,3069),(39,100008,14,34,209,3076),(39,100008,14,34,210,3087),(40,100008,14,34,206,3050),(40,100008,14,34,207,3059),(40,100008,14,34,208,3069),(40,100008,14,34,209,3076),(40,100008,14,34,210,3087),(41,100008,14,34,206,3050),(41,100008,14,34,207,3059),(41,100008,14,34,208,3069),(41,100008,14,34,209,3076),(41,100008,14,34,210,3087),(42,100009,14,34,206,3050),(42,100009,14,34,207,3064),(42,100009,14,34,208,3069),(42,100009,14,34,209,3076),(42,100009,14,34,210,3087),(43,100009,14,34,206,3050),(43,100009,14,34,207,3064),(43,100009,14,34,208,3069),(43,100009,14,34,209,3076),(43,100009,14,34,210,3087),(44,100009,14,34,206,3050),(44,100009,14,34,207,3064),(44,100009,14,34,208,3069),(44,100009,14,34,209,3076),(44,100009,14,34,210,3087),(46,100010,14,34,206,3050),(46,100010,14,34,207,3064),(46,100010,14,34,208,3069),(46,100010,14,34,209,3076),(46,100010,14,34,210,3087),(47,100010,14,34,206,3050),(47,100010,14,34,207,3064),(47,100010,14,34,208,3069),(47,100010,14,34,209,3076),(47,100010,14,34,210,3087),(48,100010,14,34,206,3050),(48,100010,14,34,207,3064),(48,100010,14,34,208,3069),(48,100010,14,34,209,3076),(48,100010,14,34,210,3087),(49,100010,14,34,206,3050),(49,100010,14,34,207,3064),(49,100010,14,34,208,3069),(49,100010,14,34,209,3076),(49,100010,14,34,210,3087),(50,100010,14,34,206,3050),(50,100010,14,34,207,3064),(50,100010,14,34,208,3069),(50,100010,14,34,209,3076),(50,100010,14,34,210,3087),(51,100010,14,34,206,3050),(51,100010,14,34,207,3064),(51,100010,14,34,208,3069),(51,100010,14,34,209,3076),(51,100010,14,34,210,3087),(52,100011,14,34,206,3056),(52,100011,14,34,207,3059),(52,100011,14,34,208,3068),(52,100011,14,34,209,3076),(52,100011,14,34,210,3088),(53,100011,14,34,206,3056),(53,100011,14,34,207,3059),(53,100011,14,34,208,3068),(53,100011,14,34,209,3076),(53,100011,14,34,210,3088),(54,100011,14,34,206,3056),(54,100011,14,34,207,3059),(54,100011,14,34,208,3068),(54,100011,14,34,209,3076),(54,100011,14,34,210,3088);

#
# Structure for table "33hao_goods_browse"
#

DROP TABLE IF EXISTS `33hao_goods_browse`;
CREATE TABLE `33hao_goods_browse` (
  `goods_id` int(11) NOT NULL COMMENT '商品ID',
  `member_id` int(11) NOT NULL COMMENT '会员ID',
  `browsetime` int(11) NOT NULL COMMENT '浏览时间',
  `gc_id` int(11) NOT NULL COMMENT '商品分类',
  `gc_id_1` int(11) NOT NULL COMMENT '商品一级分类',
  `gc_id_2` int(11) NOT NULL COMMENT '商品二级分类',
  `gc_id_3` int(11) NOT NULL COMMENT '商品三级分类',
  PRIMARY KEY (`goods_id`,`member_id`)
) ENGINE=InnoDB DEFAULT CHARSET=utf8 COMMENT='商品浏览历史表';

#
# Data for table "33hao_goods_browse"
#

INSERT INTO `33hao_goods_browse` VALUES (232,46,1514968661,617,593,596,617);

#
# Structure for table "33hao_goods_class"
#

DROP TABLE IF EXISTS `33hao_goods_class`;
CREATE TABLE `33hao_goods_class` (
  `gc_id` int(10) unsigned NOT NULL AUTO_INCREMENT COMMENT '索引ID',
  `gc_name` varchar(100) NOT NULL COMMENT '分类名称',
  `type_id` int(10) unsigned NOT NULL COMMENT '类型id',
  `type_name` varchar(100) NOT NULL COMMENT '类型名称',
  `gc_parent_id` int(10) unsigned NOT NULL DEFAULT '0' COMMENT '父ID',
  `commis_rate` float unsigned NOT NULL DEFAULT '0' COMMENT '佣金比例',
  `gc_sort` tinyint(1) unsigned NOT NULL DEFAULT '0' COMMENT '排序',
  `gc_virtual` tinyint(3) unsigned NOT NULL DEFAULT '0' COMMENT '是否允许发布虚拟商品，1是，0否',
  `gc_title` varchar(200) NOT NULL COMMENT '名称',
  `gc_keywords` varchar(255) NOT NULL DEFAULT '' COMMENT '关键词',
  `gc_description` varchar(255) NOT NULL DEFAULT '' COMMENT '描述',
  `gc_show` tinyint(1) NOT NULL DEFAULT '1' COMMENT '前台显示，0为否，1为是，默认为1',
  PRIMARY KEY (`gc_id`),
  KEY `store_id` (`gc_parent_id`)
) ENGINE=InnoDB AUTO_INCREMENT=1057 DEFAULT CHARSET=utf8 COMMENT='商品分类表';

#
# Data for table "33hao_goods_class"
#

INSERT INTO `33hao_goods_class` VALUES (1,'服饰鞋帽',0,'',0,5,4,0,'','','',1),(2,'礼品箱包',0,'',0,5,2,0,'','','',1),(3,'家居家装',0,'',0,5,3,0,'','','',1),(4,'女装',0,'',1,5,255,0,'','','',1),(5,'男装',0,'',1,5,255,0,'','','',1),(6,'内衣',0,'',1,5,255,0,'','','',1),(7,'运动',0,'',1,5,255,0,'','','',1),(8,'女鞋',0,'',1,5,255,0,'','','',1),(9,'男鞋',0,'',1,5,255,0,'','','',1),(10,'配饰',0,'',1,5,255,0,'','','',1),(11,'童装',0,'',1,5,255,0,'','','',1),(12,'T恤',0,'',4,5,255,0,'','','',1),(13,'衬衫',0,'',4,5,255,0,'','','',1),(14,'针织衫',0,'',4,5,255,0,'','','',1),(15,'雪纺衫',0,'',4,5,255,0,'','','',1),(16,'卫衣',0,'',4,5,255,0,'','','',1),(17,'马甲',0,'',4,5,255,0,'','','',1),(18,'连衣裙',0,'',4,5,255,0,'','','',1),(19,'半身裙',0,'',4,5,255,0,'','','',1),(20,'牛仔裤',0,'',4,5,255,0,'','','',1),(21,'休闲裤',0,'',4,5,255,0,'','','',1),(22,'打底裤',0,'',4,5,255,0,'','','',1),(23,'正装裤',0,'',4,5,255,0,'','','',1),(24,'西服',0,'',4,5,255,0,'','','',1),(25,'短外套',0,'',4,5,255,0,'','','',1),(26,'风衣',0,'',4,5,255,0,'','','',1),(27,'大衣',0,'',4,5,255,0,'','','',1),(28,'皮衣皮草',0,'',4,5,255,0,'','','',1),(29,'棉服',0,'',4,5,255,0,'','','',1),(30,'羽绒服',0,'',4,5,255,0,'','','',1),(31,'孕妇装',0,'',4,5,255,0,'','','',1),(32,'大码装',0,'',4,5,255,0,'','','',1),(33,'中老年装',0,'',4,5,255,0,'','','',1),(34,'婚纱礼服',0,'',4,5,255,0,'','','',1),(35,'衬衫',0,'',5,5,255,0,'','','',1),(36,'T恤',0,'',5,5,255,0,'','','',1),(37,'POLO衫',0,'',5,5,255,0,'','','',1),(38,'针织衫',0,'',5,5,255,0,'','','',1),(39,'羊绒衫',0,'',5,5,255,0,'','','',1),(40,'卫衣',0,'',5,5,255,0,'','','',1),(41,'马甲／背心',0,'',5,5,255,0,'','','',1),(42,'夹克',0,'',5,5,255,0,'','','',1),(43,'风衣',0,'',5,5,255,0,'','','',1),(44,'大衣',0,'',5,5,255,0,'','','',1),(45,'皮衣',0,'',5,5,255,0,'','','',1),(46,'外套',0,'',5,5,255,0,'','','',1),(47,'西服',0,'',5,5,255,0,'','','',1),(48,'棉服',0,'',5,5,255,0,'','','',1),(49,'羽绒服',0,'',5,5,255,0,'','','',1),(50,'牛仔裤',0,'',5,5,255,0,'','','',1),(51,'休闲裤',0,'',5,5,255,0,'','','',1),(52,'西裤',0,'',5,5,255,0,'','','',1),(53,'西服套装',0,'',5,5,255,0,'','','',1),(54,'大码装',0,'',5,5,255,0,'','','',1),(55,'中老年装',0,'',5,5,255,0,'','','',1),(56,'唐装',0,'',5,5,255,0,'','','',1),(57,'工装',0,'',5,5,255,0,'','','',1),(58,'文胸',0,'',6,5,255,0,'','','',1),(59,'女式内裤',0,'',6,5,255,0,'','','',1),(60,'男式内裤',0,'',6,5,255,0,'','','',1),(61,'家居',0,'',6,5,255,0,'','','',1),(62,'睡衣',0,'',6,5,255,0,'','','',1),(63,'塑身衣',0,'',6,5,255,0,'','','',1),(64,'睡袍／浴袍',0,'',6,5,255,0,'','','',1),(65,'泳衣',0,'',6,5,255,0,'','','',1),(66,'背心',0,'',6,5,255,0,'','','',1),(67,'抹胸',0,'',6,5,255,0,'','','',1),(68,'连裤袜',0,'',6,5,255,0,'','','',1),(69,'美腿袜',0,'',6,5,255,0,'','','',1),(70,'男袜',0,'',6,5,255,0,'','','',1),(71,'女袜',0,'',6,5,255,0,'','','',1),(72,'情趣内衣',0,'',6,5,255,0,'','','',1),(73,'保暖内衣',0,'',6,5,255,0,'','','',1),(74,'休闲鞋',0,'',7,5,255,0,'','','',1),(75,'帆布鞋',0,'',7,5,255,0,'','','',1),(76,'跑步鞋',0,'',7,5,255,0,'','','',1),(77,'篮球鞋',0,'',7,5,255,0,'','','',1),(78,'足球鞋',0,'',7,5,255,0,'','','',1),(79,'训练鞋',0,'',7,5,255,0,'','','',1),(80,'乒羽鞋',0,'',7,5,255,0,'','','',1),(81,'拖鞋',0,'',7,5,255,0,'','','',1),(82,'卫衣',0,'',7,5,255,0,'','','',1),(83,'夹克',0,'',7,5,255,0,'','','',1),(84,'T恤',0,'',7,5,255,0,'','','',1),(85,'棉服／羽绒服',0,'',7,5,255,0,'','','',1),(86,'运动裤',0,'',7,5,255,0,'','','',1),(87,'套装',0,'',7,5,255,0,'','','',1),(88,'运动包',0,'',7,5,255,0,'','','',1),(89,'运动配件',0,'',7,5,255,0,'','','',1),(90,'平底鞋',0,'',8,5,255,0,'','','',1),(91,'高跟鞋',0,'',8,5,255,0,'','','',1),(92,'单鞋',0,'',8,5,255,0,'','','',1),(93,'休闲鞋',0,'',8,5,255,0,'','','',1),(94,'凉鞋',0,'',8,5,255,0,'','','',1),(95,'女靴',0,'',8,5,255,0,'','','',1),(96,'雪地靴',0,'',8,5,255,0,'','','',1),(97,'拖鞋',0,'',8,5,255,0,'','','',1),(98,'裸靴',0,'',8,5,255,0,'','','',1),(99,'筒靴',0,'',8,5,255,0,'','','',1),(100,'帆布鞋',0,'',8,5,255,0,'','','',1),(101,'雨鞋／雨靴',0,'',8,5,255,0,'','','',1),(102,'妈妈鞋',0,'',8,5,255,0,'','','',1),(103,'鞋配件',0,'',8,5,255,0,'','','',1),(104,'特色鞋',0,'',8,5,255,0,'','','',1),(105,'鱼嘴鞋',0,'',8,5,255,0,'','','',1),(106,'布鞋／绣花鞋',0,'',8,5,255,0,'','','',1),(107,'商务休闲鞋',0,'',9,5,255,0,'','','',1),(108,'正装鞋',0,'',9,5,255,0,'','','',1),(109,'休闲鞋',0,'',9,5,255,0,'','','',1),(110,'凉鞋／沙滩鞋',0,'',9,5,255,0,'','','',1),(111,'男靴',0,'',9,5,255,0,'','','',1),(112,'功能鞋',0,'',9,5,255,0,'','','',1),(113,'拖鞋',0,'',9,5,255,0,'','','',1),(114,'传统布鞋',0,'',9,5,255,0,'','','',1),(115,'鞋配件',0,'',9,5,255,0,'','','',1),(116,'帆布鞋',0,'',9,5,255,0,'','','',1),(117,'豆豆鞋',0,'',9,5,255,0,'','','',1),(118,'驾车鞋',0,'',9,5,255,0,'','','',1),(119,'太阳镜',0,'',10,5,255,0,'','','',1),(120,'框镜',0,'',10,5,255,0,'','','',1),(121,'皮带',0,'',10,5,255,0,'','','',1),(122,'围巾',0,'',10,5,255,0,'','','',1),(123,'手套',0,'',10,5,255,0,'','','',1),(124,'帽子',0,'',10,5,255,0,'','','',1),(125,'领带',0,'',10,5,255,0,'','','',1),(126,'袖扣',0,'',10,5,255,0,'','','',1),(127,'其他配件',0,'',10,5,255,0,'','','',1),(128,'丝巾',0,'',10,5,255,0,'','','',1),(129,'披肩',0,'',10,5,255,0,'','','',1),(130,'腰带',0,'',10,5,255,0,'','','',1),(131,'腰链／腰封',0,'',10,5,255,0,'','','',1),(132,'棒球帽',0,'',10,5,255,0,'','','',1),(133,'毛线',0,'',10,5,255,0,'','','',1),(134,'遮阳帽',0,'',10,5,255,0,'','','',1),(135,'防紫外线手套',0,'',10,5,255,0,'','','',1),(136,'草帽',0,'',10,5,255,0,'','','',1),(137,'套装',0,'',11,5,255,0,'','','',1),(138,'上衣',0,'',11,5,255,0,'','','',1),(139,'裤子',0,'',11,5,255,0,'','','',1),(140,'裙子',0,'',11,5,255,0,'','','',1),(141,'内衣／家居服',0,'',11,5,255,0,'','','',1),(142,'羽绒服／棉服',0,'',11,5,255,0,'','','',1),(143,'亲子装',0,'',11,5,255,0,'','','',1),(144,'儿童配饰',0,'',11,5,255,0,'','','',1),(145,'礼服／演出服',0,'',11,5,255,0,'','','',1),(146,'运动鞋',0,'',11,5,255,0,'','','',1),(147,'单鞋',0,'',11,5,255,0,'','','',1),(148,'靴子',0,'',11,5,255,0,'','','',1),(149,'凉鞋',0,'',11,5,255,0,'','','',1),(150,'功能鞋',0,'',11,5,255,0,'','','',1),(151,'潮流女包',0,'',2,5,255,0,'','','',1),(152,'时尚男包',0,'',2,5,255,0,'','','',1),(153,'功能箱包',0,'',2,5,255,0,'','','',1),(154,'礼品',0,'',2,5,255,0,'','','',1),(155,'奢侈品',0,'',2,5,255,0,'','','',1),(156,'钱包/卡包',0,'',151,5,255,0,'','','',1),(157,'手拿包',0,'',151,5,255,0,'','','',1),(158,'单肩包',0,'',151,5,255,0,'','','',1),(159,'双肩包',0,'',151,5,255,0,'','','',1),(160,'手提包',0,'',151,5,255,0,'','','',1),(161,'斜挎包',0,'',151,5,255,0,'','','',1),(162,'钱包/卡包',0,'',152,5,255,0,'','','',1),(163,'男士手包',0,'',152,5,255,0,'','','',1),(164,'腰带／礼盒',0,'',152,5,255,0,'','','',1),(165,'商务公文包',0,'',152,5,255,0,'','','',1),(166,'电脑数码包',0,'',153,5,255,0,'','','',1),(167,'拉杆箱',0,'',153,5,255,0,'','','',1),(168,'旅行包',0,'',153,5,255,0,'','','',1),(169,'旅行配件',0,'',153,5,255,0,'','','',1),(170,'休闲运动包',0,'',153,5,255,0,'','','',1),(171,'登山包',0,'',153,5,255,0,'','','',1),(172,'妈咪包',0,'',153,5,255,0,'','','',1),(173,'书包',0,'',153,5,255,0,'','','',1),(174,'火机烟具',0,'',154,5,255,0,'','','',1),(175,'礼品文具',0,'',154,5,255,0,'','','',1),(176,'瑞士军刀',0,'',154,5,255,0,'','','',1),(177,'收藏品',0,'',154,5,255,0,'','','',1),(178,'工艺礼品',0,'',154,5,255,0,'','','',1),(179,'创意礼品',0,'',154,5,255,0,'','','',1),(180,'礼卡礼卷',0,'',154,5,255,0,'','','',1),(181,'鲜花速递',0,'',154,5,255,0,'','','',1),(182,'婚庆用品',0,'',154,5,255,0,'','','',1),(184,'奢侈品箱包',0,'',155,5,255,0,'','','',1),(185,'钱包',0,'',155,5,255,0,'','','',1),(186,'服饰',0,'',155,5,255,0,'','','',1),(187,'腰带',0,'',155,5,255,0,'','','',1),(188,'太阳镜眼镜',0,'',155,5,255,0,'','','',1),(189,'配件',0,'',155,5,255,0,'','','',1),(190,'GUCCI',0,'',155,5,255,0,'','','',1),(191,'PRADA',0,'',155,5,255,0,'','','',1),(192,'FENDI',0,'',155,5,255,0,'','','',1),(193,'BURBERRY',0,'',155,5,255,0,'','','',1),(194,'MONTBLANC',0,'',155,5,255,0,'','','',1),(195,'ARMANI',0,'',155,5,255,0,'','','',1),(196,'RIMOWA',0,'',155,5,255,0,'','','',1),(197,'RAY-BAN',0,'',155,5,255,0,'','','',1),(198,'COACH',0,'',155,5,255,0,'','','',1),(199,'更多品牌',0,'',155,5,255,0,'','','',1),(200,'家纺',0,'',3,5,255,0,'','','',1),(201,'灯具',0,'',3,5,255,0,'','','',1),(202,'生活日用',0,'',3,5,255,0,'','','',1),(203,'家装软饰',0,'',3,5,255,0,'','','',1),(204,'清洁日用',0,'',3,5,255,0,'','','',1),(205,'宠物生活',0,'',3,5,255,0,'','','',1),(206,'床品件套',0,'',200,5,255,0,'','','',1),(207,'被子',0,'',200,5,255,0,'','','',1),(208,'枕芯枕套',0,'',200,5,255,0,'','','',1),(209,'床单被罩',0,'',200,5,255,0,'','','',1),(210,'毛巾被/毯',0,'',200,5,255,0,'','','',1),(211,'床垫/床褥',0,'',200,5,255,0,'','','',1),(212,'蚊帐/凉席',0,'',200,5,255,0,'','','',1),(213,'抱枕坐垫',0,'',200,5,255,0,'','','',1),(214,'毛巾家纺',0,'',200,5,255,0,'','','',1),(215,'电热毯',0,'',200,5,255,0,'','','',1),(216,'窗帘/窗纱',0,'',200,5,255,0,'','','',1),(217,'酒店用品',0,'',200,5,255,0,'','','',1),(218,'台灯',0,'',201,5,255,0,'','','',1),(219,'节能灯',0,'',201,5,255,0,'','','',1),(220,'装饰灯',0,'',201,5,255,0,'','','',1),(221,'落地灯',0,'',201,5,255,0,'','','',1),(222,'应急灯/手电',0,'',201,5,255,0,'','','',1),(223,'LED灯',0,'',201,5,255,0,'','','',1),(224,'吸顶灯',0,'',201,5,255,0,'','','',1),(225,'五金电器',0,'',201,5,255,0,'','','',1),(226,'吊灯',0,'',201,5,255,0,'','','',1),(227,'氛围照明',0,'',201,5,255,0,'','','',1),(228,'收纳用品',0,'',202,5,255,0,'','','',1),(229,'雨伞雨具',0,'',202,5,255,0,'','','',1),(230,'浴室用品',0,'',202,5,255,0,'','','',1),(231,'缝纫用品',0,'',202,5,255,0,'','','',1),(232,'洗晒用品',0,'',202,5,255,0,'','','',1),(233,'净化除味',0,'',202,5,255,0,'','','',1),(234,'桌布/罩件',0,'',203,5,255,0,'','','',1),(235,'地毯地垫',0,'',203,5,255,0,'','','',1),(236,'沙发垫套',0,'',203,5,255,0,'','','',1),(237,'相框/相片墙',0,'',203,5,255,0,'','','',1),(238,'墙画墙贴',0,'',203,5,255,0,'','','',1),(239,'节庆饰品',0,'',203,5,255,0,'','','',1),(240,'手工/十字绣',0,'',203,5,255,0,'','','',1),(241,'工艺摆件',0,'',203,5,255,0,'','','',1),(242,'其他',0,'',203,5,255,0,'','','',1),(243,'纸品湿巾',0,'',204,5,255,0,'','','',1),(244,'衣物清洁',0,'',204,5,255,0,'','','',1),(245,'清洁工具',0,'',204,5,255,0,'','','',1),(246,'驱虫用品',0,'',204,5,255,0,'','','',1),(247,'居室清洁',0,'',204,5,255,0,'','','',1),(248,'皮具护理',0,'',204,5,255,0,'','','',1),(249,'宠物主粮',0,'',205,5,255,0,'','','',1),(250,'宠物零食',0,'',205,5,255,0,'','','',1),(251,'营养品',0,'',205,5,255,0,'','','',1),(252,'家居日用',0,'',205,5,255,0,'','','',1),(253,'玩具服饰',0,'',205,5,255,0,'','','',1),(254,'出行装备',0,'',205,5,255,0,'','','',1),(255,'医护美容',0,'',205,5,255,0,'','','',1),(256,'数码办公',0,'',0,5,1,0,'','','',1),(258,'手机配件',0,'',256,5,255,0,'','','',1),(259,'摄影摄像',0,'',256,5,255,0,'','','',1),(260,'数码配件',0,'',256,5,255,0,'','','',1),(261,'时尚影音',0,'',256,5,255,0,'','','',1),(262,'手机',0,'',257,0,255,0,'','','',1),(263,'对讲机',0,'',257,0,255,0,'','','',1),(264,'手机电池',0,'',258,5,255,0,'','','',1),(265,'蓝牙耳机',0,'',258,5,255,0,'','','',1),(266,'充电器/数据线',0,'',258,5,255,0,'','','',1),(267,'手机耳机',0,'',258,5,255,0,'','','',1),(268,'手机贴膜',0,'',258,5,255,0,'','','',1),(269,'手机存储卡',0,'',258,5,255,0,'','','',1),(270,'手机保护套',0,'',258,5,255,0,'','','',1),(271,'车载配件',0,'',258,5,255,0,'','','',1),(272,'iPhone 配件',0,'',258,5,255,0,'','','',1),(273,'创意配件',0,'',258,5,255,0,'','','',1),(274,'便携/无线音响',0,'',258,5,255,0,'','','',1),(275,'手机饰品',0,'',258,5,255,0,'','','',1),(276,'数码相机',0,'',259,5,255,0,'','','',1),(277,'单电/微单相机',0,'',259,5,255,0,'','','',1),(278,'单反相机',0,'',259,5,255,0,'','','',1),(279,'摄像机',0,'',259,5,255,0,'','','',1),(280,'拍立得',0,'',259,5,255,0,'','','',1),(281,'镜头',0,'',259,5,255,0,'','','',1),(282,'存储卡',0,'',260,5,255,0,'','','',1),(283,'读卡器',0,'',260,5,255,0,'','','',1),(284,'滤镜',0,'',260,5,255,0,'','','',1),(285,'闪光灯/手柄',0,'',260,5,255,0,'','','',1),(286,'相机包',0,'',260,5,255,0,'','','',1),(287,'三脚架/云台',0,'',260,5,255,0,'','','',1),(288,'相机清洁',0,'',260,5,255,0,'','','',1),(289,'相机贴膜',0,'',260,5,255,0,'','','',1),(290,'机身附件',0,'',260,5,255,0,'','','',1),(291,'镜头附件',0,'',260,5,255,0,'','','',1),(292,'电池/充电器',0,'',260,5,255,0,'','','',1),(293,'移动电源',0,'',260,5,255,0,'','','',1),(294,'MP3/MP4',0,'',261,5,255,0,'','','',1),(295,'智能设备',0,'',261,5,255,0,'','','',1),(296,'耳机/耳麦',0,'',261,5,255,0,'','','',1),(297,'音箱',0,'',261,5,255,0,'','','',1),(298,'高清播放器',0,'',261,5,255,0,'','','',1),(299,'电子书',0,'',261,5,255,0,'','','',1),(300,'电子词典',0,'',261,5,255,0,'','','',1),(301,'MP3/MP4配件',0,'',261,5,255,0,'','','',1),(302,'录音笔',0,'',261,5,255,0,'','','',1),(303,'麦克风',0,'',261,5,255,0,'','','',1),(304,'专业音频',0,'',261,5,255,0,'','','',1),(305,'电子教育',0,'',261,5,255,0,'','','',1),(306,'数码相框',0,'',261,5,255,0,'','','',1),(307,'苹果配件',0,'',261,5,255,0,'','','',1),(308,'家用电器',0,'',0,5,5,0,'','','',1),(309,'大家电',0,'',308,5,255,0,'','','',1),(310,'生活电器',0,'',308,5,255,0,'','','',1),(311,'厨房电器',0,'',308,5,255,0,'','','',1),(312,'个护健康',0,'',308,5,255,0,'','','',1),(313,'五金家装',0,'',308,5,255,0,'','','',1),(314,'平板电视',0,'',309,5,255,0,'','','',1),(315,'空调',0,'',309,5,255,0,'','','',1),(316,'冰箱',0,'',309,5,255,0,'','','',1),(317,'洗衣机',0,'',309,5,255,0,'','','',1),(318,'家庭影院',0,'',309,5,255,0,'','','',1),(319,'DVD播放机',0,'',309,5,255,0,'','','',1),(320,'迷你音响',0,'',309,5,255,0,'','','',1),(321,'烟机/灶具',0,'',309,5,255,0,'','','',1),(322,'热水器',0,'',309,5,255,0,'','','',1),(323,'消毒柜/洗碗机',0,'',309,5,255,0,'','','',1),(324,'酒柜/冰吧/冷柜',0,'',309,5,255,0,'','','',1),(325,'家电配件',0,'',309,5,255,0,'','','',1),(326,'净化器',0,'',310,5,255,0,'','','',1),(327,'电风扇',0,'',310,5,255,0,'','','',1),(328,'吸尘器',0,'',310,5,255,0,'','','',1),(329,'加湿器',0,'',310,5,255,0,'','','',1),(330,'净水设备',0,'',310,5,255,0,'','','',1),(331,'饮水机',0,'',310,5,255,0,'','','',1),(332,'冷风扇',0,'',310,5,255,0,'','','',1),(333,'挂烫机/熨斗',0,'',310,5,255,0,'','','',1),(334,'电话机',0,'',310,5,255,0,'','','',1),(335,'插座',0,'',310,5,255,0,'','','',1),(336,'收录/音机',0,'',310,5,255,0,'','','',1),(337,'除湿/干衣机',0,'',310,5,255,0,'','','',1),(338,'清洁机',0,'',310,5,255,0,'','','',1),(339,'取暖电器',0,'',310,5,255,0,'','','',1),(340,'其它生活电器',0,'',310,5,255,0,'','','',1),(341,'料理/榨汁机',0,'',311,5,255,0,'','','',1),(342,'豆浆机',0,'',311,5,255,0,'','','',1),(343,'电饭煲',0,'',311,5,255,0,'','','',1),(344,'电压力锅',0,'',311,5,255,0,'','','',1),(345,'面包机',0,'',311,5,255,0,'','','',1),(346,'咖啡机',0,'',311,5,255,0,'','','',1),(347,'微波炉',0,'',311,5,255,0,'','','',1),(348,'电烤箱',0,'',311,5,255,0,'','','',1),(349,'电磁炉',0,'',311,5,255,0,'','','',1),(350,'电饼铛/烧烤盘',0,'',311,5,255,0,'','','',1),(351,'煮蛋器',0,'',311,5,255,0,'','','',1),(352,'酸奶机',0,'',311,5,255,0,'','','',1),(353,'电炖锅',0,'',311,5,255,0,'','','',1),(354,'电水壶/热水瓶',0,'',311,5,255,0,'','','',1),(355,'多用途锅',0,'',311,5,255,0,'','','',1),(356,'果蔬解毒机',0,'',311,5,255,0,'','','',1),(357,'其它厨房电器',0,'',311,5,255,0,'','','',1),(358,'剃须刀',0,'',312,5,255,0,'','','',1),(359,'剃/脱毛器',0,'',312,5,255,0,'','','',1),(360,'口腔护理',0,'',312,5,255,0,'','','',1),(361,'电吹风',0,'',312,5,255,0,'','','',1),(362,'美容器',0,'',312,5,255,0,'','','',1),(363,'美发器',0,'',312,5,255,0,'','','',1),(364,'按摩椅',0,'',312,5,255,0,'','','',1),(365,'按摩器',0,'',312,5,255,0,'','','',1),(366,'足浴盆',0,'',312,5,255,0,'','','',1),(367,'血压计',0,'',312,5,255,0,'','','',1),(368,'健康秤/厨房秤',0,'',312,5,255,0,'','','',1),(369,'血糖仪',0,'',312,5,255,0,'','','',1),(370,'体温计',0,'',312,5,255,0,'','','',1),(371,'计步器/脂肪检测仪',0,'',312,5,255,0,'','','',1),(372,'其它健康电器',0,'',312,5,255,0,'','','',1),(373,'电动工具',0,'',313,5,255,0,'','','',1),(374,'手动工具',0,'',313,5,255,0,'','','',1),(375,'仪器仪表',0,'',313,5,255,0,'','','',1),(376,'浴霸/排气扇',0,'',313,5,255,0,'','','',1),(377,'灯具',0,'',313,5,255,0,'','','',1),(378,'LED灯',0,'',313,5,255,0,'','','',1),(379,'洁身器',0,'',313,5,255,0,'','','',1),(380,'水槽',0,'',313,5,255,0,'','','',1),(381,'龙头',0,'',313,5,255,0,'','','',1),(382,'淋浴花洒',0,'',313,5,255,0,'','','',1),(383,'厨卫五金',0,'',313,5,255,0,'','','',1),(384,'家具五金',0,'',313,5,255,0,'','','',1),(385,'门铃',0,'',313,5,255,0,'','','',1),(386,'电气开关',0,'',313,5,255,0,'','','',1),(387,'插座',0,'',313,5,255,0,'','','',1),(388,'电工电料',0,'',313,5,255,0,'','','',1),(389,'监控安防',0,'',313,5,255,0,'','','',1),(390,'电脑整机',0,'',256,5,255,0,'','','',1),(391,'电脑配件',0,'',256,5,255,0,'','','',1),(392,'外设产品',0,'',256,5,255,0,'','','',1),(393,'网络产品',0,'',256,5,255,0,'','','',1),(394,'办公打印',0,'',256,5,255,0,'','','',1),(395,'办公文仪',0,'',256,5,255,0,'','','',1),(398,'笔记本',0,'',390,5,255,0,'','','',1),(399,'超极本',0,'',390,5,255,0,'','','',1),(400,'游戏本',0,'',390,5,255,0,'','','',1),(401,'平板电脑',0,'',390,5,255,0,'','','',1),(402,'平板电脑配件',0,'',390,5,255,0,'','','',1),(403,'台式机',0,'',390,5,255,0,'','','',1),(404,'服务器',0,'',390,5,255,0,'','','',1),(405,'笔记本配件',0,'',390,5,255,0,'','','',1),(406,'CPU',0,'',391,5,255,0,'','','',1),(407,'主板',0,'',391,5,255,0,'','','',1),(408,'显卡',0,'',391,5,255,0,'','','',1),(409,'硬盘',0,'',391,5,255,0,'','','',1),(410,'SSD固态硬盘',0,'',391,5,255,0,'','','',1),(411,'内存',0,'',391,5,255,0,'','','',1),(412,'机箱',0,'',391,5,255,0,'','','',1),(413,'电源',0,'',391,5,255,0,'','','',1),(414,'显示器',0,'',391,5,255,0,'','','',1),(415,'刻录机/光驱',0,'',391,5,255,0,'','','',1),(416,'散热器',0,'',391,5,255,0,'','','',1),(417,'声卡/扩展卡',0,'',391,5,255,0,'','','',1),(418,'装机配件',0,'',391,5,255,0,'','','',1),(419,'鼠标',0,'',392,5,255,0,'','','',1),(420,'键盘',0,'',392,5,255,0,'','','',1),(421,'移动硬盘',0,'',392,5,255,0,'','','',1),(422,'U盘',0,'',392,5,255,0,'','','',1),(423,'摄像头',0,'',392,5,255,0,'','','',1),(424,'外置盒',0,'',392,5,255,0,'','','',1),(425,'游戏设备',0,'',392,5,255,0,'','','',1),(426,'电视盒',0,'',392,5,255,0,'','','',1),(427,'手写板',0,'',392,5,255,0,'','','',1),(428,'鼠标垫',0,'',392,5,255,0,'','','',1),(429,'插座',0,'',392,5,255,0,'','','',1),(430,'UPS电源',0,'',392,5,255,0,'','','',1),(431,'线缆',0,'',392,5,255,0,'','','',1),(432,'电脑工具',0,'',392,5,255,0,'','','',1),(433,'电脑清洁',0,'',392,5,255,0,'','','',1),(434,'路由器',0,'',393,5,255,0,'','','',1),(435,'网卡',0,'',393,5,255,0,'','','',1),(436,'交换机',0,'',393,5,255,0,'','','',1),(437,'网络存储',0,'',393,5,255,0,'','','',1),(438,'3G上网',0,'',393,5,255,0,'','','',1),(439,'网络盒子',0,'',393,5,255,0,'','','',1),(440,'打印机',0,'',394,5,255,0,'','','',1),(441,'一体机',0,'',394,5,255,0,'','','',1),(442,'投影机',0,'',394,5,255,0,'','','',1),(443,'投影配件',0,'',394,5,255,0,'','','',1),(444,'传真机',0,'',394,5,255,0,'','','',1),(445,'复合机',0,'',394,5,255,0,'','','',1),(446,'碎纸机',0,'',394,5,255,0,'','','',1),(447,'扫描仪',0,'',394,5,255,0,'','','',1),(448,'墨盒',0,'',394,5,255,0,'','','',1),(449,'硒鼓',0,'',394,5,255,0,'','','',1),(450,'墨粉',0,'',394,5,255,0,'','','',1),(451,'色带',0,'',394,5,255,0,'','','',1),(452,'办公文具',0,'',395,5,255,0,'','','',1),(453,'文件管理',0,'',395,5,255,0,'','','',1),(454,'笔类',0,'',395,5,255,0,'','','',1),(455,'纸类',0,'',395,5,255,0,'','','',1),(456,'本册/便签',0,'',395,5,255,0,'','','',1),(457,'学生文具',0,'',395,5,255,0,'','','',1),(458,'财务用品',0,'',395,5,255,0,'','','',1),(459,'计算器',0,'',395,5,255,0,'','','',1),(460,'激光笔',0,'',395,5,255,0,'','','',1),(461,'白板/封装',0,'',395,5,255,0,'','','',1),(462,'考勤机',0,'',395,5,255,0,'','','',1),(463,'刻录碟片/附件',0,'',395,5,255,0,'','','',1),(464,'点钞机',0,'',395,5,255,0,'','','',1),(465,'支付设备/POS机',0,'',395,5,255,0,'','','',1),(466,'安防监控',0,'',395,5,255,0,'','','',1),(467,'呼叫/会议设备',0,'',395,5,255,0,'','','',1),(468,'保险柜',0,'',395,5,255,0,'','','',1),(469,'办公家具',0,'',395,5,255,0,'','','',1),(470,'个护化妆',0,'',0,5,6,0,'','','',1),(471,'面部护理',0,'',470,5,255,0,'','','',1),(472,'身体护理',0,'',470,5,255,0,'','','',1),(473,'口腔护理',0,'',470,5,255,0,'','','',1),(474,'女性护理',0,'',470,5,255,0,'','','',1),(475,'男士护理',0,'',470,5,255,0,'','','',1),(476,'魅力彩妆',0,'',470,5,255,0,'','','',1),(477,'香水SPA',0,'',470,5,255,0,'','','',1),(478,'洁面乳',0,'',471,5,255,0,'','','',1),(479,'爽肤水',0,'',471,5,255,0,'','','',1),(480,'精华露',0,'',471,5,255,0,'','','',1),(481,'乳液面霜',0,'',471,5,255,0,'','','',1),(482,'面膜面贴',0,'',471,5,255,0,'','','',1),(483,'眼部护理',0,'',471,5,255,0,'','','',1),(484,'颈部护理',0,'',471,5,255,0,'','','',1),(485,'T区护理',0,'',471,5,255,0,'','','',1),(486,'护肤套装',0,'',471,5,255,0,'','','',1),(487,'防晒隔离',0,'',471,5,255,0,'','','',1),(488,'洗发护发',0,'',472,5,255,0,'','','',1),(489,'染发/造型',0,'',472,5,255,0,'','','',1),(490,'沐浴',0,'',472,5,255,0,'','','',1),(491,'磨砂/浴盐',0,'',472,5,255,0,'','','',1),(492,'身体乳',0,'',472,5,255,0,'','','',1),(493,'手工/香皂',0,'',472,5,255,0,'','','',1),(494,'香薰精油',0,'',472,5,255,0,'','','',1),(495,'纤体瘦身',0,'',472,5,255,0,'','','',1),(496,'脱毛膏',0,'',472,5,255,0,'','','',1),(497,'手足护理',0,'',472,5,255,0,'','','',1),(498,'洗护套装',0,'',472,5,255,0,'','','',1),(499,'牙膏/牙粉',0,'',473,5,255,0,'','','',1),(500,'牙刷/牙线',0,'',473,5,255,0,'','','',1),(501,'漱口水',0,'',473,5,255,0,'','','',1),(502,'卫生巾',0,'',474,5,255,0,'','','',1),(503,'卫生护垫',0,'',474,5,255,0,'','','',1),(504,'洗液',0,'',474,5,255,0,'','','',1),(505,'美容食品',0,'',474,5,255,0,'','','',1),(506,'其他',0,'',474,5,255,0,'','','',1),(507,'脸部护理',0,'',475,5,255,0,'','','',1),(508,'眼部护理',0,'',475,5,255,0,'','','',1),(509,'身体护理',0,'',475,5,255,0,'','','',1),(510,'男士香水',0,'',475,5,255,0,'','','',1),(511,'剃须护理',0,'',475,5,255,0,'','','',1),(512,'防脱洗护',0,'',475,5,255,0,'','','',1),(513,'男士唇膏',0,'',475,5,255,0,'','','',1),(514,'粉底/遮瑕',0,'',476,5,255,0,'','','',1),(515,'腮红',0,'',476,5,255,0,'','','',1),(516,'眼影/眼线',0,'',476,5,255,0,'','','',1),(517,'眉笔',0,'',476,5,255,0,'','','',1),(518,'睫毛膏',0,'',476,5,255,0,'','','',1),(519,'唇膏唇彩',0,'',476,5,255,0,'','','',1),(520,'彩妆组合',0,'',476,5,255,0,'','','',1),(521,'卸妆',0,'',476,5,255,0,'','','',1),(522,'美甲',0,'',476,5,255,0,'','','',1),(523,'彩妆工具',0,'',476,5,255,0,'','','',1),(524,'假发',0,'',476,5,255,0,'','','',1),(525,'女士香水',0,'',477,5,255,0,'','','',1),(526,'男士香水',0,'',477,5,255,0,'','','',1),(527,'组合套装',0,'',477,5,255,0,'','','',1),(528,'迷你香水',0,'',477,5,255,0,'','','',1),(529,'香体走珠',0,'',477,5,255,0,'','','',1),(530,'珠宝手表',0,'',0,5,9,0,'','','',1),(531,'时尚饰品',0,'',530,5,255,0,'','','',1),(532,'纯金K金饰品',0,'',530,5,255,0,'','','',1),(533,'金银投资',0,'',530,5,255,0,'','','',1),(534,'银饰',0,'',530,5,255,0,'','','',1),(535,'钻石饰品',0,'',530,5,255,0,'','','',1),(536,'翡翠玉石',0,'',530,5,255,0,'','','',1),(537,'水晶玛瑙',0,'',530,5,255,0,'','','',1),(538,'宝石珍珠',0,'',530,5,255,0,'','','',1),(539,'婚庆',0,'',530,5,255,0,'','','',1),(540,'钟表手表',0,'',530,5,255,0,'','','',1),(541,'项链',0,'',531,5,255,0,'','','',1),(542,'手链/脚链',0,'',531,5,255,0,'','','',1),(543,'戒指',0,'',531,5,255,0,'','','',1),(544,'耳饰',0,'',531,5,255,0,'','','',1),(545,'头饰',0,'',531,5,255,0,'','','',1),(546,'胸针',0,'',531,5,255,0,'','','',1),(547,'婚庆饰品',0,'',531,5,255,0,'','','',1),(548,'饰品配件',0,'',531,5,255,0,'','','',1),(549,'吊坠/项链',0,'',532,5,255,0,'','','',1),(550,'手镯/手链/脚链',0,'',532,5,255,0,'','','',1),(551,'戒指',0,'',532,5,255,0,'','','',1),(552,'耳饰',0,'',532,5,255,0,'','','',1),(553,'工艺金',0,'',533,5,255,0,'','','',1),(554,'工艺银',0,'',533,5,255,0,'','','',1),(555,'吊坠/项链',0,'',534,5,255,0,'','','',1),(556,'手镯/手链/脚链',0,'',534,5,255,0,'','','',1),(557,'戒指/耳饰',0,'',534,5,255,0,'','','',1),(558,'宝宝金银',0,'',534,5,255,0,'','','',1),(559,'千足银',0,'',534,5,255,0,'','','',1),(560,'裸钻',0,'',535,5,255,0,'','','',1),(561,'戒指',0,'',535,5,255,0,'','','',1),(563,'项链/吊坠',0,'',535,5,255,0,'','','',1),(564,'耳饰',0,'',535,5,255,0,'','','',1),(565,'手镯/手链',0,'',535,5,255,0,'','','',1),(566,'项链/吊坠',0,'',536,5,255,0,'','','',1),(567,'手镯/手串',0,'',536,5,255,0,'','','',1),(568,'戒指',0,'',536,5,255,0,'','','',1),(569,'耳饰',0,'',536,5,255,0,'','','',1),(570,'挂件/摆件/把件',0,'',536,5,255,0,'','','',1),(571,'高值收藏',0,'',536,5,255,0,'','','',1),(572,'耳饰',0,'',537,5,255,0,'','','',1),(573,'手镯/手链/脚链',0,'',537,5,255,0,'','','',1),(574,'戒指',0,'',537,5,255,0,'','','',1),(575,'头饰/胸针',0,'',537,5,255,0,'','','',1),(576,'摆件/挂件',0,'',537,5,255,0,'','','',1),(577,'项链/吊坠',0,'',538,5,255,0,'','','',1),(578,'耳饰',0,'',538,5,255,0,'','','',1),(579,'手镯/手链',0,'',538,5,255,0,'','','',1),(580,'戒指',0,'',538,5,255,0,'','','',1),(581,'婚嫁首饰',0,'',539,5,255,0,'','','',1),(582,'婚纱摄影',0,'',539,5,255,0,'','','',1),(583,'婚纱礼服',0,'',539,5,255,0,'','','',1),(584,'婚庆服务',0,'',539,5,255,0,'','','',1),(585,'婚庆礼品/用品',0,'',539,5,255,0,'','','',1),(586,'婚宴',0,'',539,5,255,0,'','','',1),(587,'瑞士品牌',0,'',540,5,255,0,'','','',1),(588,'国产品牌',0,'',540,5,255,0,'','','',1),(589,'日本品牌',0,'',540,5,255,0,'','','',1),(590,'时尚品牌',0,'',540,5,255,0,'','','',1),(591,'闹钟挂钟',0,'',540,5,255,0,'','','',1),(592,'儿童手表',0,'',540,5,255,0,'','','',1),(593,'食品饮料',0,'',0,5,7,0,'','','',1),(594,'进口食品',0,'',593,5,255,0,'','','',1),(595,'地方特产',0,'',593,5,255,0,'','','',1),(596,'休闲食品',0,'',593,5,255,0,'','','',1),(597,'粮油调味',0,'',593,5,255,0,'','','',1),(598,'中外名酒',0,'',593,5,255,0,'','','',1),(599,'饮料冲调',0,'',593,5,255,0,'','','',1),(600,'营养健康',0,'',593,5,255,0,'','','',1),(601,'亚健康调理',0,'',593,5,255,0,'','','',1),(602,'健康礼品',0,'',593,5,255,0,'','','',1),(603,'生鲜食品',0,'',593,5,255,0,'','','',1),(604,'饼干蛋糕',0,'',594,5,255,0,'','','',1),(605,'糖果巧克力',0,'',594,5,255,0,'','','',1),(606,'休闲零食',0,'',594,5,255,0,'','','',1),(607,'冲调饮品',0,'',594,5,255,0,'','','',1),(608,'粮油调味',0,'',594,5,255,0,'','','',1),(609,'华北',0,'',595,5,255,0,'','','',1),(610,'西北',0,'',595,5,255,0,'','','',1),(611,'西南',0,'',595,5,255,0,'','','',1),(612,'东北',0,'',595,5,255,0,'','','',1),(613,'华南',0,'',595,5,255,0,'','','',1),(614,'华东',0,'',595,5,255,0,'','','',1),(615,'华中',0,'',595,5,255,0,'','','',1),(616,'休闲零食',0,'',596,5,255,0,'','','',1),(617,'坚果炒货',0,'',596,5,255,0,'','','',1),(618,'肉干肉松',0,'',596,5,255,0,'','','',1),(619,'蜜饯果脯',0,'',596,5,255,0,'','','',1),(620,'糖果/巧克力',0,'',596,5,255,0,'','','',1),(621,'饼干蛋糕',0,'',596,5,255,0,'','','',1),(622,'米面杂粮',0,'',597,5,255,0,'','','',1),(623,'食用油',0,'',597,5,255,0,'','','',1),(624,'调味品',0,'',597,5,255,0,'','','',1),(625,'南北干货',0,'',597,5,255,0,'','','',1),(626,'方便食品',0,'',597,5,255,0,'','','',1),(627,'有机食品',0,'',597,5,255,0,'','','',1),(628,'白酒',0,'',598,5,255,0,'','','',1),(629,'洋酒',0,'',598,5,255,0,'','','',1),(630,'葡萄酒',0,'',598,5,255,0,'','','',1),(631,'啤酒',0,'',598,5,255,0,'','','',1),(632,'黄酒',0,'',598,5,255,0,'','','',1),(633,'水',0,'',599,5,255,0,'','','',1),(634,'饮料',0,'',599,5,255,0,'','','',1),(635,'牛奶',0,'',599,5,255,0,'','','',1),(636,'茶叶',0,'',599,5,255,0,'','','',1),(637,'咖啡/奶茶',0,'',599,5,255,0,'','','',1),(638,'冲饮谷物',0,'',599,5,255,0,'','','',1),(639,'基础营养',0,'',600,5,255,0,'','','',1),(640,'美体养颜',0,'',600,5,255,0,'','','',1),(641,'滋补调养',0,'',600,5,255,0,'','','',1),(642,'骨骼健康',0,'',600,5,255,0,'','','',1),(643,'保健茶饮',0,'',600,5,255,0,'','','',1),(644,'成分保健',0,'',600,5,255,0,'','','',1),(645,'无糖食品',0,'',600,5,255,0,'','','',1),(646,'调节三高',0,'',601,5,255,0,'','','',1),(647,'心脑养护',0,'',601,5,255,0,'','','',1),(648,'改善睡眠',0,'',601,5,255,0,'','','',1),(649,'肝肾养护',0,'',601,5,255,0,'','','',1),(650,'免疫调节',0,'',601,5,255,0,'','','',1),(651,'更多调理',0,'',601,5,255,0,'','','',1),(652,'参茸礼品',0,'',602,5,255,0,'','','',1),(653,'更多礼品',0,'',602,5,255,0,'','','',1),(654,'水果',0,'',603,5,255,0,'','','',1),(655,'蔬菜',0,'',603,5,255,0,'','','',1),(656,'海鲜水产',0,'',603,5,255,0,'','','',1),(657,'禽蛋',0,'',603,5,255,0,'','','',1),(658,'鲜肉',0,'',603,5,255,0,'','','',1),(659,'加工类肉食',0,'',603,5,255,0,'','','',1),(660,'冻品',0,'',603,5,255,0,'','','',1),(661,'半成品',0,'',603,5,255,0,'','','',1),(662,'运动健康',0,'',0,5,10,0,'','','',1),(663,'户外鞋服',0,'',662,5,255,0,'','','',1),(664,'户外装备',0,'',662,5,255,0,'','','',1),(665,'运动器械',0,'',662,5,255,0,'','','',1),(666,'纤体瑜伽',0,'',662,5,255,0,'','','',1),(667,'体育娱乐',0,'',662,5,255,0,'','','',1),(668,'成人用品',0,'',662,5,255,0,'','','',1),(669,'保健器械',0,'',662,5,255,0,'','','',1),(670,'急救卫生',0,'',662,5,255,0,'','','',1),(671,'户外服装',0,'',663,5,255,0,'','','',1),(672,'户外鞋袜',0,'',663,5,255,0,'','','',1),(673,'户外配饰',0,'',663,5,255,0,'','','',1),(674,'帐篷',0,'',664,5,255,0,'','','',1),(675,'睡袋',0,'',664,5,255,0,'','','',1),(676,'登山攀岩',0,'',664,5,255,0,'','','',1),(677,'户外背包',0,'',664,5,255,0,'','','',1),(678,'户外照明',0,'',664,5,255,0,'','','',1),(679,'户外垫子',0,'',664,5,255,0,'','','',1),(680,'户外仪表',0,'',664,5,255,0,'','','',1),(681,'户外工具',0,'',664,5,255,0,'','','',1),(682,'望远镜',0,'',664,5,255,0,'','','',1),(683,'垂钓用品',0,'',664,5,255,0,'','','',1),(684,'旅游用品',0,'',664,5,255,0,'','','',1),(685,'便携桌椅床',0,'',664,5,255,0,'','','',1),(686,'烧烤用品',0,'',664,5,255,0,'','','',1),(687,'野餐炊具',0,'',664,5,255,0,'','','',1),(688,'军迷用品',0,'',664,5,255,0,'','','',1),(689,'游泳用具',0,'',664,5,255,0,'','','',1),(690,'泳衣',0,'',664,5,255,0,'','','',1),(691,'健身器械',0,'',665,5,255,0,'','','',1),(692,'运动器材',0,'',665,5,255,0,'','','',1),(693,'极限轮滑',0,'',665,5,255,0,'','','',1),(694,'骑行运动',0,'',665,5,255,0,'','','',1),(695,'运动护具',0,'',665,5,255,0,'','','',1),(696,'武术搏击',0,'',665,5,255,0,'','','',1),(697,'瑜伽垫',0,'',666,5,255,0,'','','',1),(698,'瑜伽服',0,'',666,5,255,0,'','','',1),(699,'瑜伽配件',0,'',666,5,255,0,'','','',1),(700,'瑜伽套装',0,'',666,5,255,0,'','','',1),(701,'舞蹈鞋服',0,'',666,5,255,0,'','','',1),(702,'羽毛球',0,'',667,5,255,0,'','','',1),(703,'乒乓球',0,'',667,5,255,0,'','','',1),(704,'篮球',0,'',667,5,255,0,'','','',1),(705,'足球',0,'',667,5,255,0,'','','',1),(706,'网球',0,'',667,5,255,0,'','','',1),(707,'排球',0,'',667,5,255,0,'','','',1),(708,'高尔夫球',0,'',667,5,255,0,'','','',1),(709,'棋牌麻将',0,'',667,5,255,0,'','','',1),(710,'其他',0,'',667,5,255,0,'','','',1),(711,'安全避孕',0,'',668,5,255,0,'','','',1),(712,'验孕测孕',0,'',668,5,255,0,'','','',1),(713,'人体润滑',0,'',668,5,255,0,'','','',1),(714,'情爱玩具',0,'',668,5,255,0,'','','',1),(715,'情趣内衣',0,'',668,5,255,0,'','','',1),(716,'组合套装',0,'',668,5,255,0,'','','',1),(717,'养生器械',0,'',669,5,255,0,'','','',1),(718,'保健用品',0,'',669,5,255,0,'','','',1),(719,'康复辅助',0,'',669,5,255,0,'','','',1),(720,'家庭护理',0,'',669,5,255,0,'','','',1),(721,'跌打损伤',0,'',670,5,255,0,'','','',1),(722,'烫伤止痒',0,'',670,5,255,0,'','','',1),(723,'防裂抗冻',0,'',670,5,255,0,'','','',1),(724,'口腔咽部',0,'',670,5,255,0,'','','',1),(725,'眼部保健',0,'',670,5,255,0,'','','',1),(726,'鼻炎健康',0,'',670,5,255,0,'','','',1),(727,'风湿骨痛',0,'',670,5,255,0,'','','',1),(728,'生殖泌尿',0,'',670,5,255,0,'','','',1),(729,'美体塑身',0,'',670,5,255,0,'','','',1),(730,'汽车用品',0,'',0,5,11,0,'','','',1),(731,'电子电器',0,'',730,5,255,0,'','','',1),(732,'系统养护',0,'',730,5,255,0,'','','',1),(733,'改装配件',0,'',730,5,255,0,'','','',1),(734,'汽车美容',0,'',730,5,255,0,'','','',1),(735,'座垫脚垫',0,'',730,5,255,0,'','','',1),(736,'内饰精品',0,'',730,5,255,0,'','','',1),(737,'安全自驾',0,'',730,5,255,0,'','','',1),(738,'便携GPS导航',0,'',731,5,255,0,'','','',1),(739,'嵌入式导航',0,'',731,5,255,0,'','','',1),(740,'安全预警仪',0,'',731,5,255,0,'','','',1),(741,'行车记录仪',0,'',731,5,255,0,'','','',1),(742,'跟踪防盗器',0,'',731,5,255,0,'','','',1),(743,'倒车雷达',0,'',731,5,255,0,'','','',1),(744,'车载电源',0,'',731,5,255,0,'','','',1),(745,'车载蓝牙',0,'',731,5,255,0,'','','',1),(746,'车载影音',0,'',731,5,255,0,'','','',1),(747,'车载净化器',0,'',731,5,255,0,'','','',1),(748,'车载冰箱',0,'',731,5,255,0,'','','',1),(749,'车载吸尘器',0,'',731,5,255,0,'','','',1),(750,'充气泵',0,'',731,5,255,0,'','','',1),(751,'胎压监测',0,'',731,5,255,0,'','','',1),(752,'车载生活电器',0,'',731,5,255,0,'','','',1),(753,'机油',0,'',732,5,255,0,'','','',1),(754,'添加剂',0,'',732,5,255,0,'','','',1),(755,'防冻冷却液',0,'',732,5,255,0,'','','',1),(756,'附属油',0,'',732,5,255,0,'','','',1),(757,'底盘装甲',0,'',732,5,255,0,'','','',1),(758,'空调清洗剂',0,'',732,5,255,0,'','','',1),(759,'金属养护',0,'',732,5,255,0,'','','',1),(760,'雨刷',0,'',733,5,255,0,'','','',1),(761,'车灯',0,'',733,5,255,0,'','','',1),(762,'轮胎',0,'',733,5,255,0,'','','',1),(763,'贴膜',0,'',733,5,255,0,'','','',1),(764,'装饰贴',0,'',733,5,255,0,'','','',1),(765,'后视镜',0,'',733,5,255,0,'','','',1),(766,'机油滤',0,'',733,5,255,0,'','','',1),(767,'空气滤',0,'',733,5,255,0,'','','',1),(768,'空调滤',0,'',733,5,255,0,'','','',1),(769,'燃油滤',0,'',733,5,255,0,'','','',1),(770,'火花塞',0,'',733,5,255,0,'','','',1),(771,'喇叭',0,'',733,5,255,0,'','','',1),(772,'刹车片',0,'',733,5,255,0,'','','',1),(773,'刹车盘',0,'',733,5,255,0,'','','',1),(774,'减震器',0,'',733,5,255,0,'','','',1),(775,'车身装饰',0,'',733,5,255,0,'','','',1),(776,'尾喉/排气管',0,'',733,5,255,0,'','','',1),(777,'踏板',0,'',733,5,255,0,'','','',1),(778,'蓄电池',0,'',733,5,255,0,'','','',1),(779,'其他配件',0,'',733,5,255,0,'','','',1),(780,'漆面美容',0,'',734,5,255,0,'','','',1),(781,'漆面修复',0,'',734,5,255,0,'','','',1),(782,'内饰清洁',0,'',734,5,255,0,'','','',1),(783,'玻璃美容',0,'',734,5,255,0,'','','',1),(784,'补漆笔',0,'',734,5,255,0,'','','',1),(785,'轮胎轮毂清洗',0,'',734,5,255,0,'','','',1),(786,'洗车器',0,'',734,5,255,0,'','','',1),(787,'洗车水枪',0,'',734,5,255,0,'','','',1),(788,'洗车配件',0,'',734,5,255,0,'','','',1),(789,'洗车液',0,'',734,5,255,0,'','','',1),(790,'车掸',0,'',734,5,255,0,'','','',1),(791,'擦车巾/海绵',0,'',734,5,255,0,'','','',1),(792,'凉垫',0,'',735,5,255,0,'','','',1),(793,'四季垫',0,'',735,5,255,0,'','','',1),(794,'毛垫',0,'',735,5,255,0,'','','',1),(795,'专车专用座垫',0,'',735,5,255,0,'','','',1),(796,'专车专用座套',0,'',735,5,255,0,'','','',1),(797,'通用座套',0,'',735,5,255,0,'','','',1),(798,'多功能垫',0,'',735,5,255,0,'','','',1),(799,'专车专用脚垫',0,'',735,5,255,0,'','','',1),(800,'通用脚垫',0,'',735,5,255,0,'','','',1),(801,'后备箱垫',0,'',735,5,255,0,'','','',1),(802,'车用香水',0,'',736,5,255,0,'','','',1),(803,'车用炭包',0,'',736,5,255,0,'','','',1),(804,'空气净化',0,'',736,5,255,0,'','','',1),(805,'颈枕/头枕',0,'',736,5,255,0,'','','',1),(806,'抱枕/腰靠',0,'',736,5,255,0,'','','',1),(807,'方向盘套',0,'',736,5,255,0,'','','',1),(808,'挂件',0,'',736,5,255,0,'','','',1),(809,'摆件',0,'',736,5,255,0,'','','',1),(810,'布艺软饰',0,'',736,5,255,0,'','','',1),(811,'功能用品',0,'',736,5,255,0,'','','',1),(812,'整理收纳',0,'',736,5,255,0,'','','',1),(813,'CD夹',0,'',736,5,255,0,'','','',1),(814,'儿童安全座椅',0,'',737,5,255,0,'','','',1),(815,'应急救援',0,'',737,5,255,0,'','','',1),(816,'汽修工具',0,'',737,5,255,0,'','','',1),(817,'自驾野营',0,'',737,5,255,0,'','','',1),(818,'自驾照明',0,'',737,5,255,0,'','','',1),(819,'保温箱',0,'',737,5,255,0,'','','',1),(820,'置物箱',0,'',737,5,255,0,'','','',1),(821,'车衣',0,'',737,5,255,0,'','','',1),(822,'遮阳挡雪挡',0,'',737,5,255,0,'','','',1),(823,'车锁地锁',0,'',737,5,255,0,'','','',1),(824,'摩托车装备',0,'',737,5,255,0,'','','',1),(825,'玩具乐器',0,'',0,5,12,0,'','','',1),(826,'适用年龄',0,'',825,5,255,0,'','','',1),(827,'遥控/电动',0,'',825,5,255,0,'','','',1),(828,'毛绒布艺',0,'',825,5,255,0,'','','',1),(829,'娃娃玩具',0,'',825,5,255,0,'','','',1),(830,'模型玩具',0,'',825,5,255,0,'','','',1),(831,'健身玩具',0,'',825,5,255,0,'','','',1),(832,'动漫玩具',0,'',825,5,255,0,'','','',1),(833,'益智玩具',0,'',825,5,255,0,'','','',1),(834,'积木拼插',0,'',825,5,255,0,'','','',1),(835,'DIY玩具',0,'',825,5,255,0,'','','',1),(836,'创意减压',0,'',825,5,255,0,'','','',1),(837,'乐器相关',0,'',825,5,255,0,'','','',1),(838,'0-6个月',0,'',826,5,255,0,'','','',1),(839,'6-12个月',0,'',826,5,255,0,'','','',1),(840,'1-3岁',0,'',826,5,255,0,'','','',1),(841,'3-6岁',0,'',826,5,255,0,'','','',1),(842,'6-14岁',0,'',826,5,255,0,'','','',1),(843,'14岁以上',0,'',826,5,255,0,'','','',1),(844,'遥控车',0,'',827,5,255,0,'','','',1),(845,'遥控飞机',0,'',827,5,255,0,'','','',1),(846,'遥控船',0,'',827,5,255,0,'','','',1),(847,'机器人/电动',0,'',827,5,255,0,'','','',1),(848,'轨道/助力',0,'',827,5,255,0,'','','',1),(849,'毛绒/布艺',0,'',828,5,255,0,'','','',1),(850,'靠垫/抱枕',0,'',828,5,255,0,'','','',1),(851,'芭比娃娃',0,'',829,5,255,0,'','','',1),(852,'卡通娃娃',0,'',829,5,255,0,'','','',1),(853,'智能娃娃',0,'',829,5,255,0,'','','',1),(854,'仿真模型',0,'',830,5,255,0,'','','',1),(855,'拼插模型',0,'',830,5,255,0,'','','',1),(856,'收藏爱好',0,'',830,5,255,0,'','','',1),(857,'炫舞毯',0,'',831,5,255,0,'','','',1),(858,'爬行垫/毯',0,'',831,5,255,0,'','','',1),(859,'户外玩具',0,'',831,5,255,0,'','','',1),(860,'戏水玩具',0,'',831,5,255,0,'','','',1),(861,'电影周边',0,'',832,5,255,0,'','','',1),(862,'卡通周边',0,'',832,5,255,0,'','','',1),(863,'网游周边',0,'',832,5,255,0,'','','',1),(864,'摇铃/床铃',0,'',833,5,255,0,'','','',1),(865,'健身架',0,'',833,5,255,0,'','','',1),(866,'早教启智',0,'',833,5,255,0,'','','',1),(867,'拖拉玩具',0,'',833,5,255,0,'','','',1),(868,'积木',0,'',834,5,255,0,'','','',1),(869,'拼图',0,'',834,5,255,0,'','','',1),(870,'磁力棒',0,'',834,5,255,0,'','','',1),(871,'立体拼插',0,'',834,5,255,0,'','','',1),(872,'手工彩泥',0,'',835,5,255,0,'','','',1),(873,'绘画工具',0,'',835,5,255,0,'','','',1),(874,'情景玩具',0,'',835,5,255,0,'','','',1),(875,'减压玩具',0,'',836,5,255,0,'','','',1),(876,'创意玩具',0,'',836,5,255,0,'','','',1),(877,'钢琴',0,'',837,5,255,0,'','','',1),(878,'电子琴',0,'',837,5,255,0,'','','',1),(879,'手风琴',0,'',837,5,255,0,'','','',1),(880,'吉他/贝斯',0,'',837,5,255,0,'','','',1),(881,'民族管弦乐器',0,'',837,5,255,0,'','','',1),(882,'西洋管弦乐',0,'',837,5,255,0,'','','',1),(883,'口琴/口风琴/竖笛',0,'',837,5,255,0,'','','',1),(884,'西洋打击乐器',0,'',837,5,255,0,'','','',1),(885,'各式乐器配件',0,'',837,5,255,0,'','','',1),(886,'电脑音乐',0,'',837,5,255,0,'','','',1),(887,'工艺礼品乐器',0,'',837,5,255,0,'','','',1),(888,'厨房餐饮',0,'',0,5,8,0,'','','',1),(889,'烹饪锅具',0,'',888,5,255,0,'','','',1),(890,'刀剪菜板',0,'',888,5,255,0,'','','',1),(891,'收纳保鲜',0,'',888,5,255,0,'','','',1),(892,'水具酒具',0,'',888,5,255,0,'','','',1),(893,'餐具',0,'',888,5,255,0,'','','',1),(895,'炒锅',0,'',889,5,255,0,'','','',1),(896,'煎锅',0,'',889,5,255,0,'','','',1),(897,'压力锅',0,'',889,5,255,0,'','','',1),(898,'蒸锅',0,'',889,5,255,0,'','','',1),(899,'汤锅',0,'',889,5,255,0,'','','',1),(900,'奶锅',0,'',889,5,255,0,'','','',1),(901,'套锅',0,'',889,5,255,0,'','','',1),(902,'煲类',0,'',889,5,255,0,'','','',1),(903,'水壶',0,'',889,5,255,0,'','','',1),(904,'厨用杂件',0,'',889,5,255,0,'','','',1),(905,'单刀',0,'',890,5,255,0,'','','',1),(906,'剪刀',0,'',890,5,255,0,'','','',1),(907,'套刀',0,'',890,5,255,0,'','','',1),(908,'砧板',0,'',890,5,255,0,'','','',1),(909,'刀具配件',0,'',890,5,255,0,'','','',1),(910,'保鲜盒',0,'',891,5,255,0,'','','',1),(911,'保鲜膜/袋',0,'',891,5,255,0,'','','',1),(912,'调料器皿',0,'',891,5,255,0,'','','',1),(913,'饭盒/提锅',0,'',891,5,255,0,'','','',1),(914,'塑料杯',0,'',892,5,255,0,'','','',1),(915,'运动水壶',0,'',892,5,255,0,'','','',1),(916,'玻璃杯',0,'',892,5,255,0,'','','',1),(917,'陶瓷杯',0,'',892,5,255,0,'','','',1),(918,'保温杯',0,'',892,5,255,0,'','','',1),(919,'保温壶',0,'',892,5,255,0,'','','',1),(920,'酒杯/套装',0,'',892,5,255,0,'','','',1),(921,'酒具配件',0,'',892,5,255,0,'','','',1),(922,'餐具套装',0,'',893,5,255,0,'','','',1),(923,'碗/碟/盘',0,'',893,5,255,0,'','','',1),(924,'筷勺/刀叉',0,'',893,5,255,0,'','','',1),(925,'一次性餐具',0,'',893,5,255,0,'','','',1),(935,'茶具/咖啡具',0,'',888,5,255,0,'','','',1),(936,'整套茶具',0,'',935,5,255,0,'','','',1),(937,'茶杯',0,'',935,5,255,0,'','','',1),(938,'茶壶',0,'',935,5,255,0,'','','',1),(939,'茶盘茶托',0,'',935,5,255,0,'','','',1),(940,'茶叶罐',0,'',935,5,255,0,'','','',1),(941,'茶具配件',0,'',935,5,255,0,'','','',1),(942,'茶宠摆件',0,'',935,5,255,0,'','','',1),(943,'咖啡具',0,'',935,5,255,0,'','','',1),(944,'其他',0,'',935,5,255,0,'','','',1),(959,'母婴用品',0,'',0,5,13,0,'','','',1),(960,'奶粉',0,'',959,5,255,0,'','','',1),(961,'营养辅食',0,'',959,5,255,0,'','','',1),(962,'尿裤湿巾',0,'',959,5,255,0,'','','',1),(963,'喂养用品',0,'',959,5,255,0,'','','',1),(964,'洗护用品',0,'',959,5,255,0,'','','',1),(965,'童车童床',0,'',959,5,255,0,'','','',1),(966,'服饰寝居',0,'',959,5,255,0,'','','',1),(967,'妈妈专区',0,'',959,5,255,0,'','','',1),(968,'品牌奶粉',0,'',960,5,255,0,'','','',1),(969,'妈妈奶粉',0,'',960,5,255,0,'','','',1),(970,'1段奶粉',0,'',960,5,255,0,'','','',1),(971,'2段奶粉',0,'',960,5,255,0,'','','',1),(972,'3段奶粉',0,'',960,5,255,0,'','','',1),(973,'4段奶粉',0,'',960,5,255,0,'','','',1),(974,'羊奶粉',0,'',960,5,255,0,'','','',1),(975,'特殊配方',0,'',960,5,255,0,'','','',1),(976,'成人奶粉',0,'',960,5,255,0,'','','',1),(977,'婴幼营养',0,'',961,5,255,0,'','','',1),(978,'初乳',0,'',961,5,255,0,'','','',1),(979,'米粉/菜粉',0,'',961,5,255,0,'','','',1),(980,'果泥/果汁',0,'',961,5,255,0,'','','',1),(981,'肉松/饼干',0,'',961,5,255,0,'','','',1),(982,'辅食',0,'',961,5,255,0,'','','',1),(983,'孕期营养',0,'',961,5,255,0,'','','',1),(984,'清火/开胃',0,'',961,5,255,0,'','','',1),(985,'面条/粥',0,'',961,5,255,0,'','','',1),(986,'品牌尿裤',0,'',962,5,255,0,'','','',1),(987,'新生儿',0,'',962,5,255,0,'','','',1),(988,'S号',0,'',962,5,255,0,'','','',1),(989,'M号',0,'',962,5,255,0,'','','',1),(990,'L号',0,'',962,5,255,0,'','','',1),(991,'XL/XXL号',0,'',962,5,255,0,'','','',1),(992,'裤型尿裤',0,'',962,5,255,0,'','','',1),(993,'湿巾',0,'',962,5,255,0,'','','',1),(994,'尿布/尿垫',0,'',962,5,255,0,'','','',1),(995,'成人尿裤',0,'',962,5,255,0,'','','',1),(996,'奶瓶',0,'',963,5,255,0,'','','',1),(997,'奶嘴',0,'',963,5,255,0,'','','',1),(998,'吸奶器',0,'',963,5,255,0,'','','',1),(999,'暖奶/消毒',0,'',963,5,255,0,'','','',1),(1000,'餐具',0,'',963,5,255,0,'','','',1),(1001,'水具',0,'',963,5,255,0,'','','',1),(1002,'牙胶/安抚',0,'',963,5,255,0,'','','',1),(1003,'辅助用品',0,'',963,5,255,0,'','','',1),(1004,'宝宝护肤',0,'',964,5,255,0,'','','',1),(1005,'洗浴用品',0,'',964,5,255,0,'','','',1),(1006,'洗发沐浴',0,'',964,5,255,0,'','','',1),(1007,'清洁用品',0,'',964,5,255,0,'','','',1),(1008,'护理用品',0,'',964,5,255,0,'','','',1),(1009,'妈妈护肤',0,'',964,5,255,0,'','','',1),(1010,'婴儿推车',0,'',965,5,255,0,'','','',1),(1011,'餐椅摇椅',0,'',965,5,255,0,'','','',1),(1012,'婴儿床',0,'',965,5,255,0,'','','',1),(1013,'学步车',0,'',965,5,255,0,'','','',1),(1014,'三轮车',0,'',965,5,255,0,'','','',1),(1015,'自行车',0,'',965,5,255,0,'','','',1),(1016,'电动车',0,'',965,5,255,0,'','','',1),(1017,'健身车',0,'',965,5,255,0,'','','',1),(1018,'安全座椅',0,'',965,5,255,0,'','','',1),(1019,'婴儿外出服',0,'',966,5,255,0,'','','',1),(1020,'婴儿内衣',0,'',966,5,255,0,'','','',1),(1021,'婴儿礼盒',0,'',966,5,255,0,'','','',1),(1022,'婴儿鞋帽袜',0,'',966,5,255,0,'','','',1),(1023,'安全防护',0,'',966,5,255,0,'','','',1),(1024,'家居床品',0,'',966,5,255,0,'','','',1),(1025,'其他',0,'',966,5,255,0,'','','',1),(1026,'包/背婴带',0,'',967,5,255,0,'','','',1),(1027,'妈妈护理',0,'',967,5,255,0,'','','',1),(1028,'产后塑身',0,'',967,5,255,0,'','','',1),(1029,'孕妇内衣',0,'',967,5,255,0,'','','',1),(1030,'防辐射服',0,'',967,5,255,0,'','','',1),(1031,'孕妇装',0,'',967,5,255,0,'','','',1),(1032,'孕妇食品',0,'',967,5,255,0,'','','',1),(1033,'妈妈美容',0,'',967,5,255,0,'','','',1),(1034,'手机通讯',0,'',256,5,255,0,'','','',1),(1035,'手机',0,'',1034,5,255,0,'','','',1),(1036,'对讲机',0,'',1034,5,255,0,'','','',1),(1037,'虚拟充值',0,'',0,5,14,0,'','','',1),(1041,'充值',0,'',1037,5,255,0,'','','',1),(1042,'游戏',0,'',1037,5,255,0,'','','',1),(1043,'票务',0,'',1037,5,255,0,'','','',1),(1044,'手机充值',0,'',1041,5,255,0,'','','',1),(1045,'游戏点卡',0,'',1042,5,255,0,'','','',1),(1046,'QQ充值',0,'',1042,5,255,0,'','','',1),(1047,'电影票',0,'',1043,5,255,0,'','','',1),(1048,'演唱会',0,'',1043,5,255,0,'','','',1),(1049,'话剧/歌剧/音乐剧',0,'',1043,5,255,0,'','','',1),(1050,'体育赛事',0,'',1043,5,255,0,'','','',1),(1051,'舞蹈芭蕾',0,'',1043,5,255,0,'','','',1),(1052,'戏曲综艺',0,'',1043,5,255,0,'','','',1),(1053,'女装',0,'',4,5,255,0,'','','',1),(1054,'整车',0,'',730,5,255,0,'','','',1),(1055,'新车',0,'',1054,5,255,0,'','','',1),(1056,'二手车',0,'',1054,5,255,0,'','','',1);

#
# Structure for table "33hao_goods_class_nav"
#

DROP TABLE IF EXISTS `33hao_goods_class_nav`;
CREATE TABLE `33hao_goods_class_nav` (
  `cn_adv2_link` varchar(100) NOT NULL COMMENT '广告2链接',
  `gc_id` int(10) unsigned NOT NULL COMMENT '商品分类id',
  `cn_alias` varchar(100) DEFAULT '' COMMENT '商品分类别名',
  `cn_classids` varchar(100) DEFAULT '' COMMENT '推荐子级分类',
  `cn_brandids` varchar(100) DEFAULT '' COMMENT '推荐的品牌',
  `cn_pic` varchar(100) DEFAULT '' COMMENT '分类图片',
  `cn_adv1` varchar(100) DEFAULT '' COMMENT '广告图1',
  `cn_adv1_link` varchar(100) DEFAULT '' COMMENT '广告1链接',
  `cn_adv2` varchar(100) DEFAULT '' COMMENT '广告图2',
  PRIMARY KEY (`gc_id`)
) ENGINE=InnoDB DEFAULT CHARSET=utf8 COMMENT='分类导航表';

#
# Data for table "33hao_goods_class_nav"
#


#
# Structure for table "33hao_goods_class_staple"
#

DROP TABLE IF EXISTS `33hao_goods_class_staple`;
CREATE TABLE `33hao_goods_class_staple` (
  `staple_id` int(10) unsigned NOT NULL AUTO_INCREMENT COMMENT '常用分类id',
  `staple_name` varchar(255) NOT NULL COMMENT '常用分类名称',
  `gc_id_1` int(10) unsigned NOT NULL COMMENT '一级分类id',
  `gc_id_2` int(10) unsigned NOT NULL COMMENT '二级商品分类',
  `gc_id_3` int(10) unsigned NOT NULL COMMENT '三级商品分类',
  `type_id` int(10) unsigned NOT NULL COMMENT '类型id',
  `member_id` int(10) unsigned NOT NULL COMMENT '会员id',
  `counter` int(10) unsigned NOT NULL DEFAULT '1' COMMENT '计数器',
  PRIMARY KEY (`staple_id`),
  KEY `store_id` (`member_id`)
) ENGINE=InnoDB AUTO_INCREMENT=2 DEFAULT CHARSET=utf8 COMMENT='店铺常用分类表';

#
# Data for table "33hao_goods_class_staple"
#

INSERT INTO `33hao_goods_class_staple` VALUES (1,'数码办公 >手机配件 >手机饰品',256,258,275,0,1,1);

#
# Structure for table "33hao_goods_class_tag"
#

DROP TABLE IF EXISTS `33hao_goods_class_tag`;
CREATE TABLE `33hao_goods_class_tag` (
  `gc_tag_id` int(10) unsigned NOT NULL AUTO_INCREMENT COMMENT 'TAGid',
  `gc_id_1` int(10) unsigned NOT NULL COMMENT '一级分类id',
  `gc_id_2` int(10) unsigned NOT NULL COMMENT '二级分类id',
  `gc_id_3` int(10) unsigned NOT NULL COMMENT '三级分类id',
  `gc_tag_name` varchar(255) NOT NULL COMMENT '分类TAG名称',
  `gc_tag_value` text NOT NULL COMMENT '分类TAG值',
  `gc_id` int(10) unsigned NOT NULL COMMENT '商品分类id',
  `type_id` int(10) unsigned NOT NULL COMMENT '类型id',
  PRIMARY KEY (`gc_tag_id`)
) ENGINE=InnoDB AUTO_INCREMENT=900 DEFAULT CHARSET=utf8 COMMENT='商品分类TAG表';

#
# Data for table "33hao_goods_class_tag"
#

INSERT INTO `33hao_goods_class_tag` VALUES (1,1,4,12,'服饰鞋帽&nbsp;&gt;&nbsp;女装&nbsp;&gt;&nbsp;T恤','服饰鞋帽,女装,T恤',12,32),(2,1,4,13,'服饰鞋帽&nbsp;&gt;&nbsp;女装&nbsp;&gt;&nbsp;衬衫','服饰鞋帽,女装,衬衫',13,33),(3,1,4,14,'服饰鞋帽&nbsp;&gt;&nbsp;女装&nbsp;&gt;&nbsp;针织衫','服饰鞋帽,女装,针织衫',14,34),(4,1,4,15,'服饰鞋帽&nbsp;&gt;&nbsp;女装&nbsp;&gt;&nbsp;雪纺衫','服饰鞋帽,女装,雪纺衫',15,35),(5,1,4,16,'服饰鞋帽&nbsp;&gt;&nbsp;女装&nbsp;&gt;&nbsp;卫衣','服饰鞋帽,女装,卫衣',16,36),(6,1,4,17,'服饰鞋帽&nbsp;&gt;&nbsp;女装&nbsp;&gt;&nbsp;马甲','服饰鞋帽,女装,马甲',17,0),(7,1,4,18,'服饰鞋帽&nbsp;&gt;&nbsp;女装&nbsp;&gt;&nbsp;连衣裙','服饰鞋帽,女装,连衣裙',18,35),(8,1,4,19,'服饰鞋帽&nbsp;&gt;&nbsp;女装&nbsp;&gt;&nbsp;半身裙','服饰鞋帽,女装,半身裙',19,34),(9,1,4,20,'服饰鞋帽&nbsp;&gt;&nbsp;女装&nbsp;&gt;&nbsp;牛仔裤','服饰鞋帽,女装,牛仔裤',20,47),(10,1,4,21,'服饰鞋帽&nbsp;&gt;&nbsp;女装&nbsp;&gt;&nbsp;休闲裤','服饰鞋帽,女装,休闲裤',21,0),(11,1,4,22,'服饰鞋帽&nbsp;&gt;&nbsp;女装&nbsp;&gt;&nbsp;打底裤','服饰鞋帽,女装,打底裤',22,0),(12,1,4,23,'服饰鞋帽&nbsp;&gt;&nbsp;女装&nbsp;&gt;&nbsp;正装裤','服饰鞋帽,女装,正装裤',23,0),(13,1,4,24,'服饰鞋帽&nbsp;&gt;&nbsp;女装&nbsp;&gt;&nbsp;西服','服饰鞋帽,女装,西服',24,0),(14,1,4,25,'服饰鞋帽&nbsp;&gt;&nbsp;女装&nbsp;&gt;&nbsp;短外套','服饰鞋帽,女装,短外套',25,35),(15,1,4,26,'服饰鞋帽&nbsp;&gt;&nbsp;女装&nbsp;&gt;&nbsp;风衣','服饰鞋帽,女装,风衣',26,0),(16,1,4,27,'服饰鞋帽&nbsp;&gt;&nbsp;女装&nbsp;&gt;&nbsp;大衣','服饰鞋帽,女装,大衣',27,0),(17,1,4,28,'服饰鞋帽&nbsp;&gt;&nbsp;女装&nbsp;&gt;&nbsp;皮衣皮草','服饰鞋帽,女装,皮衣皮草',28,0),(18,1,4,29,'服饰鞋帽&nbsp;&gt;&nbsp;女装&nbsp;&gt;&nbsp;棉服','服饰鞋帽,女装,棉服',29,0),(19,1,4,30,'服饰鞋帽&nbsp;&gt;&nbsp;女装&nbsp;&gt;&nbsp;羽绒服','服饰鞋帽,女装,羽绒服',30,0),(20,1,4,31,'服饰鞋帽&nbsp;&gt;&nbsp;女装&nbsp;&gt;&nbsp;孕妇装','服饰鞋帽,女装,孕妇装',31,0),(21,1,4,32,'服饰鞋帽&nbsp;&gt;&nbsp;女装&nbsp;&gt;&nbsp;大码装','服饰鞋帽,女装,大码装',32,0),(22,1,4,33,'服饰鞋帽&nbsp;&gt;&nbsp;女装&nbsp;&gt;&nbsp;中老年装','服饰鞋帽,女装,中老年装',33,0),(23,1,4,34,'服饰鞋帽&nbsp;&gt;&nbsp;女装&nbsp;&gt;&nbsp;婚纱礼服','服饰鞋帽,女装,婚纱礼服',34,32),(24,1,4,1053,'服饰鞋帽&nbsp;&gt;&nbsp;女装&nbsp;&gt;&nbsp;女装','服饰鞋帽,女装,女装',1053,32),(25,1,5,35,'服饰鞋帽&nbsp;&gt;&nbsp;男装&nbsp;&gt;&nbsp;衬衫','服饰鞋帽,男装,衬衫',35,0),(26,1,5,36,'服饰鞋帽&nbsp;&gt;&nbsp;男装&nbsp;&gt;&nbsp;T恤','服饰鞋帽,男装,T恤',36,0),(27,1,5,37,'服饰鞋帽&nbsp;&gt;&nbsp;男装&nbsp;&gt;&nbsp;POLO衫','服饰鞋帽,男装,POLO衫',37,0),(28,1,5,38,'服饰鞋帽&nbsp;&gt;&nbsp;男装&nbsp;&gt;&nbsp;针织衫','服饰鞋帽,男装,针织衫',38,0),(29,1,5,39,'服饰鞋帽&nbsp;&gt;&nbsp;男装&nbsp;&gt;&nbsp;羊绒衫','服饰鞋帽,男装,羊绒衫',39,0),(30,1,5,40,'服饰鞋帽&nbsp;&gt;&nbsp;男装&nbsp;&gt;&nbsp;卫衣','服饰鞋帽,男装,卫衣',40,0),(31,1,5,41,'服饰鞋帽&nbsp;&gt;&nbsp;男装&nbsp;&gt;&nbsp;马甲／背心','服饰鞋帽,男装,马甲／背心',41,0),(32,1,5,42,'服饰鞋帽&nbsp;&gt;&nbsp;男装&nbsp;&gt;&nbsp;夹克','服饰鞋帽,男装,夹克',42,0),(33,1,5,43,'服饰鞋帽&nbsp;&gt;&nbsp;男装&nbsp;&gt;&nbsp;风衣','服饰鞋帽,男装,风衣',43,0),(34,1,5,44,'服饰鞋帽&nbsp;&gt;&nbsp;男装&nbsp;&gt;&nbsp;大衣','服饰鞋帽,男装,大衣',44,0),(35,1,5,45,'服饰鞋帽&nbsp;&gt;&nbsp;男装&nbsp;&gt;&nbsp;皮衣','服饰鞋帽,男装,皮衣',45,0),(36,1,5,46,'服饰鞋帽&nbsp;&gt;&nbsp;男装&nbsp;&gt;&nbsp;外套','服饰鞋帽,男装,外套',46,0),(37,1,5,47,'服饰鞋帽&nbsp;&gt;&nbsp;男装&nbsp;&gt;&nbsp;西服','服饰鞋帽,男装,西服',47,0),(38,1,5,48,'服饰鞋帽&nbsp;&gt;&nbsp;男装&nbsp;&gt;&nbsp;棉服','服饰鞋帽,男装,棉服',48,0),(39,1,5,49,'服饰鞋帽&nbsp;&gt;&nbsp;男装&nbsp;&gt;&nbsp;羽绒服','服饰鞋帽,男装,羽绒服',49,37),(40,1,5,50,'服饰鞋帽&nbsp;&gt;&nbsp;男装&nbsp;&gt;&nbsp;牛仔裤','服饰鞋帽,男装,牛仔裤',50,0),(41,1,5,51,'服饰鞋帽&nbsp;&gt;&nbsp;男装&nbsp;&gt;&nbsp;休闲裤','服饰鞋帽,男装,休闲裤',51,0),(42,1,5,52,'服饰鞋帽&nbsp;&gt;&nbsp;男装&nbsp;&gt;&nbsp;西裤','服饰鞋帽,男装,西裤',52,0),(43,1,5,53,'服饰鞋帽&nbsp;&gt;&nbsp;男装&nbsp;&gt;&nbsp;西服套装','服饰鞋帽,男装,西服套装',53,0),(44,1,5,54,'服饰鞋帽&nbsp;&gt;&nbsp;男装&nbsp;&gt;&nbsp;大码装','服饰鞋帽,男装,大码装',54,0),(45,1,5,55,'服饰鞋帽&nbsp;&gt;&nbsp;男装&nbsp;&gt;&nbsp;中老年装','服饰鞋帽,男装,中老年装',55,0),(46,1,5,56,'服饰鞋帽&nbsp;&gt;&nbsp;男装&nbsp;&gt;&nbsp;唐装','服饰鞋帽,男装,唐装',56,0),(47,1,5,57,'服饰鞋帽&nbsp;&gt;&nbsp;男装&nbsp;&gt;&nbsp;工装','服饰鞋帽,男装,工装',57,0),(48,1,6,58,'服饰鞋帽&nbsp;&gt;&nbsp;内衣&nbsp;&gt;&nbsp;文胸','服饰鞋帽,内衣,文胸',58,38),(49,1,6,59,'服饰鞋帽&nbsp;&gt;&nbsp;内衣&nbsp;&gt;&nbsp;女式内裤','服饰鞋帽,内衣,女式内裤',59,39),(50,1,6,60,'服饰鞋帽&nbsp;&gt;&nbsp;内衣&nbsp;&gt;&nbsp;男式内裤','服饰鞋帽,内衣,男式内裤',60,39),(51,1,6,61,'服饰鞋帽&nbsp;&gt;&nbsp;内衣&nbsp;&gt;&nbsp;家居','服饰鞋帽,内衣,家居',61,0),(52,1,6,62,'服饰鞋帽&nbsp;&gt;&nbsp;内衣&nbsp;&gt;&nbsp;睡衣','服饰鞋帽,内衣,睡衣',62,0),(53,1,6,63,'服饰鞋帽&nbsp;&gt;&nbsp;内衣&nbsp;&gt;&nbsp;塑身衣','服饰鞋帽,内衣,塑身衣',63,0),(54,1,6,64,'服饰鞋帽&nbsp;&gt;&nbsp;内衣&nbsp;&gt;&nbsp;睡袍／浴袍','服饰鞋帽,内衣,睡袍／浴袍',64,0),(55,1,6,65,'服饰鞋帽&nbsp;&gt;&nbsp;内衣&nbsp;&gt;&nbsp;泳衣','服饰鞋帽,内衣,泳衣',65,0),(56,1,6,66,'服饰鞋帽&nbsp;&gt;&nbsp;内衣&nbsp;&gt;&nbsp;背心','服饰鞋帽,内衣,背心',66,0),(57,1,6,67,'服饰鞋帽&nbsp;&gt;&nbsp;内衣&nbsp;&gt;&nbsp;抹胸','服饰鞋帽,内衣,抹胸',67,0),(58,1,6,68,'服饰鞋帽&nbsp;&gt;&nbsp;内衣&nbsp;&gt;&nbsp;连裤袜','服饰鞋帽,内衣,连裤袜',68,0),(59,1,6,69,'服饰鞋帽&nbsp;&gt;&nbsp;内衣&nbsp;&gt;&nbsp;美腿袜','服饰鞋帽,内衣,美腿袜',69,0),(60,1,6,70,'服饰鞋帽&nbsp;&gt;&nbsp;内衣&nbsp;&gt;&nbsp;男袜','服饰鞋帽,内衣,男袜',70,0),(61,1,6,71,'服饰鞋帽&nbsp;&gt;&nbsp;内衣&nbsp;&gt;&nbsp;女袜','服饰鞋帽,内衣,女袜',71,0),(62,1,6,72,'服饰鞋帽&nbsp;&gt;&nbsp;内衣&nbsp;&gt;&nbsp;情趣内衣','服饰鞋帽,内衣,情趣内衣',72,0),(63,1,6,73,'服饰鞋帽&nbsp;&gt;&nbsp;内衣&nbsp;&gt;&nbsp;保暖内衣','服饰鞋帽,内衣,保暖内衣',73,0),(64,1,7,74,'服饰鞋帽&nbsp;&gt;&nbsp;运动&nbsp;&gt;&nbsp;休闲鞋','服饰鞋帽,运动,休闲鞋',74,0),(65,1,7,75,'服饰鞋帽&nbsp;&gt;&nbsp;运动&nbsp;&gt;&nbsp;帆布鞋','服饰鞋帽,运动,帆布鞋',75,0),(66,1,7,76,'服饰鞋帽&nbsp;&gt;&nbsp;运动&nbsp;&gt;&nbsp;跑步鞋','服饰鞋帽,运动,跑步鞋',76,0),(67,1,7,77,'服饰鞋帽&nbsp;&gt;&nbsp;运动&nbsp;&gt;&nbsp;篮球鞋','服饰鞋帽,运动,篮球鞋',77,0),(68,1,7,78,'服饰鞋帽&nbsp;&gt;&nbsp;运动&nbsp;&gt;&nbsp;足球鞋','服饰鞋帽,运动,足球鞋',78,0),(69,1,7,79,'服饰鞋帽&nbsp;&gt;&nbsp;运动&nbsp;&gt;&nbsp;训练鞋','服饰鞋帽,运动,训练鞋',79,0),(70,1,7,80,'服饰鞋帽&nbsp;&gt;&nbsp;运动&nbsp;&gt;&nbsp;乒羽鞋','服饰鞋帽,运动,乒羽鞋',80,0),(71,1,7,81,'服饰鞋帽&nbsp;&gt;&nbsp;运动&nbsp;&gt;&nbsp;拖鞋','服饰鞋帽,运动,拖鞋',81,0),(72,1,7,82,'服饰鞋帽&nbsp;&gt;&nbsp;运动&nbsp;&gt;&nbsp;卫衣','服饰鞋帽,运动,卫衣',82,0),(73,1,7,83,'服饰鞋帽&nbsp;&gt;&nbsp;运动&nbsp;&gt;&nbsp;夹克','服饰鞋帽,运动,夹克',83,0),(74,1,7,84,'服饰鞋帽&nbsp;&gt;&nbsp;运动&nbsp;&gt;&nbsp;T恤','服饰鞋帽,运动,T恤',84,0),(75,1,7,85,'服饰鞋帽&nbsp;&gt;&nbsp;运动&nbsp;&gt;&nbsp;棉服／羽绒服','服饰鞋帽,运动,棉服／羽绒服',85,0),(76,1,7,86,'服饰鞋帽&nbsp;&gt;&nbsp;运动&nbsp;&gt;&nbsp;运动裤','服饰鞋帽,运动,运动裤',86,0),(77,1,7,87,'服饰鞋帽&nbsp;&gt;&nbsp;运动&nbsp;&gt;&nbsp;套装','服饰鞋帽,运动,套装',87,0),(78,1,7,88,'服饰鞋帽&nbsp;&gt;&nbsp;运动&nbsp;&gt;&nbsp;运动包','服饰鞋帽,运动,运动包',88,0),(79,1,7,89,'服饰鞋帽&nbsp;&gt;&nbsp;运动&nbsp;&gt;&nbsp;运动配件','服饰鞋帽,运动,运动配件',89,0),(80,1,8,90,'服饰鞋帽&nbsp;&gt;&nbsp;女鞋&nbsp;&gt;&nbsp;平底鞋','服饰鞋帽,女鞋,平底鞋',90,0),(81,1,8,91,'服饰鞋帽&nbsp;&gt;&nbsp;女鞋&nbsp;&gt;&nbsp;高跟鞋','服饰鞋帽,女鞋,高跟鞋',91,0),(82,1,8,92,'服饰鞋帽&nbsp;&gt;&nbsp;女鞋&nbsp;&gt;&nbsp;单鞋','服饰鞋帽,女鞋,单鞋',92,0),(83,1,8,93,'服饰鞋帽&nbsp;&gt;&nbsp;女鞋&nbsp;&gt;&nbsp;休闲鞋','服饰鞋帽,女鞋,休闲鞋',93,0),(84,1,8,94,'服饰鞋帽&nbsp;&gt;&nbsp;女鞋&nbsp;&gt;&nbsp;凉鞋','服饰鞋帽,女鞋,凉鞋',94,0),(85,1,8,95,'服饰鞋帽&nbsp;&gt;&nbsp;女鞋&nbsp;&gt;&nbsp;女靴','服饰鞋帽,女鞋,女靴',95,0),(86,1,8,96,'服饰鞋帽&nbsp;&gt;&nbsp;女鞋&nbsp;&gt;&nbsp;雪地靴','服饰鞋帽,女鞋,雪地靴',96,0),(87,1,8,97,'服饰鞋帽&nbsp;&gt;&nbsp;女鞋&nbsp;&gt;&nbsp;拖鞋','服饰鞋帽,女鞋,拖鞋',97,0),(88,1,8,98,'服饰鞋帽&nbsp;&gt;&nbsp;女鞋&nbsp;&gt;&nbsp;裸靴','服饰鞋帽,女鞋,裸靴',98,0),(89,1,8,99,'服饰鞋帽&nbsp;&gt;&nbsp;女鞋&nbsp;&gt;&nbsp;筒靴','服饰鞋帽,女鞋,筒靴',99,0),(90,1,8,100,'服饰鞋帽&nbsp;&gt;&nbsp;女鞋&nbsp;&gt;&nbsp;帆布鞋','服饰鞋帽,女鞋,帆布鞋',100,0),(91,1,8,101,'服饰鞋帽&nbsp;&gt;&nbsp;女鞋&nbsp;&gt;&nbsp;雨鞋／雨靴','服饰鞋帽,女鞋,雨鞋／雨靴',101,0),(92,1,8,102,'服饰鞋帽&nbsp;&gt;&nbsp;女鞋&nbsp;&gt;&nbsp;妈妈鞋','服饰鞋帽,女鞋,妈妈鞋',102,0),(93,1,8,103,'服饰鞋帽&nbsp;&gt;&nbsp;女鞋&nbsp;&gt;&nbsp;鞋配件','服饰鞋帽,女鞋,鞋配件',103,0),(94,1,8,104,'服饰鞋帽&nbsp;&gt;&nbsp;女鞋&nbsp;&gt;&nbsp;特色鞋','服饰鞋帽,女鞋,特色鞋',104,0),(95,1,8,105,'服饰鞋帽&nbsp;&gt;&nbsp;女鞋&nbsp;&gt;&nbsp;鱼嘴鞋','服饰鞋帽,女鞋,鱼嘴鞋',105,0),(96,1,8,106,'服饰鞋帽&nbsp;&gt;&nbsp;女鞋&nbsp;&gt;&nbsp;布鞋／绣花鞋','服饰鞋帽,女鞋,布鞋／绣花鞋',106,0),(97,1,9,107,'服饰鞋帽&nbsp;&gt;&nbsp;男鞋&nbsp;&gt;&nbsp;商务休闲鞋','服饰鞋帽,男鞋,商务休闲鞋',107,0),(98,1,9,108,'服饰鞋帽&nbsp;&gt;&nbsp;男鞋&nbsp;&gt;&nbsp;正装鞋','服饰鞋帽,男鞋,正装鞋',108,0),(99,1,9,109,'服饰鞋帽&nbsp;&gt;&nbsp;男鞋&nbsp;&gt;&nbsp;休闲鞋','服饰鞋帽,男鞋,休闲鞋',109,0),(100,1,9,110,'服饰鞋帽&nbsp;&gt;&nbsp;男鞋&nbsp;&gt;&nbsp;凉鞋／沙滩鞋','服饰鞋帽,男鞋,凉鞋／沙滩鞋',110,0),(101,1,9,111,'服饰鞋帽&nbsp;&gt;&nbsp;男鞋&nbsp;&gt;&nbsp;男靴','服饰鞋帽,男鞋,男靴',111,0),(102,1,9,112,'服饰鞋帽&nbsp;&gt;&nbsp;男鞋&nbsp;&gt;&nbsp;功能鞋','服饰鞋帽,男鞋,功能鞋',112,0),(103,1,9,113,'服饰鞋帽&nbsp;&gt;&nbsp;男鞋&nbsp;&gt;&nbsp;拖鞋','服饰鞋帽,男鞋,拖鞋',113,0),(104,1,9,114,'服饰鞋帽&nbsp;&gt;&nbsp;男鞋&nbsp;&gt;&nbsp;传统布鞋','服饰鞋帽,男鞋,传统布鞋',114,0),(105,1,9,115,'服饰鞋帽&nbsp;&gt;&nbsp;男鞋&nbsp;&gt;&nbsp;鞋配件','服饰鞋帽,男鞋,鞋配件',115,0),(106,1,9,116,'服饰鞋帽&nbsp;&gt;&nbsp;男鞋&nbsp;&gt;&nbsp;帆布鞋','服饰鞋帽,男鞋,帆布鞋',116,0),(107,1,9,117,'服饰鞋帽&nbsp;&gt;&nbsp;男鞋&nbsp;&gt;&nbsp;豆豆鞋','服饰鞋帽,男鞋,豆豆鞋',117,0),(108,1,9,118,'服饰鞋帽&nbsp;&gt;&nbsp;男鞋&nbsp;&gt;&nbsp;驾车鞋','服饰鞋帽,男鞋,驾车鞋',118,0),(109,1,10,119,'服饰鞋帽&nbsp;&gt;&nbsp;配饰&nbsp;&gt;&nbsp;太阳镜','服饰鞋帽,配饰,太阳镜',119,0),(110,1,10,120,'服饰鞋帽&nbsp;&gt;&nbsp;配饰&nbsp;&gt;&nbsp;框镜','服饰鞋帽,配饰,框镜',120,0),(111,1,10,121,'服饰鞋帽&nbsp;&gt;&nbsp;配饰&nbsp;&gt;&nbsp;皮带','服饰鞋帽,配饰,皮带',121,0),(112,1,10,122,'服饰鞋帽&nbsp;&gt;&nbsp;配饰&nbsp;&gt;&nbsp;围巾','服饰鞋帽,配饰,围巾',122,34),(113,1,10,123,'服饰鞋帽&nbsp;&gt;&nbsp;配饰&nbsp;&gt;&nbsp;手套','服饰鞋帽,配饰,手套',123,0),(114,1,10,124,'服饰鞋帽&nbsp;&gt;&nbsp;配饰&nbsp;&gt;&nbsp;帽子','服饰鞋帽,配饰,帽子',124,48),(115,1,10,125,'服饰鞋帽&nbsp;&gt;&nbsp;配饰&nbsp;&gt;&nbsp;领带','服饰鞋帽,配饰,领带',125,0),(116,1,10,126,'服饰鞋帽&nbsp;&gt;&nbsp;配饰&nbsp;&gt;&nbsp;袖扣','服饰鞋帽,配饰,袖扣',126,0),(117,1,10,127,'服饰鞋帽&nbsp;&gt;&nbsp;配饰&nbsp;&gt;&nbsp;其他配件','服饰鞋帽,配饰,其他配件',127,0),(118,1,10,128,'服饰鞋帽&nbsp;&gt;&nbsp;配饰&nbsp;&gt;&nbsp;丝巾','服饰鞋帽,配饰,丝巾',128,0),(119,1,10,129,'服饰鞋帽&nbsp;&gt;&nbsp;配饰&nbsp;&gt;&nbsp;披肩','服饰鞋帽,配饰,披肩',129,0),(120,1,10,130,'服饰鞋帽&nbsp;&gt;&nbsp;配饰&nbsp;&gt;&nbsp;腰带','服饰鞋帽,配饰,腰带',130,0),(121,1,10,131,'服饰鞋帽&nbsp;&gt;&nbsp;配饰&nbsp;&gt;&nbsp;腰链／腰封','服饰鞋帽,配饰,腰链／腰封',131,0),(122,1,10,132,'服饰鞋帽&nbsp;&gt;&nbsp;配饰&nbsp;&gt;&nbsp;棒球帽','服饰鞋帽,配饰,棒球帽',132,0),(123,1,10,133,'服饰鞋帽&nbsp;&gt;&nbsp;配饰&nbsp;&gt;&nbsp;毛线','服饰鞋帽,配饰,毛线',133,0),(124,1,10,134,'服饰鞋帽&nbsp;&gt;&nbsp;配饰&nbsp;&gt;&nbsp;遮阳帽','服饰鞋帽,配饰,遮阳帽',134,0),(125,1,10,135,'服饰鞋帽&nbsp;&gt;&nbsp;配饰&nbsp;&gt;&nbsp;防紫外线手套','服饰鞋帽,配饰,防紫外线手套',135,0),(126,1,10,136,'服饰鞋帽&nbsp;&gt;&nbsp;配饰&nbsp;&gt;&nbsp;草帽','服饰鞋帽,配饰,草帽',136,0),(127,1,11,137,'服饰鞋帽&nbsp;&gt;&nbsp;童装&nbsp;&gt;&nbsp;套装','服饰鞋帽,童装,套装',137,0),(128,1,11,138,'服饰鞋帽&nbsp;&gt;&nbsp;童装&nbsp;&gt;&nbsp;上衣','服饰鞋帽,童装,上衣',138,0),(129,1,11,139,'服饰鞋帽&nbsp;&gt;&nbsp;童装&nbsp;&gt;&nbsp;裤子','服饰鞋帽,童装,裤子',139,0),(130,1,11,140,'服饰鞋帽&nbsp;&gt;&nbsp;童装&nbsp;&gt;&nbsp;裙子','服饰鞋帽,童装,裙子',140,0),(131,1,11,141,'服饰鞋帽&nbsp;&gt;&nbsp;童装&nbsp;&gt;&nbsp;内衣／家居服','服饰鞋帽,童装,内衣／家居服',141,0),(132,1,11,142,'服饰鞋帽&nbsp;&gt;&nbsp;童装&nbsp;&gt;&nbsp;羽绒服／棉服','服饰鞋帽,童装,羽绒服／棉服',142,0),(133,1,11,143,'服饰鞋帽&nbsp;&gt;&nbsp;童装&nbsp;&gt;&nbsp;亲子装','服饰鞋帽,童装,亲子装',143,0),(134,1,11,144,'服饰鞋帽&nbsp;&gt;&nbsp;童装&nbsp;&gt;&nbsp;儿童配饰','服饰鞋帽,童装,儿童配饰',144,0),(135,1,11,145,'服饰鞋帽&nbsp;&gt;&nbsp;童装&nbsp;&gt;&nbsp;礼服／演出服','服饰鞋帽,童装,礼服／演出服',145,0),(136,1,11,146,'服饰鞋帽&nbsp;&gt;&nbsp;童装&nbsp;&gt;&nbsp;运动鞋','服饰鞋帽,童装,运动鞋',146,0),(137,1,11,147,'服饰鞋帽&nbsp;&gt;&nbsp;童装&nbsp;&gt;&nbsp;单鞋','服饰鞋帽,童装,单鞋',147,0),(138,1,11,148,'服饰鞋帽&nbsp;&gt;&nbsp;童装&nbsp;&gt;&nbsp;靴子','服饰鞋帽,童装,靴子',148,0),(139,1,11,149,'服饰鞋帽&nbsp;&gt;&nbsp;童装&nbsp;&gt;&nbsp;凉鞋','服饰鞋帽,童装,凉鞋',149,0),(140,1,11,150,'服饰鞋帽&nbsp;&gt;&nbsp;童装&nbsp;&gt;&nbsp;功能鞋','服饰鞋帽,童装,功能鞋',150,0),(141,530,531,541,'珠宝手表&nbsp;&gt;&nbsp;时尚饰品&nbsp;&gt;&nbsp;项链','珠宝手表,时尚饰品,项链',541,0),(142,530,531,542,'珠宝手表&nbsp;&gt;&nbsp;时尚饰品&nbsp;&gt;&nbsp;手链/脚链','珠宝手表,时尚饰品,手链/脚链',542,0),(143,530,531,543,'珠宝手表&nbsp;&gt;&nbsp;时尚饰品&nbsp;&gt;&nbsp;戒指','珠宝手表,时尚饰品,戒指',543,0),(144,530,531,544,'珠宝手表&nbsp;&gt;&nbsp;时尚饰品&nbsp;&gt;&nbsp;耳饰','珠宝手表,时尚饰品,耳饰',544,0),(145,530,531,545,'珠宝手表&nbsp;&gt;&nbsp;时尚饰品&nbsp;&gt;&nbsp;头饰','珠宝手表,时尚饰品,头饰',545,0),(146,530,531,546,'珠宝手表&nbsp;&gt;&nbsp;时尚饰品&nbsp;&gt;&nbsp;胸针','珠宝手表,时尚饰品,胸针',546,0),(147,530,531,547,'珠宝手表&nbsp;&gt;&nbsp;时尚饰品&nbsp;&gt;&nbsp;婚庆饰品','珠宝手表,时尚饰品,婚庆饰品',547,0),(148,530,531,548,'珠宝手表&nbsp;&gt;&nbsp;时尚饰品&nbsp;&gt;&nbsp;饰品配件','珠宝手表,时尚饰品,饰品配件',548,0),(149,530,532,549,'珠宝手表&nbsp;&gt;&nbsp;纯金K金饰品&nbsp;&gt;&nbsp;吊坠/项链','珠宝手表,纯金K金饰品,吊坠/项链',549,42),(150,530,532,550,'珠宝手表&nbsp;&gt;&nbsp;纯金K金饰品&nbsp;&gt;&nbsp;手镯/手链/脚链','珠宝手表,纯金K金饰品,手镯/手链/脚链',550,42),(151,530,532,551,'珠宝手表&nbsp;&gt;&nbsp;纯金K金饰品&nbsp;&gt;&nbsp;戒指','珠宝手表,纯金K金饰品,戒指',551,42),(152,530,532,552,'珠宝手表&nbsp;&gt;&nbsp;纯金K金饰品&nbsp;&gt;&nbsp;耳饰','珠宝手表,纯金K金饰品,耳饰',552,42),(153,530,533,553,'珠宝手表&nbsp;&gt;&nbsp;金银投资&nbsp;&gt;&nbsp;工艺金','珠宝手表,金银投资,工艺金',553,0),(154,530,533,554,'珠宝手表&nbsp;&gt;&nbsp;金银投资&nbsp;&gt;&nbsp;工艺银','珠宝手表,金银投资,工艺银',554,0),(155,530,534,555,'珠宝手表&nbsp;&gt;&nbsp;银饰&nbsp;&gt;&nbsp;吊坠/项链','珠宝手表,银饰,吊坠/项链',555,0),(156,530,534,556,'珠宝手表&nbsp;&gt;&nbsp;银饰&nbsp;&gt;&nbsp;手镯/手链/脚链','珠宝手表,银饰,手镯/手链/脚链',556,0),(157,530,534,557,'珠宝手表&nbsp;&gt;&nbsp;银饰&nbsp;&gt;&nbsp;戒指/耳饰','珠宝手表,银饰,戒指/耳饰',557,0),(158,530,534,558,'珠宝手表&nbsp;&gt;&nbsp;银饰&nbsp;&gt;&nbsp;宝宝金银','珠宝手表,银饰,宝宝金银',558,0),(159,530,534,559,'珠宝手表&nbsp;&gt;&nbsp;银饰&nbsp;&gt;&nbsp;千足银','珠宝手表,银饰,千足银',559,0),(160,530,535,560,'珠宝手表&nbsp;&gt;&nbsp;钻石饰品&nbsp;&gt;&nbsp;裸钻','珠宝手表,钻石饰品,裸钻',560,0),(161,530,535,561,'珠宝手表&nbsp;&gt;&nbsp;钻石饰品&nbsp;&gt;&nbsp;戒指','珠宝手表,钻石饰品,戒指',561,0),(162,530,535,563,'珠宝手表&nbsp;&gt;&nbsp;钻石饰品&nbsp;&gt;&nbsp;项链/吊坠','珠宝手表,钻石饰品,项链/吊坠',563,0),(163,530,535,564,'珠宝手表&nbsp;&gt;&nbsp;钻石饰品&nbsp;&gt;&nbsp;耳饰','珠宝手表,钻石饰品,耳饰',564,0),(164,530,535,565,'珠宝手表&nbsp;&gt;&nbsp;钻石饰品&nbsp;&gt;&nbsp;手镯/手链','珠宝手表,钻石饰品,手镯/手链',565,0),(165,530,536,566,'珠宝手表&nbsp;&gt;&nbsp;翡翠玉石&nbsp;&gt;&nbsp;项链/吊坠','珠宝手表,翡翠玉石,项链/吊坠',566,44),(166,530,536,567,'珠宝手表&nbsp;&gt;&nbsp;翡翠玉石&nbsp;&gt;&nbsp;手镯/手串','珠宝手表,翡翠玉石,手镯/手串',567,44),(167,530,536,568,'珠宝手表&nbsp;&gt;&nbsp;翡翠玉石&nbsp;&gt;&nbsp;戒指','珠宝手表,翡翠玉石,戒指',568,44),(168,530,536,569,'珠宝手表&nbsp;&gt;&nbsp;翡翠玉石&nbsp;&gt;&nbsp;耳饰','珠宝手表,翡翠玉石,耳饰',569,44),(169,530,536,570,'珠宝手表&nbsp;&gt;&nbsp;翡翠玉石&nbsp;&gt;&nbsp;挂件/摆件/把件','珠宝手表,翡翠玉石,挂件/摆件/把件',570,44),(170,530,536,571,'珠宝手表&nbsp;&gt;&nbsp;翡翠玉石&nbsp;&gt;&nbsp;高值收藏','珠宝手表,翡翠玉石,高值收藏',571,44),(171,530,537,572,'珠宝手表&nbsp;&gt;&nbsp;水晶玛瑙&nbsp;&gt;&nbsp;耳饰','珠宝手表,水晶玛瑙,耳饰',572,0),(172,530,537,573,'珠宝手表&nbsp;&gt;&nbsp;水晶玛瑙&nbsp;&gt;&nbsp;手镯/手链/脚链','珠宝手表,水晶玛瑙,手镯/手链/脚链',573,0),(173,530,537,574,'珠宝手表&nbsp;&gt;&nbsp;水晶玛瑙&nbsp;&gt;&nbsp;戒指','珠宝手表,水晶玛瑙,戒指',574,0),(174,530,537,575,'珠宝手表&nbsp;&gt;&nbsp;水晶玛瑙&nbsp;&gt;&nbsp;头饰/胸针','珠宝手表,水晶玛瑙,头饰/胸针',575,0),(175,530,537,576,'珠宝手表&nbsp;&gt;&nbsp;水晶玛瑙&nbsp;&gt;&nbsp;摆件/挂件','珠宝手表,水晶玛瑙,摆件/挂件',576,0),(176,530,538,577,'珠宝手表&nbsp;&gt;&nbsp;宝石珍珠&nbsp;&gt;&nbsp;项链/吊坠','珠宝手表,宝石珍珠,项链/吊坠',577,0),(177,530,538,578,'珠宝手表&nbsp;&gt;&nbsp;宝石珍珠&nbsp;&gt;&nbsp;耳饰','珠宝手表,宝石珍珠,耳饰',578,0),(178,530,538,579,'珠宝手表&nbsp;&gt;&nbsp;宝石珍珠&nbsp;&gt;&nbsp;手镯/手链','珠宝手表,宝石珍珠,手镯/手链',579,0),(179,530,538,580,'珠宝手表&nbsp;&gt;&nbsp;宝石珍珠&nbsp;&gt;&nbsp;戒指','珠宝手表,宝石珍珠,戒指',580,0),(180,530,539,581,'珠宝手表&nbsp;&gt;&nbsp;婚庆&nbsp;&gt;&nbsp;婚嫁首饰','珠宝手表,婚庆,婚嫁首饰',581,0),(181,530,539,582,'珠宝手表&nbsp;&gt;&nbsp;婚庆&nbsp;&gt;&nbsp;婚纱摄影','珠宝手表,婚庆,婚纱摄影',582,0),(182,530,539,583,'珠宝手表&nbsp;&gt;&nbsp;婚庆&nbsp;&gt;&nbsp;婚纱礼服','珠宝手表,婚庆,婚纱礼服',583,0),(183,530,539,584,'珠宝手表&nbsp;&gt;&nbsp;婚庆&nbsp;&gt;&nbsp;婚庆服务','珠宝手表,婚庆,婚庆服务',584,0),(184,530,539,585,'珠宝手表&nbsp;&gt;&nbsp;婚庆&nbsp;&gt;&nbsp;婚庆礼品/用品','珠宝手表,婚庆,婚庆礼品/用品',585,0),(185,530,539,586,'珠宝手表&nbsp;&gt;&nbsp;婚庆&nbsp;&gt;&nbsp;婚宴','珠宝手表,婚庆,婚宴',586,0),(186,530,540,587,'珠宝手表&nbsp;&gt;&nbsp;钟表手表&nbsp;&gt;&nbsp;瑞士品牌','珠宝手表,钟表手表,瑞士品牌',587,0),(187,530,540,588,'珠宝手表&nbsp;&gt;&nbsp;钟表手表&nbsp;&gt;&nbsp;国产品牌','珠宝手表,钟表手表,国产品牌',588,0),(188,530,540,589,'珠宝手表&nbsp;&gt;&nbsp;钟表手表&nbsp;&gt;&nbsp;日本品牌','珠宝手表,钟表手表,日本品牌',589,0),(189,530,540,590,'珠宝手表&nbsp;&gt;&nbsp;钟表手表&nbsp;&gt;&nbsp;时尚品牌','珠宝手表,钟表手表,时尚品牌',590,0),(190,530,540,591,'珠宝手表&nbsp;&gt;&nbsp;钟表手表&nbsp;&gt;&nbsp;闹钟挂钟','珠宝手表,钟表手表,闹钟挂钟',591,0),(191,530,540,592,'珠宝手表&nbsp;&gt;&nbsp;钟表手表&nbsp;&gt;&nbsp;儿童手表','珠宝手表,钟表手表,儿童手表',592,0),(192,2,151,156,'礼品箱包&nbsp;&gt;&nbsp;潮流女包&nbsp;&gt;&nbsp;钱包/卡包','礼品箱包,潮流女包,钱包/卡包',156,48),(193,2,151,157,'礼品箱包&nbsp;&gt;&nbsp;潮流女包&nbsp;&gt;&nbsp;手拿包','礼品箱包,潮流女包,手拿包',157,48),(194,2,151,158,'礼品箱包&nbsp;&gt;&nbsp;潮流女包&nbsp;&gt;&nbsp;单肩包','礼品箱包,潮流女包,单肩包',158,48),(195,2,151,159,'礼品箱包&nbsp;&gt;&nbsp;潮流女包&nbsp;&gt;&nbsp;双肩包','礼品箱包,潮流女包,双肩包',159,48),(196,2,151,160,'礼品箱包&nbsp;&gt;&nbsp;潮流女包&nbsp;&gt;&nbsp;手提包','礼品箱包,潮流女包,手提包',160,48),(197,2,151,161,'礼品箱包&nbsp;&gt;&nbsp;潮流女包&nbsp;&gt;&nbsp;斜挎包','礼品箱包,潮流女包,斜挎包',161,48),(198,2,152,162,'礼品箱包&nbsp;&gt;&nbsp;时尚男包&nbsp;&gt;&nbsp;钱包/卡包','礼品箱包,时尚男包,钱包/卡包',162,0),(199,2,152,163,'礼品箱包&nbsp;&gt;&nbsp;时尚男包&nbsp;&gt;&nbsp;男士手包','礼品箱包,时尚男包,男士手包',163,0),(200,2,152,164,'礼品箱包&nbsp;&gt;&nbsp;时尚男包&nbsp;&gt;&nbsp;腰带／礼盒','礼品箱包,时尚男包,腰带／礼盒',164,0),(201,2,152,165,'礼品箱包&nbsp;&gt;&nbsp;时尚男包&nbsp;&gt;&nbsp;商务公文包','礼品箱包,时尚男包,商务公文包',165,0),(202,2,153,166,'礼品箱包&nbsp;&gt;&nbsp;功能箱包&nbsp;&gt;&nbsp;电脑数码包','礼品箱包,功能箱包,电脑数码包',166,0),(203,2,153,167,'礼品箱包&nbsp;&gt;&nbsp;功能箱包&nbsp;&gt;&nbsp;拉杆箱','礼品箱包,功能箱包,拉杆箱',167,0),(204,2,153,168,'礼品箱包&nbsp;&gt;&nbsp;功能箱包&nbsp;&gt;&nbsp;旅行包','礼品箱包,功能箱包,旅行包',168,0),(205,2,153,169,'礼品箱包&nbsp;&gt;&nbsp;功能箱包&nbsp;&gt;&nbsp;旅行配件','礼品箱包,功能箱包,旅行配件',169,0),(206,2,153,170,'礼品箱包&nbsp;&gt;&nbsp;功能箱包&nbsp;&gt;&nbsp;休闲运动包','礼品箱包,功能箱包,休闲运动包',170,0),(207,2,153,171,'礼品箱包&nbsp;&gt;&nbsp;功能箱包&nbsp;&gt;&nbsp;登山包','礼品箱包,功能箱包,登山包',171,0),(208,2,153,172,'礼品箱包&nbsp;&gt;&nbsp;功能箱包&nbsp;&gt;&nbsp;妈咪包','礼品箱包,功能箱包,妈咪包',172,0),(209,2,153,173,'礼品箱包&nbsp;&gt;&nbsp;功能箱包&nbsp;&gt;&nbsp;书包','礼品箱包,功能箱包,书包',173,0),(210,2,154,174,'礼品箱包&nbsp;&gt;&nbsp;礼品&nbsp;&gt;&nbsp;火机烟具','礼品箱包,礼品,火机烟具',174,0),(211,2,154,175,'礼品箱包&nbsp;&gt;&nbsp;礼品&nbsp;&gt;&nbsp;礼品文具','礼品箱包,礼品,礼品文具',175,0),(212,2,154,176,'礼品箱包&nbsp;&gt;&nbsp;礼品&nbsp;&gt;&nbsp;瑞士军刀','礼品箱包,礼品,瑞士军刀',176,0),(213,2,154,177,'礼品箱包&nbsp;&gt;&nbsp;礼品&nbsp;&gt;&nbsp;收藏品','礼品箱包,礼品,收藏品',177,0),(214,2,154,178,'礼品箱包&nbsp;&gt;&nbsp;礼品&nbsp;&gt;&nbsp;工艺礼品','礼品箱包,礼品,工艺礼品',178,0),(215,2,154,179,'礼品箱包&nbsp;&gt;&nbsp;礼品&nbsp;&gt;&nbsp;创意礼品','礼品箱包,礼品,创意礼品',179,0),(216,2,154,180,'礼品箱包&nbsp;&gt;&nbsp;礼品&nbsp;&gt;&nbsp;礼卡礼卷','礼品箱包,礼品,礼卡礼卷',180,0),(217,2,154,181,'礼品箱包&nbsp;&gt;&nbsp;礼品&nbsp;&gt;&nbsp;鲜花速递','礼品箱包,礼品,鲜花速递',181,0),(218,2,154,182,'礼品箱包&nbsp;&gt;&nbsp;礼品&nbsp;&gt;&nbsp;婚庆用品','礼品箱包,礼品,婚庆用品',182,0),(219,2,155,184,'礼品箱包&nbsp;&gt;&nbsp;奢侈品&nbsp;&gt;&nbsp;奢侈品箱包','礼品箱包,奢侈品,奢侈品箱包',184,0),(220,2,155,185,'礼品箱包&nbsp;&gt;&nbsp;奢侈品&nbsp;&gt;&nbsp;钱包','礼品箱包,奢侈品,钱包',185,0),(221,2,155,186,'礼品箱包&nbsp;&gt;&nbsp;奢侈品&nbsp;&gt;&nbsp;服饰','礼品箱包,奢侈品,服饰',186,0),(222,2,155,187,'礼品箱包&nbsp;&gt;&nbsp;奢侈品&nbsp;&gt;&nbsp;腰带','礼品箱包,奢侈品,腰带',187,0),(223,2,155,188,'礼品箱包&nbsp;&gt;&nbsp;奢侈品&nbsp;&gt;&nbsp;太阳镜眼镜','礼品箱包,奢侈品,太阳镜眼镜',188,0),(224,2,155,189,'礼品箱包&nbsp;&gt;&nbsp;奢侈品&nbsp;&gt;&nbsp;配件','礼品箱包,奢侈品,配件',189,0),(225,2,155,190,'礼品箱包&nbsp;&gt;&nbsp;奢侈品&nbsp;&gt;&nbsp;GUCCI','礼品箱包,奢侈品,GUCCI',190,0),(226,2,155,191,'礼品箱包&nbsp;&gt;&nbsp;奢侈品&nbsp;&gt;&nbsp;PRADA','礼品箱包,奢侈品,PRADA',191,0),(227,2,155,192,'礼品箱包&nbsp;&gt;&nbsp;奢侈品&nbsp;&gt;&nbsp;FENDI','礼品箱包,奢侈品,FENDI',192,0),(228,2,155,193,'礼品箱包&nbsp;&gt;&nbsp;奢侈品&nbsp;&gt;&nbsp;BURBERRY','礼品箱包,奢侈品,BURBERRY',193,0),(229,2,155,194,'礼品箱包&nbsp;&gt;&nbsp;奢侈品&nbsp;&gt;&nbsp;MONTBLANC','礼品箱包,奢侈品,MONTBLANC',194,0),(230,2,155,195,'礼品箱包&nbsp;&gt;&nbsp;奢侈品&nbsp;&gt;&nbsp;ARMANI','礼品箱包,奢侈品,ARMANI',195,0),(231,2,155,196,'礼品箱包&nbsp;&gt;&nbsp;奢侈品&nbsp;&gt;&nbsp;RIMOWA','礼品箱包,奢侈品,RIMOWA',196,0),(232,2,155,197,'礼品箱包&nbsp;&gt;&nbsp;奢侈品&nbsp;&gt;&nbsp;RAY-BAN','礼品箱包,奢侈品,RAY-BAN',197,0),(233,2,155,198,'礼品箱包&nbsp;&gt;&nbsp;奢侈品&nbsp;&gt;&nbsp;COACH','礼品箱包,奢侈品,COACH',198,0),(234,2,155,199,'礼品箱包&nbsp;&gt;&nbsp;奢侈品&nbsp;&gt;&nbsp;更多品牌','礼品箱包,奢侈品,更多品牌',199,0),(235,256,1034,1035,'数码办公&nbsp;&gt;&nbsp;手机通讯&nbsp;&gt;&nbsp;手机','数码办公,手机通讯,手机',1035,41),(236,256,1034,1036,'数码办公&nbsp;&gt;&nbsp;手机通讯&nbsp;&gt;&nbsp;对讲机','数码办公,手机通讯,对讲机',1036,0),(237,256,258,264,'数码办公&nbsp;&gt;&nbsp;手机配件&nbsp;&gt;&nbsp;手机电池','数码办公,手机配件,手机电池',264,0),(238,256,258,265,'数码办公&nbsp;&gt;&nbsp;手机配件&nbsp;&gt;&nbsp;蓝牙耳机','数码办公,手机配件,蓝牙耳机',265,0),(239,256,258,266,'数码办公&nbsp;&gt;&nbsp;手机配件&nbsp;&gt;&nbsp;充电器/数据线','数码办公,手机配件,充电器/数据线',266,0),(240,256,258,267,'数码办公&nbsp;&gt;&nbsp;手机配件&nbsp;&gt;&nbsp;手机耳机','数码办公,手机配件,手机耳机',267,0),(241,256,258,268,'数码办公&nbsp;&gt;&nbsp;手机配件&nbsp;&gt;&nbsp;手机贴膜','数码办公,手机配件,手机贴膜',268,0),(242,256,258,269,'数码办公&nbsp;&gt;&nbsp;手机配件&nbsp;&gt;&nbsp;手机存储卡','数码办公,手机配件,手机存储卡',269,49),(243,256,258,270,'数码办公&nbsp;&gt;&nbsp;手机配件&nbsp;&gt;&nbsp;手机保护套','数码办公,手机配件,手机保护套',270,0),(244,256,258,271,'数码办公&nbsp;&gt;&nbsp;手机配件&nbsp;&gt;&nbsp;车载配件','数码办公,手机配件,车载配件',271,0),(245,256,258,272,'数码办公&nbsp;&gt;&nbsp;手机配件&nbsp;&gt;&nbsp;iPhone 配件','数码办公,手机配件,iPhone 配件',272,0),(246,256,258,273,'数码办公&nbsp;&gt;&nbsp;手机配件&nbsp;&gt;&nbsp;创意配件','数码办公,手机配件,创意配件',273,0),(247,256,258,274,'数码办公&nbsp;&gt;&nbsp;手机配件&nbsp;&gt;&nbsp;便携/无线音响','数码办公,手机配件,便携/无线音响',274,0),(248,256,258,275,'数码办公&nbsp;&gt;&nbsp;手机配件&nbsp;&gt;&nbsp;手机饰品','数码办公,手机配件,手机饰品',275,0),(249,256,259,276,'数码办公&nbsp;&gt;&nbsp;摄影摄像&nbsp;&gt;&nbsp;数码相机','数码办公,摄影摄像,数码相机',276,0),(250,256,259,277,'数码办公&nbsp;&gt;&nbsp;摄影摄像&nbsp;&gt;&nbsp;单电/微单相机','数码办公,摄影摄像,单电/微单相机',277,0),(251,256,259,278,'数码办公&nbsp;&gt;&nbsp;摄影摄像&nbsp;&gt;&nbsp;单反相机','数码办公,摄影摄像,单反相机',278,0),(252,256,259,279,'数码办公&nbsp;&gt;&nbsp;摄影摄像&nbsp;&gt;&nbsp;摄像机','数码办公,摄影摄像,摄像机',279,0),(253,256,259,280,'数码办公&nbsp;&gt;&nbsp;摄影摄像&nbsp;&gt;&nbsp;拍立得','数码办公,摄影摄像,拍立得',280,0),(254,256,259,281,'数码办公&nbsp;&gt;&nbsp;摄影摄像&nbsp;&gt;&nbsp;镜头','数码办公,摄影摄像,镜头',281,0),(255,256,260,282,'数码办公&nbsp;&gt;&nbsp;数码配件&nbsp;&gt;&nbsp;存储卡','数码办公,数码配件,存储卡',282,0),(256,256,260,283,'数码办公&nbsp;&gt;&nbsp;数码配件&nbsp;&gt;&nbsp;读卡器','数码办公,数码配件,读卡器',283,0),(257,256,260,284,'数码办公&nbsp;&gt;&nbsp;数码配件&nbsp;&gt;&nbsp;滤镜','数码办公,数码配件,滤镜',284,0),(258,256,260,285,'数码办公&nbsp;&gt;&nbsp;数码配件&nbsp;&gt;&nbsp;闪光灯/手柄','数码办公,数码配件,闪光灯/手柄',285,0),(259,256,260,286,'数码办公&nbsp;&gt;&nbsp;数码配件&nbsp;&gt;&nbsp;相机包','数码办公,数码配件,相机包',286,0),(260,256,260,287,'数码办公&nbsp;&gt;&nbsp;数码配件&nbsp;&gt;&nbsp;三脚架/云台','数码办公,数码配件,三脚架/云台',287,0),(261,256,260,288,'数码办公&nbsp;&gt;&nbsp;数码配件&nbsp;&gt;&nbsp;相机清洁','数码办公,数码配件,相机清洁',288,0),(262,256,260,289,'数码办公&nbsp;&gt;&nbsp;数码配件&nbsp;&gt;&nbsp;相机贴膜','数码办公,数码配件,相机贴膜',289,0),(263,256,260,290,'数码办公&nbsp;&gt;&nbsp;数码配件&nbsp;&gt;&nbsp;机身附件','数码办公,数码配件,机身附件',290,0),(264,256,260,291,'数码办公&nbsp;&gt;&nbsp;数码配件&nbsp;&gt;&nbsp;镜头附件','数码办公,数码配件,镜头附件',291,0),(265,256,260,292,'数码办公&nbsp;&gt;&nbsp;数码配件&nbsp;&gt;&nbsp;电池/充电器','数码办公,数码配件,电池/充电器',292,0),(266,256,260,293,'数码办公&nbsp;&gt;&nbsp;数码配件&nbsp;&gt;&nbsp;移动电源','数码办公,数码配件,移动电源',293,0),(267,256,261,294,'数码办公&nbsp;&gt;&nbsp;时尚影音&nbsp;&gt;&nbsp;MP3/MP4','数码办公,时尚影音,MP3/MP4',294,0),(268,256,261,295,'数码办公&nbsp;&gt;&nbsp;时尚影音&nbsp;&gt;&nbsp;智能设备','数码办公,时尚影音,智能设备',295,0),(269,256,261,296,'数码办公&nbsp;&gt;&nbsp;时尚影音&nbsp;&gt;&nbsp;耳机/耳麦','数码办公,时尚影音,耳机/耳麦',296,0),(270,256,261,297,'数码办公&nbsp;&gt;&nbsp;时尚影音&nbsp;&gt;&nbsp;音箱','数码办公,时尚影音,音箱',297,0),(271,256,261,298,'数码办公&nbsp;&gt;&nbsp;时尚影音&nbsp;&gt;&nbsp;高清播放器','数码办公,时尚影音,高清播放器',298,0),(272,256,261,299,'数码办公&nbsp;&gt;&nbsp;时尚影音&nbsp;&gt;&nbsp;电子书','数码办公,时尚影音,电子书',299,0),(273,256,261,300,'数码办公&nbsp;&gt;&nbsp;时尚影音&nbsp;&gt;&nbsp;电子词典','数码办公,时尚影音,电子词典',300,0),(274,256,261,301,'数码办公&nbsp;&gt;&nbsp;时尚影音&nbsp;&gt;&nbsp;MP3/MP4配件','数码办公,时尚影音,MP3/MP4配件',301,0),(275,256,261,302,'数码办公&nbsp;&gt;&nbsp;时尚影音&nbsp;&gt;&nbsp;录音笔','数码办公,时尚影音,录音笔',302,0),(276,256,261,303,'数码办公&nbsp;&gt;&nbsp;时尚影音&nbsp;&gt;&nbsp;麦克风','数码办公,时尚影音,麦克风',303,0),(277,256,261,304,'数码办公&nbsp;&gt;&nbsp;时尚影音&nbsp;&gt;&nbsp;专业音频','数码办公,时尚影音,专业音频',304,0),(278,256,261,305,'数码办公&nbsp;&gt;&nbsp;时尚影音&nbsp;&gt;&nbsp;电子教育','数码办公,时尚影音,电子教育',305,0),(279,256,261,306,'数码办公&nbsp;&gt;&nbsp;时尚影音&nbsp;&gt;&nbsp;数码相框','数码办公,时尚影音,数码相框',306,0),(280,256,261,307,'数码办公&nbsp;&gt;&nbsp;时尚影音&nbsp;&gt;&nbsp;苹果配件','数码办公,时尚影音,苹果配件',307,0),(281,256,390,398,'数码办公&nbsp;&gt;&nbsp;电脑整机&nbsp;&gt;&nbsp;笔记本','数码办公,电脑整机,笔记本',398,0),(282,256,390,399,'数码办公&nbsp;&gt;&nbsp;电脑整机&nbsp;&gt;&nbsp;超极本','数码办公,电脑整机,超极本',399,0),(283,256,390,400,'数码办公&nbsp;&gt;&nbsp;电脑整机&nbsp;&gt;&nbsp;游戏本','数码办公,电脑整机,游戏本',400,0),(284,256,390,401,'数码办公&nbsp;&gt;&nbsp;电脑整机&nbsp;&gt;&nbsp;平板电脑','数码办公,电脑整机,平板电脑',401,0),(285,256,390,402,'数码办公&nbsp;&gt;&nbsp;电脑整机&nbsp;&gt;&nbsp;平板电脑配件','数码办公,电脑整机,平板电脑配件',402,0),(286,256,390,403,'数码办公&nbsp;&gt;&nbsp;电脑整机&nbsp;&gt;&nbsp;台式机','数码办公,电脑整机,台式机',403,0),(287,256,390,404,'数码办公&nbsp;&gt;&nbsp;电脑整机&nbsp;&gt;&nbsp;服务器','数码办公,电脑整机,服务器',404,0),(288,256,390,405,'数码办公&nbsp;&gt;&nbsp;电脑整机&nbsp;&gt;&nbsp;笔记本配件','数码办公,电脑整机,笔记本配件',405,0),(289,256,391,406,'数码办公&nbsp;&gt;&nbsp;电脑配件&nbsp;&gt;&nbsp;CPU','数码办公,电脑配件,CPU',406,0),(290,256,391,407,'数码办公&nbsp;&gt;&nbsp;电脑配件&nbsp;&gt;&nbsp;主板','数码办公,电脑配件,主板',407,0),(291,256,391,408,'数码办公&nbsp;&gt;&nbsp;电脑配件&nbsp;&gt;&nbsp;显卡','数码办公,电脑配件,显卡',408,0),(292,256,391,409,'数码办公&nbsp;&gt;&nbsp;电脑配件&nbsp;&gt;&nbsp;硬盘','数码办公,电脑配件,硬盘',409,0),(293,256,391,410,'数码办公&nbsp;&gt;&nbsp;电脑配件&nbsp;&gt;&nbsp;SSD固态硬盘','数码办公,电脑配件,SSD固态硬盘',410,0),(294,256,391,411,'数码办公&nbsp;&gt;&nbsp;电脑配件&nbsp;&gt;&nbsp;内存','数码办公,电脑配件,内存',411,0),(295,256,391,412,'数码办公&nbsp;&gt;&nbsp;电脑配件&nbsp;&gt;&nbsp;机箱','数码办公,电脑配件,机箱',412,0),(296,256,391,413,'数码办公&nbsp;&gt;&nbsp;电脑配件&nbsp;&gt;&nbsp;电源','数码办公,电脑配件,电源',413,0),(297,256,391,414,'数码办公&nbsp;&gt;&nbsp;电脑配件&nbsp;&gt;&nbsp;显示器','数码办公,电脑配件,显示器',414,0),(298,256,391,415,'数码办公&nbsp;&gt;&nbsp;电脑配件&nbsp;&gt;&nbsp;刻录机/光驱','数码办公,电脑配件,刻录机/光驱',415,0),(299,256,391,416,'数码办公&nbsp;&gt;&nbsp;电脑配件&nbsp;&gt;&nbsp;散热器','数码办公,电脑配件,散热器',416,0),(300,256,391,417,'数码办公&nbsp;&gt;&nbsp;电脑配件&nbsp;&gt;&nbsp;声卡/扩展卡','数码办公,电脑配件,声卡/扩展卡',417,0),(301,256,391,418,'数码办公&nbsp;&gt;&nbsp;电脑配件&nbsp;&gt;&nbsp;装机配件','数码办公,电脑配件,装机配件',418,0),(302,256,392,419,'数码办公&nbsp;&gt;&nbsp;外设产品&nbsp;&gt;&nbsp;鼠标','数码办公,外设产品,鼠标',419,0),(303,256,392,420,'数码办公&nbsp;&gt;&nbsp;外设产品&nbsp;&gt;&nbsp;键盘','数码办公,外设产品,键盘',420,0),(304,256,392,421,'数码办公&nbsp;&gt;&nbsp;外设产品&nbsp;&gt;&nbsp;移动硬盘','数码办公,外设产品,移动硬盘',421,0),(305,256,392,422,'数码办公&nbsp;&gt;&nbsp;外设产品&nbsp;&gt;&nbsp;U盘','数码办公,外设产品,U盘',422,0),(306,256,392,423,'数码办公&nbsp;&gt;&nbsp;外设产品&nbsp;&gt;&nbsp;摄像头','数码办公,外设产品,摄像头',423,0),(307,256,392,424,'数码办公&nbsp;&gt;&nbsp;外设产品&nbsp;&gt;&nbsp;外置盒','数码办公,外设产品,外置盒',424,0),(308,256,392,425,'数码办公&nbsp;&gt;&nbsp;外设产品&nbsp;&gt;&nbsp;游戏设备','数码办公,外设产品,游戏设备',425,0),(309,256,392,426,'数码办公&nbsp;&gt;&nbsp;外设产品&nbsp;&gt;&nbsp;电视盒','数码办公,外设产品,电视盒',426,0),(310,256,392,427,'数码办公&nbsp;&gt;&nbsp;外设产品&nbsp;&gt;&nbsp;手写板','数码办公,外设产品,手写板',427,0),(311,256,392,428,'数码办公&nbsp;&gt;&nbsp;外设产品&nbsp;&gt;&nbsp;鼠标垫','数码办公,外设产品,鼠标垫',428,0),(312,256,392,429,'数码办公&nbsp;&gt;&nbsp;外设产品&nbsp;&gt;&nbsp;插座','数码办公,外设产品,插座',429,0),(313,256,392,430,'数码办公&nbsp;&gt;&nbsp;外设产品&nbsp;&gt;&nbsp;UPS电源','数码办公,外设产品,UPS电源',430,0),(314,256,392,431,'数码办公&nbsp;&gt;&nbsp;外设产品&nbsp;&gt;&nbsp;线缆','数码办公,外设产品,线缆',431,0),(315,256,392,432,'数码办公&nbsp;&gt;&nbsp;外设产品&nbsp;&gt;&nbsp;电脑工具','数码办公,外设产品,电脑工具',432,0),(316,256,392,433,'数码办公&nbsp;&gt;&nbsp;外设产品&nbsp;&gt;&nbsp;电脑清洁','数码办公,外设产品,电脑清洁',433,0),(317,256,393,434,'数码办公&nbsp;&gt;&nbsp;网络产品&nbsp;&gt;&nbsp;路由器','数码办公,网络产品,路由器',434,0),(318,256,393,435,'数码办公&nbsp;&gt;&nbsp;网络产品&nbsp;&gt;&nbsp;网卡','数码办公,网络产品,网卡',435,0),(319,256,393,436,'数码办公&nbsp;&gt;&nbsp;网络产品&nbsp;&gt;&nbsp;交换机','数码办公,网络产品,交换机',436,0),(320,256,393,437,'数码办公&nbsp;&gt;&nbsp;网络产品&nbsp;&gt;&nbsp;网络存储','数码办公,网络产品,网络存储',437,0),(321,256,393,438,'数码办公&nbsp;&gt;&nbsp;网络产品&nbsp;&gt;&nbsp;3G上网','数码办公,网络产品,3G上网',438,0),(322,256,393,439,'数码办公&nbsp;&gt;&nbsp;网络产品&nbsp;&gt;&nbsp;网络盒子','数码办公,网络产品,网络盒子',439,0),(323,256,394,440,'数码办公&nbsp;&gt;&nbsp;办公打印&nbsp;&gt;&nbsp;打印机','数码办公,办公打印,打印机',440,0),(324,256,394,441,'数码办公&nbsp;&gt;&nbsp;办公打印&nbsp;&gt;&nbsp;一体机','数码办公,办公打印,一体机',441,0),(325,256,394,442,'数码办公&nbsp;&gt;&nbsp;办公打印&nbsp;&gt;&nbsp;投影机','数码办公,办公打印,投影机',442,0),(326,256,394,443,'数码办公&nbsp;&gt;&nbsp;办公打印&nbsp;&gt;&nbsp;投影配件','数码办公,办公打印,投影配件',443,0),(327,256,394,444,'数码办公&nbsp;&gt;&nbsp;办公打印&nbsp;&gt;&nbsp;传真机','数码办公,办公打印,传真机',444,0),(328,256,394,445,'数码办公&nbsp;&gt;&nbsp;办公打印&nbsp;&gt;&nbsp;复合机','数码办公,办公打印,复合机',445,0),(329,256,394,446,'数码办公&nbsp;&gt;&nbsp;办公打印&nbsp;&gt;&nbsp;碎纸机','数码办公,办公打印,碎纸机',446,0),(330,256,394,447,'数码办公&nbsp;&gt;&nbsp;办公打印&nbsp;&gt;&nbsp;扫描仪','数码办公,办公打印,扫描仪',447,0),(331,256,394,448,'数码办公&nbsp;&gt;&nbsp;办公打印&nbsp;&gt;&nbsp;墨盒','数码办公,办公打印,墨盒',448,0),(332,256,394,449,'数码办公&nbsp;&gt;&nbsp;办公打印&nbsp;&gt;&nbsp;硒鼓','数码办公,办公打印,硒鼓',449,0),(333,256,394,450,'数码办公&nbsp;&gt;&nbsp;办公打印&nbsp;&gt;&nbsp;墨粉','数码办公,办公打印,墨粉',450,0),(334,256,394,451,'数码办公&nbsp;&gt;&nbsp;办公打印&nbsp;&gt;&nbsp;色带','数码办公,办公打印,色带',451,0),(335,256,395,452,'数码办公&nbsp;&gt;&nbsp;办公文仪&nbsp;&gt;&nbsp;办公文具','数码办公,办公文仪,办公文具',452,0),(336,256,395,453,'数码办公&nbsp;&gt;&nbsp;办公文仪&nbsp;&gt;&nbsp;文件管理','数码办公,办公文仪,文件管理',453,0),(337,256,395,454,'数码办公&nbsp;&gt;&nbsp;办公文仪&nbsp;&gt;&nbsp;笔类','数码办公,办公文仪,笔类',454,0),(338,256,395,455,'数码办公&nbsp;&gt;&nbsp;办公文仪&nbsp;&gt;&nbsp;纸类','数码办公,办公文仪,纸类',455,0),(339,256,395,456,'数码办公&nbsp;&gt;&nbsp;办公文仪&nbsp;&gt;&nbsp;本册/便签','数码办公,办公文仪,本册/便签',456,0),(340,256,395,457,'数码办公&nbsp;&gt;&nbsp;办公文仪&nbsp;&gt;&nbsp;学生文具','数码办公,办公文仪,学生文具',457,0),(341,256,395,458,'数码办公&nbsp;&gt;&nbsp;办公文仪&nbsp;&gt;&nbsp;财务用品','数码办公,办公文仪,财务用品',458,0),(342,256,395,459,'数码办公&nbsp;&gt;&nbsp;办公文仪&nbsp;&gt;&nbsp;计算器','数码办公,办公文仪,计算器',459,0),(343,256,395,460,'数码办公&nbsp;&gt;&nbsp;办公文仪&nbsp;&gt;&nbsp;激光笔','数码办公,办公文仪,激光笔',460,0),(344,256,395,461,'数码办公&nbsp;&gt;&nbsp;办公文仪&nbsp;&gt;&nbsp;白板/封装','数码办公,办公文仪,白板/封装',461,0),(345,256,395,462,'数码办公&nbsp;&gt;&nbsp;办公文仪&nbsp;&gt;&nbsp;考勤机','数码办公,办公文仪,考勤机',462,0),(346,256,395,463,'数码办公&nbsp;&gt;&nbsp;办公文仪&nbsp;&gt;&nbsp;刻录碟片/附件','数码办公,办公文仪,刻录碟片/附件',463,0),(347,256,395,464,'数码办公&nbsp;&gt;&nbsp;办公文仪&nbsp;&gt;&nbsp;点钞机','数码办公,办公文仪,点钞机',464,0),(348,256,395,465,'数码办公&nbsp;&gt;&nbsp;办公文仪&nbsp;&gt;&nbsp;支付设备/POS机','数码办公,办公文仪,支付设备/POS机',465,0),(349,256,395,466,'数码办公&nbsp;&gt;&nbsp;办公文仪&nbsp;&gt;&nbsp;安防监控','数码办公,办公文仪,安防监控',466,0),(350,256,395,467,'数码办公&nbsp;&gt;&nbsp;办公文仪&nbsp;&gt;&nbsp;呼叫/会议设备','数码办公,办公文仪,呼叫/会议设备',467,0),(351,256,395,468,'数码办公&nbsp;&gt;&nbsp;办公文仪&nbsp;&gt;&nbsp;保险柜','数码办公,办公文仪,保险柜',468,0),(352,256,395,469,'数码办公&nbsp;&gt;&nbsp;办公文仪&nbsp;&gt;&nbsp;办公家具','数码办公,办公文仪,办公家具',469,0),(353,308,309,314,'家用电器&nbsp;&gt;&nbsp;大家电&nbsp;&gt;&nbsp;平板电视','家用电器,大家电,平板电视',314,0),(354,308,309,315,'家用电器&nbsp;&gt;&nbsp;大家电&nbsp;&gt;&nbsp;空调','家用电器,大家电,空调',315,0),(355,308,309,316,'家用电器&nbsp;&gt;&nbsp;大家电&nbsp;&gt;&nbsp;冰箱','家用电器,大家电,冰箱',316,0),(356,308,309,317,'家用电器&nbsp;&gt;&nbsp;大家电&nbsp;&gt;&nbsp;洗衣机','家用电器,大家电,洗衣机',317,0),(357,308,309,318,'家用电器&nbsp;&gt;&nbsp;大家电&nbsp;&gt;&nbsp;家庭影院','家用电器,大家电,家庭影院',318,0),(358,308,309,319,'家用电器&nbsp;&gt;&nbsp;大家电&nbsp;&gt;&nbsp;DVD播放机','家用电器,大家电,DVD播放机',319,0),(359,308,309,320,'家用电器&nbsp;&gt;&nbsp;大家电&nbsp;&gt;&nbsp;迷你音响','家用电器,大家电,迷你音响',320,0),(360,308,309,321,'家用电器&nbsp;&gt;&nbsp;大家电&nbsp;&gt;&nbsp;烟机/灶具','家用电器,大家电,烟机/灶具',321,0),(361,308,309,322,'家用电器&nbsp;&gt;&nbsp;大家电&nbsp;&gt;&nbsp;热水器','家用电器,大家电,热水器',322,0),(362,308,309,323,'家用电器&nbsp;&gt;&nbsp;大家电&nbsp;&gt;&nbsp;消毒柜/洗碗机','家用电器,大家电,消毒柜/洗碗机',323,0),(363,308,309,324,'家用电器&nbsp;&gt;&nbsp;大家电&nbsp;&gt;&nbsp;酒柜/冰吧/冷柜','家用电器,大家电,酒柜/冰吧/冷柜',324,0),(364,308,309,325,'家用电器&nbsp;&gt;&nbsp;大家电&nbsp;&gt;&nbsp;家电配件','家用电器,大家电,家电配件',325,0),(365,308,310,326,'家用电器&nbsp;&gt;&nbsp;生活电器&nbsp;&gt;&nbsp;净化器','家用电器,生活电器,净化器',326,0),(366,308,310,327,'家用电器&nbsp;&gt;&nbsp;生活电器&nbsp;&gt;&nbsp;电风扇','家用电器,生活电器,电风扇',327,0),(367,308,310,328,'家用电器&nbsp;&gt;&nbsp;生活电器&nbsp;&gt;&nbsp;吸尘器','家用电器,生活电器,吸尘器',328,0),(368,308,310,329,'家用电器&nbsp;&gt;&nbsp;生活电器&nbsp;&gt;&nbsp;加湿器','家用电器,生活电器,加湿器',329,0),(369,308,310,330,'家用电器&nbsp;&gt;&nbsp;生活电器&nbsp;&gt;&nbsp;净水设备','家用电器,生活电器,净水设备',330,0),(370,308,310,331,'家用电器&nbsp;&gt;&nbsp;生活电器&nbsp;&gt;&nbsp;饮水机','家用电器,生活电器,饮水机',331,0),(371,308,310,332,'家用电器&nbsp;&gt;&nbsp;生活电器&nbsp;&gt;&nbsp;冷风扇','家用电器,生活电器,冷风扇',332,0),(372,308,310,333,'家用电器&nbsp;&gt;&nbsp;生活电器&nbsp;&gt;&nbsp;挂烫机/熨斗','家用电器,生活电器,挂烫机/熨斗',333,0),(373,308,310,334,'家用电器&nbsp;&gt;&nbsp;生活电器&nbsp;&gt;&nbsp;电话机','家用电器,生活电器,电话机',334,0),(374,308,310,335,'家用电器&nbsp;&gt;&nbsp;生活电器&nbsp;&gt;&nbsp;插座','家用电器,生活电器,插座',335,0),(375,308,310,336,'家用电器&nbsp;&gt;&nbsp;生活电器&nbsp;&gt;&nbsp;收录/音机','家用电器,生活电器,收录/音机',336,0),(376,308,310,337,'家用电器&nbsp;&gt;&nbsp;生活电器&nbsp;&gt;&nbsp;除湿/干衣机','家用电器,生活电器,除湿/干衣机',337,0),(377,308,310,338,'家用电器&nbsp;&gt;&nbsp;生活电器&nbsp;&gt;&nbsp;清洁机','家用电器,生活电器,清洁机',338,0),(378,308,310,339,'家用电器&nbsp;&gt;&nbsp;生活电器&nbsp;&gt;&nbsp;取暖电器','家用电器,生活电器,取暖电器',339,0),(379,308,310,340,'家用电器&nbsp;&gt;&nbsp;生活电器&nbsp;&gt;&nbsp;其它生活电器','家用电器,生活电器,其它生活电器',340,0),(380,308,311,341,'家用电器&nbsp;&gt;&nbsp;厨房电器&nbsp;&gt;&nbsp;料理/榨汁机','家用电器,厨房电器,料理/榨汁机',341,0),(381,308,311,342,'家用电器&nbsp;&gt;&nbsp;厨房电器&nbsp;&gt;&nbsp;豆浆机','家用电器,厨房电器,豆浆机',342,0),(382,308,311,343,'家用电器&nbsp;&gt;&nbsp;厨房电器&nbsp;&gt;&nbsp;电饭煲','家用电器,厨房电器,电饭煲',343,0),(383,308,311,344,'家用电器&nbsp;&gt;&nbsp;厨房电器&nbsp;&gt;&nbsp;电压力锅','家用电器,厨房电器,电压力锅',344,0),(384,308,311,345,'家用电器&nbsp;&gt;&nbsp;厨房电器&nbsp;&gt;&nbsp;面包机','家用电器,厨房电器,面包机',345,0),(385,308,311,346,'家用电器&nbsp;&gt;&nbsp;厨房电器&nbsp;&gt;&nbsp;咖啡机','家用电器,厨房电器,咖啡机',346,0),(386,308,311,347,'家用电器&nbsp;&gt;&nbsp;厨房电器&nbsp;&gt;&nbsp;微波炉','家用电器,厨房电器,微波炉',347,0),(387,308,311,348,'家用电器&nbsp;&gt;&nbsp;厨房电器&nbsp;&gt;&nbsp;电烤箱','家用电器,厨房电器,电烤箱',348,0),(388,308,311,349,'家用电器&nbsp;&gt;&nbsp;厨房电器&nbsp;&gt;&nbsp;电磁炉','家用电器,厨房电器,电磁炉',349,0),(389,308,311,350,'家用电器&nbsp;&gt;&nbsp;厨房电器&nbsp;&gt;&nbsp;电饼铛/烧烤盘','家用电器,厨房电器,电饼铛/烧烤盘',350,0),(390,308,311,351,'家用电器&nbsp;&gt;&nbsp;厨房电器&nbsp;&gt;&nbsp;煮蛋器','家用电器,厨房电器,煮蛋器',351,0),(391,308,311,352,'家用电器&nbsp;&gt;&nbsp;厨房电器&nbsp;&gt;&nbsp;酸奶机','家用电器,厨房电器,酸奶机',352,0),(392,308,311,353,'家用电器&nbsp;&gt;&nbsp;厨房电器&nbsp;&gt;&nbsp;电炖锅','家用电器,厨房电器,电炖锅',353,0),(393,308,311,354,'家用电器&nbsp;&gt;&nbsp;厨房电器&nbsp;&gt;&nbsp;电水壶/热水瓶','家用电器,厨房电器,电水壶/热水瓶',354,0),(394,308,311,355,'家用电器&nbsp;&gt;&nbsp;厨房电器&nbsp;&gt;&nbsp;多用途锅','家用电器,厨房电器,多用途锅',355,0),(395,308,311,356,'家用电器&nbsp;&gt;&nbsp;厨房电器&nbsp;&gt;&nbsp;果蔬解毒机','家用电器,厨房电器,果蔬解毒机',356,0),(396,308,311,357,'家用电器&nbsp;&gt;&nbsp;厨房电器&nbsp;&gt;&nbsp;其它厨房电器','家用电器,厨房电器,其它厨房电器',357,0),(397,308,312,358,'家用电器&nbsp;&gt;&nbsp;个护健康&nbsp;&gt;&nbsp;剃须刀','家用电器,个护健康,剃须刀',358,0),(398,308,312,359,'家用电器&nbsp;&gt;&nbsp;个护健康&nbsp;&gt;&nbsp;剃/脱毛器','家用电器,个护健康,剃/脱毛器',359,0),(399,308,312,360,'家用电器&nbsp;&gt;&nbsp;个护健康&nbsp;&gt;&nbsp;口腔护理','家用电器,个护健康,口腔护理',360,0),(400,308,312,361,'家用电器&nbsp;&gt;&nbsp;个护健康&nbsp;&gt;&nbsp;电吹风','家用电器,个护健康,电吹风',361,0),(401,308,312,362,'家用电器&nbsp;&gt;&nbsp;个护健康&nbsp;&gt;&nbsp;美容器','家用电器,个护健康,美容器',362,0),(402,308,312,363,'家用电器&nbsp;&gt;&nbsp;个护健康&nbsp;&gt;&nbsp;美发器','家用电器,个护健康,美发器',363,0),(403,308,312,364,'家用电器&nbsp;&gt;&nbsp;个护健康&nbsp;&gt;&nbsp;按摩椅','家用电器,个护健康,按摩椅',364,0),(404,308,312,365,'家用电器&nbsp;&gt;&nbsp;个护健康&nbsp;&gt;&nbsp;按摩器','家用电器,个护健康,按摩器',365,0),(405,308,312,366,'家用电器&nbsp;&gt;&nbsp;个护健康&nbsp;&gt;&nbsp;足浴盆','家用电器,个护健康,足浴盆',366,0),(406,308,312,367,'家用电器&nbsp;&gt;&nbsp;个护健康&nbsp;&gt;&nbsp;血压计','家用电器,个护健康,血压计',367,0),(407,308,312,368,'家用电器&nbsp;&gt;&nbsp;个护健康&nbsp;&gt;&nbsp;健康秤/厨房秤','家用电器,个护健康,健康秤/厨房秤',368,0),(408,308,312,369,'家用电器&nbsp;&gt;&nbsp;个护健康&nbsp;&gt;&nbsp;血糖仪','家用电器,个护健康,血糖仪',369,0),(409,308,312,370,'家用电器&nbsp;&gt;&nbsp;个护健康&nbsp;&gt;&nbsp;体温计','家用电器,个护健康,体温计',370,0),(410,308,312,371,'家用电器&nbsp;&gt;&nbsp;个护健康&nbsp;&gt;&nbsp;计步器/脂肪检测仪','家用电器,个护健康,计步器/脂肪检测仪',371,0),(411,308,312,372,'家用电器&nbsp;&gt;&nbsp;个护健康&nbsp;&gt;&nbsp;其它健康电器','家用电器,个护健康,其它健康电器',372,0),(412,308,313,373,'家用电器&nbsp;&gt;&nbsp;五金家装&nbsp;&gt;&nbsp;电动工具','家用电器,五金家装,电动工具',373,0),(413,308,313,374,'家用电器&nbsp;&gt;&nbsp;五金家装&nbsp;&gt;&nbsp;手动工具','家用电器,五金家装,手动工具',374,0),(414,308,313,375,'家用电器&nbsp;&gt;&nbsp;五金家装&nbsp;&gt;&nbsp;仪器仪表','家用电器,五金家装,仪器仪表',375,0),(415,308,313,376,'家用电器&nbsp;&gt;&nbsp;五金家装&nbsp;&gt;&nbsp;浴霸/排气扇','家用电器,五金家装,浴霸/排气扇',376,0),(416,308,313,377,'家用电器&nbsp;&gt;&nbsp;五金家装&nbsp;&gt;&nbsp;灯具','家用电器,五金家装,灯具',377,0),(417,308,313,378,'家用电器&nbsp;&gt;&nbsp;五金家装&nbsp;&gt;&nbsp;LED灯','家用电器,五金家装,LED灯',378,0),(418,308,313,379,'家用电器&nbsp;&gt;&nbsp;五金家装&nbsp;&gt;&nbsp;洁身器','家用电器,五金家装,洁身器',379,0),(419,308,313,380,'家用电器&nbsp;&gt;&nbsp;五金家装&nbsp;&gt;&nbsp;水槽','家用电器,五金家装,水槽',380,0),(420,308,313,381,'家用电器&nbsp;&gt;&nbsp;五金家装&nbsp;&gt;&nbsp;龙头','家用电器,五金家装,龙头',381,0),(421,308,313,382,'家用电器&nbsp;&gt;&nbsp;五金家装&nbsp;&gt;&nbsp;淋浴花洒','家用电器,五金家装,淋浴花洒',382,0),(422,308,313,383,'家用电器&nbsp;&gt;&nbsp;五金家装&nbsp;&gt;&nbsp;厨卫五金','家用电器,五金家装,厨卫五金',383,0),(423,308,313,384,'家用电器&nbsp;&gt;&nbsp;五金家装&nbsp;&gt;&nbsp;家具五金','家用电器,五金家装,家具五金',384,0),(424,308,313,385,'家用电器&nbsp;&gt;&nbsp;五金家装&nbsp;&gt;&nbsp;门铃','家用电器,五金家装,门铃',385,0),(425,308,313,386,'家用电器&nbsp;&gt;&nbsp;五金家装&nbsp;&gt;&nbsp;电气开关','家用电器,五金家装,电气开关',386,0),(426,308,313,387,'家用电器&nbsp;&gt;&nbsp;五金家装&nbsp;&gt;&nbsp;插座','家用电器,五金家装,插座',387,0),(427,308,313,388,'家用电器&nbsp;&gt;&nbsp;五金家装&nbsp;&gt;&nbsp;电工电料','家用电器,五金家装,电工电料',388,0),(428,308,313,389,'家用电器&nbsp;&gt;&nbsp;五金家装&nbsp;&gt;&nbsp;监控安防','家用电器,五金家装,监控安防',389,0),(429,470,471,478,'个护化妆&nbsp;&gt;&nbsp;面部护理&nbsp;&gt;&nbsp;洁面乳','个护化妆,面部护理,洁面乳',478,0),(430,470,471,479,'个护化妆&nbsp;&gt;&nbsp;面部护理&nbsp;&gt;&nbsp;爽肤水','个护化妆,面部护理,爽肤水',479,0),(431,470,471,480,'个护化妆&nbsp;&gt;&nbsp;面部护理&nbsp;&gt;&nbsp;精华露','个护化妆,面部护理,精华露',480,0),(432,470,471,481,'个护化妆&nbsp;&gt;&nbsp;面部护理&nbsp;&gt;&nbsp;乳液面霜','个护化妆,面部护理,乳液面霜',481,0),(433,470,471,482,'个护化妆&nbsp;&gt;&nbsp;面部护理&nbsp;&gt;&nbsp;面膜面贴','个护化妆,面部护理,面膜面贴',482,0),(434,470,471,483,'个护化妆&nbsp;&gt;&nbsp;面部护理&nbsp;&gt;&nbsp;眼部护理','个护化妆,面部护理,眼部护理',483,0),(435,470,471,484,'个护化妆&nbsp;&gt;&nbsp;面部护理&nbsp;&gt;&nbsp;颈部护理','个护化妆,面部护理,颈部护理',484,0),(436,470,471,485,'个护化妆&nbsp;&gt;&nbsp;面部护理&nbsp;&gt;&nbsp;T区护理','个护化妆,面部护理,T区护理',485,0),(437,470,471,486,'个护化妆&nbsp;&gt;&nbsp;面部护理&nbsp;&gt;&nbsp;护肤套装','个护化妆,面部护理,护肤套装',486,0),(438,470,471,487,'个护化妆&nbsp;&gt;&nbsp;面部护理&nbsp;&gt;&nbsp;防晒隔离','个护化妆,面部护理,防晒隔离',487,0),(439,470,472,488,'个护化妆&nbsp;&gt;&nbsp;身体护理&nbsp;&gt;&nbsp;洗发护发','个护化妆,身体护理,洗发护发',488,0),(440,470,472,489,'个护化妆&nbsp;&gt;&nbsp;身体护理&nbsp;&gt;&nbsp;染发/造型','个护化妆,身体护理,染发/造型',489,0),(441,470,472,490,'个护化妆&nbsp;&gt;&nbsp;身体护理&nbsp;&gt;&nbsp;沐浴','个护化妆,身体护理,沐浴',490,0),(442,470,472,491,'个护化妆&nbsp;&gt;&nbsp;身体护理&nbsp;&gt;&nbsp;磨砂/浴盐','个护化妆,身体护理,磨砂/浴盐',491,0),(443,470,472,492,'个护化妆&nbsp;&gt;&nbsp;身体护理&nbsp;&gt;&nbsp;身体乳','个护化妆,身体护理,身体乳',492,0),(444,470,472,493,'个护化妆&nbsp;&gt;&nbsp;身体护理&nbsp;&gt;&nbsp;手工/香皂','个护化妆,身体护理,手工/香皂',493,0),(445,470,472,494,'个护化妆&nbsp;&gt;&nbsp;身体护理&nbsp;&gt;&nbsp;香薰精油','个护化妆,身体护理,香薰精油',494,0),(446,470,472,495,'个护化妆&nbsp;&gt;&nbsp;身体护理&nbsp;&gt;&nbsp;纤体瘦身','个护化妆,身体护理,纤体瘦身',495,0),(447,470,472,496,'个护化妆&nbsp;&gt;&nbsp;身体护理&nbsp;&gt;&nbsp;脱毛膏','个护化妆,身体护理,脱毛膏',496,0),(448,470,472,497,'个护化妆&nbsp;&gt;&nbsp;身体护理&nbsp;&gt;&nbsp;手足护理','个护化妆,身体护理,手足护理',497,0),(449,470,472,498,'个护化妆&nbsp;&gt;&nbsp;身体护理&nbsp;&gt;&nbsp;洗护套装','个护化妆,身体护理,洗护套装',498,0),(450,470,473,499,'个护化妆&nbsp;&gt;&nbsp;口腔护理&nbsp;&gt;&nbsp;牙膏/牙粉','个护化妆,口腔护理,牙膏/牙粉',499,0),(451,470,473,500,'个护化妆&nbsp;&gt;&nbsp;口腔护理&nbsp;&gt;&nbsp;牙刷/牙线','个护化妆,口腔护理,牙刷/牙线',500,0),(452,470,473,501,'个护化妆&nbsp;&gt;&nbsp;口腔护理&nbsp;&gt;&nbsp;漱口水','个护化妆,口腔护理,漱口水',501,0),(453,470,474,502,'个护化妆&nbsp;&gt;&nbsp;女性护理&nbsp;&gt;&nbsp;卫生巾','个护化妆,女性护理,卫生巾',502,0),(454,470,474,503,'个护化妆&nbsp;&gt;&nbsp;女性护理&nbsp;&gt;&nbsp;卫生护垫','个护化妆,女性护理,卫生护垫',503,0),(455,470,474,504,'个护化妆&nbsp;&gt;&nbsp;女性护理&nbsp;&gt;&nbsp;洗液','个护化妆,女性护理,洗液',504,0),(456,470,474,505,'个护化妆&nbsp;&gt;&nbsp;女性护理&nbsp;&gt;&nbsp;美容食品','个护化妆,女性护理,美容食品',505,0),(457,470,474,506,'个护化妆&nbsp;&gt;&nbsp;女性护理&nbsp;&gt;&nbsp;其他','个护化妆,女性护理,其他',506,0),(458,470,475,507,'个护化妆&nbsp;&gt;&nbsp;男士护理&nbsp;&gt;&nbsp;脸部护理','个护化妆,男士护理,脸部护理',507,0),(459,470,475,508,'个护化妆&nbsp;&gt;&nbsp;男士护理&nbsp;&gt;&nbsp;眼部护理','个护化妆,男士护理,眼部护理',508,0),(460,470,475,509,'个护化妆&nbsp;&gt;&nbsp;男士护理&nbsp;&gt;&nbsp;身体护理','个护化妆,男士护理,身体护理',509,0),(461,470,475,510,'个护化妆&nbsp;&gt;&nbsp;男士护理&nbsp;&gt;&nbsp;男士香水','个护化妆,男士护理,男士香水',510,0),(462,470,475,511,'个护化妆&nbsp;&gt;&nbsp;男士护理&nbsp;&gt;&nbsp;剃须护理','个护化妆,男士护理,剃须护理',511,0),(463,470,475,512,'个护化妆&nbsp;&gt;&nbsp;男士护理&nbsp;&gt;&nbsp;防脱洗护','个护化妆,男士护理,防脱洗护',512,0),(464,470,475,513,'个护化妆&nbsp;&gt;&nbsp;男士护理&nbsp;&gt;&nbsp;男士唇膏','个护化妆,男士护理,男士唇膏',513,0),(465,470,476,514,'个护化妆&nbsp;&gt;&nbsp;魅力彩妆&nbsp;&gt;&nbsp;粉底/遮瑕','个护化妆,魅力彩妆,粉底/遮瑕',514,0),(466,470,476,515,'个护化妆&nbsp;&gt;&nbsp;魅力彩妆&nbsp;&gt;&nbsp;腮红','个护化妆,魅力彩妆,腮红',515,0),(467,470,476,516,'个护化妆&nbsp;&gt;&nbsp;魅力彩妆&nbsp;&gt;&nbsp;眼影/眼线','个护化妆,魅力彩妆,眼影/眼线',516,0),(468,470,476,517,'个护化妆&nbsp;&gt;&nbsp;魅力彩妆&nbsp;&gt;&nbsp;眉笔','个护化妆,魅力彩妆,眉笔',517,0),(469,470,476,518,'个护化妆&nbsp;&gt;&nbsp;魅力彩妆&nbsp;&gt;&nbsp;睫毛膏','个护化妆,魅力彩妆,睫毛膏',518,0),(470,470,476,519,'个护化妆&nbsp;&gt;&nbsp;魅力彩妆&nbsp;&gt;&nbsp;唇膏唇彩','个护化妆,魅力彩妆,唇膏唇彩',519,0),(471,470,476,520,'个护化妆&nbsp;&gt;&nbsp;魅力彩妆&nbsp;&gt;&nbsp;彩妆组合','个护化妆,魅力彩妆,彩妆组合',520,0),(472,470,476,521,'个护化妆&nbsp;&gt;&nbsp;魅力彩妆&nbsp;&gt;&nbsp;卸妆','个护化妆,魅力彩妆,卸妆',521,0),(473,470,476,522,'个护化妆&nbsp;&gt;&nbsp;魅力彩妆&nbsp;&gt;&nbsp;美甲','个护化妆,魅力彩妆,美甲',522,0),(474,470,476,523,'个护化妆&nbsp;&gt;&nbsp;魅力彩妆&nbsp;&gt;&nbsp;彩妆工具','个护化妆,魅力彩妆,彩妆工具',523,0),(475,470,476,524,'个护化妆&nbsp;&gt;&nbsp;魅力彩妆&nbsp;&gt;&nbsp;假发','个护化妆,魅力彩妆,假发',524,0),(476,470,477,525,'个护化妆&nbsp;&gt;&nbsp;香水SPA&nbsp;&gt;&nbsp;女士香水','个护化妆,香水SPA,女士香水',525,0),(477,470,477,526,'个护化妆&nbsp;&gt;&nbsp;香水SPA&nbsp;&gt;&nbsp;男士香水','个护化妆,香水SPA,男士香水',526,0),(478,470,477,527,'个护化妆&nbsp;&gt;&nbsp;香水SPA&nbsp;&gt;&nbsp;组合套装','个护化妆,香水SPA,组合套装',527,0),(479,470,477,528,'个护化妆&nbsp;&gt;&nbsp;香水SPA&nbsp;&gt;&nbsp;迷你香水','个护化妆,香水SPA,迷你香水',528,0),(480,470,477,529,'个护化妆&nbsp;&gt;&nbsp;香水SPA&nbsp;&gt;&nbsp;香体走珠','个护化妆,香水SPA,香体走珠',529,0),(481,662,663,671,'运动健康&nbsp;&gt;&nbsp;户外鞋服&nbsp;&gt;&nbsp;户外服装','运动健康,户外鞋服,户外服装',671,0),(482,662,663,672,'运动健康&nbsp;&gt;&nbsp;户外鞋服&nbsp;&gt;&nbsp;户外鞋袜','运动健康,户外鞋服,户外鞋袜',672,0),(483,662,663,673,'运动健康&nbsp;&gt;&nbsp;户外鞋服&nbsp;&gt;&nbsp;户外配饰','运动健康,户外鞋服,户外配饰',673,0),(484,662,664,674,'运动健康&nbsp;&gt;&nbsp;户外装备&nbsp;&gt;&nbsp;帐篷','运动健康,户外装备,帐篷',674,0),(485,662,664,675,'运动健康&nbsp;&gt;&nbsp;户外装备&nbsp;&gt;&nbsp;睡袋','运动健康,户外装备,睡袋',675,0),(486,662,664,676,'运动健康&nbsp;&gt;&nbsp;户外装备&nbsp;&gt;&nbsp;登山攀岩','运动健康,户外装备,登山攀岩',676,0),(487,662,664,677,'运动健康&nbsp;&gt;&nbsp;户外装备&nbsp;&gt;&nbsp;户外背包','运动健康,户外装备,户外背包',677,0),(488,662,664,678,'运动健康&nbsp;&gt;&nbsp;户外装备&nbsp;&gt;&nbsp;户外照明','运动健康,户外装备,户外照明',678,0),(489,662,664,679,'运动健康&nbsp;&gt;&nbsp;户外装备&nbsp;&gt;&nbsp;户外垫子','运动健康,户外装备,户外垫子',679,0),(490,662,664,680,'运动健康&nbsp;&gt;&nbsp;户外装备&nbsp;&gt;&nbsp;户外仪表','运动健康,户外装备,户外仪表',680,0),(491,662,664,681,'运动健康&nbsp;&gt;&nbsp;户外装备&nbsp;&gt;&nbsp;户外工具','运动健康,户外装备,户外工具',681,0),(492,662,664,682,'运动健康&nbsp;&gt;&nbsp;户外装备&nbsp;&gt;&nbsp;望远镜','运动健康,户外装备,望远镜',682,0),(493,662,664,683,'运动健康&nbsp;&gt;&nbsp;户外装备&nbsp;&gt;&nbsp;垂钓用品','运动健康,户外装备,垂钓用品',683,0),(494,662,664,684,'运动健康&nbsp;&gt;&nbsp;户外装备&nbsp;&gt;&nbsp;旅游用品','运动健康,户外装备,旅游用品',684,0),(495,662,664,685,'运动健康&nbsp;&gt;&nbsp;户外装备&nbsp;&gt;&nbsp;便携桌椅床','运动健康,户外装备,便携桌椅床',685,0),(496,662,664,686,'运动健康&nbsp;&gt;&nbsp;户外装备&nbsp;&gt;&nbsp;烧烤用品','运动健康,户外装备,烧烤用品',686,0),(497,662,664,687,'运动健康&nbsp;&gt;&nbsp;户外装备&nbsp;&gt;&nbsp;野餐炊具','运动健康,户外装备,野餐炊具',687,0),(498,662,664,688,'运动健康&nbsp;&gt;&nbsp;户外装备&nbsp;&gt;&nbsp;军迷用品','运动健康,户外装备,军迷用品',688,0),(499,662,664,689,'运动健康&nbsp;&gt;&nbsp;户外装备&nbsp;&gt;&nbsp;游泳用具','运动健康,户外装备,游泳用具',689,0),(500,662,664,690,'运动健康&nbsp;&gt;&nbsp;户外装备&nbsp;&gt;&nbsp;泳衣','运动健康,户外装备,泳衣',690,0),(501,662,665,691,'运动健康&nbsp;&gt;&nbsp;运动器械&nbsp;&gt;&nbsp;健身器械','运动健康,运动器械,健身器械',691,40),(502,662,665,692,'运动健康&nbsp;&gt;&nbsp;运动器械&nbsp;&gt;&nbsp;运动器材','运动健康,运动器械,运动器材',692,43),(503,662,665,693,'运动健康&nbsp;&gt;&nbsp;运动器械&nbsp;&gt;&nbsp;极限轮滑','运动健康,运动器械,极限轮滑',693,0),(504,662,665,694,'运动健康&nbsp;&gt;&nbsp;运动器械&nbsp;&gt;&nbsp;骑行运动','运动健康,运动器械,骑行运动',694,0),(505,662,665,695,'运动健康&nbsp;&gt;&nbsp;运动器械&nbsp;&gt;&nbsp;运动护具','运动健康,运动器械,运动护具',695,0),(506,662,665,696,'运动健康&nbsp;&gt;&nbsp;运动器械&nbsp;&gt;&nbsp;武术搏击','运动健康,运动器械,武术搏击',696,0),(507,662,666,697,'运动健康&nbsp;&gt;&nbsp;纤体瑜伽&nbsp;&gt;&nbsp;瑜伽垫','运动健康,纤体瑜伽,瑜伽垫',697,0),(508,662,666,698,'运动健康&nbsp;&gt;&nbsp;纤体瑜伽&nbsp;&gt;&nbsp;瑜伽服','运动健康,纤体瑜伽,瑜伽服',698,0),(509,662,666,699,'运动健康&nbsp;&gt;&nbsp;纤体瑜伽&nbsp;&gt;&nbsp;瑜伽配件','运动健康,纤体瑜伽,瑜伽配件',699,0),(510,662,666,700,'运动健康&nbsp;&gt;&nbsp;纤体瑜伽&nbsp;&gt;&nbsp;瑜伽套装','运动健康,纤体瑜伽,瑜伽套装',700,0),(511,662,666,701,'运动健康&nbsp;&gt;&nbsp;纤体瑜伽&nbsp;&gt;&nbsp;舞蹈鞋服','运动健康,纤体瑜伽,舞蹈鞋服',701,0),(512,662,667,702,'运动健康&nbsp;&gt;&nbsp;体育娱乐&nbsp;&gt;&nbsp;羽毛球','运动健康,体育娱乐,羽毛球',702,0),(513,662,667,703,'运动健康&nbsp;&gt;&nbsp;体育娱乐&nbsp;&gt;&nbsp;乒乓球','运动健康,体育娱乐,乒乓球',703,0),(514,662,667,704,'运动健康&nbsp;&gt;&nbsp;体育娱乐&nbsp;&gt;&nbsp;篮球','运动健康,体育娱乐,篮球',704,45),(515,662,667,705,'运动健康&nbsp;&gt;&nbsp;体育娱乐&nbsp;&gt;&nbsp;足球','运动健康,体育娱乐,足球',705,0),(516,662,667,706,'运动健康&nbsp;&gt;&nbsp;体育娱乐&nbsp;&gt;&nbsp;网球','运动健康,体育娱乐,网球',706,0),(517,662,667,707,'运动健康&nbsp;&gt;&nbsp;体育娱乐&nbsp;&gt;&nbsp;排球','运动健康,体育娱乐,排球',707,0),(518,662,667,708,'运动健康&nbsp;&gt;&nbsp;体育娱乐&nbsp;&gt;&nbsp;高尔夫球','运动健康,体育娱乐,高尔夫球',708,0),(519,662,667,709,'运动健康&nbsp;&gt;&nbsp;体育娱乐&nbsp;&gt;&nbsp;棋牌麻将','运动健康,体育娱乐,棋牌麻将',709,0),(520,662,667,710,'运动健康&nbsp;&gt;&nbsp;体育娱乐&nbsp;&gt;&nbsp;其他','运动健康,体育娱乐,其他',710,0),(521,662,668,711,'运动健康&nbsp;&gt;&nbsp;成人用品&nbsp;&gt;&nbsp;安全避孕','运动健康,成人用品,安全避孕',711,0),(522,662,668,712,'运动健康&nbsp;&gt;&nbsp;成人用品&nbsp;&gt;&nbsp;验孕测孕','运动健康,成人用品,验孕测孕',712,0),(523,662,668,713,'运动健康&nbsp;&gt;&nbsp;成人用品&nbsp;&gt;&nbsp;人体润滑','运动健康,成人用品,人体润滑',713,0),(524,662,668,714,'运动健康&nbsp;&gt;&nbsp;成人用品&nbsp;&gt;&nbsp;情爱玩具','运动健康,成人用品,情爱玩具',714,0),(525,662,668,715,'运动健康&nbsp;&gt;&nbsp;成人用品&nbsp;&gt;&nbsp;情趣内衣','运动健康,成人用品,情趣内衣',715,0),(526,662,668,716,'运动健康&nbsp;&gt;&nbsp;成人用品&nbsp;&gt;&nbsp;组合套装','运动健康,成人用品,组合套装',716,0),(527,662,669,717,'运动健康&nbsp;&gt;&nbsp;保健器械&nbsp;&gt;&nbsp;养生器械','运动健康,保健器械,养生器械',717,0),(528,662,669,718,'运动健康&nbsp;&gt;&nbsp;保健器械&nbsp;&gt;&nbsp;保健用品','运动健康,保健器械,保健用品',718,0),(529,662,669,719,'运动健康&nbsp;&gt;&nbsp;保健器械&nbsp;&gt;&nbsp;康复辅助','运动健康,保健器械,康复辅助',719,0),(530,662,669,720,'运动健康&nbsp;&gt;&nbsp;保健器械&nbsp;&gt;&nbsp;家庭护理','运动健康,保健器械,家庭护理',720,0),(531,662,670,721,'运动健康&nbsp;&gt;&nbsp;急救卫生&nbsp;&gt;&nbsp;跌打损伤','运动健康,急救卫生,跌打损伤',721,0),(532,662,670,722,'运动健康&nbsp;&gt;&nbsp;急救卫生&nbsp;&gt;&nbsp;烫伤止痒','运动健康,急救卫生,烫伤止痒',722,0),(533,662,670,723,'运动健康&nbsp;&gt;&nbsp;急救卫生&nbsp;&gt;&nbsp;防裂抗冻','运动健康,急救卫生,防裂抗冻',723,0),(534,662,670,724,'运动健康&nbsp;&gt;&nbsp;急救卫生&nbsp;&gt;&nbsp;口腔咽部','运动健康,急救卫生,口腔咽部',724,0),(535,662,670,725,'运动健康&nbsp;&gt;&nbsp;急救卫生&nbsp;&gt;&nbsp;眼部保健','运动健康,急救卫生,眼部保健',725,0),(536,662,670,726,'运动健康&nbsp;&gt;&nbsp;急救卫生&nbsp;&gt;&nbsp;鼻炎健康','运动健康,急救卫生,鼻炎健康',726,0),(537,662,670,727,'运动健康&nbsp;&gt;&nbsp;急救卫生&nbsp;&gt;&nbsp;风湿骨痛','运动健康,急救卫生,风湿骨痛',727,0),(538,662,670,728,'运动健康&nbsp;&gt;&nbsp;急救卫生&nbsp;&gt;&nbsp;生殖泌尿','运动健康,急救卫生,生殖泌尿',728,0),(539,662,670,729,'运动健康&nbsp;&gt;&nbsp;急救卫生&nbsp;&gt;&nbsp;美体塑身','运动健康,急救卫生,美体塑身',729,0),(540,593,594,604,'食品饮料&nbsp;&gt;&nbsp;进口食品&nbsp;&gt;&nbsp;饼干蛋糕','食品饮料,进口食品,饼干蛋糕',604,0),(541,593,594,605,'食品饮料&nbsp;&gt;&nbsp;进口食品&nbsp;&gt;&nbsp;糖果巧克力','食品饮料,进口食品,糖果巧克力',605,0),(542,593,594,606,'食品饮料&nbsp;&gt;&nbsp;进口食品&nbsp;&gt;&nbsp;休闲零食','食品饮料,进口食品,休闲零食',606,0),(543,593,594,607,'食品饮料&nbsp;&gt;&nbsp;进口食品&nbsp;&gt;&nbsp;冲调饮品','食品饮料,进口食品,冲调饮品',607,0),(544,593,594,608,'食品饮料&nbsp;&gt;&nbsp;进口食品&nbsp;&gt;&nbsp;粮油调味','食品饮料,进口食品,粮油调味',608,0),(545,593,595,609,'食品饮料&nbsp;&gt;&nbsp;地方特产&nbsp;&gt;&nbsp;华北','食品饮料,地方特产,华北',609,0),(546,593,595,610,'食品饮料&nbsp;&gt;&nbsp;地方特产&nbsp;&gt;&nbsp;西北','食品饮料,地方特产,西北',610,0),(547,593,595,611,'食品饮料&nbsp;&gt;&nbsp;地方特产&nbsp;&gt;&nbsp;西南','食品饮料,地方特产,西南',611,0),(548,593,595,612,'食品饮料&nbsp;&gt;&nbsp;地方特产&nbsp;&gt;&nbsp;东北','食品饮料,地方特产,东北',612,0),(549,593,595,613,'食品饮料&nbsp;&gt;&nbsp;地方特产&nbsp;&gt;&nbsp;华南','食品饮料,地方特产,华南',613,0),(550,593,595,614,'食品饮料&nbsp;&gt;&nbsp;地方特产&nbsp;&gt;&nbsp;华东','食品饮料,地方特产,华东',614,0),(551,593,595,615,'食品饮料&nbsp;&gt;&nbsp;地方特产&nbsp;&gt;&nbsp;华中','食品饮料,地方特产,华中',615,0),(552,593,596,616,'食品饮料&nbsp;&gt;&nbsp;休闲食品&nbsp;&gt;&nbsp;休闲零食','食品饮料,休闲食品,休闲零食',616,0),(553,593,596,617,'食品饮料&nbsp;&gt;&nbsp;休闲食品&nbsp;&gt;&nbsp;坚果炒货','食品饮料,休闲食品,坚果炒货',617,0),(554,593,596,618,'食品饮料&nbsp;&gt;&nbsp;休闲食品&nbsp;&gt;&nbsp;肉干肉松','食品饮料,休闲食品,肉干肉松',618,0),(555,593,596,619,'食品饮料&nbsp;&gt;&nbsp;休闲食品&nbsp;&gt;&nbsp;蜜饯果脯','食品饮料,休闲食品,蜜饯果脯',619,0),(556,593,596,620,'食品饮料&nbsp;&gt;&nbsp;休闲食品&nbsp;&gt;&nbsp;糖果/巧克力','食品饮料,休闲食品,糖果/巧克力',620,0),(557,593,596,621,'食品饮料&nbsp;&gt;&nbsp;休闲食品&nbsp;&gt;&nbsp;饼干蛋糕','食品饮料,休闲食品,饼干蛋糕',621,0),(558,593,597,622,'食品饮料&nbsp;&gt;&nbsp;粮油调味&nbsp;&gt;&nbsp;米面杂粮','食品饮料,粮油调味,米面杂粮',622,0),(559,593,597,623,'食品饮料&nbsp;&gt;&nbsp;粮油调味&nbsp;&gt;&nbsp;食用油','食品饮料,粮油调味,食用油',623,0),(560,593,597,624,'食品饮料&nbsp;&gt;&nbsp;粮油调味&nbsp;&gt;&nbsp;调味品','食品饮料,粮油调味,调味品',624,0),(561,593,597,625,'食品饮料&nbsp;&gt;&nbsp;粮油调味&nbsp;&gt;&nbsp;南北干货','食品饮料,粮油调味,南北干货',625,0),(562,593,597,626,'食品饮料&nbsp;&gt;&nbsp;粮油调味&nbsp;&gt;&nbsp;方便食品','食品饮料,粮油调味,方便食品',626,0),(563,593,597,627,'食品饮料&nbsp;&gt;&nbsp;粮油调味&nbsp;&gt;&nbsp;有机食品','食品饮料,粮油调味,有机食品',627,0),(564,593,598,628,'食品饮料&nbsp;&gt;&nbsp;中外名酒&nbsp;&gt;&nbsp;白酒','食品饮料,中外名酒,白酒',628,0),(565,593,598,629,'食品饮料&nbsp;&gt;&nbsp;中外名酒&nbsp;&gt;&nbsp;洋酒','食品饮料,中外名酒,洋酒',629,0),(566,593,598,630,'食品饮料&nbsp;&gt;&nbsp;中外名酒&nbsp;&gt;&nbsp;葡萄酒','食品饮料,中外名酒,葡萄酒',630,0),(567,593,598,631,'食品饮料&nbsp;&gt;&nbsp;中外名酒&nbsp;&gt;&nbsp;啤酒','食品饮料,中外名酒,啤酒',631,0),(568,593,598,632,'食品饮料&nbsp;&gt;&nbsp;中外名酒&nbsp;&gt;&nbsp;黄酒','食品饮料,中外名酒,黄酒',632,0),(569,593,599,633,'食品饮料&nbsp;&gt;&nbsp;饮料冲调&nbsp;&gt;&nbsp;水','食品饮料,饮料冲调,水',633,0),(570,593,599,634,'食品饮料&nbsp;&gt;&nbsp;饮料冲调&nbsp;&gt;&nbsp;饮料','食品饮料,饮料冲调,饮料',634,0),(571,593,599,635,'食品饮料&nbsp;&gt;&nbsp;饮料冲调&nbsp;&gt;&nbsp;牛奶','食品饮料,饮料冲调,牛奶',635,0),(572,593,599,636,'食品饮料&nbsp;&gt;&nbsp;饮料冲调&nbsp;&gt;&nbsp;茶叶','食品饮料,饮料冲调,茶叶',636,0),(573,593,599,637,'食品饮料&nbsp;&gt;&nbsp;饮料冲调&nbsp;&gt;&nbsp;咖啡/奶茶','食品饮料,饮料冲调,咖啡/奶茶',637,0),(574,593,599,638,'食品饮料&nbsp;&gt;&nbsp;饮料冲调&nbsp;&gt;&nbsp;冲饮谷物','食品饮料,饮料冲调,冲饮谷物',638,0),(575,593,600,639,'食品饮料&nbsp;&gt;&nbsp;营养健康&nbsp;&gt;&nbsp;基础营养','食品饮料,营养健康,基础营养',639,0),(576,593,600,640,'食品饮料&nbsp;&gt;&nbsp;营养健康&nbsp;&gt;&nbsp;美体养颜','食品饮料,营养健康,美体养颜',640,0),(577,593,600,641,'食品饮料&nbsp;&gt;&nbsp;营养健康&nbsp;&gt;&nbsp;滋补调养','食品饮料,营养健康,滋补调养',641,0),(578,593,600,642,'食品饮料&nbsp;&gt;&nbsp;营养健康&nbsp;&gt;&nbsp;骨骼健康','食品饮料,营养健康,骨骼健康',642,0),(579,593,600,643,'食品饮料&nbsp;&gt;&nbsp;营养健康&nbsp;&gt;&nbsp;保健茶饮','食品饮料,营养健康,保健茶饮',643,0),(580,593,600,644,'食品饮料&nbsp;&gt;&nbsp;营养健康&nbsp;&gt;&nbsp;成分保健','食品饮料,营养健康,成分保健',644,0),(581,593,600,645,'食品饮料&nbsp;&gt;&nbsp;营养健康&nbsp;&gt;&nbsp;无糖食品','食品饮料,营养健康,无糖食品',645,0),(582,593,601,646,'食品饮料&nbsp;&gt;&nbsp;亚健康调理&nbsp;&gt;&nbsp;调节三高','食品饮料,亚健康调理,调节三高',646,0),(583,593,601,647,'食品饮料&nbsp;&gt;&nbsp;亚健康调理&nbsp;&gt;&nbsp;心脑养护','食品饮料,亚健康调理,心脑养护',647,0),(584,593,601,648,'食品饮料&nbsp;&gt;&nbsp;亚健康调理&nbsp;&gt;&nbsp;改善睡眠','食品饮料,亚健康调理,改善睡眠',648,0),(585,593,601,649,'食品饮料&nbsp;&gt;&nbsp;亚健康调理&nbsp;&gt;&nbsp;肝肾养护','食品饮料,亚健康调理,肝肾养护',649,0),(586,593,601,650,'食品饮料&nbsp;&gt;&nbsp;亚健康调理&nbsp;&gt;&nbsp;免疫调节','食品饮料,亚健康调理,免疫调节',650,0),(587,593,601,651,'食品饮料&nbsp;&gt;&nbsp;亚健康调理&nbsp;&gt;&nbsp;更多调理','食品饮料,亚健康调理,更多调理',651,0),(588,593,602,652,'食品饮料&nbsp;&gt;&nbsp;健康礼品&nbsp;&gt;&nbsp;参茸礼品','食品饮料,健康礼品,参茸礼品',652,0),(589,593,602,653,'食品饮料&nbsp;&gt;&nbsp;健康礼品&nbsp;&gt;&nbsp;更多礼品','食品饮料,健康礼品,更多礼品',653,0),(590,593,603,654,'食品饮料&nbsp;&gt;&nbsp;生鲜食品&nbsp;&gt;&nbsp;水果','食品饮料,生鲜食品,水果',654,46),(591,593,603,655,'食品饮料&nbsp;&gt;&nbsp;生鲜食品&nbsp;&gt;&nbsp;蔬菜','食品饮料,生鲜食品,蔬菜',655,0),(592,593,603,656,'食品饮料&nbsp;&gt;&nbsp;生鲜食品&nbsp;&gt;&nbsp;海鲜水产','食品饮料,生鲜食品,海鲜水产',656,0),(593,593,603,657,'食品饮料&nbsp;&gt;&nbsp;生鲜食品&nbsp;&gt;&nbsp;禽蛋','食品饮料,生鲜食品,禽蛋',657,0),(594,593,603,658,'食品饮料&nbsp;&gt;&nbsp;生鲜食品&nbsp;&gt;&nbsp;鲜肉','食品饮料,生鲜食品,鲜肉',658,0),(595,593,603,659,'食品饮料&nbsp;&gt;&nbsp;生鲜食品&nbsp;&gt;&nbsp;加工类肉食','食品饮料,生鲜食品,加工类肉食',659,0),(596,593,603,660,'食品饮料&nbsp;&gt;&nbsp;生鲜食品&nbsp;&gt;&nbsp;冻品','食品饮料,生鲜食品,冻品',660,0),(597,593,603,661,'食品饮料&nbsp;&gt;&nbsp;生鲜食品&nbsp;&gt;&nbsp;半成品','食品饮料,生鲜食品,半成品',661,0),(598,3,200,206,'家居家装&nbsp;&gt;&nbsp;家纺&nbsp;&gt;&nbsp;床品件套','家居家装,家纺,床品件套',206,0),(599,3,200,207,'家居家装&nbsp;&gt;&nbsp;家纺&nbsp;&gt;&nbsp;被子','家居家装,家纺,被子',207,0),(600,3,200,208,'家居家装&nbsp;&gt;&nbsp;家纺&nbsp;&gt;&nbsp;枕芯枕套','家居家装,家纺,枕芯枕套',208,0),(601,3,200,209,'家居家装&nbsp;&gt;&nbsp;家纺&nbsp;&gt;&nbsp;床单被罩','家居家装,家纺,床单被罩',209,0),(602,3,200,210,'家居家装&nbsp;&gt;&nbsp;家纺&nbsp;&gt;&nbsp;毛巾被/毯','家居家装,家纺,毛巾被/毯',210,0),(603,3,200,211,'家居家装&nbsp;&gt;&nbsp;家纺&nbsp;&gt;&nbsp;床垫/床褥','家居家装,家纺,床垫/床褥',211,0),(604,3,200,212,'家居家装&nbsp;&gt;&nbsp;家纺&nbsp;&gt;&nbsp;蚊帐/凉席','家居家装,家纺,蚊帐/凉席',212,0),(605,3,200,213,'家居家装&nbsp;&gt;&nbsp;家纺&nbsp;&gt;&nbsp;抱枕坐垫','家居家装,家纺,抱枕坐垫',213,0),(606,3,200,214,'家居家装&nbsp;&gt;&nbsp;家纺&nbsp;&gt;&nbsp;毛巾家纺','家居家装,家纺,毛巾家纺',214,0),(607,3,200,215,'家居家装&nbsp;&gt;&nbsp;家纺&nbsp;&gt;&nbsp;电热毯','家居家装,家纺,电热毯',215,0),(608,3,200,216,'家居家装&nbsp;&gt;&nbsp;家纺&nbsp;&gt;&nbsp;窗帘/窗纱','家居家装,家纺,窗帘/窗纱',216,0),(609,3,200,217,'家居家装&nbsp;&gt;&nbsp;家纺&nbsp;&gt;&nbsp;酒店用品','家居家装,家纺,酒店用品',217,0),(610,3,201,218,'家居家装&nbsp;&gt;&nbsp;灯具&nbsp;&gt;&nbsp;台灯','家居家装,灯具,台灯',218,0),(611,3,201,219,'家居家装&nbsp;&gt;&nbsp;灯具&nbsp;&gt;&nbsp;节能灯','家居家装,灯具,节能灯',219,0),(612,3,201,220,'家居家装&nbsp;&gt;&nbsp;灯具&nbsp;&gt;&nbsp;装饰灯','家居家装,灯具,装饰灯',220,0),(613,3,201,221,'家居家装&nbsp;&gt;&nbsp;灯具&nbsp;&gt;&nbsp;落地灯','家居家装,灯具,落地灯',221,0),(614,3,201,222,'家居家装&nbsp;&gt;&nbsp;灯具&nbsp;&gt;&nbsp;应急灯/手电','家居家装,灯具,应急灯/手电',222,0),(615,3,201,223,'家居家装&nbsp;&gt;&nbsp;灯具&nbsp;&gt;&nbsp;LED灯','家居家装,灯具,LED灯',223,0),(616,3,201,224,'家居家装&nbsp;&gt;&nbsp;灯具&nbsp;&gt;&nbsp;吸顶灯','家居家装,灯具,吸顶灯',224,0),(617,3,201,225,'家居家装&nbsp;&gt;&nbsp;灯具&nbsp;&gt;&nbsp;五金电器','家居家装,灯具,五金电器',225,0),(618,3,201,226,'家居家装&nbsp;&gt;&nbsp;灯具&nbsp;&gt;&nbsp;吊灯','家居家装,灯具,吊灯',226,0),(619,3,201,227,'家居家装&nbsp;&gt;&nbsp;灯具&nbsp;&gt;&nbsp;氛围照明','家居家装,灯具,氛围照明',227,0),(620,3,202,228,'家居家装&nbsp;&gt;&nbsp;生活日用&nbsp;&gt;&nbsp;收纳用品','家居家装,生活日用,收纳用品',228,0),(621,3,202,229,'家居家装&nbsp;&gt;&nbsp;生活日用&nbsp;&gt;&nbsp;雨伞雨具','家居家装,生活日用,雨伞雨具',229,0),(622,3,202,230,'家居家装&nbsp;&gt;&nbsp;生活日用&nbsp;&gt;&nbsp;浴室用品','家居家装,生活日用,浴室用品',230,0),(623,3,202,231,'家居家装&nbsp;&gt;&nbsp;生活日用&nbsp;&gt;&nbsp;缝纫用品','家居家装,生活日用,缝纫用品',231,0),(624,3,202,232,'家居家装&nbsp;&gt;&nbsp;生活日用&nbsp;&gt;&nbsp;洗晒用品','家居家装,生活日用,洗晒用品',232,0),(625,3,202,233,'家居家装&nbsp;&gt;&nbsp;生活日用&nbsp;&gt;&nbsp;净化除味','家居家装,生活日用,净化除味',233,0),(626,3,203,234,'家居家装&nbsp;&gt;&nbsp;家装软饰&nbsp;&gt;&nbsp;桌布/罩件','家居家装,家装软饰,桌布/罩件',234,0),(627,3,203,235,'家居家装&nbsp;&gt;&nbsp;家装软饰&nbsp;&gt;&nbsp;地毯地垫','家居家装,家装软饰,地毯地垫',235,0),(628,3,203,236,'家居家装&nbsp;&gt;&nbsp;家装软饰&nbsp;&gt;&nbsp;沙发垫套','家居家装,家装软饰,沙发垫套',236,0),(629,3,203,237,'家居家装&nbsp;&gt;&nbsp;家装软饰&nbsp;&gt;&nbsp;相框/相片墙','家居家装,家装软饰,相框/相片墙',237,0),(630,3,203,238,'家居家装&nbsp;&gt;&nbsp;家装软饰&nbsp;&gt;&nbsp;墙画墙贴','家居家装,家装软饰,墙画墙贴',238,0),(631,3,203,239,'家居家装&nbsp;&gt;&nbsp;家装软饰&nbsp;&gt;&nbsp;节庆饰品','家居家装,家装软饰,节庆饰品',239,0),(632,3,203,240,'家居家装&nbsp;&gt;&nbsp;家装软饰&nbsp;&gt;&nbsp;手工/十字绣','家居家装,家装软饰,手工/十字绣',240,0),(633,3,203,241,'家居家装&nbsp;&gt;&nbsp;家装软饰&nbsp;&gt;&nbsp;工艺摆件','家居家装,家装软饰,工艺摆件',241,0),(634,3,203,242,'家居家装&nbsp;&gt;&nbsp;家装软饰&nbsp;&gt;&nbsp;其他','家居家装,家装软饰,其他',242,0),(635,3,204,243,'家居家装&nbsp;&gt;&nbsp;清洁日用&nbsp;&gt;&nbsp;纸品湿巾','家居家装,清洁日用,纸品湿巾',243,0),(636,3,204,244,'家居家装&nbsp;&gt;&nbsp;清洁日用&nbsp;&gt;&nbsp;衣物清洁','家居家装,清洁日用,衣物清洁',244,0),(637,3,204,245,'家居家装&nbsp;&gt;&nbsp;清洁日用&nbsp;&gt;&nbsp;清洁工具','家居家装,清洁日用,清洁工具',245,0),(638,3,204,246,'家居家装&nbsp;&gt;&nbsp;清洁日用&nbsp;&gt;&nbsp;驱虫用品','家居家装,清洁日用,驱虫用品',246,0),(639,3,204,247,'家居家装&nbsp;&gt;&nbsp;清洁日用&nbsp;&gt;&nbsp;居室清洁','家居家装,清洁日用,居室清洁',247,0),(640,3,204,248,'家居家装&nbsp;&gt;&nbsp;清洁日用&nbsp;&gt;&nbsp;皮具护理','家居家装,清洁日用,皮具护理',248,0),(641,3,205,249,'家居家装&nbsp;&gt;&nbsp;宠物生活&nbsp;&gt;&nbsp;宠物主粮','家居家装,宠物生活,宠物主粮',249,0),(642,3,205,250,'家居家装&nbsp;&gt;&nbsp;宠物生活&nbsp;&gt;&nbsp;宠物零食','家居家装,宠物生活,宠物零食',250,0),(643,3,205,251,'家居家装&nbsp;&gt;&nbsp;宠物生活&nbsp;&gt;&nbsp;营养品','家居家装,宠物生活,营养品',251,0),(644,3,205,252,'家居家装&nbsp;&gt;&nbsp;宠物生活&nbsp;&gt;&nbsp;家居日用','家居家装,宠物生活,家居日用',252,0),(645,3,205,253,'家居家装&nbsp;&gt;&nbsp;宠物生活&nbsp;&gt;&nbsp;玩具服饰','家居家装,宠物生活,玩具服饰',253,0),(646,3,205,254,'家居家装&nbsp;&gt;&nbsp;宠物生活&nbsp;&gt;&nbsp;出行装备','家居家装,宠物生活,出行装备',254,0),(647,3,205,255,'家居家装&nbsp;&gt;&nbsp;宠物生活&nbsp;&gt;&nbsp;医护美容','家居家装,宠物生活,医护美容',255,0),(648,730,731,738,'汽车用品&nbsp;&gt;&nbsp;电子电器&nbsp;&gt;&nbsp;便携GPS导航','汽车用品,电子电器,便携GPS导航',738,0),(649,730,731,739,'汽车用品&nbsp;&gt;&nbsp;电子电器&nbsp;&gt;&nbsp;嵌入式导航','汽车用品,电子电器,嵌入式导航',739,0),(650,730,731,740,'汽车用品&nbsp;&gt;&nbsp;电子电器&nbsp;&gt;&nbsp;安全预警仪','汽车用品,电子电器,安全预警仪',740,0),(651,730,731,741,'汽车用品&nbsp;&gt;&nbsp;电子电器&nbsp;&gt;&nbsp;行车记录仪','汽车用品,电子电器,行车记录仪',741,0),(652,730,731,742,'汽车用品&nbsp;&gt;&nbsp;电子电器&nbsp;&gt;&nbsp;跟踪防盗器','汽车用品,电子电器,跟踪防盗器',742,0),(653,730,731,743,'汽车用品&nbsp;&gt;&nbsp;电子电器&nbsp;&gt;&nbsp;倒车雷达','汽车用品,电子电器,倒车雷达',743,0),(654,730,731,744,'汽车用品&nbsp;&gt;&nbsp;电子电器&nbsp;&gt;&nbsp;车载电源','汽车用品,电子电器,车载电源',744,0),(655,730,731,745,'汽车用品&nbsp;&gt;&nbsp;电子电器&nbsp;&gt;&nbsp;车载蓝牙','汽车用品,电子电器,车载蓝牙',745,0),(656,730,731,746,'汽车用品&nbsp;&gt;&nbsp;电子电器&nbsp;&gt;&nbsp;车载影音','汽车用品,电子电器,车载影音',746,0),(657,730,731,747,'汽车用品&nbsp;&gt;&nbsp;电子电器&nbsp;&gt;&nbsp;车载净化器','汽车用品,电子电器,车载净化器',747,0),(658,730,731,748,'汽车用品&nbsp;&gt;&nbsp;电子电器&nbsp;&gt;&nbsp;车载冰箱','汽车用品,电子电器,车载冰箱',748,0),(659,730,731,749,'汽车用品&nbsp;&gt;&nbsp;电子电器&nbsp;&gt;&nbsp;车载吸尘器','汽车用品,电子电器,车载吸尘器',749,0),(660,730,731,750,'汽车用品&nbsp;&gt;&nbsp;电子电器&nbsp;&gt;&nbsp;充气泵','汽车用品,电子电器,充气泵',750,0),(661,730,731,751,'汽车用品&nbsp;&gt;&nbsp;电子电器&nbsp;&gt;&nbsp;胎压监测','汽车用品,电子电器,胎压监测',751,0),(662,730,731,752,'汽车用品&nbsp;&gt;&nbsp;电子电器&nbsp;&gt;&nbsp;车载生活电器','汽车用品,电子电器,车载生活电器',752,0),(663,730,732,753,'汽车用品&nbsp;&gt;&nbsp;系统养护&nbsp;&gt;&nbsp;机油','汽车用品,系统养护,机油',753,0),(664,730,732,754,'汽车用品&nbsp;&gt;&nbsp;系统养护&nbsp;&gt;&nbsp;添加剂','汽车用品,系统养护,添加剂',754,0),(665,730,732,755,'汽车用品&nbsp;&gt;&nbsp;系统养护&nbsp;&gt;&nbsp;防冻冷却液','汽车用品,系统养护,防冻冷却液',755,0),(666,730,732,756,'汽车用品&nbsp;&gt;&nbsp;系统养护&nbsp;&gt;&nbsp;附属油','汽车用品,系统养护,附属油',756,0),(667,730,732,757,'汽车用品&nbsp;&gt;&nbsp;系统养护&nbsp;&gt;&nbsp;底盘装甲','汽车用品,系统养护,底盘装甲',757,0),(668,730,732,758,'汽车用品&nbsp;&gt;&nbsp;系统养护&nbsp;&gt;&nbsp;空调清洗剂','汽车用品,系统养护,空调清洗剂',758,0),(669,730,732,759,'汽车用品&nbsp;&gt;&nbsp;系统养护&nbsp;&gt;&nbsp;金属养护','汽车用品,系统养护,金属养护',759,0),(670,730,733,760,'汽车用品&nbsp;&gt;&nbsp;改装配件&nbsp;&gt;&nbsp;雨刷','汽车用品,改装配件,雨刷',760,0),(671,730,733,761,'汽车用品&nbsp;&gt;&nbsp;改装配件&nbsp;&gt;&nbsp;车灯','汽车用品,改装配件,车灯',761,0),(672,730,733,762,'汽车用品&nbsp;&gt;&nbsp;改装配件&nbsp;&gt;&nbsp;轮胎','汽车用品,改装配件,轮胎',762,0),(673,730,733,763,'汽车用品&nbsp;&gt;&nbsp;改装配件&nbsp;&gt;&nbsp;贴膜','汽车用品,改装配件,贴膜',763,0),(674,730,733,764,'汽车用品&nbsp;&gt;&nbsp;改装配件&nbsp;&gt;&nbsp;装饰贴','汽车用品,改装配件,装饰贴',764,0),(675,730,733,765,'汽车用品&nbsp;&gt;&nbsp;改装配件&nbsp;&gt;&nbsp;后视镜','汽车用品,改装配件,后视镜',765,0),(676,730,733,766,'汽车用品&nbsp;&gt;&nbsp;改装配件&nbsp;&gt;&nbsp;机油滤','汽车用品,改装配件,机油滤',766,0),(677,730,733,767,'汽车用品&nbsp;&gt;&nbsp;改装配件&nbsp;&gt;&nbsp;空气滤','汽车用品,改装配件,空气滤',767,0),(678,730,733,768,'汽车用品&nbsp;&gt;&nbsp;改装配件&nbsp;&gt;&nbsp;空调滤','汽车用品,改装配件,空调滤',768,0),(679,730,733,769,'汽车用品&nbsp;&gt;&nbsp;改装配件&nbsp;&gt;&nbsp;燃油滤','汽车用品,改装配件,燃油滤',769,0),(680,730,733,770,'汽车用品&nbsp;&gt;&nbsp;改装配件&nbsp;&gt;&nbsp;火花塞','汽车用品,改装配件,火花塞',770,0),(681,730,733,771,'汽车用品&nbsp;&gt;&nbsp;改装配件&nbsp;&gt;&nbsp;喇叭','汽车用品,改装配件,喇叭',771,0),(682,730,733,772,'汽车用品&nbsp;&gt;&nbsp;改装配件&nbsp;&gt;&nbsp;刹车片','汽车用品,改装配件,刹车片',772,0),(683,730,733,773,'汽车用品&nbsp;&gt;&nbsp;改装配件&nbsp;&gt;&nbsp;刹车盘','汽车用品,改装配件,刹车盘',773,0),(684,730,733,774,'汽车用品&nbsp;&gt;&nbsp;改装配件&nbsp;&gt;&nbsp;减震器','汽车用品,改装配件,减震器',774,0),(685,730,733,775,'汽车用品&nbsp;&gt;&nbsp;改装配件&nbsp;&gt;&nbsp;车身装饰','汽车用品,改装配件,车身装饰',775,0),(686,730,733,776,'汽车用品&nbsp;&gt;&nbsp;改装配件&nbsp;&gt;&nbsp;尾喉/排气管','汽车用品,改装配件,尾喉/排气管',776,0),(687,730,733,777,'汽车用品&nbsp;&gt;&nbsp;改装配件&nbsp;&gt;&nbsp;踏板','汽车用品,改装配件,踏板',777,0),(688,730,733,778,'汽车用品&nbsp;&gt;&nbsp;改装配件&nbsp;&gt;&nbsp;蓄电池','汽车用品,改装配件,蓄电池',778,0),(689,730,733,779,'汽车用品&nbsp;&gt;&nbsp;改装配件&nbsp;&gt;&nbsp;其他配件','汽车用品,改装配件,其他配件',779,0),(690,730,734,780,'汽车用品&nbsp;&gt;&nbsp;汽车美容&nbsp;&gt;&nbsp;漆面美容','汽车用品,汽车美容,漆面美容',780,0),(691,730,734,781,'汽车用品&nbsp;&gt;&nbsp;汽车美容&nbsp;&gt;&nbsp;漆面修复','汽车用品,汽车美容,漆面修复',781,0),(692,730,734,782,'汽车用品&nbsp;&gt;&nbsp;汽车美容&nbsp;&gt;&nbsp;内饰清洁','汽车用品,汽车美容,内饰清洁',782,0),(693,730,734,783,'汽车用品&nbsp;&gt;&nbsp;汽车美容&nbsp;&gt;&nbsp;玻璃美容','汽车用品,汽车美容,玻璃美容',783,0),(694,730,734,784,'汽车用品&nbsp;&gt;&nbsp;汽车美容&nbsp;&gt;&nbsp;补漆笔','汽车用品,汽车美容,补漆笔',784,0),(695,730,734,785,'汽车用品&nbsp;&gt;&nbsp;汽车美容&nbsp;&gt;&nbsp;轮胎轮毂清洗','汽车用品,汽车美容,轮胎轮毂清洗',785,0),(696,730,734,786,'汽车用品&nbsp;&gt;&nbsp;汽车美容&nbsp;&gt;&nbsp;洗车器','汽车用品,汽车美容,洗车器',786,0),(697,730,734,787,'汽车用品&nbsp;&gt;&nbsp;汽车美容&nbsp;&gt;&nbsp;洗车水枪','汽车用品,汽车美容,洗车水枪',787,0),(698,730,734,788,'汽车用品&nbsp;&gt;&nbsp;汽车美容&nbsp;&gt;&nbsp;洗车配件','汽车用品,汽车美容,洗车配件',788,0),(699,730,734,789,'汽车用品&nbsp;&gt;&nbsp;汽车美容&nbsp;&gt;&nbsp;洗车液','汽车用品,汽车美容,洗车液',789,0),(700,730,734,790,'汽车用品&nbsp;&gt;&nbsp;汽车美容&nbsp;&gt;&nbsp;车掸','汽车用品,汽车美容,车掸',790,0),(701,730,734,791,'汽车用品&nbsp;&gt;&nbsp;汽车美容&nbsp;&gt;&nbsp;擦车巾/海绵','汽车用品,汽车美容,擦车巾/海绵',791,0),(702,730,735,792,'汽车用品&nbsp;&gt;&nbsp;座垫脚垫&nbsp;&gt;&nbsp;凉垫','汽车用品,座垫脚垫,凉垫',792,0),(703,730,735,793,'汽车用品&nbsp;&gt;&nbsp;座垫脚垫&nbsp;&gt;&nbsp;四季垫','汽车用品,座垫脚垫,四季垫',793,0),(704,730,735,794,'汽车用品&nbsp;&gt;&nbsp;座垫脚垫&nbsp;&gt;&nbsp;毛垫','汽车用品,座垫脚垫,毛垫',794,0),(705,730,735,795,'汽车用品&nbsp;&gt;&nbsp;座垫脚垫&nbsp;&gt;&nbsp;专车专用座垫','汽车用品,座垫脚垫,专车专用座垫',795,0),(706,730,735,796,'汽车用品&nbsp;&gt;&nbsp;座垫脚垫&nbsp;&gt;&nbsp;专车专用座套','汽车用品,座垫脚垫,专车专用座套',796,0),(707,730,735,797,'汽车用品&nbsp;&gt;&nbsp;座垫脚垫&nbsp;&gt;&nbsp;通用座套','汽车用品,座垫脚垫,通用座套',797,0),(708,730,735,798,'汽车用品&nbsp;&gt;&nbsp;座垫脚垫&nbsp;&gt;&nbsp;多功能垫','汽车用品,座垫脚垫,多功能垫',798,0),(709,730,735,799,'汽车用品&nbsp;&gt;&nbsp;座垫脚垫&nbsp;&gt;&nbsp;专车专用脚垫','汽车用品,座垫脚垫,专车专用脚垫',799,0),(710,730,735,800,'汽车用品&nbsp;&gt;&nbsp;座垫脚垫&nbsp;&gt;&nbsp;通用脚垫','汽车用品,座垫脚垫,通用脚垫',800,0),(711,730,735,801,'汽车用品&nbsp;&gt;&nbsp;座垫脚垫&nbsp;&gt;&nbsp;后备箱垫','汽车用品,座垫脚垫,后备箱垫',801,0),(712,730,736,802,'汽车用品&nbsp;&gt;&nbsp;内饰精品&nbsp;&gt;&nbsp;车用香水','汽车用品,内饰精品,车用香水',802,0),(713,730,736,803,'汽车用品&nbsp;&gt;&nbsp;内饰精品&nbsp;&gt;&nbsp;车用炭包','汽车用品,内饰精品,车用炭包',803,0),(714,730,736,804,'汽车用品&nbsp;&gt;&nbsp;内饰精品&nbsp;&gt;&nbsp;空气净化','汽车用品,内饰精品,空气净化',804,0),(715,730,736,805,'汽车用品&nbsp;&gt;&nbsp;内饰精品&nbsp;&gt;&nbsp;颈枕/头枕','汽车用品,内饰精品,颈枕/头枕',805,0),(716,730,736,806,'汽车用品&nbsp;&gt;&nbsp;内饰精品&nbsp;&gt;&nbsp;抱枕/腰靠','汽车用品,内饰精品,抱枕/腰靠',806,0),(717,730,736,807,'汽车用品&nbsp;&gt;&nbsp;内饰精品&nbsp;&gt;&nbsp;方向盘套','汽车用品,内饰精品,方向盘套',807,0),(718,730,736,808,'汽车用品&nbsp;&gt;&nbsp;内饰精品&nbsp;&gt;&nbsp;挂件','汽车用品,内饰精品,挂件',808,0),(719,730,736,809,'汽车用品&nbsp;&gt;&nbsp;内饰精品&nbsp;&gt;&nbsp;摆件','汽车用品,内饰精品,摆件',809,0),(720,730,736,810,'汽车用品&nbsp;&gt;&nbsp;内饰精品&nbsp;&gt;&nbsp;布艺软饰','汽车用品,内饰精品,布艺软饰',810,0),(721,730,736,811,'汽车用品&nbsp;&gt;&nbsp;内饰精品&nbsp;&gt;&nbsp;功能用品','汽车用品,内饰精品,功能用品',811,0),(722,730,736,812,'汽车用品&nbsp;&gt;&nbsp;内饰精品&nbsp;&gt;&nbsp;整理收纳','汽车用品,内饰精品,整理收纳',812,0),(723,730,736,813,'汽车用品&nbsp;&gt;&nbsp;内饰精品&nbsp;&gt;&nbsp;CD夹','汽车用品,内饰精品,CD夹',813,0),(724,730,737,814,'汽车用品&nbsp;&gt;&nbsp;安全自驾&nbsp;&gt;&nbsp;儿童安全座椅','汽车用品,安全自驾,儿童安全座椅',814,0),(725,730,737,815,'汽车用品&nbsp;&gt;&nbsp;安全自驾&nbsp;&gt;&nbsp;应急救援','汽车用品,安全自驾,应急救援',815,0),(726,730,737,816,'汽车用品&nbsp;&gt;&nbsp;安全自驾&nbsp;&gt;&nbsp;汽修工具','汽车用品,安全自驾,汽修工具',816,0),(727,730,737,817,'汽车用品&nbsp;&gt;&nbsp;安全自驾&nbsp;&gt;&nbsp;自驾野营','汽车用品,安全自驾,自驾野营',817,0),(728,730,737,818,'汽车用品&nbsp;&gt;&nbsp;安全自驾&nbsp;&gt;&nbsp;自驾照明','汽车用品,安全自驾,自驾照明',818,0),(729,730,737,819,'汽车用品&nbsp;&gt;&nbsp;安全自驾&nbsp;&gt;&nbsp;保温箱','汽车用品,安全自驾,保温箱',819,0),(730,730,737,820,'汽车用品&nbsp;&gt;&nbsp;安全自驾&nbsp;&gt;&nbsp;置物箱','汽车用品,安全自驾,置物箱',820,0),(731,730,737,821,'汽车用品&nbsp;&gt;&nbsp;安全自驾&nbsp;&gt;&nbsp;车衣','汽车用品,安全自驾,车衣',821,0),(732,730,737,822,'汽车用品&nbsp;&gt;&nbsp;安全自驾&nbsp;&gt;&nbsp;遮阳挡雪挡','汽车用品,安全自驾,遮阳挡雪挡',822,0),(733,730,737,823,'汽车用品&nbsp;&gt;&nbsp;安全自驾&nbsp;&gt;&nbsp;车锁地锁','汽车用品,安全自驾,车锁地锁',823,0),(734,730,737,824,'汽车用品&nbsp;&gt;&nbsp;安全自驾&nbsp;&gt;&nbsp;摩托车装备','汽车用品,安全自驾,摩托车装备',824,0),(735,825,826,838,'玩具乐器&nbsp;&gt;&nbsp;适用年龄&nbsp;&gt;&nbsp;0-6个月','玩具乐器,适用年龄,0-6个月',838,0),(736,825,826,839,'玩具乐器&nbsp;&gt;&nbsp;适用年龄&nbsp;&gt;&nbsp;6-12个月','玩具乐器,适用年龄,6-12个月',839,0),(737,825,826,840,'玩具乐器&nbsp;&gt;&nbsp;适用年龄&nbsp;&gt;&nbsp;1-3岁','玩具乐器,适用年龄,1-3岁',840,0),(738,825,826,841,'玩具乐器&nbsp;&gt;&nbsp;适用年龄&nbsp;&gt;&nbsp;3-6岁','玩具乐器,适用年龄,3-6岁',841,0),(739,825,826,842,'玩具乐器&nbsp;&gt;&nbsp;适用年龄&nbsp;&gt;&nbsp;6-14岁','玩具乐器,适用年龄,6-14岁',842,0),(740,825,826,843,'玩具乐器&nbsp;&gt;&nbsp;适用年龄&nbsp;&gt;&nbsp;14岁以上','玩具乐器,适用年龄,14岁以上',843,0),(741,825,827,844,'玩具乐器&nbsp;&gt;&nbsp;遥控/电动&nbsp;&gt;&nbsp;遥控车','玩具乐器,遥控/电动,遥控车',844,0),(742,825,827,845,'玩具乐器&nbsp;&gt;&nbsp;遥控/电动&nbsp;&gt;&nbsp;遥控飞机','玩具乐器,遥控/电动,遥控飞机',845,0),(743,825,827,846,'玩具乐器&nbsp;&gt;&nbsp;遥控/电动&nbsp;&gt;&nbsp;遥控船','玩具乐器,遥控/电动,遥控船',846,0),(744,825,827,847,'玩具乐器&nbsp;&gt;&nbsp;遥控/电动&nbsp;&gt;&nbsp;机器人/电动','玩具乐器,遥控/电动,机器人/电动',847,0),(745,825,827,848,'玩具乐器&nbsp;&gt;&nbsp;遥控/电动&nbsp;&gt;&nbsp;轨道/助力','玩具乐器,遥控/电动,轨道/助力',848,0),(746,825,828,849,'玩具乐器&nbsp;&gt;&nbsp;毛绒布艺&nbsp;&gt;&nbsp;毛绒/布艺','玩具乐器,毛绒布艺,毛绒/布艺',849,0),(747,825,828,850,'玩具乐器&nbsp;&gt;&nbsp;毛绒布艺&nbsp;&gt;&nbsp;靠垫/抱枕','玩具乐器,毛绒布艺,靠垫/抱枕',850,0),(748,825,829,851,'玩具乐器&nbsp;&gt;&nbsp;娃娃玩具&nbsp;&gt;&nbsp;芭比娃娃','玩具乐器,娃娃玩具,芭比娃娃',851,0),(749,825,829,852,'玩具乐器&nbsp;&gt;&nbsp;娃娃玩具&nbsp;&gt;&nbsp;卡通娃娃','玩具乐器,娃娃玩具,卡通娃娃',852,0),(750,825,829,853,'玩具乐器&nbsp;&gt;&nbsp;娃娃玩具&nbsp;&gt;&nbsp;智能娃娃','玩具乐器,娃娃玩具,智能娃娃',853,0),(751,825,830,854,'玩具乐器&nbsp;&gt;&nbsp;模型玩具&nbsp;&gt;&nbsp;仿真模型','玩具乐器,模型玩具,仿真模型',854,0),(752,825,830,855,'玩具乐器&nbsp;&gt;&nbsp;模型玩具&nbsp;&gt;&nbsp;拼插模型','玩具乐器,模型玩具,拼插模型',855,0),(753,825,830,856,'玩具乐器&nbsp;&gt;&nbsp;模型玩具&nbsp;&gt;&nbsp;收藏爱好','玩具乐器,模型玩具,收藏爱好',856,0),(754,825,831,857,'玩具乐器&nbsp;&gt;&nbsp;健身玩具&nbsp;&gt;&nbsp;炫舞毯','玩具乐器,健身玩具,炫舞毯',857,0),(755,825,831,858,'玩具乐器&nbsp;&gt;&nbsp;健身玩具&nbsp;&gt;&nbsp;爬行垫/毯','玩具乐器,健身玩具,爬行垫/毯',858,0),(756,825,831,859,'玩具乐器&nbsp;&gt;&nbsp;健身玩具&nbsp;&gt;&nbsp;户外玩具','玩具乐器,健身玩具,户外玩具',859,0),(757,825,831,860,'玩具乐器&nbsp;&gt;&nbsp;健身玩具&nbsp;&gt;&nbsp;戏水玩具','玩具乐器,健身玩具,戏水玩具',860,0),(758,825,832,861,'玩具乐器&nbsp;&gt;&nbsp;动漫玩具&nbsp;&gt;&nbsp;电影周边','玩具乐器,动漫玩具,电影周边',861,0),(759,825,832,862,'玩具乐器&nbsp;&gt;&nbsp;动漫玩具&nbsp;&gt;&nbsp;卡通周边','玩具乐器,动漫玩具,卡通周边',862,0),(760,825,832,863,'玩具乐器&nbsp;&gt;&nbsp;动漫玩具&nbsp;&gt;&nbsp;网游周边','玩具乐器,动漫玩具,网游周边',863,0),(761,825,833,864,'玩具乐器&nbsp;&gt;&nbsp;益智玩具&nbsp;&gt;&nbsp;摇铃/床铃','玩具乐器,益智玩具,摇铃/床铃',864,0),(762,825,833,865,'玩具乐器&nbsp;&gt;&nbsp;益智玩具&nbsp;&gt;&nbsp;健身架','玩具乐器,益智玩具,健身架',865,0),(763,825,833,866,'玩具乐器&nbsp;&gt;&nbsp;益智玩具&nbsp;&gt;&nbsp;早教启智','玩具乐器,益智玩具,早教启智',866,0),(764,825,833,867,'玩具乐器&nbsp;&gt;&nbsp;益智玩具&nbsp;&gt;&nbsp;拖拉玩具','玩具乐器,益智玩具,拖拉玩具',867,0),(765,825,834,868,'玩具乐器&nbsp;&gt;&nbsp;积木拼插&nbsp;&gt;&nbsp;积木','玩具乐器,积木拼插,积木',868,0),(766,825,834,869,'玩具乐器&nbsp;&gt;&nbsp;积木拼插&nbsp;&gt;&nbsp;拼图','玩具乐器,积木拼插,拼图',869,0),(767,825,834,870,'玩具乐器&nbsp;&gt;&nbsp;积木拼插&nbsp;&gt;&nbsp;磁力棒','玩具乐器,积木拼插,磁力棒',870,0),(768,825,834,871,'玩具乐器&nbsp;&gt;&nbsp;积木拼插&nbsp;&gt;&nbsp;立体拼插','玩具乐器,积木拼插,立体拼插',871,0),(769,825,835,872,'玩具乐器&nbsp;&gt;&nbsp;DIY玩具&nbsp;&gt;&nbsp;手工彩泥','玩具乐器,DIY玩具,手工彩泥',872,0),(770,825,835,873,'玩具乐器&nbsp;&gt;&nbsp;DIY玩具&nbsp;&gt;&nbsp;绘画工具','玩具乐器,DIY玩具,绘画工具',873,0),(771,825,835,874,'玩具乐器&nbsp;&gt;&nbsp;DIY玩具&nbsp;&gt;&nbsp;情景玩具','玩具乐器,DIY玩具,情景玩具',874,0),(772,825,836,875,'玩具乐器&nbsp;&gt;&nbsp;创意减压&nbsp;&gt;&nbsp;减压玩具','玩具乐器,创意减压,减压玩具',875,0),(773,825,836,876,'玩具乐器&nbsp;&gt;&nbsp;创意减压&nbsp;&gt;&nbsp;创意玩具','玩具乐器,创意减压,创意玩具',876,0),(774,825,837,877,'玩具乐器&nbsp;&gt;&nbsp;乐器相关&nbsp;&gt;&nbsp;钢琴','玩具乐器,乐器相关,钢琴',877,0),(775,825,837,878,'玩具乐器&nbsp;&gt;&nbsp;乐器相关&nbsp;&gt;&nbsp;电子琴','玩具乐器,乐器相关,电子琴',878,0),(776,825,837,879,'玩具乐器&nbsp;&gt;&nbsp;乐器相关&nbsp;&gt;&nbsp;手风琴','玩具乐器,乐器相关,手风琴',879,0),(777,825,837,880,'玩具乐器&nbsp;&gt;&nbsp;乐器相关&nbsp;&gt;&nbsp;吉他/贝斯','玩具乐器,乐器相关,吉他/贝斯',880,0),(778,825,837,881,'玩具乐器&nbsp;&gt;&nbsp;乐器相关&nbsp;&gt;&nbsp;民族管弦乐器','玩具乐器,乐器相关,民族管弦乐器',881,0),(779,825,837,882,'玩具乐器&nbsp;&gt;&nbsp;乐器相关&nbsp;&gt;&nbsp;西洋管弦乐','玩具乐器,乐器相关,西洋管弦乐',882,0),(780,825,837,883,'玩具乐器&nbsp;&gt;&nbsp;乐器相关&nbsp;&gt;&nbsp;口琴/口风琴/竖笛','玩具乐器,乐器相关,口琴/口风琴/竖笛',883,0),(781,825,837,884,'玩具乐器&nbsp;&gt;&nbsp;乐器相关&nbsp;&gt;&nbsp;西洋打击乐器','玩具乐器,乐器相关,西洋打击乐器',884,0),(782,825,837,885,'玩具乐器&nbsp;&gt;&nbsp;乐器相关&nbsp;&gt;&nbsp;各式乐器配件','玩具乐器,乐器相关,各式乐器配件',885,0),(783,825,837,886,'玩具乐器&nbsp;&gt;&nbsp;乐器相关&nbsp;&gt;&nbsp;电脑音乐','玩具乐器,乐器相关,电脑音乐',886,0),(784,825,837,887,'玩具乐器&nbsp;&gt;&nbsp;乐器相关&nbsp;&gt;&nbsp;工艺礼品乐器','玩具乐器,乐器相关,工艺礼品乐器',887,0),(785,888,889,895,'厨具&nbsp;&gt;&nbsp;烹饪锅具&nbsp;&gt;&nbsp;炒锅','厨具,烹饪锅具,炒锅',895,0),(786,888,889,896,'厨具&nbsp;&gt;&nbsp;烹饪锅具&nbsp;&gt;&nbsp;煎锅','厨具,烹饪锅具,煎锅',896,0),(787,888,889,897,'厨具&nbsp;&gt;&nbsp;烹饪锅具&nbsp;&gt;&nbsp;压力锅','厨具,烹饪锅具,压力锅',897,0),(788,888,889,898,'厨具&nbsp;&gt;&nbsp;烹饪锅具&nbsp;&gt;&nbsp;蒸锅','厨具,烹饪锅具,蒸锅',898,0),(789,888,889,899,'厨具&nbsp;&gt;&nbsp;烹饪锅具&nbsp;&gt;&nbsp;汤锅','厨具,烹饪锅具,汤锅',899,0),(790,888,889,900,'厨具&nbsp;&gt;&nbsp;烹饪锅具&nbsp;&gt;&nbsp;奶锅','厨具,烹饪锅具,奶锅',900,0),(791,888,889,901,'厨具&nbsp;&gt;&nbsp;烹饪锅具&nbsp;&gt;&nbsp;套锅','厨具,烹饪锅具,套锅',901,0),(792,888,889,902,'厨具&nbsp;&gt;&nbsp;烹饪锅具&nbsp;&gt;&nbsp;煲类','厨具,烹饪锅具,煲类',902,0),(793,888,889,903,'厨具&nbsp;&gt;&nbsp;烹饪锅具&nbsp;&gt;&nbsp;水壶','厨具,烹饪锅具,水壶',903,0),(794,888,889,904,'厨具&nbsp;&gt;&nbsp;烹饪锅具&nbsp;&gt;&nbsp;厨用杂件','厨具,烹饪锅具,厨用杂件',904,0),(795,888,890,905,'厨具&nbsp;&gt;&nbsp;刀剪菜板&nbsp;&gt;&nbsp;单刀','厨具,刀剪菜板,单刀',905,0),(796,888,890,906,'厨具&nbsp;&gt;&nbsp;刀剪菜板&nbsp;&gt;&nbsp;剪刀','厨具,刀剪菜板,剪刀',906,0),(797,888,890,907,'厨具&nbsp;&gt;&nbsp;刀剪菜板&nbsp;&gt;&nbsp;套刀','厨具,刀剪菜板,套刀',907,0),(798,888,890,908,'厨具&nbsp;&gt;&nbsp;刀剪菜板&nbsp;&gt;&nbsp;砧板','厨具,刀剪菜板,砧板',908,0),(799,888,890,909,'厨具&nbsp;&gt;&nbsp;刀剪菜板&nbsp;&gt;&nbsp;刀具配件','厨具,刀剪菜板,刀具配件',909,0),(800,888,891,910,'厨具&nbsp;&gt;&nbsp;收纳保鲜&nbsp;&gt;&nbsp;保鲜盒','厨具,收纳保鲜,保鲜盒',910,0),(801,888,891,911,'厨具&nbsp;&gt;&nbsp;收纳保鲜&nbsp;&gt;&nbsp;保鲜膜/袋','厨具,收纳保鲜,保鲜膜/袋',911,0),(802,888,891,912,'厨具&nbsp;&gt;&nbsp;收纳保鲜&nbsp;&gt;&nbsp;调料器皿','厨具,收纳保鲜,调料器皿',912,0),(803,888,891,913,'厨具&nbsp;&gt;&nbsp;收纳保鲜&nbsp;&gt;&nbsp;饭盒/提锅','厨具,收纳保鲜,饭盒/提锅',913,0),(804,888,892,914,'厨具&nbsp;&gt;&nbsp;水具酒具&nbsp;&gt;&nbsp;塑料杯','厨具,水具酒具,塑料杯',914,0),(805,888,892,915,'厨具&nbsp;&gt;&nbsp;水具酒具&nbsp;&gt;&nbsp;运动水壶','厨具,水具酒具,运动水壶',915,0),(806,888,892,916,'厨具&nbsp;&gt;&nbsp;水具酒具&nbsp;&gt;&nbsp;玻璃杯','厨具,水具酒具,玻璃杯',916,0),(807,888,892,917,'厨具&nbsp;&gt;&nbsp;水具酒具&nbsp;&gt;&nbsp;陶瓷杯','厨具,水具酒具,陶瓷杯',917,0),(808,888,892,918,'厨具&nbsp;&gt;&nbsp;水具酒具&nbsp;&gt;&nbsp;保温杯','厨具,水具酒具,保温杯',918,0),(809,888,892,919,'厨具&nbsp;&gt;&nbsp;水具酒具&nbsp;&gt;&nbsp;保温壶','厨具,水具酒具,保温壶',919,0),(810,888,892,920,'厨具&nbsp;&gt;&nbsp;水具酒具&nbsp;&gt;&nbsp;酒杯/套装','厨具,水具酒具,酒杯/套装',920,0),(811,888,892,921,'厨具&nbsp;&gt;&nbsp;水具酒具&nbsp;&gt;&nbsp;酒具配件','厨具,水具酒具,酒具配件',921,0),(812,888,893,922,'厨具&nbsp;&gt;&nbsp;餐具&nbsp;&gt;&nbsp;餐具套装','厨具,餐具,餐具套装',922,0),(813,888,893,923,'厨具&nbsp;&gt;&nbsp;餐具&nbsp;&gt;&nbsp;碗/碟/盘','厨具,餐具,碗/碟/盘',923,0),(814,888,893,924,'厨具&nbsp;&gt;&nbsp;餐具&nbsp;&gt;&nbsp;筷勺/刀叉','厨具,餐具,筷勺/刀叉',924,0),(815,888,893,925,'厨具&nbsp;&gt;&nbsp;餐具&nbsp;&gt;&nbsp;一次性餐具','厨具,餐具,一次性餐具',925,0),(816,888,935,936,'厨具&nbsp;&gt;&nbsp;茶具/咖啡具&nbsp;&gt;&nbsp;整套茶具','厨具,茶具/咖啡具,整套茶具',936,0),(817,888,935,937,'厨具&nbsp;&gt;&nbsp;茶具/咖啡具&nbsp;&gt;&nbsp;茶杯','厨具,茶具/咖啡具,茶杯',937,0),(818,888,935,938,'厨具&nbsp;&gt;&nbsp;茶具/咖啡具&nbsp;&gt;&nbsp;茶壶','厨具,茶具/咖啡具,茶壶',938,0),(819,888,935,939,'厨具&nbsp;&gt;&nbsp;茶具/咖啡具&nbsp;&gt;&nbsp;茶盘茶托','厨具,茶具/咖啡具,茶盘茶托',939,0),(820,888,935,940,'厨具&nbsp;&gt;&nbsp;茶具/咖啡具&nbsp;&gt;&nbsp;茶叶罐','厨具,茶具/咖啡具,茶叶罐',940,0),(821,888,935,941,'厨具&nbsp;&gt;&nbsp;茶具/咖啡具&nbsp;&gt;&nbsp;茶具配件','厨具,茶具/咖啡具,茶具配件',941,0),(822,888,935,942,'厨具&nbsp;&gt;&nbsp;茶具/咖啡具&nbsp;&gt;&nbsp;茶宠摆件','厨具,茶具/咖啡具,茶宠摆件',942,0),(823,888,935,943,'厨具&nbsp;&gt;&nbsp;茶具/咖啡具&nbsp;&gt;&nbsp;咖啡具','厨具,茶具/咖啡具,咖啡具',943,0),(824,888,935,944,'厨具&nbsp;&gt;&nbsp;茶具/咖啡具&nbsp;&gt;&nbsp;其他','厨具,茶具/咖啡具,其他',944,0),(825,959,960,968,'母婴用品&nbsp;&gt;&nbsp;奶粉&nbsp;&gt;&nbsp;品牌奶粉','母婴用品,奶粉,品牌奶粉',968,0),(826,959,960,969,'母婴用品&nbsp;&gt;&nbsp;奶粉&nbsp;&gt;&nbsp;妈妈奶粉','母婴用品,奶粉,妈妈奶粉',969,0),(827,959,960,970,'母婴用品&nbsp;&gt;&nbsp;奶粉&nbsp;&gt;&nbsp;1段奶粉','母婴用品,奶粉,1段奶粉',970,0),(828,959,960,971,'母婴用品&nbsp;&gt;&nbsp;奶粉&nbsp;&gt;&nbsp;2段奶粉','母婴用品,奶粉,2段奶粉',971,0),(829,959,960,972,'母婴用品&nbsp;&gt;&nbsp;奶粉&nbsp;&gt;&nbsp;3段奶粉','母婴用品,奶粉,3段奶粉',972,0),(830,959,960,973,'母婴用品&nbsp;&gt;&nbsp;奶粉&nbsp;&gt;&nbsp;4段奶粉','母婴用品,奶粉,4段奶粉',973,0),(831,959,960,974,'母婴用品&nbsp;&gt;&nbsp;奶粉&nbsp;&gt;&nbsp;羊奶粉','母婴用品,奶粉,羊奶粉',974,0),(832,959,960,975,'母婴用品&nbsp;&gt;&nbsp;奶粉&nbsp;&gt;&nbsp;特殊配方','母婴用品,奶粉,特殊配方',975,0),(833,959,960,976,'母婴用品&nbsp;&gt;&nbsp;奶粉&nbsp;&gt;&nbsp;成人奶粉','母婴用品,奶粉,成人奶粉',976,0),(834,959,961,977,'母婴用品&nbsp;&gt;&nbsp;营养辅食&nbsp;&gt;&nbsp;婴幼营养','母婴用品,营养辅食,婴幼营养',977,0),(835,959,961,978,'母婴用品&nbsp;&gt;&nbsp;营养辅食&nbsp;&gt;&nbsp;初乳','母婴用品,营养辅食,初乳',978,0),(836,959,961,979,'母婴用品&nbsp;&gt;&nbsp;营养辅食&nbsp;&gt;&nbsp;米粉/菜粉','母婴用品,营养辅食,米粉/菜粉',979,0),(837,959,961,980,'母婴用品&nbsp;&gt;&nbsp;营养辅食&nbsp;&gt;&nbsp;果泥/果汁','母婴用品,营养辅食,果泥/果汁',980,0),(838,959,961,981,'母婴用品&nbsp;&gt;&nbsp;营养辅食&nbsp;&gt;&nbsp;肉松/饼干','母婴用品,营养辅食,肉松/饼干',981,0),(839,959,961,982,'母婴用品&nbsp;&gt;&nbsp;营养辅食&nbsp;&gt;&nbsp;辅食','母婴用品,营养辅食,辅食',982,0),(840,959,961,983,'母婴用品&nbsp;&gt;&nbsp;营养辅食&nbsp;&gt;&nbsp;孕期营养','母婴用品,营养辅食,孕期营养',983,0),(841,959,961,984,'母婴用品&nbsp;&gt;&nbsp;营养辅食&nbsp;&gt;&nbsp;清火/开胃','母婴用品,营养辅食,清火/开胃',984,0),(842,959,961,985,'母婴用品&nbsp;&gt;&nbsp;营养辅食&nbsp;&gt;&nbsp;面条/粥','母婴用品,营养辅食,面条/粥',985,0),(843,959,962,986,'母婴用品&nbsp;&gt;&nbsp;尿裤湿巾&nbsp;&gt;&nbsp;品牌尿裤','母婴用品,尿裤湿巾,品牌尿裤',986,0),(844,959,962,987,'母婴用品&nbsp;&gt;&nbsp;尿裤湿巾&nbsp;&gt;&nbsp;新生儿','母婴用品,尿裤湿巾,新生儿',987,0),(845,959,962,988,'母婴用品&nbsp;&gt;&nbsp;尿裤湿巾&nbsp;&gt;&nbsp;S号','母婴用品,尿裤湿巾,S号',988,0),(846,959,962,989,'母婴用品&nbsp;&gt;&nbsp;尿裤湿巾&nbsp;&gt;&nbsp;M号','母婴用品,尿裤湿巾,M号',989,0),(847,959,962,990,'母婴用品&nbsp;&gt;&nbsp;尿裤湿巾&nbsp;&gt;&nbsp;L号','母婴用品,尿裤湿巾,L号',990,0),(848,959,962,991,'母婴用品&nbsp;&gt;&nbsp;尿裤湿巾&nbsp;&gt;&nbsp;XL/XXL号','母婴用品,尿裤湿巾,XL/XXL号',991,0),(849,959,962,992,'母婴用品&nbsp;&gt;&nbsp;尿裤湿巾&nbsp;&gt;&nbsp;裤型尿裤','母婴用品,尿裤湿巾,裤型尿裤',992,0),(850,959,962,993,'母婴用品&nbsp;&gt;&nbsp;尿裤湿巾&nbsp;&gt;&nbsp;湿巾','母婴用品,尿裤湿巾,湿巾',993,0),(851,959,962,994,'母婴用品&nbsp;&gt;&nbsp;尿裤湿巾&nbsp;&gt;&nbsp;尿布/尿垫','母婴用品,尿裤湿巾,尿布/尿垫',994,0),(852,959,962,995,'母婴用品&nbsp;&gt;&nbsp;尿裤湿巾&nbsp;&gt;&nbsp;成人尿裤','母婴用品,尿裤湿巾,成人尿裤',995,0),(853,959,963,996,'母婴用品&nbsp;&gt;&nbsp;喂养用品&nbsp;&gt;&nbsp;奶瓶','母婴用品,喂养用品,奶瓶',996,0),(854,959,963,997,'母婴用品&nbsp;&gt;&nbsp;喂养用品&nbsp;&gt;&nbsp;奶嘴','母婴用品,喂养用品,奶嘴',997,0),(855,959,963,998,'母婴用品&nbsp;&gt;&nbsp;喂养用品&nbsp;&gt;&nbsp;吸奶器','母婴用品,喂养用品,吸奶器',998,0),(856,959,963,999,'母婴用品&nbsp;&gt;&nbsp;喂养用品&nbsp;&gt;&nbsp;暖奶/消毒','母婴用品,喂养用品,暖奶/消毒',999,0),(857,959,963,1000,'母婴用品&nbsp;&gt;&nbsp;喂养用品&nbsp;&gt;&nbsp;餐具','母婴用品,喂养用品,餐具',1000,0),(858,959,963,1001,'母婴用品&nbsp;&gt;&nbsp;喂养用品&nbsp;&gt;&nbsp;水具','母婴用品,喂养用品,水具',1001,0),(859,959,963,1002,'母婴用品&nbsp;&gt;&nbsp;喂养用品&nbsp;&gt;&nbsp;牙胶/安抚','母婴用品,喂养用品,牙胶/安抚',1002,0),(860,959,963,1003,'母婴用品&nbsp;&gt;&nbsp;喂养用品&nbsp;&gt;&nbsp;辅助用品','母婴用品,喂养用品,辅助用品',1003,0),(861,959,964,1004,'母婴用品&nbsp;&gt;&nbsp;洗护用品&nbsp;&gt;&nbsp;宝宝护肤','母婴用品,洗护用品,宝宝护肤',1004,0),(862,959,964,1005,'母婴用品&nbsp;&gt;&nbsp;洗护用品&nbsp;&gt;&nbsp;洗浴用品','母婴用品,洗护用品,洗浴用品',1005,0),(863,959,964,1006,'母婴用品&nbsp;&gt;&nbsp;洗护用品&nbsp;&gt;&nbsp;洗发沐浴','母婴用品,洗护用品,洗发沐浴',1006,0),(864,959,964,1007,'母婴用品&nbsp;&gt;&nbsp;洗护用品&nbsp;&gt;&nbsp;清洁用品','母婴用品,洗护用品,清洁用品',1007,0),(865,959,964,1008,'母婴用品&nbsp;&gt;&nbsp;洗护用品&nbsp;&gt;&nbsp;护理用品','母婴用品,洗护用品,护理用品',1008,0),(866,959,964,1009,'母婴用品&nbsp;&gt;&nbsp;洗护用品&nbsp;&gt;&nbsp;妈妈护肤','母婴用品,洗护用品,妈妈护肤',1009,0),(867,959,965,1010,'母婴用品&nbsp;&gt;&nbsp;童车童床&nbsp;&gt;&nbsp;婴儿推车','母婴用品,童车童床,婴儿推车',1010,0),(868,959,965,1011,'母婴用品&nbsp;&gt;&nbsp;童车童床&nbsp;&gt;&nbsp;餐椅摇椅','母婴用品,童车童床,餐椅摇椅',1011,0),(869,959,965,1012,'母婴用品&nbsp;&gt;&nbsp;童车童床&nbsp;&gt;&nbsp;婴儿床','母婴用品,童车童床,婴儿床',1012,0),(870,959,965,1013,'母婴用品&nbsp;&gt;&nbsp;童车童床&nbsp;&gt;&nbsp;学步车','母婴用品,童车童床,学步车',1013,0),(871,959,965,1014,'母婴用品&nbsp;&gt;&nbsp;童车童床&nbsp;&gt;&nbsp;三轮车','母婴用品,童车童床,三轮车',1014,0),(872,959,965,1015,'母婴用品&nbsp;&gt;&nbsp;童车童床&nbsp;&gt;&nbsp;自行车','母婴用品,童车童床,自行车',1015,0),(873,959,965,1016,'母婴用品&nbsp;&gt;&nbsp;童车童床&nbsp;&gt;&nbsp;电动车','母婴用品,童车童床,电动车',1016,0),(874,959,965,1017,'母婴用品&nbsp;&gt;&nbsp;童车童床&nbsp;&gt;&nbsp;健身车','母婴用品,童车童床,健身车',1017,0),(875,959,965,1018,'母婴用品&nbsp;&gt;&nbsp;童车童床&nbsp;&gt;&nbsp;安全座椅','母婴用品,童车童床,安全座椅',1018,0),(876,959,966,1019,'母婴用品&nbsp;&gt;&nbsp;服饰寝居&nbsp;&gt;&nbsp;婴儿外出服','母婴用品,服饰寝居,婴儿外出服',1019,0),(877,959,966,1020,'母婴用品&nbsp;&gt;&nbsp;服饰寝居&nbsp;&gt;&nbsp;婴儿内衣','母婴用品,服饰寝居,婴儿内衣',1020,0),(878,959,966,1021,'母婴用品&nbsp;&gt;&nbsp;服饰寝居&nbsp;&gt;&nbsp;婴儿礼盒','母婴用品,服饰寝居,婴儿礼盒',1021,0),(879,959,966,1022,'母婴用品&nbsp;&gt;&nbsp;服饰寝居&nbsp;&gt;&nbsp;婴儿鞋帽袜','母婴用品,服饰寝居,婴儿鞋帽袜',1022,0),(880,959,966,1023,'母婴用品&nbsp;&gt;&nbsp;服饰寝居&nbsp;&gt;&nbsp;安全防护','母婴用品,服饰寝居,安全防护',1023,0),(881,959,966,1024,'母婴用品&nbsp;&gt;&nbsp;服饰寝居&nbsp;&gt;&nbsp;家居床品','母婴用品,服饰寝居,家居床品',1024,0),(882,959,966,1025,'母婴用品&nbsp;&gt;&nbsp;服饰寝居&nbsp;&gt;&nbsp;其他','母婴用品,服饰寝居,其他',1025,0),(883,959,967,1026,'母婴用品&nbsp;&gt;&nbsp;妈妈专区&nbsp;&gt;&nbsp;包/背婴带','母婴用品,妈妈专区,包/背婴带',1026,0),(884,959,967,1027,'母婴用品&nbsp;&gt;&nbsp;妈妈专区&nbsp;&gt;&nbsp;妈妈护理','母婴用品,妈妈专区,妈妈护理',1027,0),(885,959,967,1028,'母婴用品&nbsp;&gt;&nbsp;妈妈专区&nbsp;&gt;&nbsp;产后塑身','母婴用品,妈妈专区,产后塑身',1028,0),(886,959,967,1029,'母婴用品&nbsp;&gt;&nbsp;妈妈专区&nbsp;&gt;&nbsp;孕妇内衣','母婴用品,妈妈专区,孕妇内衣',1029,0),(887,959,967,1030,'母婴用品&nbsp;&gt;&nbsp;妈妈专区&nbsp;&gt;&nbsp;防辐射服','母婴用品,妈妈专区,防辐射服',1030,0),(888,959,967,1031,'母婴用品&nbsp;&gt;&nbsp;妈妈专区&nbsp;&gt;&nbsp;孕妇装','母婴用品,妈妈专区,孕妇装',1031,0),(889,959,967,1032,'母婴用品&nbsp;&gt;&nbsp;妈妈专区&nbsp;&gt;&nbsp;孕妇食品','母婴用品,妈妈专区,孕妇食品',1032,0),(890,959,967,1033,'母婴用品&nbsp;&gt;&nbsp;妈妈专区&nbsp;&gt;&nbsp;妈妈美容','母婴用品,妈妈专区,妈妈美容',1033,0),(891,1037,1041,1044,'虚拟充值&nbsp;&gt;&nbsp;充值&nbsp;&gt;&nbsp;手机充值','虚拟充值,充值,手机充值',1044,0),(892,1037,1042,1045,'虚拟充值&nbsp;&gt;&nbsp;游戏&nbsp;&gt;&nbsp;游戏点卡','虚拟充值,游戏,游戏点卡',1045,0),(893,1037,1042,1046,'虚拟充值&nbsp;&gt;&nbsp;游戏&nbsp;&gt;&nbsp;QQ充值','虚拟充值,游戏,QQ充值',1046,0),(894,1037,1043,1047,'虚拟充值&nbsp;&gt;&nbsp;票务&nbsp;&gt;&nbsp;电影票','虚拟充值,票务,电影票',1047,0),(895,1037,1043,1048,'虚拟充值&nbsp;&gt;&nbsp;票务&nbsp;&gt;&nbsp;演唱会','虚拟充值,票务,演唱会',1048,0),(896,1037,1043,1049,'虚拟充值&nbsp;&gt;&nbsp;票务&nbsp;&gt;&nbsp;话剧/歌剧/音乐剧','虚拟充值,票务,话剧/歌剧/音乐剧',1049,0),(897,1037,1043,1050,'虚拟充值&nbsp;&gt;&nbsp;票务&nbsp;&gt;&nbsp;体育赛事','虚拟充值,票务,体育赛事',1050,0),(898,1037,1043,1051,'虚拟充值&nbsp;&gt;&nbsp;票务&nbsp;&gt;&nbsp;舞蹈芭蕾','虚拟充值,票务,舞蹈芭蕾',1051,0),(899,1037,1043,1052,'虚拟充值&nbsp;&gt;&nbsp;票务&nbsp;&gt;&nbsp;戏曲综艺','虚拟充值,票务,戏曲综艺',1052,0);

#
# Structure for table "33hao_goods_combo"
#

DROP TABLE IF EXISTS `33hao_goods_combo`;
CREATE TABLE `33hao_goods_combo` (
  `combo_id` int(10) unsigned NOT NULL AUTO_INCREMENT COMMENT '推荐组合id ',
  `goods_id` int(10) unsigned NOT NULL COMMENT '主商品id',
  `goods_commonid` int(10) unsigned NOT NULL COMMENT '主商品公共id',
  `combo_goodsid` int(10) unsigned NOT NULL COMMENT '推荐组合商品id',
  PRIMARY KEY (`combo_id`)
) ENGINE=InnoDB DEFAULT CHARSET=utf8 COMMENT='商品推荐组合表';

#
# Data for table "33hao_goods_combo"
#


#
# Structure for table "33hao_goods_common"
#

DROP TABLE IF EXISTS `33hao_goods_common`;
CREATE TABLE `33hao_goods_common` (
  `goods_commonid` int(10) unsigned NOT NULL AUTO_INCREMENT COMMENT '商品公共表id',
  `goods_name` varchar(50) NOT NULL COMMENT '商品名称',
  `goods_jingle` varchar(150) NOT NULL COMMENT '商品广告词',
  `rebate` varchar(255) DEFAULT NULL COMMENT '返利金额',
  `gc_id` int(10) unsigned NOT NULL COMMENT '商品分类',
  `gc_id_1` int(10) unsigned NOT NULL COMMENT '一级分类id',
  `gc_id_2` int(10) unsigned NOT NULL COMMENT '二级分类id',
  `gc_id_3` int(10) unsigned NOT NULL COMMENT '三级分类id',
  `gc_name` varchar(200) NOT NULL COMMENT '商品分类',
  `store_id` int(10) unsigned NOT NULL COMMENT '店铺id',
  `store_name` varchar(50) NOT NULL COMMENT '店铺名称',
  `spec_name` varchar(255) NOT NULL COMMENT '规格名称',
  `spec_value` text NOT NULL COMMENT '规格值',
  `brand_id` int(10) unsigned NOT NULL COMMENT '品牌id',
  `brand_name` varchar(100) NOT NULL COMMENT '品牌名称',
  `type_id` int(10) unsigned NOT NULL DEFAULT '0' COMMENT '类型id',
  `goods_image` varchar(100) NOT NULL COMMENT '商品主图',
  `goods_attr` text NOT NULL COMMENT '商品属性',
  `goods_body` text NOT NULL COMMENT '商品内容',
  `mobile_body` text NOT NULL COMMENT '手机端商品描述',
  `goods_state` tinyint(3) unsigned NOT NULL COMMENT '商品状态 0下架，1正常，10违规（禁售）',
  `goods_stateremark` varchar(255) DEFAULT NULL COMMENT '违规原因',
  `goods_verify` tinyint(3) unsigned NOT NULL COMMENT '商品审核 1通过，0未通过，10审核中',
  `goods_verifyremark` varchar(255) DEFAULT NULL COMMENT '审核失败原因',
  `goods_lock` tinyint(3) unsigned NOT NULL DEFAULT '0' COMMENT '商品锁定 0未锁，1已锁',
  `goods_addtime` int(10) unsigned NOT NULL COMMENT '商品添加时间',
  `goods_selltime` int(10) unsigned NOT NULL COMMENT '上架时间',
  `goods_specname` text NOT NULL COMMENT '规格名称序列化（下标为规格id）',
  `goods_price` decimal(10,2) NOT NULL COMMENT '商品价格',
  `goods_marketprice` decimal(10,2) NOT NULL COMMENT '市场价',
  `goods_costprice` decimal(10,2) NOT NULL COMMENT '成本价',
  `goods_discount` float unsigned NOT NULL COMMENT '折扣',
  `goods_serial` varchar(50) NOT NULL COMMENT '商家编号',
  `goods_storage_alarm` tinyint(3) unsigned NOT NULL COMMENT '库存报警值',
  `transport_id` mediumint(8) unsigned NOT NULL DEFAULT '0' COMMENT '售卖区域',
  `transport_title` varchar(60) DEFAULT '' COMMENT '售卖区域名称',
  `goods_commend` tinyint(3) unsigned NOT NULL DEFAULT '0' COMMENT '商品推荐 1是，0否，默认为0',
  `goods_freight` decimal(10,2) unsigned NOT NULL DEFAULT '0.00' COMMENT '运费 0为免运费',
  `goods_vat` tinyint(3) unsigned NOT NULL DEFAULT '0' COMMENT '是否开具增值税发票 1是，0否',
  `areaid_1` int(10) unsigned NOT NULL COMMENT '一级地区id',
  `areaid_2` int(10) unsigned NOT NULL COMMENT '二级地区id',
  `goods_stcids` varchar(255) NOT NULL DEFAULT '' COMMENT '店铺分类id 首尾用,隔开',
  `plateid_top` int(10) unsigned DEFAULT NULL COMMENT '顶部关联板式',
  `plateid_bottom` int(10) unsigned DEFAULT NULL COMMENT '底部关联板式',
  `is_virtual` tinyint(3) unsigned NOT NULL DEFAULT '0' COMMENT '是否为虚拟商品 1是，0否',
  `virtual_indate` int(10) unsigned DEFAULT NULL COMMENT '虚拟商品有效期',
  `virtual_limit` tinyint(3) unsigned DEFAULT NULL COMMENT '虚拟商品购买上限',
  `virtual_invalid_refund` tinyint(3) unsigned NOT NULL DEFAULT '1' COMMENT '是否允许过期退款， 1是，0否',
  `is_fcode` tinyint(3) unsigned NOT NULL DEFAULT '0' COMMENT '是否为F码商品 1是，0否',
  `is_appoint` tinyint(3) unsigned NOT NULL DEFAULT '0' COMMENT '是否是预约商品 1是，0否',
  `appoint_satedate` int(10) unsigned NOT NULL COMMENT '预约商品出售时间',
  `is_presell` tinyint(3) unsigned NOT NULL DEFAULT '0' COMMENT '是否是预售商品 1是，0否',
  `presell_deliverdate` int(10) unsigned NOT NULL COMMENT '预售商品发货时间',
  `is_own_shop` tinyint(3) unsigned NOT NULL DEFAULT '0' COMMENT '是否为平台自营',
  `goods_type` varchar(255) DEFAULT NULL COMMENT '葡萄酒种类',
  PRIMARY KEY (`goods_commonid`)
) ENGINE=InnoDB AUTO_INCREMENT=100087 DEFAULT CHARSET=utf8 COMMENT='商品公共内容表';

#
# Data for table "33hao_goods_common"
#

INSERT INTO `33hao_goods_common` VALUES (100008,'正品 2015春装新款 女 绣花针织衫 开衫外套浮桑初','新款特惠',NULL,14,1,4,14,'服饰鞋帽 &gt;女装 &gt;针织衫',1,'官方旗舰店','a:1:{i:1;s:6:\"颜色\";}','a:1:{i:1;a:4:{i:222;s:6:\"蓝色\";i:224;s:6:\"绿色\";i:225;s:6:\"梅红\";i:226;s:6:\"黑色\";}}',103,'ELLE HOME',34,'1_04418206625430066.jpg','a:5:{i:206;a:2:{s:4:\"name\";s:6:\"款式\";i:3050;s:6:\"毛衣\";}i:207;a:2:{s:4:\"name\";s:6:\"材质\";i:3059;s:3:\"棉\";}i:208;a:2:{s:4:\"name\";s:6:\"价格\";i:3069;s:7:\"100-199\";}i:209;a:2:{s:4:\"name\";s:6:\"袖长\";i:3076;s:6:\"长袖\";}i:210;a:2:{s:4:\"name\";s:6:\"风格\";i:3087;s:12:\"原创设计\";}}','<div id=\"detail2\" class=\"detail\">\r\n\t<div class=\"cont tabc\">\r\n\t\t<p>\r\n\t\t\t<img alt=\"裂帛 裂帛正品 2015秋装新款 女 绣花针织衫 开衫外套23160037浮桑初\" title=\"温馨提示.jpg\" src=\"http://pimg2.imglefeng.com/decoration/1000000029/947d983961bd9a8fcc2ea78818fbd5f1_1379469491798.jpg\" />\r\n\t\t</p>\r\n\t\t<p>\r\n\t\t\t<img alt=\"裂帛 裂帛正品 2015秋装新款 女 绣花针织衫 开衫外套23160037浮桑初\" src=\"http://img04.taobaocdn.com/imgextra/i4/228784630/T2o_1tXXtcXXXXXXXX_%21%21228784630.jpg\" style=\"text-align: absMiddle;\" /><img alt=\"裂帛 裂帛正品 2015秋装新款 女 绣花针织衫 开衫外套23160037浮桑初\" src=\"http://img01.taobaocdn.com/imgextra/i1/228784630/T2kgHfXbBbXXXXXXXX_%21%21228784630.jpg\" />\r\n\t\t</p>\r\n\t\t<table class=\"ke-zeroborder\" border=\"0\" cellpadding=\"0\" cellspacing=\"0\">\r\n\t\t\t<tbody>\r\n\t\t\t\t<tr>\r\n\t\t\t\t\t<td style=\"height: 30px; width: 26px;\">\r\n\t\t\t\t\t\t<br />\r\n\t\t\t\t\t</td>\r\n\t\t\t\t\t<td align=\"left\" valign=\"top\" style=\"width: 20px;\">\r\n\t\t\t\t\t\t<img alt=\"裂帛 裂帛正品 2015秋装新款 女 绣花针织衫 开衫外套23160037浮桑初\" src=\"http://img02.taobaocdn.com/imgextra/i2/228784630/T2vDzeXf0aXXXXXXXX_%21%21228784630.gif\" height=\"13\" width=\"14\" />\r\n\t\t\t\t\t</td>\r\n\t\t\t\t\t<td style=\"font-size:14px;font-weight:bold;\">\r\n\t\t\t\t\t\t23160037 浮桑初凉 &nbsp;绣团花偏开襟秀美小毛衫\r\n\t\t\t\t\t</td>\r\n\t\t\t\t</tr>\r\n\t\t\t\t<tr>\r\n\t\t\t\t\t<td colspan=\"2\" style=\"height: 30px; width: 46px;\">\r\n\t\t\t\t\t\t<br />\r\n\t\t\t\t\t</td>\r\n\t\t\t\t\t<td style=\"font-size:12px;\">\r\n\t\t\t\t\t\t设计点：<span style=\"font-family:宋体;\">圆领</span>&nbsp;/ 彩线绣花 /<span style=\"font-family:宋体;\">偏开襟/</span><span style=\"font-family:宋体;\">不规则下摆</span><br />\r\n\t\t\t\t\t</td>\r\n\t\t\t\t</tr>\r\n\t\t\t</tbody>\r\n\t\t</table>\r\n\t\t<p>\r\n\t\t\t<img alt=\"裂帛 裂帛正品 2015秋装新款 女 绣花针织衫 开衫外套23160037浮桑初\" src=\"http://img01.taobaocdn.com/imgextra/i1/228784630/T2f8haXetOXXXXXXXX_%21%21228784630.jpg\" />\r\n\t\t</p>\r\n\t\t<p>\r\n\t\t\t<img alt=\"裂帛 裂帛正品 2015秋装新款 女 绣花针织衫 开衫外套23160037浮桑初\" src=\"http://img04.taobaocdn.com/imgextra/i4/228784630/T24vu6XbVbXXXXXXXX_%21%21228784630.jpg\" style=\"text-align: absMiddle;\" />\r\n\t\t</p>\r\n\t\t<table class=\"ke-zeroborder\" border=\"0\" cellpadding=\"0\" cellspacing=\"0\" width=\"750\">\r\n\t\t\t<tbody>\r\n\t\t\t\t<tr>\r\n\t\t\t\t\t<td>\r\n\t\t\t\t\t\t<p>\r\n\t\t\t\t\t\t\t<img alt=\"裂帛 裂帛正品 2015秋装新款 女 绣花针织衫 开衫外套23160037浮桑初\" src=\"http://img04.taobaocdn.com/imgextra/i4/228784630/T2aXuZXeFbXXXXXXXX_%21%21228784630.jpg\" />\r\n\t\t\t\t\t\t</p>\r\n\t\t\t\t\t\t<p>\r\n\t\t\t\t\t\t\t<img alt=\"裂帛 裂帛正品 2015秋装新款 女 绣花针织衫 开衫外套23160037浮桑初\" src=\"http://img03.taobaocdn.com/imgextra/i3/228784630/T2kOeLXaNbXXXXXXXX_%21%21228784630.jpg\" /><br />\r\n<a href=\"http://item.taobao.com/item.htm?spm=a220z.1000880.0.41.79yC08&amp;id=17627712443&amp;bucket_id=1\" target=\"_self\"><img alt=\"裂帛 裂帛正品 2015秋装新款 女 绣花针织衫 开衫外套23160037浮桑初\" src=\"http://img04.taobaocdn.com/imgextra/i4/228784630/T29pTjXo0aXXXXXXXX_%21%21228784630.jpg\" /></a><br />\r\n<a href=\"http://detail.tmall.com/item.htm?spm=a1z10.3.w4011-1127672680.228.50YS3y&amp;id=16160903240&amp;rn=1fc977d36692d690abf6e1d0aca92509\" target=\"_blank\"><img alt=\"裂帛 裂帛正品 2015秋装新款 女 绣花针织衫 开衫外套23160037浮桑初\" src=\"http://img04.taobaocdn.com/imgextra/i4/228784630/T2ZxTjXcRaXXXXXXXX_%21%21228784630.jpg\" /></a>\r\n\t\t\t\t\t\t</p>\r\n\t\t\t\t\t\t<p>\r\n\t\t\t\t\t\t\t<img alt=\"裂帛 裂帛正品 2015秋装新款 女 绣花针织衫 开衫外套23160037浮桑初\" src=\"http://img02.taobaocdn.com/imgextra/i2/228784630/T2meCUXeFbXXXXXXXX_%21%21228784630.jpg\" />\r\n\t\t\t\t\t\t</p>\r\n\t\t\t\t\t\t<p>\r\n\t\t\t\t\t\t\t<a href=\"http://detail.tmall.com/item.htm?spm=a1z10.3.w4011-1127672680.133.50YS3y&amp;id=5780117087&amp;rn=1fc977d36692d690abf6e1d0aca92509\" target=\"_blank\"><img alt=\"裂帛 裂帛正品 2015秋装新款 女 绣花针织衫 开衫外套23160037浮桑初\" src=\"http://img02.taobaocdn.com/imgextra/i2/228784630/T2hGrgXcXbXXXXXXXX_%21%21228784630.jpg\" /></a>\r\n\t\t\t\t\t\t</p>\r\n\t\t\t\t\t\t<p>\r\n\t\t\t\t\t\t\t<img alt=\"裂帛 裂帛正品 2015秋装新款 女 绣花针织衫 开衫外套23160037浮桑初\" src=\"http://img03.taobaocdn.com/imgextra/i3/228784630/T2vua0XbVbXXXXXXXX_%21%21228784630.jpg\" />\r\n\t\t\t\t\t\t</p>\r\n\t\t\t\t\t\t<p>\r\n\t\t\t\t\t\t\t<img alt=\"裂帛 裂帛正品 2015秋装新款 女 绣花针织衫 开衫外套23160037浮桑初\" src=\"http://img01.taobaocdn.com/imgextra/i1/228784630/T2pqHkXaXXXXXXXXXX_%21%21228784630.jpg\" />\r\n\t\t\t\t\t\t</p>\r\n\t\t\t\t\t\t<p>\r\n\t\t\t\t\t\t\t<img alt=\"裂帛 裂帛正品 2015秋装新款 女 绣花针织衫 开衫外套23160037浮桑初\" src=\"http://img04.taobaocdn.com/imgextra/i4/228784630/T241PjXl8aXXXXXXXX_%21%21228784630.jpg\" />\r\n\t\t\t\t\t\t</p>\r\n\t\t\t\t\t\t<p>\r\n\t\t\t\t\t\t\t<a href=\"http://detail.tmall.com/item.htm?spm=a1z10.5.w4011-1127672677.232.PJJLn9&amp;id=14011986267&amp;rn=e0ac95696e6379fbbb09762e4a1783d6\" target=\"_blank\"><img alt=\"裂帛 裂帛正品 2015秋装新款 女 绣花针织衫 开衫外套23160037浮桑初\" src=\"http://img02.taobaocdn.com/imgextra/i2/228784630/T20xC0Xd8bXXXXXXXX_%21%21228784630.jpg\" /></a>\r\n\t\t\t\t\t\t</p>\r\n\t\t\t\t\t\t<p>\r\n\t\t\t\t\t\t\t<img alt=\"裂帛 裂帛正品 2015秋装新款 女 绣花针织衫 开衫外套23160037浮桑初\" src=\"http://img02.taobaocdn.com/imgextra/i2/228784630/T2JIHkXcxXXXXXXXXX_%21%21228784630.jpg\" />\r\n\t\t\t\t\t\t</p>\r\n\t\t\t\t\t\t<p>\r\n\t\t\t\t\t\t\t<img alt=\"裂帛 裂帛正品 2015秋装新款 女 绣花针织衫 开衫外套23160037浮桑初\" src=\"http://img02.taobaocdn.com/imgextra/i2/228784630/T2tlR8Xl8cXXXXXXXX_%21%21228784630.jpg\" />\r\n\t\t\t\t\t\t</p>\r\n\t\t\t\t\t\t<p>\r\n\t\t\t\t\t\t\t<img alt=\"裂帛 裂帛正品 2015秋装新款 女 绣花针织衫 开衫外套23160037浮桑初\" src=\"http://img04.taobaocdn.com/imgextra/i4/228784630/T2kOiZXbdbXXXXXXXX_%21%21228784630.jpg\" />\r\n\t\t\t\t\t\t</p>\r\n\t\t\t\t\t\t<p>\r\n\t\t\t\t\t\t\t<img alt=\"裂帛 裂帛正品 2015秋装新款 女 绣花针织衫 开衫外套23160037浮桑初\" src=\"http://img02.taobaocdn.com/imgextra/i2/228784630/T2DD5_XcXbXXXXXXXX_%21%21228784630.jpg\" />\r\n\t\t\t\t\t\t</p>\r\n\t\t\t\t\t\t<p>\r\n\t\t\t\t\t\t\t<img alt=\"裂帛 裂帛正品 2015秋装新款 女 绣花针织衫 开衫外套23160037浮桑初\" src=\"http://img03.taobaocdn.com/imgextra/i3/228784630/T2U5TjXfpaXXXXXXXX_%21%21228784630.jpg\" />\r\n\t\t\t\t\t\t</p>\r\n\t\t\t\t\t\t<p>\r\n\t\t\t\t\t\t\t<img alt=\"裂帛 裂帛正品 2015秋装新款 女 绣花针织衫 开衫外套23160037浮桑初\" src=\"http://img04.taobaocdn.com/imgextra/i4/228784630/T2J3LXXoBaXXXXXXXX_%21%21228784630.jpg\" />\r\n\t\t\t\t\t\t</p>\r\n\t\t\t\t\t\t<p>\r\n\t\t\t\t\t\t\t<img alt=\"裂帛 裂帛正品 2015秋装新款 女 绣花针织衫 开衫外套23160037浮桑初\" src=\"http://img01.taobaocdn.com/imgextra/i1/228784630/T2FUWGXohbXXXXXXXX_%21%21228784630.jpg\" />\r\n\t\t\t\t\t\t</p>\r\n\t\t\t\t\t\t<p>\r\n\t\t\t\t\t\t\t<img alt=\"裂帛 裂帛正品 2015秋装新款 女 绣花针织衫 开衫外套23160037浮桑初\" src=\"http://img03.taobaocdn.com/imgextra/i3/228784630/T26K6hXm4aXXXXXXXX_%21%21228784630.jpg\" />\r\n\t\t\t\t\t\t</p>\r\n\t\t\t\t\t\t<p>\r\n\t\t\t\t\t\t\t<a href=\"http://detail.tmall.com/item.htm?spm=a1z10.5.w4011-1127672677.108.lZibYM&amp;id=12501106699&amp;rn=62c1af367fed33a46a39abcd6e78a60a\" target=\"_blank\"><img alt=\"裂帛 裂帛正品 2015秋装新款 女 绣花针织衫 开衫外套23160037浮桑初\" src=\"http://img03.taobaocdn.com/imgextra/i3/228784630/T2jLzeXo0aXXXXXXXX_%21%21228784630.jpg\" /></a>\r\n\t\t\t\t\t\t</p>\r\n\t\t\t\t\t\t<p>\r\n\t\t\t\t\t\t\t<img alt=\"裂帛 裂帛正品 2015秋装新款 女 绣花针织衫 开衫外套23160037浮桑初\" src=\"http://img04.taobaocdn.com/imgextra/i4/228784630/T2UffkXclXXXXXXXXX_%21%21228784630.jpg\" />\r\n\t\t\t\t\t\t</p>\r\n\t\t\t\t\t\t<p>\r\n\t\t\t\t\t\t\t<img alt=\"裂帛 裂帛正品 2015秋装新款 女 绣花针织衫 开衫外套23160037浮桑初\" src=\"http://img04.taobaocdn.com/imgextra/i4/228784630/T2ePbXXbXbXXXXXXXX_%21%21228784630.jpg\" />\r\n\t\t\t\t\t\t</p>\r\n\t\t\t\t\t\t<p>\r\n\t\t\t\t\t\t\t<img alt=\"裂帛 裂帛正品 2015秋装新款 女 绣花针织衫 开衫外套23160037浮桑初\" src=\"http://img01.taobaocdn.com/imgextra/i1/228784630/T2bMBsXdpOXXXXXXXX_%21%21228784630.jpg\" />\r\n\t\t\t\t\t\t</p>\r\n\t\t\t\t\t\t<p>\r\n\t\t\t\t\t\t\t<img alt=\"裂帛 裂帛正品 2015秋装新款 女 绣花针织衫 开衫外套23160037浮桑初\" src=\"http://img03.taobaocdn.com/imgextra/i3/228784630/T2ogh4XmBdXXXXXXXX_%21%21228784630.jpg\" />\r\n\t\t\t\t\t\t</p>\r\n\t\t\t\t\t</td>\r\n\t\t\t\t</tr>\r\n\t\t\t</tbody>\r\n\t\t</table>\r\n\t\t<table class=\"ke-zeroborder\" border=\"0\" cellpadding=\"0\" cellspacing=\"0\" width=\"750\">\r\n\t\t\t<tbody>\r\n\t\t\t\t<tr>\r\n\t\t\t\t\t<td>\r\n\t\t\t\t\t\t？\r\n\t\t\t\t\t</td>\r\n\t\t\t\t\t<td>\r\n\t\t\t\t\t\t？\r\n\t\t\t\t\t</td>\r\n\t\t\t\t\t<td>\r\n\t\t\t\t\t\t？\r\n\t\t\t\t\t</td>\r\n\t\t\t\t</tr>\r\n\t\t\t</tbody>\r\n\t\t</table>\r\n\t\t<p>\r\n\t\t\t<img alt=\"裂帛 裂帛正品 2015秋装新款 女 绣花针织衫 开衫外套23160037浮桑初\" src=\"http://img02.taobaocdn.com/imgextra/i2/228784630/T2vGfcXaBaXXXXXXXX_%21%21228784630.jpg\" />\r\n\t\t</p>\r\n\t\t<p>\r\n\t\t\t<img alt=\"裂帛 裂帛正品 2015秋装新款 女 绣花针织衫 开衫外套23160037浮桑初\" src=\"http://img01.taobaocdn.com/imgextra/i1/228784630/T2GUFkXcFOXXXXXXXX_%21%21228784630.jpg\" height=\"46\" width=\"748\" />\r\n\t\t</p>\r\n\t\t<table style=\"color:#292929;font-size:12px;font-weight:bold;\" class=\"ke-zeroborder\" border=\"0\" cellpadding=\"0\" cellspacing=\"0\" width=\"685\">\r\n\t\t\t<tbody>\r\n\t\t\t\t<tr>\r\n\t\t\t\t\t<td align=\"right\" style=\"width: 72px;\">\r\n\t\t\t\t\t\t产品款号：\r\n\t\t\t\t\t</td>\r\n\t\t\t\t\t<td style=\"width: 322px;\">\r\n\t\t\t\t\t\t23160037\r\n\t\t\t\t\t</td>\r\n\t\t\t\t\t<td align=\"right\" style=\"width: 58px;\">\r\n\t\t\t\t\t\t柔软：\r\n\t\t\t\t\t</td>\r\n\t\t\t\t\t<td valign=\"center\" style=\"width: 233px;\">\r\n\t\t\t\t\t\t<ul class=\"list-paddingleft-2\">\r\n\t\t\t\t\t\t\t<li>\r\n\t\t\t\t\t\t\t\t<p>\r\n\t\t\t\t\t\t\t\t\t<span style=\"background-color:#ffffff;color:#000000;\">柔软</span>\r\n\t\t\t\t\t\t\t\t</p>\r\n\t\t\t\t\t\t\t</li>\r\n\t\t\t\t\t\t\t<li>\r\n\t\t\t\t\t\t\t\t<p>\r\n\t\t\t\t\t\t\t\t\t<span style=\"background-color:#5b5b5b;color:#ffffff;\">适中</span>\r\n\t\t\t\t\t\t\t\t</p>\r\n\t\t\t\t\t\t\t</li>\r\n\t\t\t\t\t\t\t<li>\r\n\t\t\t\t\t\t\t\t<p>\r\n\t\t\t\t\t\t\t\t\t偏硬\r\n\t\t\t\t\t\t\t\t</p>\r\n\t\t\t\t\t\t\t</li>\r\n\t\t\t\t\t\t</ul>\r\n\t\t\t\t\t</td>\r\n\t\t\t\t</tr>\r\n\t\t\t\t<tr>\r\n\t\t\t\t\t<td align=\"right\" style=\"width: 72px;\">\r\n\t\t\t\t\t\t产品昵称：\r\n\t\t\t\t\t</td>\r\n\t\t\t\t\t<td style=\"width: 322px;\">\r\n\t\t\t\t\t\t扶桑初凉\r\n\t\t\t\t\t</td>\r\n\t\t\t\t\t<td align=\"right\" style=\"width: 58px;\">\r\n\t\t\t\t\t\t厚度：\r\n\t\t\t\t\t</td>\r\n\t\t\t\t\t<td style=\"width: 233px;\">\r\n\t\t\t\t\t\t<ul class=\"list-paddingleft-2\">\r\n\t\t\t\t\t\t\t<li>\r\n\t\t\t\t\t\t\t\t<p>\r\n\t\t\t\t\t\t\t\t\t<span style=\"background-color:#ffffff;color:#000000;\">厚</span>\r\n\t\t\t\t\t\t\t\t</p>\r\n\t\t\t\t\t\t\t</li>\r\n\t\t\t\t\t\t\t<li>\r\n\t\t\t\t\t\t\t\t<p>\r\n\t\t\t\t\t\t\t\t\t<span style=\"background-color:#595959;color:#ffffff;\">适中</span>\r\n\t\t\t\t\t\t\t\t</p>\r\n\t\t\t\t\t\t\t</li>\r\n\t\t\t\t\t\t\t<li>\r\n\t\t\t\t\t\t\t\t<p>\r\n\t\t\t\t\t\t\t\t\t微薄\r\n\t\t\t\t\t\t\t\t</p>\r\n\t\t\t\t\t\t\t</li>\r\n\t\t\t\t\t\t\t<li>\r\n\t\t\t\t\t\t\t\t<p>\r\n\t\t\t\t\t\t\t\t\t透视\r\n\t\t\t\t\t\t\t\t</p>\r\n\t\t\t\t\t\t\t</li>\r\n\t\t\t\t\t\t</ul>\r\n\t\t\t\t\t</td>\r\n\t\t\t\t</tr>\r\n\t\t\t\t<tr>\r\n\t\t\t\t\t<td align=\"right\" style=\"width: 72px;\">\r\n\t\t\t\t\t\t产品颜色：\r\n\t\t\t\t\t</td>\r\n\t\t\t\t\t<td style=\"width: 322px;\">\r\n\t\t\t\t\t\t蓝色 粉色 玫红 绿色 黑色\r\n\t\t\t\t\t</td>\r\n\t\t\t\t\t<td align=\"right\" style=\"width: 58px;\">\r\n\t\t\t\t\t\t柔软：\r\n\t\t\t\t\t</td>\r\n\t\t\t\t\t<td style=\"width: 233px;\">\r\n\t\t\t\t\t\t<ul class=\"list-paddingleft-2\">\r\n\t\t\t\t\t\t\t<li>\r\n\t\t\t\t\t\t\t\t<p>\r\n\t\t\t\t\t\t\t\t\t<span style=\"background-color:#ffffff;color:#000000;\">超弹</span>\r\n\t\t\t\t\t\t\t\t</p>\r\n\t\t\t\t\t\t\t</li>\r\n\t\t\t\t\t\t\t<li>\r\n\t\t\t\t\t\t\t\t<p>\r\n\t\t\t\t\t\t\t\t\t弹力\r\n\t\t\t\t\t\t\t\t</p>\r\n\t\t\t\t\t\t\t</li>\r\n\t\t\t\t\t\t\t<li>\r\n\t\t\t\t\t\t\t\t<p>\r\n\t\t\t\t\t\t\t\t\t<span style=\"background-color:#595959;color:#ffffff;\">微弹</span>\r\n\t\t\t\t\t\t\t\t</p>\r\n\t\t\t\t\t\t\t</li>\r\n\t\t\t\t\t\t\t<li>\r\n\t\t\t\t\t\t\t\t<p>\r\n\t\t\t\t\t\t\t\t\t<span style=\"background-color:#ffffff;color:#000000;\">无弹力</span>\r\n\t\t\t\t\t\t\t\t</p>\r\n\t\t\t\t\t\t\t</li>\r\n\t\t\t\t\t\t</ul>\r\n\t\t\t\t\t</td>\r\n\t\t\t\t</tr>\r\n\t\t\t\t<tr>\r\n\t\t\t\t\t<td align=\"right\" style=\"width: 72px;\">\r\n\t\t\t\t\t\t产品成份：\r\n\t\t\t\t\t</td>\r\n\t\t\t\t\t<td style=\"width: 322px;\">\r\n\t\t\t\t\t\t<span style=\"background-color:#f7f7f7;color:#6e6e6e;\"><span style=\"background-color:#ffffff;color:#222222;\"><strong><span style=\"color:#000000;\">55%聚丙烯腈纤维45%棉</span></strong></span></span>\r\n\t\t\t\t\t</td>\r\n\t\t\t\t\t<td align=\"right\" style=\"width: 58px;\">\r\n\t\t\t\t\t\t版型：\r\n\t\t\t\t\t</td>\r\n\t\t\t\t\t<td style=\"width: 233px;\">\r\n\t\t\t\t\t\t<ul class=\"list-paddingleft-2\">\r\n\t\t\t\t\t\t\t<li>\r\n\t\t\t\t\t\t\t\t<p>\r\n\t\t\t\t\t\t\t\t\t<span style=\"background-color:#ffffff;color:#000000;\">修身</span>\r\n\t\t\t\t\t\t\t\t</p>\r\n\t\t\t\t\t\t\t</li>\r\n\t\t\t\t\t\t\t<li>\r\n\t\t\t\t\t\t\t\t<p>\r\n\t\t\t\t\t\t\t\t\t适中\r\n\t\t\t\t\t\t\t\t</p>\r\n\t\t\t\t\t\t\t</li>\r\n\t\t\t\t\t\t\t<li>\r\n\t\t\t\t\t\t\t\t<p>\r\n\t\t\t\t\t\t\t\t\t<span style=\"background-color:#555555;color:#ffffff;\">宽松</span>\r\n\t\t\t\t\t\t\t\t</p>\r\n\t\t\t\t\t\t\t</li>\r\n\t\t\t\t\t\t\t<li>\r\n\t\t\t\t\t\t\t\t<p>\r\n\t\t\t\t\t\t\t\t\t直筒\r\n\t\t\t\t\t\t\t\t</p>\r\n\t\t\t\t\t\t\t</li>\r\n\t\t\t\t\t\t</ul>\r\n\t\t\t\t\t</td>\r\n\t\t\t\t</tr>\r\n\t\t\t\t<tr>\r\n\t\t\t\t\t<td align=\"right\" style=\"width: 72px;\">\r\n\t\t\t\t\t\t克 &nbsp; &nbsp;重：\r\n\t\t\t\t\t</td>\r\n\t\t\t\t\t<td style=\"width: 322px;\">\r\n\t\t\t\t\t\t<span style=\"background-color:#f7f7f7;color:#6e6e6e;\"><span style=\"background-color:#ffffff;color:#222222;\"><strong><span style=\"color:#000000;\">0.3kg</span></strong></span></span>\r\n\t\t\t\t\t</td>\r\n\t\t\t\t\t<td align=\"right\" style=\"width: 58px;\">\r\n\t\t\t\t\t\t？\r\n\t\t\t\t\t</td>\r\n\t\t\t\t\t<td style=\"width: 233px;\">\r\n\t\t\t\t\t\t？\r\n\t\t\t\t\t</td>\r\n\t\t\t\t</tr>\r\n\t\t\t</tbody>\r\n\t\t</table>\r\n\t\t<p>\r\n\t\t\t<img alt=\"裂帛 裂帛正品 2015秋装新款 女 绣花针织衫 开衫外套23160037浮桑初\" src=\"http://img01.taobaocdn.com/imgextra/i1/228784630/T2Why2XbhbXXXXXXXX_%21%21228784630.jpg\" />\r\n\t\t</p>\r\n\t\t<p>\r\n\t\t\t<img alt=\"裂帛 裂帛正品 2015秋装新款 女 绣花针织衫 开衫外套23160037浮桑初\" src=\"http://img03.taobaocdn.com/imgextra/i3/228784630/T2PcG.XblbXXXXXXXX_%21%21228784630.jpg\" />\r\n\t\t</p>\r\n\t\t<table class=\"ke-zeroborder\" border=\"0\" cellpadding=\"0\" cellspacing=\"0\">\r\n\t\t\t<tbody>\r\n\t\t\t\t<tr>\r\n\t\t\t\t\t<td>\r\n\t\t\t\t\t\t<img alt=\"裂帛 裂帛正品 2015秋装新款 女 绣花针织衫 开衫外套23160037浮桑初\" src=\"http://img01.taobaocdn.com/imgextra/i1/228784630/T25GTaXh4aXXXXXXXX_%21%21228784630.jpg\" />\r\n\t\t\t\t\t</td>\r\n\t\t\t\t\t<td>\r\n\t\t\t\t\t\t<p>\r\n\t\t\t\t\t\t\t① 领型\r\n\t\t\t\t\t\t</p>\r\n\t\t\t\t\t</td>\r\n\t\t\t\t</tr>\r\n\t\t\t</tbody>\r\n\t\t</table>\r\n\t\t<p>\r\n\t\t\t圆领，修饰脖颈及锁骨线条。\r\n\t\t</p>\r\n\t\t<table class=\"ke-zeroborder\" border=\"0\" cellpadding=\"0\" cellspacing=\"0\">\r\n\t\t\t<tbody>\r\n\t\t\t\t<tr>\r\n\t\t\t\t\t<td>\r\n\t\t\t\t\t\t<p>\r\n\t\t\t\t\t\t\t② 前襟\r\n\t\t\t\t\t\t</p>\r\n\t\t\t\t\t</td>\r\n\t\t\t\t\t<td>\r\n\t\t\t\t\t\t<img alt=\"裂帛 裂帛正品 2015秋装新款 女 绣花针织衫 开衫外套23160037浮桑初\" src=\"http://img02.taobaocdn.com/imgextra/i2/228784630/T22qhXXhVOXXXXXXXX_%21%21228784630.jpg\" />\r\n\t\t\t\t\t</td>\r\n\t\t\t\t</tr>\r\n\t\t\t</tbody>\r\n\t\t</table>\r\n\t\t<p>\r\n\t\t\t偏开襟设计，活泼中透着婉约气质\r\n\t\t</p>\r\n\t\t<p>\r\n\t\t\t<img alt=\"裂帛 裂帛正品 2015秋装新款 女 绣花针织衫 开衫外套23160037浮桑初\" src=\"http://img04.taobaocdn.com/imgextra/i4/228784630/T2c9fiXftaXXXXXXXX_%21%21228784630.jpg\" />\r\n\t\t</p>\r\n\t\t<p>\r\n\t\t\t<img alt=\"裂帛 裂帛正品 2015秋装新款 女 绣花针织衫 开衫外套23160037浮桑初\" src=\"http://img04.taobaocdn.com/imgextra/i4/228784630/T2j2edXilcXXXXXXXX_%21%21228784630.jpg\" />\r\n\t\t</p>\r\n\t\t<table class=\"ke-zeroborder\" border=\"0\" cellpadding=\"0\" cellspacing=\"0\">\r\n\t\t\t<tbody>\r\n\t\t\t\t<tr>\r\n\t\t\t\t\t<td>\r\n\t\t\t\t\t\t<img alt=\"裂帛 裂帛正品 2015秋装新款 女 绣花针织衫 开衫外套23160037浮桑初\" src=\"http://img01.taobaocdn.com/imgextra/i1/228784630/T25GTaXh4aXXXXXXXX_%21%21228784630.jpg\" />\r\n\t\t\t\t\t</td>\r\n\t\t\t\t\t<td>\r\n\t\t\t\t\t\t<p>\r\n\t\t\t\t\t\t\t③ 绣花\r\n\t\t\t\t\t\t</p>\r\n\t\t\t\t\t</td>\r\n\t\t\t\t</tr>\r\n\t\t\t</tbody>\r\n\t\t</table>\r\n\t\t<p>\r\n\t\t\t低调而精美，图案古典，针法密实\r\n\t\t</p>\r\n\t\t<table class=\"ke-zeroborder\" border=\"0\" cellpadding=\"0\" cellspacing=\"0\">\r\n\t\t\t<tbody>\r\n\t\t\t\t<tr>\r\n\t\t\t\t\t<td>\r\n\t\t\t\t\t\t<p>\r\n\t\t\t\t\t\t\t④ 下摆\r\n\t\t\t\t\t\t</p>\r\n\t\t\t\t\t</td>\r\n\t\t\t\t\t<td>\r\n\t\t\t\t\t\t<img alt=\"裂帛 裂帛正品 2015秋装新款 女 绣花针织衫 开衫外套23160037浮桑初\" src=\"http://img02.taobaocdn.com/imgextra/i2/228784630/T22qhXXhVOXXXXXXXX_%21%21228784630.jpg\" />\r\n\t\t\t\t\t</td>\r\n\t\t\t\t</tr>\r\n\t\t\t</tbody>\r\n\t\t</table>\r\n\t\t<p>\r\n\t\t\t不规则下摆，打破死板\r\n\t\t</p>\r\n\t\t<p>\r\n\t\t\t<img alt=\"裂帛 裂帛正品 2015秋装新款 女 绣花针织衫 开衫外套23160037浮桑初\" src=\"http://img04.taobaocdn.com/imgextra/i4/228784630/T2qNnjXktaXXXXXXXX_%21%21228784630.jpg\" />\r\n\t\t</p>\r\n\t\t<p>\r\n\t\t\t<img alt=\"裂帛 裂帛正品 2015秋装新款 女 绣花针织衫 开衫外套23160037浮桑初\" src=\"http://img04.taobaocdn.com/imgextra/i4/228784630/T2hf6jXjdaXXXXXXXX_%21%21228784630.jpg\" />\r\n\t\t</p>\r\n\t\t<p>\r\n\t\t\t<img alt=\"裂帛 裂帛正品 2015秋装新款 女 绣花针织衫 开衫外套23160037浮桑初\" src=\"http://img01.taobaocdn.com/imgextra/i1/228784630/T2vwSPXdJbXXXXXXXX_%21%21228784630.jpg\" height=\"31\" width=\"748\" />\r\n\t\t</p>\r\n\t\t<p>\r\n\t\t\t<img alt=\"裂帛 裂帛正品 2015秋装新款 女 绣花针织衫 开衫外套23160037浮桑初\" src=\"http://img03.taobaocdn.com/imgextra/i3/228784630/T2PbafXhpXXXXXXXXX_%21%21228784630.jpg\" />\r\n\t\t</p>\r\n\t\t<table style=\"font-size:12px;\" class=\"ke-zeroborder\" border=\"0\" cellpadding=\"0\" cellspacing=\"0\" width=\"460\">\r\n\t\t\t<tbody>\r\n\t\t\t\t<tr>\r\n\t\t\t\t\t<td style=\"height: 27px;\">\r\n\t\t\t\t\t\t<strong>尺码</strong>\r\n\t\t\t\t\t</td>\r\n\t\t\t\t\t<td>\r\n\t\t\t\t\t\t<strong>后中长</strong>\r\n\t\t\t\t\t</td>\r\n\t\t\t\t\t<td>\r\n\t\t\t\t\t\t<strong>胸围</strong>\r\n\t\t\t\t\t</td>\r\n\t\t\t\t\t<td>\r\n\t\t\t\t\t\t<strong>摆围</strong>\r\n\t\t\t\t\t</td>\r\n\t\t\t\t\t<td>\r\n\t\t\t\t\t\t<strong>袖长</strong>\r\n\t\t\t\t\t</td>\r\n\t\t\t\t\t<td>\r\n\t\t\t\t\t\t<strong>袖肥</strong>\r\n\t\t\t\t\t</td>\r\n\t\t\t\t\t<td>\r\n\t\t\t\t\t\t<strong>领宽</strong>\r\n\t\t\t\t\t</td>\r\n\t\t\t\t\t<td>\r\n\t\t\t\t\t\t<strong>-</strong>\r\n\t\t\t\t\t</td>\r\n\t\t\t\t\t<td>\r\n\t\t\t\t\t\t<strong>-</strong>\r\n\t\t\t\t\t</td>\r\n\t\t\t\t</tr>\r\n\t\t\t\t<tr>\r\n\t\t\t\t\t<td style=\"height: 27px;\">\r\n\t\t\t\t\t\tS\r\n\t\t\t\t\t</td>\r\n\t\t\t\t\t<td>\r\n\t\t\t\t\t\t64\r\n\t\t\t\t\t</td>\r\n\t\t\t\t\t<td>\r\n\t\t\t\t\t\t92\r\n\t\t\t\t\t</td>\r\n\t\t\t\t\t<td>\r\n\t\t\t\t\t\t92\r\n\t\t\t\t\t</td>\r\n\t\t\t\t\t<td>\r\n\t\t\t\t\t\t61\r\n\t\t\t\t\t</td>\r\n\t\t\t\t\t<td>\r\n\t\t\t\t\t\t26\r\n\t\t\t\t\t</td>\r\n\t\t\t\t\t<td>\r\n\t\t\t\t\t\t29\r\n\t\t\t\t\t</td>\r\n\t\t\t\t\t<td>\r\n\t\t\t\t\t\t-\r\n\t\t\t\t\t</td>\r\n\t\t\t\t\t<td>\r\n\t\t\t\t\t\t-\r\n\t\t\t\t\t</td>\r\n\t\t\t\t</tr>\r\n\t\t\t\t<tr>\r\n\t\t\t\t\t<td style=\"height: 27px;\">\r\n\t\t\t\t\t\tM\r\n\t\t\t\t\t</td>\r\n\t\t\t\t\t<td>\r\n\t\t\t\t\t\t66\r\n\t\t\t\t\t</td>\r\n\t\t\t\t\t<td>\r\n\t\t\t\t\t\t96\r\n\t\t\t\t\t</td>\r\n\t\t\t\t\t<td>\r\n\t\t\t\t\t\t96\r\n\t\t\t\t\t</td>\r\n\t\t\t\t\t<td>\r\n\t\t\t\t\t\t63\r\n\t\t\t\t\t</td>\r\n\t\t\t\t\t<td>\r\n\t\t\t\t\t\t27\r\n\t\t\t\t\t</td>\r\n\t\t\t\t\t<td>\r\n\t\t\t\t\t\t29\r\n\t\t\t\t\t</td>\r\n\t\t\t\t\t<td>\r\n\t\t\t\t\t\t-\r\n\t\t\t\t\t</td>\r\n\t\t\t\t\t<td>\r\n\t\t\t\t\t\t-\r\n\t\t\t\t\t</td>\r\n\t\t\t\t</tr>\r\n\t\t\t\t<tr>\r\n\t\t\t\t\t<td style=\"height: 27px;\">\r\n\t\t\t\t\t\tL\r\n\t\t\t\t\t</td>\r\n\t\t\t\t\t<td>\r\n\t\t\t\t\t\t68\r\n\t\t\t\t\t</td>\r\n\t\t\t\t\t<td>\r\n\t\t\t\t\t\t100\r\n\t\t\t\t\t</td>\r\n\t\t\t\t\t<td>\r\n\t\t\t\t\t\t100\r\n\t\t\t\t\t</td>\r\n\t\t\t\t\t<td>\r\n\t\t\t\t\t\t65\r\n\t\t\t\t\t</td>\r\n\t\t\t\t\t<td>\r\n\t\t\t\t\t\t28\r\n\t\t\t\t\t</td>\r\n\t\t\t\t\t<td>\r\n\t\t\t\t\t\t30\r\n\t\t\t\t\t</td>\r\n\t\t\t\t\t<td>\r\n\t\t\t\t\t\t-\r\n\t\t\t\t\t</td>\r\n\t\t\t\t\t<td>\r\n\t\t\t\t\t\t-\r\n\t\t\t\t\t</td>\r\n\t\t\t\t</tr>\r\n\t\t\t\t<tr>\r\n\t\t\t\t\t<td style=\"height: 27px;\">\r\n\t\t\t\t\t\tXL\r\n\t\t\t\t\t</td>\r\n\t\t\t\t\t<td>\r\n\t\t\t\t\t\t70\r\n\t\t\t\t\t</td>\r\n\t\t\t\t\t<td>\r\n\t\t\t\t\t\t104\r\n\t\t\t\t\t</td>\r\n\t\t\t\t\t<td>\r\n\t\t\t\t\t\t104\r\n\t\t\t\t\t</td>\r\n\t\t\t\t\t<td>\r\n\t\t\t\t\t\t67\r\n\t\t\t\t\t</td>\r\n\t\t\t\t\t<td>\r\n\t\t\t\t\t\t29\r\n\t\t\t\t\t</td>\r\n\t\t\t\t\t<td>\r\n\t\t\t\t\t\t30\r\n\t\t\t\t\t</td>\r\n\t\t\t\t\t<td>\r\n\t\t\t\t\t\t-\r\n\t\t\t\t\t</td>\r\n\t\t\t\t\t<td>\r\n\t\t\t\t\t\t-\r\n\t\t\t\t\t</td>\r\n\t\t\t\t</tr>\r\n\t\t\t\t<tr>\r\n\t\t\t\t\t<td style=\"height: 27px;\">\r\n\t\t\t\t\t\t-\r\n\t\t\t\t\t</td>\r\n\t\t\t\t\t<td>\r\n\t\t\t\t\t\t-\r\n\t\t\t\t\t</td>\r\n\t\t\t\t\t<td>\r\n\t\t\t\t\t\t-\r\n\t\t\t\t\t</td>\r\n\t\t\t\t\t<td>\r\n\t\t\t\t\t\t-\r\n\t\t\t\t\t</td>\r\n\t\t\t\t\t<td>\r\n\t\t\t\t\t\t-\r\n\t\t\t\t\t</td>\r\n\t\t\t\t\t<td>\r\n\t\t\t\t\t\t-\r\n\t\t\t\t\t</td>\r\n\t\t\t\t\t<td>\r\n\t\t\t\t\t\t-\r\n\t\t\t\t\t</td>\r\n\t\t\t\t\t<td>\r\n\t\t\t\t\t\t-\r\n\t\t\t\t\t</td>\r\n\t\t\t\t\t<td>\r\n\t\t\t\t\t\t-\r\n\t\t\t\t\t</td>\r\n\t\t\t\t</tr>\r\n\t\t\t\t<tr>\r\n\t\t\t\t\t<td style=\"height: 27px;\">\r\n\t\t\t\t\t\t-\r\n\t\t\t\t\t</td>\r\n\t\t\t\t\t<td>\r\n\t\t\t\t\t\t-\r\n\t\t\t\t\t</td>\r\n\t\t\t\t\t<td>\r\n\t\t\t\t\t\t-\r\n\t\t\t\t\t</td>\r\n\t\t\t\t\t<td>\r\n\t\t\t\t\t\t-\r\n\t\t\t\t\t</td>\r\n\t\t\t\t\t<td>\r\n\t\t\t\t\t\t-\r\n\t\t\t\t\t</td>\r\n\t\t\t\t\t<td>\r\n\t\t\t\t\t\t-\r\n\t\t\t\t\t</td>\r\n\t\t\t\t\t<td>\r\n\t\t\t\t\t\t-\r\n\t\t\t\t\t</td>\r\n\t\t\t\t\t<td>\r\n\t\t\t\t\t\t-\r\n\t\t\t\t\t</td>\r\n\t\t\t\t\t<td>\r\n\t\t\t\t\t\t-\r\n\t\t\t\t\t</td>\r\n\t\t\t\t</tr>\r\n\t\t\t</tbody>\r\n\t\t</table>\r\n\t\t<p>\r\n\t\t\t由于尺码是纯手工测量所以难免存在1CM-3CM,请精灵见谅。\r\n\t\t</p>\r\n\t\t<p>\r\n\t\t\t<img alt=\"裂帛 裂帛正品 2015秋装新款 女 绣花针织衫 开衫外套23160037浮桑初\" src=\"http://img03.taobaocdn.com/imgextra/i3/228784630/T293WhXdNcXXXXXXXX_%21%21228784630.jpg\" height=\"33\" width=\"748\" />\r\n\t\t</p>\r\n\t\t<table style=\"font-size:12px;\" class=\"ke-zeroborder\" border=\"0\" cellpadding=\"0\" cellspacing=\"0\" width=\"690\">\r\n\t\t\t<tbody>\r\n\t\t\t\t<tr>\r\n\t\t\t\t\t<td style=\"height: 27px; width: 80px;\">\r\n\t\t\t\t\t\t模特橙子\r\n\t\t\t\t\t</td>\r\n\t\t\t\t\t<td style=\"width: 70px;\">\r\n\t\t\t\t\t\t身高168CM\r\n\t\t\t\t\t</td>\r\n\t\t\t\t\t<td style=\"width: 70px;\">\r\n\t\t\t\t\t\t体重45KG\r\n\t\t\t\t\t</td>\r\n\t\t\t\t\t<td style=\"width: 120px;\">\r\n\t\t\t\t\t\t三围： 81/57/82/\r\n\t\t\t\t\t</td>\r\n\t\t\t\t\t<td style=\"width: 350px;\">\r\n\t\t\t\t\t\t肩宽 37CM &nbsp; 穿S码（裤子穿25码）\r\n\t\t\t\t\t</td>\r\n\t\t\t\t</tr>\r\n\t\t\t\t<tr>\r\n\t\t\t\t\t<td style=\"height: 27px; width: 80px;\">\r\n\t\t\t\t\t\t模特田心\r\n\t\t\t\t\t</td>\r\n\t\t\t\t\t<td style=\"width: 70px;\">\r\n\t\t\t\t\t\t身高165CM\r\n\t\t\t\t\t</td>\r\n\t\t\t\t\t<td style=\"width: 70px;\">\r\n\t\t\t\t\t\t体重45KG\r\n\t\t\t\t\t</td>\r\n\t\t\t\t\t<td style=\"width: 120px;\">\r\n\t\t\t\t\t\t三围： 80/58.5/83/\r\n\t\t\t\t\t</td>\r\n\t\t\t\t\t<td style=\"width: 350px;\">\r\n\t\t\t\t\t\t肩宽 37CM &nbsp; 穿S码（裤子穿25码）\r\n\t\t\t\t\t</td>\r\n\t\t\t\t</tr>\r\n\t\t\t\t<tr>\r\n\t\t\t\t\t<td style=\"height: 27px; width: 80px;\">\r\n\t\t\t\t\t\t试衣模特\r\n\t\t\t\t\t</td>\r\n\t\t\t\t\t<td style=\"width: 70px;\">\r\n\t\t\t\t\t\t身高160CM\r\n\t\t\t\t\t</td>\r\n\t\t\t\t\t<td style=\"width: 70px;\">\r\n\t\t\t\t\t\t体重50KG\r\n\t\t\t\t\t</td>\r\n\t\t\t\t\t<td style=\"width: 120px;\">\r\n\t\t\t\t\t\t三围： 84/66/85/\r\n\t\t\t\t\t</td>\r\n\t\t\t\t\t<td style=\"width: 350px;\">\r\n\t\t\t\t\t\t平时穿M码/裤子26 码 此款***码 合适\r\n\t\t\t\t\t</td>\r\n\t\t\t\t</tr>\r\n\t\t\t\t<tr>\r\n\t\t\t\t\t<td style=\"height: 27px; width: 80px;\">\r\n\t\t\t\t\t\t试衣模特\r\n\t\t\t\t\t</td>\r\n\t\t\t\t\t<td style=\"width: 70px;\">\r\n\t\t\t\t\t\t身高168CM\r\n\t\t\t\t\t</td>\r\n\t\t\t\t\t<td style=\"width: 70px;\">\r\n\t\t\t\t\t\t体重62.5KG\r\n\t\t\t\t\t</td>\r\n\t\t\t\t\t<td style=\"width: 120px;\">\r\n\t\t\t\t\t\t三围： 100/82/95/\r\n\t\t\t\t\t</td>\r\n\t\t\t\t\t<td style=\"width: 350px;\">\r\n\t\t\t\t\t\t平时穿L码/裤子29 码 此款***码 合适\r\n\t\t\t\t\t</td>\r\n\t\t\t\t</tr>\r\n\t\t\t</tbody>\r\n\t\t</table>\r\n\t\t<p>\r\n\t\t\t<img alt=\"裂帛 裂帛正品 2015秋装新款 女 绣花针织衫 开衫外套23160037浮桑初\" src=\"http://img03.taobaocdn.com/imgextra/i3/228784630/T2l1PkXaNXXXXXXXXX_%21%21228784630.jpg\" />\r\n\t\t</p>\r\n\t\t<p>\r\n\t\t\t<img alt=\"裂帛 裂帛正品 2015秋装新款 女 绣花针织衫 开衫外套23160037浮桑初\" src=\"http://img01.taobaocdn.com/imgextra/i1/228784630/T2vh2cXhBaXXXXXXXX_%21%21228784630.jpg\" style=\"text-align: absMiddle;\" />\r\n\t\t</p>\r\n\t</div>\r\n</div>','',1,NULL,1,NULL,0,1388476693,0,'',189.00,702.00,56.00,26,'23160037',0,0,'',1,0.00,0,1,36,',0,',0,0,0,NULL,NULL,1,0,0,0,0,0,1,NULL),(100009,'2015春款打底毛衫拼色毛衣 长袖套头针织衫 莺','',NULL,14,1,4,14,'服饰鞋帽 &gt;女装 &gt;针织衫',1,'官方旗舰店','a:1:{i:1;s:6:\"颜色\";}','a:1:{i:1;a:3:{i:222;s:6:\"蓝色\";i:224;s:6:\"绿色\";i:227;s:6:\"橙色\";}}',101,'爱帝',34,'1_04418211211965600.jpg','a:5:{i:206;a:2:{s:4:\"name\";s:6:\"款式\";i:3050;s:6:\"毛衣\";}i:207;a:2:{s:4:\"name\";s:6:\"材质\";i:3064;s:13:\"羊毛/羊绒\";}i:208;a:2:{s:4:\"name\";s:6:\"价格\";i:3069;s:7:\"100-199\";}i:209;a:2:{s:4:\"name\";s:6:\"袖长\";i:3076;s:6:\"长袖\";}i:210;a:2:{s:4:\"name\";s:6:\"风格\";i:3087;s:12:\"原创设计\";}}','<p>\r\n\t<img alt=\"裂帛  裂帛2015秋款打底毛衫拼色毛衣 长袖套头针织衫24160069莺\" title=\"温馨提示.jpg\" src=\"http://pimg1.imglefeng.com/decoration/1000000029/947d983961bd9a8fcc2ea78818fbd5f1_1386214294101.jpg\" />&nbsp;\r\n</p>\r\n<p>\r\n\t<img alt=\"裂帛  裂帛2015秋款打底毛衫拼色毛衣 长袖套头针织衫24160069莺\" src=\"http://img03.taobaocdn.com/imgextra/i3/1124754276/T2bpwSXeNaXXXXXXXX_%21%211124754276.jpg\" style=\"text-align: absMiddle;\" />\r\n</p>\r\n<p>\r\n\t&nbsp;\r\n</p>\r\n<p>\r\n\t<img alt=\"裂帛  裂帛2015秋款打底毛衫拼色毛衣 长袖套头针织衫24160069莺\" id=\"ids-tag-m-5\" class=\"ke_anchor\" src=\"http://a.tbcdn.cn/kissy/1.0.0/build/imglazyload/spaceball.gif\" /><img alt=\"裂帛  裂帛2015秋款打底毛衫拼色毛衣 长袖套头针织衫24160069莺\" src=\"http://img04.taobaocdn.com/imgextra/i4/1124754276/T2_JMRXdtaXXXXXXXX_%21%211124754276.jpg\" style=\"text-align: absMiddle;\" />\r\n</p>\r\n<p>\r\n\t<img alt=\"裂帛  裂帛2015秋款打底毛衫拼色毛衣 长袖套头针织衫24160069莺\" src=\"http://img01.taobaocdn.com/imgextra/i1/1124754276/T2GPiRXj8bXXXXXXXX_%21%211124754276.jpg\" />\r\n</p>\r\n<table class=\"ke-zeroborder\" border=\"0\" cellpadding=\"0\" cellspacing=\"0\" width=\"750\">\r\n\t<tbody>\r\n\t\t<tr>\r\n\t\t\t<td>\r\n\t\t\t\t&nbsp;\r\n\t\t\t</td>\r\n\t\t\t<td>\r\n\t\t\t\t&nbsp;\r\n\t\t\t</td>\r\n\t\t</tr>\r\n\t\t<tr>\r\n\t\t\t<td colspan=\"2\">\r\n\t\t\t\t<img alt=\"裂帛  裂帛2015秋款打底毛衫拼色毛衣 长袖套头针织衫24160069莺\" src=\"http://img03.taobaocdn.com/imgextra/i3/1124754276/T2o5ciXfpXXXXXXXXX_%21%211124754276.jpg\" height=\"90\" width=\"750\" />\r\n\t\t\t</td>\r\n\t\t</tr>\r\n\t\t<tr>\r\n\t\t\t<td rowspan=\"2\">\r\n\t\t\t\t<img alt=\"裂帛  裂帛2015秋款打底毛衫拼色毛衣 长袖套头针织衫24160069莺\" src=\"http://img01.taobaocdn.com/imgextra/i1/1124754276/T2p2jJXaxbXXXXXXXX_%21%211124754276.jpg\" />\r\n\t\t\t</td>\r\n\t\t\t<td>\r\n\t\t\t\t<img alt=\"裂帛  裂帛2015秋款打底毛衫拼色毛衣 长袖套头针织衫24160069莺\" src=\"http://img02.taobaocdn.com/imgextra/i2/1124754276/T25UIRXb8aXXXXXXXX_%21%211124754276.jpg\" height=\"58\" width=\"440\" />\r\n\t\t\t</td>\r\n\t\t</tr>\r\n\t\t<tr>\r\n\t\t\t<td style=\"font-family:微软雅黑;font-size:12px; background-color: #ffffff; height: 102px; width: 440px;\">\r\n\t\t\t\t<p>\r\n\t\t\t\t\t分割的情感落成一片一片的<br />\r\n棱角坚实地分布在人们身着的欣喜中<br />\r\n温暖自空气 流入身体<br />\r\n你在一个果园里采摘到热爱<br />\r\n或者简单的设计以及无法藏掖的暧昧<br />\r\n拒绝无所适从的情感<br />\r\n一切都很自然、美丽以及大方\r\n\t\t\t\t</p>\r\n\t\t\t</td>\r\n\t\t</tr>\r\n\t\t<tr>\r\n\t\t\t<td colspan=\"2\" style=\"height: 30px;\">\r\n\t\t\t\t<table class=\"ke-zeroborder\" border=\"0\" cellpadding=\"0\" cellspacing=\"0\" width=\"750\">\r\n\t\t\t\t\t<tbody>\r\n\t\t\t\t\t\t<tr>\r\n\t\t\t\t\t\t\t<td style=\"height: 30px; width: 70px;\">\r\n\t\t\t\t\t\t\t\t&nbsp;\r\n\t\t\t\t\t\t\t</td>\r\n\t\t\t\t\t\t\t<td style=\"width: 14px;\">\r\n\t\t\t\t\t\t\t\t<img alt=\"裂帛  裂帛2015秋款打底毛衫拼色毛衣 长袖套头针织衫24160069莺\" src=\"http://img02.taobaocdn.com/imgextra/i2/1124754276/T2269NXjNbXXXXXXXX_%21%211124754276.jpg\" height=\"30\" width=\"14\" />\r\n\t\t\t\t\t\t\t</td>\r\n\t\t\t\t\t\t\t<td style=\"width: 666px;\">\r\n\t\t\t\t\t\t\t\t<p>\r\n\t\t\t\t\t\t\t\t\t24160069 莺伞 腈棉直筒螺纹下摆梭织毛衣\r\n\t\t\t\t\t\t\t\t</p>\r\n\t\t\t\t\t\t\t</td>\r\n\t\t\t\t\t\t</tr>\r\n\t\t\t\t\t</tbody>\r\n\t\t\t\t</table>\r\n\t\t\t</td>\r\n\t\t</tr>\r\n\t\t<tr>\r\n\t\t\t<td colspan=\"2\">\r\n\t\t\t\t<table class=\"ke-zeroborder\" border=\"0\" cellpadding=\"0\" cellspacing=\"0\" width=\"750\">\r\n\t\t\t\t\t<tbody>\r\n\t\t\t\t\t\t<tr>\r\n\t\t\t\t\t\t\t<td style=\"background-color: #ffffff; height: 30px; width: 70px;\">\r\n\t\t\t\t\t\t\t\t&nbsp;\r\n\t\t\t\t\t\t\t</td>\r\n\t\t\t\t\t\t\t<td style=\"font-family:微软雅黑;font-size:12px; width: 680px;\">\r\n\t\t\t\t\t\t\t\t设计点：直筒型/大圆领/拼接袖/腈棉/几何分割图案/罗纹下摆\r\n\t\t\t\t\t\t\t</td>\r\n\t\t\t\t\t\t</tr>\r\n\t\t\t\t\t</tbody>\r\n\t\t\t\t</table>\r\n\t\t\t</td>\r\n\t\t</tr>\r\n\t</tbody>\r\n</table>\r\n<p>\r\n\t<img alt=\"裂帛  裂帛2015秋款打底毛衫拼色毛衣 长袖套头针织衫24160069莺\" src=\"http://img03.taobaocdn.com/imgextra/i3/1124754276/T2FZESXk0XXXXXXXXX_%21%211124754276.jpg\" style=\"text-align: absMiddle;\" />\r\n</p>\r\n<p>\r\n\t<img alt=\"裂帛  裂帛2015秋款打底毛衫拼色毛衣 长袖套头针织衫24160069莺\" src=\"http://img02.taobaocdn.com/imgextra/i2/1124754276/T22BrjXf0XXXXXXXXX_%21%211124754276.jpg\" />\r\n</p>\r\n<p>\r\n\t<img alt=\"裂帛  裂帛2015秋款打底毛衫拼色毛衣 长袖套头针织衫24160069莺\" src=\"http://img01.taobaocdn.com/imgextra/i1/1124754276/T298ZRXdhaXXXXXXXX_%21%211124754276.jpg\" style=\"text-align: absMiddle;\" />\r\n</p>\r\n<p>\r\n\t<img alt=\"裂帛  裂帛2015秋款打底毛衫拼色毛衣 长袖套头针织衫24160069莺\" src=\"http://img02.taobaocdn.com/imgextra/i2/1124754276/T2.6niXmlaXXXXXXXX_%21%211124754276.jpg\" /><img alt=\"裂帛  裂帛2015秋款打底毛衫拼色毛衣 长袖套头针织衫24160069莺\" src=\"http://img01.taobaocdn.com/imgextra/i1/1124754276/T2Z0VvXXtOXXXXXXXX_%21%211124754276.jpg\" /><img alt=\"裂帛  裂帛2015秋款打底毛衫拼色毛衣 长袖套头针织衫24160069莺\" src=\"http://img02.taobaocdn.com/imgextra/i2/1124754276/T2BX6kXbtXXXXXXXXX_%21%211124754276.jpg\" />\r\n</p>\r\n<p>\r\n\t<img alt=\"裂帛  裂帛2015秋款打底毛衫拼色毛衣 长袖套头针织衫24160069莺\" src=\"http://img03.taobaocdn.com/imgextra/i3/1124754276/T2mWbnXfBaXXXXXXXX_%21%211124754276.jpg\" />\r\n</p>\r\n<p>\r\n\t<img alt=\"裂帛  裂帛2015秋款打底毛衫拼色毛衣 长袖套头针织衫24160069莺\" src=\"http://img01.taobaocdn.com/imgextra/i1/1124754276/T2KX_nXgXaXXXXXXXX_%21%211124754276.jpg\" />\r\n</p>\r\n<p>\r\n\t<img alt=\"裂帛  裂帛2015秋款打底毛衫拼色毛衣 长袖套头针织衫24160069莺\" src=\"http://img01.taobaocdn.com/imgextra/i1/1124754276/T2CdDnXgRXXXXXXXXX_%21%211124754276.jpg\" />\r\n</p>\r\n<p>\r\n\t<img alt=\"裂帛  裂帛2015秋款打底毛衫拼色毛衣 长袖套头针织衫24160069莺\" src=\"http://img04.taobaocdn.com/imgextra/i4/1124754276/T2o.2iXXNbXXXXXXXX_%21%211124754276.jpg\" /><img alt=\"裂帛  裂帛2015秋款打底毛衫拼色毛衣 长袖套头针织衫24160069莺\" src=\"http://img02.taobaocdn.com/imgextra/i2/1124754276/T2uWlvXcdOXXXXXXXX_%21%211124754276.jpg\" />\r\n</p>\r\n<p>\r\n\t&nbsp;\r\n</p>\r\n<p>\r\n\t<img alt=\"裂帛  裂帛2015秋款打底毛衫拼色毛衣 长袖套头针织衫24160069莺\" id=\"ids-tag-m-4\" class=\"ke_anchor\" src=\"http://a.tbcdn.cn/kissy/1.0.0/build/imglazyload/spaceball.gif\" /><img alt=\"裂帛  裂帛2015秋款打底毛衫拼色毛衣 长袖套头针织衫24160069莺\" src=\"http://img02.taobaocdn.com/imgextra/i2/1124754276/T2JksTXXtXXXXXXXXX_%21%211124754276.jpg\" style=\"text-align: absMiddle;\" />\r\n</p>\r\n<table style=\"color:#292929;font-size:12px;font-weight:bold;\" class=\"ke-zeroborder\" border=\"0\" cellpadding=\"0\" cellspacing=\"0\" width=\"685\">\r\n\t<tbody>\r\n\t\t<tr>\r\n\t\t\t<td align=\"right\" style=\"width: 72px;\">\r\n\t\t\t\t产品款号：\r\n\t\t\t</td>\r\n\t\t\t<td style=\"width: 322px;\">\r\n\t\t\t\t24160069\r\n\t\t\t</td>\r\n\t\t\t<td align=\"right\" style=\"width: 58px;\">\r\n\t\t\t\t柔软：\r\n\t\t\t</td>\r\n\t\t\t<td valign=\"center\" style=\"width: 233px;\">\r\n\t\t\t\t<ul class=\"list-paddingleft-2\">\r\n\t\t\t\t\t<li>\r\n\t\t\t\t\t\t<p>\r\n\t\t\t\t\t\t\t<span style=\"background-color:#5d5d5d;color:#ffffff;\">柔软</span>\r\n\t\t\t\t\t\t</p>\r\n\t\t\t\t\t</li>\r\n\t\t\t\t\t<li>\r\n\t\t\t\t\t\t<p>\r\n\t\t\t\t\t\t\t适中\r\n\t\t\t\t\t\t</p>\r\n\t\t\t\t\t</li>\r\n\t\t\t\t\t<li>\r\n\t\t\t\t\t\t<p>\r\n\t\t\t\t\t\t\t偏硬\r\n\t\t\t\t\t\t</p>\r\n\t\t\t\t\t</li>\r\n\t\t\t\t</ul>\r\n\t\t\t</td>\r\n\t\t</tr>\r\n\t\t<tr>\r\n\t\t\t<td align=\"right\" style=\"width: 72px;\">\r\n\t\t\t\t产品昵称：\r\n\t\t\t</td>\r\n\t\t\t<td style=\"width: 322px;\">\r\n\t\t\t\t莺伞\r\n\t\t\t</td>\r\n\t\t\t<td align=\"right\" style=\"width: 58px;\">\r\n\t\t\t\t厚度：\r\n\t\t\t</td>\r\n\t\t\t<td style=\"width: 233px;\">\r\n\t\t\t\t<ul class=\"list-paddingleft-2\">\r\n\t\t\t\t\t<li>\r\n\t\t\t\t\t\t<p>\r\n\t\t\t\t\t\t\t<span style=\"background-color:#ffffff;color:#000000;\">加厚</span>\r\n\t\t\t\t\t\t</p>\r\n\t\t\t\t\t</li>\r\n\t\t\t\t\t<li>\r\n\t\t\t\t\t\t<p>\r\n\t\t\t\t\t\t\t厚&nbsp;\r\n\t\t\t\t\t\t</p>\r\n\t\t\t\t\t</li>\r\n\t\t\t\t\t<li>\r\n\t\t\t\t\t\t<p>\r\n\t\t\t\t\t\t\t适中&nbsp;\r\n\t\t\t\t\t\t</p>\r\n\t\t\t\t\t</li>\r\n\t\t\t\t\t<li>\r\n\t\t\t\t\t\t<p>\r\n\t\t\t\t\t\t\t<span style=\"background-color:#626262;color:#ffffff;\">薄款</span>\r\n\t\t\t\t\t\t</p>\r\n\t\t\t\t\t</li>\r\n\t\t\t\t</ul>\r\n\t\t\t</td>\r\n\t\t</tr>\r\n\t\t<tr>\r\n\t\t\t<td align=\"right\" style=\"width: 72px;\">\r\n\t\t\t\t产品颜色：\r\n\t\t\t</td>\r\n\t\t\t<td style=\"width: 322px;\">\r\n\t\t\t\t蓝色 绿色 橙色\r\n\t\t\t</td>\r\n\t\t\t<td align=\"right\" style=\"width: 58px;\">\r\n\t\t\t\t弹力：\r\n\t\t\t</td>\r\n\t\t\t<td style=\"width: 233px;\">\r\n\t\t\t\t<ul class=\"list-paddingleft-2\">\r\n\t\t\t\t\t<li>\r\n\t\t\t\t\t\t<p>\r\n\t\t\t\t\t\t\t<span style=\"background-color:#ffffff;color:#000000;\">超弹</span>\r\n\t\t\t\t\t\t</p>\r\n\t\t\t\t\t</li>\r\n\t\t\t\t\t<li>\r\n\t\t\t\t\t\t<p>\r\n\t\t\t\t\t\t\t弹力\r\n\t\t\t\t\t\t</p>\r\n\t\t\t\t\t</li>\r\n\t\t\t\t\t<li>\r\n\t\t\t\t\t\t<p>\r\n\t\t\t\t\t\t\t<span style=\"background-color:#5f5f5f;color:#ffffff;\">微弹</span>\r\n\t\t\t\t\t\t</p>\r\n\t\t\t\t\t</li>\r\n\t\t\t\t\t<li>\r\n\t\t\t\t\t\t<p>\r\n\t\t\t\t\t\t\t无弹力\r\n\t\t\t\t\t\t</p>\r\n\t\t\t\t\t</li>\r\n\t\t\t\t</ul>\r\n\t\t\t</td>\r\n\t\t</tr>\r\n\t\t<tr>\r\n\t\t\t<td align=\"right\" style=\"width: 72px;\">\r\n\t\t\t\t产品成份：\r\n\t\t\t</td>\r\n\t\t\t<td style=\"width: 322px;\">\r\n\t\t\t\t54.2%聚丙烯腈纤维45.8%棉\r\n\t\t\t</td>\r\n\t\t\t<td align=\"right\" style=\"width: 58px;\">\r\n\t\t\t\t版型：\r\n\t\t\t</td>\r\n\t\t\t<td style=\"width: 233px;\">\r\n\t\t\t\t<ul class=\"list-paddingleft-2\">\r\n\t\t\t\t\t<li>\r\n\t\t\t\t\t\t<p>\r\n\t\t\t\t\t\t\t<span style=\"background-color:#ffffff;color:#000000;\">修身</span>\r\n\t\t\t\t\t\t</p>\r\n\t\t\t\t\t</li>\r\n\t\t\t\t\t<li>\r\n\t\t\t\t\t\t<p>\r\n\t\t\t\t\t\t\t直筒&nbsp;\r\n\t\t\t\t\t\t</p>\r\n\t\t\t\t\t</li>\r\n\t\t\t\t\t<li>\r\n\t\t\t\t\t\t<p>\r\n\t\t\t\t\t\t\t<span style=\"background-color:#626262;color:#ffffff;\">宽松</span>\r\n\t\t\t\t\t\t</p>\r\n\t\t\t\t\t</li>\r\n\t\t\t\t\t<li>\r\n\t\t\t\t\t\t<p>\r\n\t\t\t\t\t\t\t适中\r\n\t\t\t\t\t\t</p>\r\n\t\t\t\t\t</li>\r\n\t\t\t\t</ul>\r\n\t\t\t</td>\r\n\t\t</tr>\r\n\t\t<tr>\r\n\t\t\t<td align=\"right\" style=\"width: 72px;\">\r\n\t\t\t\t克&nbsp;&nbsp;&nbsp; 重：\r\n\t\t\t</td>\r\n\t\t\t<td style=\"width: 322px;\">\r\n\t\t\t\t0.26kg\r\n\t\t\t</td>\r\n\t\t\t<td align=\"right\" style=\"width: 58px;\">\r\n\t\t\t\t<br />\r\n\t\t\t</td>\r\n\t\t\t<td style=\"width: 233px;\">\r\n\t\t\t\t<br />\r\n\t\t\t</td>\r\n\t\t</tr>\r\n\t</tbody>\r\n</table>\r\n<p>\r\n\t<img alt=\"裂帛  裂帛2015秋款打底毛衫拼色毛衣 长袖套头针织衫24160069莺\" id=\"ids-tag-m-1\" class=\"ke_anchor\" src=\"http://a.tbcdn.cn/kissy/1.0.0/build/imglazyload/spaceball.gif\" /><img alt=\"裂帛  裂帛2015秋款打底毛衫拼色毛衣 长袖套头针织衫24160069莺\" src=\"http://img01.taobaocdn.com/imgextra/i1/1124754276/T26aZSXo4XXXXXXXXX_%21%211124754276.jpg\" style=\"text-align: absMiddle;\" /><img alt=\"裂帛  裂帛2015秋款打底毛衫拼色毛衣 长袖套头针织衫24160069莺\" src=\"http://img01.taobaocdn.com/imgextra/i1/1124754276/T2XXwgXe0aXXXXXXXX_%21%211124754276.jpg\" />\r\n</p>\r\n<p>\r\n\t<img alt=\"裂帛  裂帛2015秋款打底毛衫拼色毛衣 长袖套头针织衫24160069莺\" src=\"http://img04.taobaocdn.com/imgextra/i4/1124754276/T2I5cgXaRaXXXXXXXX_%21%211124754276.jpg\" />\r\n</p>\r\n<table style=\"font-size:12px;\" class=\"ke-zeroborder\" border=\"0\" cellpadding=\"0\" cellspacing=\"0\" width=\"460\">\r\n\t<tbody>\r\n\t\t<tr>\r\n\t\t\t<td style=\"height: 27px;\">\r\n\t\t\t\t<b>尺码</b>\r\n\t\t\t</td>\r\n\t\t\t<td>\r\n\t\t\t\t<b>左身长</b>\r\n\t\t\t</td>\r\n\t\t\t<td>\r\n\t\t\t\t<b>适用胸围</b>\r\n\t\t\t</td>\r\n\t\t\t<td>\r\n\t\t\t\t<b>摆围</b>\r\n\t\t\t</td>\r\n\t\t\t<td>\r\n\t\t\t\t<b>肩宽</b>\r\n\t\t\t</td>\r\n\t\t\t<td>\r\n\t\t\t\t<b>袖长</b>\r\n\t\t\t</td>\r\n\t\t\t<td>\r\n\t\t\t\t<b>袖肥</b>\r\n\t\t\t</td>\r\n\t\t\t<td>\r\n\t\t\t\t<b>袖口</b>\r\n\t\t\t</td>\r\n\t\t\t<td>\r\n\t\t\t\t<br />\r\n\t\t\t</td>\r\n\t\t</tr>\r\n\t\t<tr>\r\n\t\t\t<td style=\"height: 27px;\">\r\n\t\t\t\tS\r\n\t\t\t</td>\r\n\t\t\t<td>\r\n\t\t\t\t66\r\n\t\t\t</td>\r\n\t\t\t<td>\r\n\t\t\t\t92-96\r\n\t\t\t</td>\r\n\t\t\t<td>\r\n\t\t\t\t71\r\n\t\t\t</td>\r\n\t\t\t<td>\r\n\t\t\t\t56\r\n\t\t\t</td>\r\n\t\t\t<td>\r\n\t\t\t\t46\r\n\t\t\t</td>\r\n\t\t\t<td>\r\n\t\t\t\t25\r\n\t\t\t</td>\r\n\t\t\t<td>\r\n\t\t\t\t16\r\n\t\t\t</td>\r\n\t\t\t<td>\r\n\t\t\t\t<br />\r\n\t\t\t</td>\r\n\t\t</tr>\r\n\t\t<tr>\r\n\t\t\t<td style=\"height: 27px;\">\r\n\t\t\t\tM\r\n\t\t\t</td>\r\n\t\t\t<td>\r\n\t\t\t\t68\r\n\t\t\t</td>\r\n\t\t\t<td>\r\n\t\t\t\t96-100\r\n\t\t\t</td>\r\n\t\t\t<td>\r\n\t\t\t\t75\r\n\t\t\t</td>\r\n\t\t\t<td>\r\n\t\t\t\t58\r\n\t\t\t</td>\r\n\t\t\t<td>\r\n\t\t\t\t47\r\n\t\t\t</td>\r\n\t\t\t<td>\r\n\t\t\t\t26\r\n\t\t\t</td>\r\n\t\t\t<td>\r\n\t\t\t\t17\r\n\t\t\t</td>\r\n\t\t\t<td>\r\n\t\t\t\t<br />\r\n\t\t\t</td>\r\n\t\t</tr>\r\n\t\t<tr>\r\n\t\t\t<td style=\"height: 27px;\">\r\n\t\t\t\tL\r\n\t\t\t</td>\r\n\t\t\t<td>\r\n\t\t\t\t70\r\n\t\t\t</td>\r\n\t\t\t<td>\r\n\t\t\t\t100-104\r\n\t\t\t</td>\r\n\t\t\t<td>\r\n\t\t\t\t79\r\n\t\t\t</td>\r\n\t\t\t<td>\r\n\t\t\t\t60\r\n\t\t\t</td>\r\n\t\t\t<td>\r\n\t\t\t\t48\r\n\t\t\t</td>\r\n\t\t\t<td>\r\n\t\t\t\t27\r\n\t\t\t</td>\r\n\t\t\t<td>\r\n\t\t\t\t18\r\n\t\t\t</td>\r\n\t\t\t<td>\r\n\t\t\t\t<br />\r\n\t\t\t</td>\r\n\t\t</tr>\r\n\t\t<tr>\r\n\t\t\t<td style=\"height: 27px;\">\r\n\t\t\t\tXL\r\n\t\t\t</td>\r\n\t\t\t<td>\r\n\t\t\t\t72\r\n\t\t\t</td>\r\n\t\t\t<td>\r\n\t\t\t\t104-108\r\n\t\t\t</td>\r\n\t\t\t<td>\r\n\t\t\t\t83\r\n\t\t\t</td>\r\n\t\t\t<td>\r\n\t\t\t\t62\r\n\t\t\t</td>\r\n\t\t\t<td>\r\n\t\t\t\t49\r\n\t\t\t</td>\r\n\t\t\t<td>\r\n\t\t\t\t28\r\n\t\t\t</td>\r\n\t\t\t<td>\r\n\t\t\t\t19\r\n\t\t\t</td>\r\n\t\t\t<td>\r\n\t\t\t\t<br />\r\n\t\t\t</td>\r\n\t\t</tr>\r\n\t\t<tr>\r\n\t\t\t<td style=\"height: 27px;\">\r\n\t\t\t\tXXL\r\n\t\t\t</td>\r\n\t\t\t<td>\r\n\t\t\t\t74\r\n\t\t\t</td>\r\n\t\t\t<td>\r\n\t\t\t\t108-112\r\n\t\t\t</td>\r\n\t\t\t<td>\r\n\t\t\t\t87\r\n\t\t\t</td>\r\n\t\t\t<td>\r\n\t\t\t\t64\r\n\t\t\t</td>\r\n\t\t\t<td>\r\n\t\t\t\t50\r\n\t\t\t</td>\r\n\t\t\t<td>\r\n\t\t\t\t29\r\n\t\t\t</td>\r\n\t\t\t<td>\r\n\t\t\t\t20\r\n\t\t\t</td>\r\n\t\t\t<td>\r\n\t\t\t\t<br />\r\n\t\t\t</td>\r\n\t\t</tr>\r\n\t\t<tr>\r\n\t\t\t<td style=\"height: 27px;\">\r\n\t\t\t\t-\r\n\t\t\t</td>\r\n\t\t\t<td>\r\n\t\t\t\t-\r\n\t\t\t</td>\r\n\t\t\t<td>\r\n\t\t\t\t-\r\n\t\t\t</td>\r\n\t\t\t<td>\r\n\t\t\t\t-\r\n\t\t\t</td>\r\n\t\t\t<td>\r\n\t\t\t\t-\r\n\t\t\t</td>\r\n\t\t\t<td>\r\n\t\t\t\t-\r\n\t\t\t</td>\r\n\t\t\t<td>\r\n\t\t\t\t-\r\n\t\t\t</td>\r\n\t\t\t<td>\r\n\t\t\t\t-\r\n\t\t\t</td>\r\n\t\t\t<td>\r\n\t\t\t\t<br />\r\n\t\t\t</td>\r\n\t\t</tr>\r\n\t</tbody>\r\n</table>\r\n<p>\r\n\t由于尺码是纯手工测量所以难免存在1CM-3CM，请精灵们谅解。\r\n</p>\r\n<p>\r\n\t&nbsp;\r\n</p>\r\n<p>\r\n\t<img alt=\"裂帛  裂帛2015秋款打底毛衫拼色毛衣 长袖套头针织衫24160069莺\" id=\"ids-tag-m-2\" class=\"ke_anchor\" src=\"http://a.tbcdn.cn/kissy/1.0.0/build/imglazyload/spaceball.gif\" /><img alt=\"裂帛  裂帛2015秋款打底毛衫拼色毛衣 长袖套头针织衫24160069莺\" src=\"http://img01.taobaocdn.com/imgextra/i1/1124754276/T2eJkSXm0XXXXXXXXX_%21%211124754276.jpg\" style=\"text-align: absMiddle;\" />\r\n</p>\r\n<table style=\"font-size:12px;\" class=\"ke-zeroborder\" border=\"0\" cellpadding=\"0\" cellspacing=\"0\" width=\"690\">\r\n\t<tbody>\r\n\t\t<tr>\r\n\t\t\t<td style=\"height: 27px; width: 80px;\">\r\n\t\t\t\t模特橙子\r\n\t\t\t</td>\r\n\t\t\t<td style=\"width: 70px;\">\r\n\t\t\t\t身高168CM\r\n\t\t\t</td>\r\n\t\t\t<td style=\"width: 70px;\">\r\n\t\t\t\t体重45KG\r\n\t\t\t</td>\r\n\t\t\t<td style=\"width: 120px;\">\r\n\t\t\t\t三围： 81/57/82/\r\n\t\t\t</td>\r\n\t\t\t<td style=\"width: 350px;\">\r\n\t\t\t\t肩宽 37CM&nbsp;&nbsp; 穿S码（裤子穿25码）\r\n\t\t\t</td>\r\n\t\t</tr>\r\n\t\t<tr>\r\n\t\t\t<td style=\"height: 27px; width: 80px;\">\r\n\t\t\t\t模特田心\r\n\t\t\t</td>\r\n\t\t\t<td style=\"width: 70px;\">\r\n\t\t\t\t身高165CM\r\n\t\t\t</td>\r\n\t\t\t<td style=\"width: 70px;\">\r\n\t\t\t\t体重45KG\r\n\t\t\t</td>\r\n\t\t\t<td style=\"width: 120px;\">\r\n\t\t\t\t三围： 80/58.5/83/\r\n\t\t\t</td>\r\n\t\t\t<td style=\"width: 350px;\">\r\n\t\t\t\t肩宽 37CM&nbsp;&nbsp; 穿S码（裤子穿25码）\r\n\t\t\t</td>\r\n\t\t</tr>\r\n\t\t<tr>\r\n\t\t\t<td style=\"height: 27px; width: 80px;\">\r\n\t\t\t\t试衣模特\r\n\t\t\t</td>\r\n\t\t\t<td style=\"width: 70px;\">\r\n\t\t\t\t身高**CM\r\n\t\t\t</td>\r\n\t\t\t<td style=\"width: 70px;\">\r\n\t\t\t\t体重**KG\r\n\t\t\t</td>\r\n\t\t\t<td style=\"width: 120px;\">\r\n\t\t\t\t三围： **/**/**/\r\n\t\t\t</td>\r\n\t\t\t<td style=\"width: 350px;\">\r\n\t\t\t\t平时穿M码/裤子26 码 此款***码 合适\r\n\t\t\t</td>\r\n\t\t</tr>\r\n\t\t<tr>\r\n\t\t\t<td style=\"height: 27px; width: 80px;\">\r\n\t\t\t\t试衣模特\r\n\t\t\t</td>\r\n\t\t\t<td style=\"width: 70px;\">\r\n\t\t\t\t身高**CM\r\n\t\t\t</td>\r\n\t\t\t<td style=\"width: 70px;\">\r\n\t\t\t\t体重**KG\r\n\t\t\t</td>\r\n\t\t\t<td style=\"width: 120px;\">\r\n\t\t\t\t三围： **/**/**/\r\n\t\t\t</td>\r\n\t\t\t<td style=\"width: 350px;\">\r\n\t\t\t\t平时穿L码/裤子29 码 此款***码 合适\r\n\t\t\t</td>\r\n\t\t</tr>\r\n\t</tbody>\r\n</table>\r\n<p>\r\n\t&nbsp;\r\n</p>','',1,NULL,1,NULL,0,1388477156,0,'',179.00,568.00,0.00,31,'24160069',0,0,'',1,0.00,0,1,36,',0,',0,0,0,NULL,NULL,1,0,0,0,0,0,1,NULL),(100010,'春装 披肩式 超短款 针织 衫开衫 女装 青鸟','',NULL,14,1,4,14,'服饰鞋帽 &gt;女装 &gt;针织衫',1,'官方旗舰店','a:1:{i:1;s:6:\"颜色\";}','a:1:{i:1;a:6:{i:239;s:6:\"绿色\";i:240;s:6:\"梅红\";i:241;s:6:\"蓝色\";i:242;s:6:\"黑色\";i:243;s:6:\"橙色\";i:228;s:6:\"灰色\";}}',103,'',34,'1_04418239521122578.jpg','a:5:{i:206;a:2:{s:4:\"name\";s:6:\"款式\";i:3050;s:6:\"毛衣\";}i:207;a:2:{s:4:\"name\";s:6:\"材质\";i:3064;s:13:\"羊毛/羊绒\";}i:208;a:2:{s:4:\"name\";s:6:\"价格\";i:3069;s:7:\"100-199\";}i:209;a:2:{s:4:\"name\";s:6:\"袖长\";i:3076;s:6:\"长袖\";}i:210;a:2:{s:4:\"name\";s:6:\"风格\";i:3087;s:12:\"原创设计\";}}','<p>\r\n\t<img alt=\"裂帛 裂帛 秋装 披肩式 超短款 针织 衫开衫 女21160068青鸟\" src=\"http://img04.taobaocdn.com/imgextra/i4/228784630/T2o_1tXXtcXXXXXXXX_%21%21228784630.jpg\" /><img alt=\"裂帛 裂帛 秋装 披肩式 超短款 针织 衫开衫 女21160068青鸟\" src=\"http://img03.taobaocdn.com/imgextra/i3/228784630/T2uNvKXfBaXXXXXXXX_%21%21228784630.jpg\" /> \r\n</p>\r\n<table class=\"ke-zeroborder\" border=\"0\" cellpadding=\"0\" cellspacing=\"0\">\r\n\t<tbody>\r\n\t\t<tr>\r\n\t\t\t<td>\r\n\t\t\t\t<br />\r\n\t\t\t</td>\r\n\t\t\t<td align=\"left\" valign=\"top\">\r\n\t\t\t\t<img alt=\"裂帛 裂帛 秋装 披肩式 超短款 针织 衫开衫 女21160068青鸟\" src=\"http://img02.taobaocdn.com/imgextra/i2/228784630/T2vDzeXf0aXXXXXXXX_%21%21228784630.gif\" height=\"13\" width=\"14\" /> \r\n\t\t\t</td>\r\n\t\t\t<td style=\"font-size:14px;font-weight:bold;\">\r\n\t\t\t\t21160068 青鸟 披肩式超短款针织开衫\r\n\t\t\t</td>\r\n\t\t</tr>\r\n\t\t<tr>\r\n\t\t\t<td colspan=\"2\">\r\n\t\t\t\t<br />\r\n\t\t\t</td>\r\n\t\t\t<td style=\"font-size:12px;\">\r\n\t\t\t\t设计点：百搭 \\ 无扣 \\ 连襟领 \\ 坎肩型 \\ 粘纤纱线 \\ 可做空调衫\r\n\t\t\t</td>\r\n\t\t</tr>\r\n\t</tbody>\r\n</table>\r\n<p>\r\n\t<img alt=\"裂帛 裂帛 秋装 披肩式 超短款 针织 衫开衫 女21160068青鸟\" src=\"http://img03.taobaocdn.com/imgextra/i3/228784630/T29NbrXjVaXXXXXXXX_%21%21228784630.jpg\" /> \r\n</p>\r\n<p>\r\n\t<img alt=\"裂帛 裂帛 秋装 披肩式 超短款 针织 衫开衫 女21160068青鸟\" src=\"http://img04.taobaocdn.com/imgextra/i4/228784630/T24vu6XbVbXXXXXXXX_%21%21228784630.jpg\" /> \r\n</p>\r\n<p>\r\n\t<br />\r\n</p>\r\n<table class=\"ke-zeroborder\" border=\"0\" cellpadding=\"0\" cellspacing=\"0\" width=\"750\">\r\n\t<tbody>\r\n\t\t<tr>\r\n\t\t\t<td>\r\n\t\t\t\t<p>\r\n\t\t\t\t\t<img alt=\"裂帛 裂帛 秋装 披肩式 超短款 针织 衫开衫 女21160068青鸟\" src=\"http://img01.taobaocdn.com/imgextra/i1/228784630/T2ULmqXXRcXXXXXXXX_%21%21228784630.jpg\" /> \r\n\t\t\t\t</p>\r\n\t\t\t\t<p>\r\n\t\t\t\t\t<a target=\"_blank\" href=\"http://item.taobao.com/item.htm?spm=a220z.1000881.0.46.x5VeTX&amp;id=16502932964&amp;bucket_id=19\"><img alt=\"裂帛 裂帛 秋装 披肩式 超短款 针织 衫开衫 女21160068青鸟\" src=\"http://img04.taobaocdn.com/imgextra/i4/228784630/T2EvfsXkdXXXXXXXXX_%21%21228784630.jpg\" /></a> \r\n\t\t\t\t</p>\r\n\t\t\t\t<p>\r\n\t\t\t\t\t<img alt=\"裂帛 裂帛 秋装 披肩式 超短款 针织 衫开衫 女21160068青鸟\" src=\"http://img02.taobaocdn.com/imgextra/i2/228784630/T2dq9KXjBbXXXXXXXX_%21%21228784630.jpg\" /> \r\n\t\t\t\t</p>\r\n\t\t\t\t<p>\r\n\t\t\t\t\t<img alt=\"裂帛 裂帛 秋装 披肩式 超短款 针织 衫开衫 女21160068青鸟\" src=\"http://img01.taobaocdn.com/imgextra/i1/228784630/T29urrXjVaXXXXXXXX_%21%21228784630.jpg\" /> \r\n\t\t\t\t</p>\r\n\t\t\t\t<p>\r\n\t\t\t\t\t<a target=\"_blank\" href=\"http://item.taobao.com/item.htm?spm=a220z.1000880.0.44.QoN0fi&amp;id=16277417495&amp;bucket_id=19\"><img alt=\"裂帛 裂帛 秋装 披肩式 超短款 针织 衫开衫 女21160068青鸟\" src=\"http://img04.taobaocdn.com/imgextra/i4/228784630/T2qWHrXhhaXXXXXXXX_%21%21228784630.jpg\" /></a> \r\n\t\t\t\t</p>\r\n\t\t\t\t<p>\r\n\t\t\t\t\t<img alt=\"裂帛 裂帛 秋装 披肩式 超短款 针织 衫开衫 女21160068青鸟\" src=\"http://img04.taobaocdn.com/imgextra/i4/228784630/T2ZY0HXXXOXXXXXXXX_%21%21228784630.jpg\" /> \r\n\t\t\t\t</p>\r\n\t\t\t\t<p>\r\n\t\t\t\t\t<img alt=\"裂帛 裂帛 秋装 披肩式 超短款 针织 衫开衫 女21160068青鸟\" src=\"http://img01.taobaocdn.com/imgextra/i1/228784630/T2HrHsXnhXXXXXXXXX_%21%21228784630.jpg\" /> \r\n\t\t\t\t</p>\r\n\t\t\t\t<p>\r\n\t\t\t\t\t<a target=\"_blank\" href=\"http://item.taobao.com/item.htm?spm=a220z.1000880.0.44.CgfZ7Y&amp;id=16824833952&amp;bucket_id=19\"><img alt=\"裂帛 裂帛 秋装 披肩式 超短款 针织 衫开衫 女21160068青鸟\" src=\"http://img01.taobaocdn.com/imgextra/i1/228784630/T2BFPoXXpbXXXXXXXX_%21%21228784630.jpg\" /></a> \r\n\t\t\t\t</p>\r\n\t\t\t\t<p>\r\n\t\t\t\t\t<img alt=\"裂帛 裂帛 秋装 披肩式 超短款 针织 衫开衫 女21160068青鸟\" src=\"http://img01.taobaocdn.com/imgextra/i1/228784630/T2Xc6rXkVaXXXXXXXX_%21%21228784630.jpg\" /> \r\n\t\t\t\t</p>\r\n\t\t\t\t<p>\r\n\t\t\t\t\t<img alt=\"裂帛 裂帛 秋装 披肩式 超短款 针织 衫开衫 女21160068青鸟\" src=\"http://img01.taobaocdn.com/imgextra/i1/228784630/T2nOPrXjtaXXXXXXXX_%21%21228784630.jpg\" /> \r\n\t\t\t\t</p>\r\n\t\t\t\t<p>\r\n\t\t\t\t\t<img alt=\"裂帛 裂帛 秋装 披肩式 超短款 针织 衫开衫 女21160068青鸟\" src=\"http://img04.taobaocdn.com/imgextra/i4/228784630/T2ImYmXoRaXXXXXXXX_%21%21228784630.jpg\" /> \r\n\t\t\t\t</p>\r\n\t\t\t\t<p>\r\n\t\t\t\t\t<img alt=\"裂帛 裂帛 秋装 披肩式 超短款 针织 衫开衫 女21160068青鸟\" src=\"http://img02.taobaocdn.com/imgextra/i2/228784630/T24dyTXchbXXXXXXXX_%21%21228784630.jpg\" /> \r\n\t\t\t\t</p>\r\n\t\t\t\t<p>\r\n\t\t\t\t\t<img alt=\"裂帛 裂帛 秋装 披肩式 超短款 针织 衫开衫 女21160068青鸟\" src=\"http://img01.taobaocdn.com/imgextra/i1/228784630/T2F8zgXfBbXXXXXXXX_%21%21228784630.jpg\" /> \r\n\t\t\t\t</p>\r\n\t\t\t\t<p>\r\n\t\t\t\t\t<img alt=\"裂帛 裂帛 秋装 披肩式 超短款 针织 衫开衫 女21160068青鸟\" src=\"http://img04.taobaocdn.com/imgextra/i4/228784630/T2X1_sXetXXXXXXXXX_%21%21228784630.jpg\" /> \r\n\t\t\t\t</p>\r\n\t\t\t\t<p>\r\n\t\t\t\t\t<img alt=\"裂帛 裂帛 秋装 披肩式 超短款 针织 衫开衫 女21160068青鸟\" src=\"http://img01.taobaocdn.com/imgextra/i1/228784630/T2enfrXd8aXXXXXXXX_%21%21228784630.jpg\" /> \r\n\t\t\t\t</p>\r\n\t\t\t\t<p>\r\n\t\t\t\t\t<a target=\"_blank\" href=\"http://item.taobao.com/item.htm?spm=a220z.1000881.0.51.1vaa5j&amp;id=18538963088&amp;bucket_id=19\"><img alt=\"裂帛 裂帛 秋装 披肩式 超短款 针织 衫开衫 女21160068青鸟\" src=\"http://img04.taobaocdn.com/imgextra/i4/228784630/T2l6e7XcXbXXXXXXXX_%21%21228784630.jpg\" /></a> \r\n\t\t\t\t</p>\r\n\t\t\t\t<p>\r\n\t\t\t\t\t<img alt=\"裂帛 裂帛 秋装 披肩式 超短款 针织 衫开衫 女21160068青鸟\" src=\"http://img04.taobaocdn.com/imgextra/i4/228784630/T248brXgtaXXXXXXXX_%21%21228784630.jpg\" /> \r\n\t\t\t\t</p>\r\n\t\t\t\t<p>\r\n\t\t\t\t\t<img alt=\"裂帛 裂帛 秋装 披肩式 超短款 针织 衫开衫 女21160068青鸟\" src=\"http://img04.taobaocdn.com/imgextra/i4/228784630/T2NId2XmpcXXXXXXXX_%21%21228784630.jpg\" /> \r\n\t\t\t\t</p>\r\n\t\t\t\t<p>\r\n\t\t\t\t\t<img alt=\"裂帛 裂帛 秋装 披肩式 超短款 针织 衫开衫 女21160068青鸟\" src=\"http://img01.taobaocdn.com/imgextra/i1/228784630/T230lnXf0OXXXXXXXX_%21%21228784630.jpg\" /> \r\n\t\t\t\t</p>\r\n\t\t\t\t<p>\r\n\t\t\t\t\t<img alt=\"裂帛 裂帛 秋装 披肩式 超短款 针织 衫开衫 女21160068青鸟\" src=\"http://img01.taobaocdn.com/imgextra/i1/228784630/T2D3LrXhBaXXXXXXXX_%21%21228784630.jpg\" /> \r\n\t\t\t\t</p>\r\n\t\t\t\t<p>\r\n\t\t\t\t\t<img alt=\"裂帛 裂帛 秋装 披肩式 超短款 针织 衫开衫 女21160068青鸟\" src=\"http://img02.taobaocdn.com/imgextra/i2/228784630/T2GdjKXflaXXXXXXXX_%21%21228784630.jpg\" /> \r\n\t\t\t\t</p>\r\n\t\t\t\t<p>\r\n\t\t\t\t\t<img alt=\"裂帛 裂帛 秋装 披肩式 超短款 针织 衫开衫 女21160068青鸟\" src=\"http://img03.taobaocdn.com/imgextra/i3/228784630/T22UbCXbVbXXXXXXXX_%21%21228784630.jpg\" /> \r\n\t\t\t\t</p>\r\n\t\t\t\t<p>\r\n\t\t\t\t\t<img alt=\"裂帛 裂帛 秋装 披肩式 超短款 针织 衫开衫 女21160068青鸟\" src=\"http://img04.taobaocdn.com/imgextra/i4/228784630/T2gqHLXnlXXXXXXXXX_%21%21228784630.jpg\" /> \r\n\t\t\t\t</p>\r\n\t\t\t\t<p>\r\n\t\t\t\t\t<img alt=\"裂帛 裂帛 秋装 披肩式 超短款 针织 衫开衫 女21160068青鸟\" src=\"http://img04.taobaocdn.com/imgextra/i4/228784630/T2w56KXjhXXXXXXXXX_%21%21228784630.jpg\" /> \r\n\t\t\t\t</p>\r\n\t\t\t\t<p>\r\n\t\t\t\t\t<img alt=\"裂帛 裂帛 秋装 披肩式 超短款 针织 衫开衫 女21160068青鸟\" src=\"http://img01.taobaocdn.com/imgextra/i1/228784630/T2V6fKXglaXXXXXXXX_%21%21228784630.jpg\" /> \r\n\t\t\t\t</p>\r\n\t\t\t\t<p>\r\n\t\t\t\t\t<img alt=\"裂帛 裂帛 秋装 披肩式 超短款 针织 衫开衫 女21160068青鸟\" src=\"http://img04.taobaocdn.com/imgextra/i4/228784630/T2rEzrXeFXXXXXXXXX_%21%21228784630.jpg\" /> \r\n\t\t\t\t</p>\r\n\t\t\t\t<p>\r\n\t\t\t\t\t<img alt=\"裂帛 裂帛 秋装 披肩式 超短款 针织 衫开衫 女21160068青鸟\" src=\"http://img04.taobaocdn.com/imgextra/i4/228784630/T2VEVpXfxOXXXXXXXX_%21%21228784630.jpg\" /> \r\n\t\t\t\t</p>\r\n\t\t\t\t<p>\r\n\t\t\t\t\t<a target=\"_blank\" href=\"http://item.taobao.com/item.htm?spm=a220z.1000880.0.44.Sty9W6&amp;id=16143249430&amp;bucket_id=19\"><img alt=\"裂帛 裂帛 秋装 披肩式 超短款 针织 衫开衫 女21160068青鸟\" src=\"http://img01.taobaocdn.com/imgextra/i1/228784630/T2OKOGXapcXXXXXXXX_%21%21228784630.jpg\" /></a> \r\n\t\t\t\t</p>\r\n\t\t\t</td>\r\n\t\t</tr>\r\n\t</tbody>\r\n</table>\r\n<table class=\"ke-zeroborder\" border=\"0\" cellpadding=\"0\" cellspacing=\"0\" width=\"750\">\r\n\t<tbody>\r\n\t\t<tr>\r\n\t\t\t<td>\r\n\t\t\t\t<br />\r\n\t\t\t</td>\r\n\t\t\t<td>\r\n\t\t\t\t<br />\r\n\t\t\t</td>\r\n\t\t\t<td>\r\n\t\t\t\t<br />\r\n\t\t\t</td>\r\n\t\t</tr>\r\n\t</tbody>\r\n</table>\r\n<p>\r\n\t<img alt=\"裂帛 裂帛 秋装 披肩式 超短款 针织 衫开衫 女21160068青鸟\" src=\"http://img02.taobaocdn.com/imgextra/i2/228784630/T2_6bcXmRXXXXXXXXX_%21%21228784630.jpg\" /> \r\n</p>\r\n<p>\r\n\t<img alt=\"裂帛 裂帛 秋装 披肩式 超短款 针织 衫开衫 女21160068青鸟\" src=\"http://img01.taobaocdn.com/imgextra/i1/228784630/T2GUFkXcFOXXXXXXXX_%21%21228784630.jpg\" height=\"46\" width=\"748\" /> \r\n</p>\r\n<table style=\"color:#292929;font-size:12px;font-weight:bold;\" class=\"ke-zeroborder\" border=\"0\" cellpadding=\"0\" cellspacing=\"0\" width=\"685\">\r\n\t<tbody>\r\n\t\t<tr>\r\n\t\t\t<td align=\"right\">\r\n\t\t\t\t产品款号：\r\n\t\t\t</td>\r\n\t\t\t<td>\r\n\t\t\t\t21160068\r\n\t\t\t</td>\r\n\t\t\t<td align=\"right\">\r\n\t\t\t\t柔软：\r\n\t\t\t</td>\r\n\t\t\t<td valign=\"center\">\r\n\t\t\t\t<ul class=\"list-paddingleft-2\">\r\n\t\t\t\t\t<li>\r\n\t\t\t\t\t\t<p>\r\n\t\t\t\t\t\t\t<span style=\"background-color:#5d5d5d;\">柔软</span> \r\n\t\t\t\t\t\t</p>\r\n\t\t\t\t\t</li>\r\n\t\t\t\t\t<li>\r\n\t\t\t\t\t\t<p>\r\n\t\t\t\t\t\t\t适中\r\n\t\t\t\t\t\t</p>\r\n\t\t\t\t\t</li>\r\n\t\t\t\t\t<li>\r\n\t\t\t\t\t\t<p>\r\n\t\t\t\t\t\t\t偏硬\r\n\t\t\t\t\t\t</p>\r\n\t\t\t\t\t</li>\r\n\t\t\t\t</ul>\r\n\t\t\t</td>\r\n\t\t</tr>\r\n\t\t<tr>\r\n\t\t\t<td align=\"right\">\r\n\t\t\t\t产品昵称：\r\n\t\t\t</td>\r\n\t\t\t<td>\r\n\t\t\t\t青鸟\r\n\t\t\t</td>\r\n\t\t\t<td align=\"right\">\r\n\t\t\t\t厚度：\r\n\t\t\t</td>\r\n\t\t\t<td>\r\n\t\t\t\t<ul class=\"list-paddingleft-2\">\r\n\t\t\t\t\t<li>\r\n\t\t\t\t\t\t<p>\r\n\t\t\t\t\t\t\t<span style=\"background-color:#ffffff;\">加厚</span> \r\n\t\t\t\t\t\t</p>\r\n\t\t\t\t\t</li>\r\n\t\t\t\t\t<li>\r\n\t\t\t\t\t\t<p>\r\n\t\t\t\t\t\t\t厚&nbsp;\r\n\t\t\t\t\t\t</p>\r\n\t\t\t\t\t</li>\r\n\t\t\t\t\t<li>\r\n\t\t\t\t\t\t<p>\r\n\t\t\t\t\t\t\t适中&nbsp;\r\n\t\t\t\t\t\t</p>\r\n\t\t\t\t\t</li>\r\n\t\t\t\t\t<li>\r\n\t\t\t\t\t\t<p>\r\n\t\t\t\t\t\t\t<span style=\"background-color:#5d5d5d;\">薄款</span> \r\n\t\t\t\t\t\t</p>\r\n\t\t\t\t\t</li>\r\n\t\t\t\t</ul>\r\n\t\t\t</td>\r\n\t\t</tr>\r\n\t\t<tr>\r\n\t\t\t<td align=\"right\">\r\n\t\t\t\t产品颜色：\r\n\t\t\t</td>\r\n\t\t\t<td>\r\n\t\t\t\t黑色 红色 绿色 玫红 蓝色 灰色\r\n\t\t\t</td>\r\n\t\t\t<td align=\"right\">\r\n\t\t\t\t弹力：\r\n\t\t\t</td>\r\n\t\t\t<td>\r\n\t\t\t\t<ul class=\"list-paddingleft-2\">\r\n\t\t\t\t\t<li>\r\n\t\t\t\t\t\t<p>\r\n\t\t\t\t\t\t\t<span style=\"background-color:#ffffff;\">超弹</span> \r\n\t\t\t\t\t\t</p>\r\n\t\t\t\t\t</li>\r\n\t\t\t\t\t<li>\r\n\t\t\t\t\t\t<p>\r\n\t\t\t\t\t\t\t<span style=\"background-color:#626262;\">弹力</span> \r\n\t\t\t\t\t\t</p>\r\n\t\t\t\t\t</li>\r\n\t\t\t\t\t<li>\r\n\t\t\t\t\t\t<p>\r\n\t\t\t\t\t\t\t微弹\r\n\t\t\t\t\t\t</p>\r\n\t\t\t\t\t</li>\r\n\t\t\t\t\t<li>\r\n\t\t\t\t\t\t<p>\r\n\t\t\t\t\t\t\t无弹力\r\n\t\t\t\t\t\t</p>\r\n\t\t\t\t\t</li>\r\n\t\t\t\t</ul>\r\n\t\t\t</td>\r\n\t\t</tr>\r\n\t\t<tr>\r\n\t\t\t<td align=\"right\">\r\n\t\t\t\t产品成份：\r\n\t\t\t</td>\r\n\t\t\t<td>\r\n\t\t\t\t100%粘纤\r\n\t\t\t</td>\r\n\t\t\t<td align=\"right\">\r\n\t\t\t\t版型：\r\n\t\t\t</td>\r\n\t\t\t<td>\r\n\t\t\t\t<ul class=\"list-paddingleft-2\">\r\n\t\t\t\t\t<li>\r\n\t\t\t\t\t\t<p>\r\n\t\t\t\t\t\t\t<span style=\"background-color:#5d5d5d;\">修身</span> \r\n\t\t\t\t\t\t</p>\r\n\t\t\t\t\t</li>\r\n\t\t\t\t\t<li>\r\n\t\t\t\t\t\t<p>\r\n\t\t\t\t\t\t\t适中\r\n\t\t\t\t\t\t</p>\r\n\t\t\t\t\t</li>\r\n\t\t\t\t\t<li>\r\n\t\t\t\t\t\t<p>\r\n\t\t\t\t\t\t\t宽松\r\n\t\t\t\t\t\t</p>\r\n\t\t\t\t\t</li>\r\n\t\t\t\t\t<li>\r\n\t\t\t\t\t\t<p>\r\n\t\t\t\t\t\t\t直筒\r\n\t\t\t\t\t\t</p>\r\n\t\t\t\t\t</li>\r\n\t\t\t\t</ul>\r\n\t\t\t</td>\r\n\t\t</tr>\r\n\t\t<tr>\r\n\t\t\t<td align=\"right\">\r\n\t\t\t\t克&nbsp;&nbsp;&nbsp; 重：\r\n\t\t\t</td>\r\n\t\t\t<td>\r\n\t\t\t\t0.137KG\r\n\t\t\t</td>\r\n\t\t\t<td align=\"right\">\r\n\t\t\t\t<br />\r\n\t\t\t</td>\r\n\t\t\t<td>\r\n\t\t\t\t<br />\r\n\t\t\t</td>\r\n\t\t</tr>\r\n\t</tbody>\r\n</table>\r\n<p>\r\n\t<br />\r\n</p>\r\n<p>\r\n\t<img alt=\"裂帛 裂帛 秋装 披肩式 超短款 针织 衫开衫 女21160068青鸟\" src=\"http://img03.taobaocdn.com/imgextra/i3/228784630/T2iO8XXhdOXXXXXXXX_%21%21228784630.jpg\" /> \r\n</p>\r\n<table class=\"ke-zeroborder\" border=\"0\" cellpadding=\"0\" cellspacing=\"0\">\r\n\t<tbody>\r\n\t\t<tr>\r\n\t\t\t<td>\r\n\t\t\t\t<img alt=\"裂帛 裂帛 秋装 披肩式 超短款 针织 衫开衫 女21160068青鸟\" src=\"http://img01.taobaocdn.com/imgextra/i1/228784630/T25GTaXh4aXXXXXXXX_%21%21228784630.jpg\" /> \r\n\t\t\t</td>\r\n\t\t\t<td>\r\n\t\t\t\t<p>\r\n\t\t\t\t\t① 超短款\r\n\t\t\t\t</p>\r\n\t\t\t</td>\r\n\t\t</tr>\r\n\t</tbody>\r\n</table>\r\n<p>\r\n\t短款设计，让上下身比例趋于完美，更显高瘦\r\n</p>\r\n<p>\r\n\t<br />\r\n</p>\r\n<table class=\"ke-zeroborder\" border=\"0\" cellpadding=\"0\" cellspacing=\"0\">\r\n\t<tbody>\r\n\t\t<tr>\r\n\t\t\t<td>\r\n\t\t\t\t<p>\r\n\t\t\t\t\t② 连襟领\r\n\t\t\t\t</p>\r\n\t\t\t</td>\r\n\t\t\t<td>\r\n\t\t\t\t<img alt=\"裂帛 裂帛 秋装 披肩式 超短款 针织 衫开衫 女21160068青鸟\" src=\"http://img02.taobaocdn.com/imgextra/i2/228784630/T22qhXXhVOXXXXXXXX_%21%21228784630.jpg\" /> \r\n\t\t\t</td>\r\n\t\t</tr>\r\n\t</tbody>\r\n</table>\r\n<p>\r\n\t连襟领配无扣前襟，展现锁骨和颈部的精致线条\r\n</p>\r\n<p>\r\n\t<img alt=\"裂帛 裂帛 秋装 披肩式 超短款 针织 衫开衫 女21160068青鸟\" src=\"http://img01.taobaocdn.com/imgextra/i1/228784630/T2OlPpXcFXXXXXXXXX_%21%21228784630.jpg\" /> \r\n</p>\r\n<p>\r\n\t<br />\r\n</p>\r\n<p>\r\n\t<img alt=\"裂帛 裂帛 秋装 披肩式 超短款 针织 衫开衫 女21160068青鸟\" src=\"http://img04.taobaocdn.com/imgextra/i4/228784630/T2eOpOXfVeXXXXXXXX_%21%21228784630.jpg\" /> \r\n</p>\r\n<table class=\"ke-zeroborder\" border=\"0\" cellpadding=\"0\" cellspacing=\"0\">\r\n\t<tbody>\r\n\t\t<tr>\r\n\t\t\t<td>\r\n\t\t\t\t<img alt=\"裂帛 裂帛 秋装 披肩式 超短款 针织 衫开衫 女21160068青鸟\" src=\"http://img01.taobaocdn.com/imgextra/i1/228784630/T25GTaXh4aXXXXXXXX_%21%21228784630.jpg\" /> \r\n\t\t\t</td>\r\n\t\t\t<td>\r\n\t\t\t\t<p>\r\n\t\t\t\t\t③ 罗纹袖口\r\n\t\t\t\t</p>\r\n\t\t\t</td>\r\n\t\t</tr>\r\n\t</tbody>\r\n</table>\r\n<p>\r\n\t袖口螺纹，纤长手臂，方便挽起\r\n</p>\r\n<p>\r\n\t<br />\r\n</p>\r\n<table class=\"ke-zeroborder\" border=\"0\" cellpadding=\"0\" cellspacing=\"0\">\r\n\t<tbody>\r\n\t\t<tr>\r\n\t\t\t<td>\r\n\t\t\t\t<p>\r\n\t\t\t\t\t④ 前下摆\r\n\t\t\t\t</p>\r\n\t\t\t</td>\r\n\t\t\t<td>\r\n\t\t\t\t<img alt=\"裂帛 裂帛 秋装 披肩式 超短款 针织 衫开衫 女21160068青鸟\" src=\"http://img02.taobaocdn.com/imgextra/i2/228784630/T22qhXXhVOXXXXXXXX_%21%21228784630.jpg\" /> \r\n\t\t\t</td>\r\n\t\t</tr>\r\n\t</tbody>\r\n</table>\r\n<p>\r\n\t后摆下收成，更贴身舒适\r\n</p>\r\n<p>\r\n\t<img alt=\"裂帛 裂帛 秋装 披肩式 超短款 针织 衫开衫 女21160068青鸟\" src=\"http://img01.taobaocdn.com/imgextra/i1/228784630/T2icyAXaXcXXXXXXXX_%21%21228784630.jpg\" /> \r\n</p>\r\n<p>\r\n\t<br />\r\n</p>\r\n<p>\r\n\t<img alt=\"裂帛 裂帛 秋装 披肩式 超短款 针织 衫开衫 女21160068青鸟\" src=\"http://img04.taobaocdn.com/imgextra/i4/228784630/T2CRjKXddaXXXXXXXX_%21%21228784630.jpg\" /> \r\n</p>\r\n<p>\r\n\t<img alt=\"裂帛 裂帛 秋装 披肩式 超短款 针织 衫开衫 女21160068青鸟\" src=\"http://img03.taobaocdn.com/imgextra/i3/228784630/T2dbvbXglXXXXXXXXX_%21%21228784630.jpg\" height=\"37\" width=\"748\" /> \r\n</p>\r\n<table class=\"ke-zeroborder\" border=\"0\" cellpadding=\"0\" cellspacing=\"0\">\r\n\t<tbody>\r\n\t\t<tr>\r\n\t\t\t<td>\r\n\t\t\t\t<br />\r\n\t\t\t</td>\r\n\t\t\t<td>\r\n\t\t\t\t<img alt=\"裂帛 裂帛 秋装 披肩式 超短款 针织 衫开衫 女21160068青鸟\" src=\"http://img01.taobaocdn.com/imgextra/i1/228784630/T2huDcXo8XXXXXXXXX_%21%21228784630.jpg\" /> \r\n\t\t\t</td>\r\n\t\t\t<td>\r\n\t\t\t\t<img alt=\"裂帛 裂帛 秋装 披肩式 超短款 针织 衫开衫 女21160068青鸟\" src=\"http://img01.taobaocdn.com/imgextra/i1/228784630/T2vUteXiNOXXXXXXXX_%21%21228784630.jpg\" /> \r\n\t\t\t</td>\r\n\t\t\t<td>\r\n\t\t\t\t<img alt=\"裂帛 裂帛 秋装 披肩式 超短款 针织 衫开衫 女21160068青鸟\" src=\"http://img02.taobaocdn.com/imgextra/i2/228784630/T2TnvcXeRXXXXXXXXX_%21%21228784630.jpg\" /> \r\n\t\t\t</td>\r\n\t\t\t<td>\r\n\t\t\t\t<img alt=\"裂帛 裂帛 秋装 披肩式 超短款 针织 衫开衫 女21160068青鸟\" src=\"http://img01.taobaocdn.com/imgextra/i1/228784630/T2EcLcXjRaXXXXXXXX_%21%21228784630.jpg\" /> \r\n\t\t\t</td>\r\n\t\t\t<td>\r\n\t\t\t\t<br />\r\n\t\t\t</td>\r\n\t\t</tr>\r\n\t</tbody>\r\n</table>\r\n<p>\r\n\t<img alt=\"裂帛 裂帛 秋装 披肩式 超短款 针织 衫开衫 女21160068青鸟\" src=\"http://img01.taobaocdn.com/imgextra/i1/228784630/T2vwSPXdJbXXXXXXXX_%21%21228784630.jpg\" height=\"31\" width=\"748\" /> \r\n</p>\r\n<p>\r\n\t<img alt=\"裂帛 裂帛 秋装 披肩式 超短款 针织 衫开衫 女21160068青鸟\" src=\"http://img03.taobaocdn.com/imgextra/i3/228784630/T2PbafXhpXXXXXXXXX_%21%21228784630.jpg\" /> \r\n</p>\r\n<table style=\"font-size:12px;\" class=\"ke-zeroborder\" border=\"0\" cellpadding=\"0\" cellspacing=\"0\" width=\"460\">\r\n\t<tbody>\r\n\t\t<tr>\r\n\t\t\t<td>\r\n\t\t\t\t<b>尺码</b> \r\n\t\t\t</td>\r\n\t\t\t<td>\r\n\t\t\t\t<b>身长</b> \r\n\t\t\t</td>\r\n\t\t\t<td>\r\n\t\t\t\t<b>胸围</b> \r\n\t\t\t</td>\r\n\t\t\t<td>\r\n\t\t\t\t<b>袖长</b> \r\n\t\t\t</td>\r\n\t\t\t<td>\r\n\t\t\t\t<strong>袖肥</strong> \r\n\t\t\t</td>\r\n\t\t\t<td>\r\n\t\t\t\t<strong>袖口</strong> \r\n\t\t\t</td>\r\n\t\t\t<td>\r\n\t\t\t\t<br />\r\n\t\t\t</td>\r\n\t\t\t<td>\r\n\t\t\t\t<br />\r\n\t\t\t</td>\r\n\t\t\t<td>\r\n\t\t\t\t<br />\r\n\t\t\t</td>\r\n\t\t</tr>\r\n\t\t<tr>\r\n\t\t\t<td>\r\n\t\t\t\tS\r\n\t\t\t</td>\r\n\t\t\t<td>\r\n\t\t\t\t41\r\n\t\t\t</td>\r\n\t\t\t<td>\r\n\t\t\t\t63\r\n\t\t\t</td>\r\n\t\t\t<td>\r\n\t\t\t\t57\r\n\t\t\t</td>\r\n\t\t\t<td>\r\n\t\t\t\t24\r\n\t\t\t</td>\r\n\t\t\t<td>\r\n\t\t\t\t17\r\n\t\t\t</td>\r\n\t\t\t<td>\r\n\t\t\t\t<br />\r\n\t\t\t</td>\r\n\t\t\t<td>\r\n\t\t\t\t<br />\r\n\t\t\t</td>\r\n\t\t\t<td>\r\n\t\t\t\t<br />\r\n\t\t\t</td>\r\n\t\t</tr>\r\n\t\t<tr>\r\n\t\t\t<td>\r\n\t\t\t\tM\r\n\t\t\t</td>\r\n\t\t\t<td>\r\n\t\t\t\t43\r\n\t\t\t</td>\r\n\t\t\t<td>\r\n\t\t\t\t67\r\n\t\t\t</td>\r\n\t\t\t<td>\r\n\t\t\t\t58\r\n\t\t\t</td>\r\n\t\t\t<td>\r\n\t\t\t\t25\r\n\t\t\t</td>\r\n\t\t\t<td>\r\n\t\t\t\t18\r\n\t\t\t</td>\r\n\t\t\t<td>\r\n\t\t\t\t<br />\r\n\t\t\t</td>\r\n\t\t\t<td>\r\n\t\t\t\t<br />\r\n\t\t\t</td>\r\n\t\t\t<td>\r\n\t\t\t\t<br />\r\n\t\t\t</td>\r\n\t\t</tr>\r\n\t\t<tr>\r\n\t\t\t<td>\r\n\t\t\t\tL\r\n\t\t\t</td>\r\n\t\t\t<td>\r\n\t\t\t\t45\r\n\t\t\t</td>\r\n\t\t\t<td>\r\n\t\t\t\t71\r\n\t\t\t</td>\r\n\t\t\t<td>\r\n\t\t\t\t59\r\n\t\t\t</td>\r\n\t\t\t<td>\r\n\t\t\t\t26\r\n\t\t\t</td>\r\n\t\t\t<td>\r\n\t\t\t\t19\r\n\t\t\t</td>\r\n\t\t\t<td>\r\n\t\t\t\t<br />\r\n\t\t\t</td>\r\n\t\t\t<td>\r\n\t\t\t\t<br />\r\n\t\t\t</td>\r\n\t\t\t<td>\r\n\t\t\t\t<br />\r\n\t\t\t</td>\r\n\t\t</tr>\r\n\t\t<tr>\r\n\t\t\t<td>\r\n\t\t\t\tXL\r\n\t\t\t</td>\r\n\t\t\t<td>\r\n\t\t\t\t47\r\n\t\t\t</td>\r\n\t\t\t<td>\r\n\t\t\t\t75\r\n\t\t\t</td>\r\n\t\t\t<td>\r\n\t\t\t\t60\r\n\t\t\t</td>\r\n\t\t\t<td>\r\n\t\t\t\t27\r\n\t\t\t</td>\r\n\t\t\t<td>\r\n\t\t\t\t20\r\n\t\t\t</td>\r\n\t\t\t<td>\r\n\t\t\t\t<br />\r\n\t\t\t</td>\r\n\t\t\t<td>\r\n\t\t\t\t<br />\r\n\t\t\t</td>\r\n\t\t\t<td>\r\n\t\t\t\t<br />\r\n\t\t\t</td>\r\n\t\t</tr>\r\n\t\t<tr>\r\n\t\t\t<td>\r\n\t\t\t\tXXL\r\n\t\t\t</td>\r\n\t\t\t<td>\r\n\t\t\t\t49\r\n\t\t\t</td>\r\n\t\t\t<td>\r\n\t\t\t\t79\r\n\t\t\t</td>\r\n\t\t\t<td>\r\n\t\t\t\t61\r\n\t\t\t</td>\r\n\t\t\t<td>\r\n\t\t\t\t28\r\n\t\t\t</td>\r\n\t\t\t<td>\r\n\t\t\t\t21\r\n\t\t\t</td>\r\n\t\t\t<td>\r\n\t\t\t\t<br />\r\n\t\t\t</td>\r\n\t\t\t<td>\r\n\t\t\t\t<br />\r\n\t\t\t</td>\r\n\t\t\t<td>\r\n\t\t\t\t<br />\r\n\t\t\t</td>\r\n\t\t</tr>\r\n\t\t<tr>\r\n\t\t\t<td>\r\n\t\t\t\t-\r\n\t\t\t</td>\r\n\t\t\t<td>\r\n\t\t\t\t-\r\n\t\t\t</td>\r\n\t\t\t<td>\r\n\t\t\t\t-\r\n\t\t\t</td>\r\n\t\t\t<td>\r\n\t\t\t\t-\r\n\t\t\t</td>\r\n\t\t\t<td>\r\n\t\t\t\t-\r\n\t\t\t</td>\r\n\t\t\t<td>\r\n\t\t\t\t-\r\n\t\t\t</td>\r\n\t\t\t<td>\r\n\t\t\t\t<br />\r\n\t\t\t</td>\r\n\t\t\t<td>\r\n\t\t\t\t<br />\r\n\t\t\t</td>\r\n\t\t\t<td>\r\n\t\t\t\t<br />\r\n\t\t\t</td>\r\n\t\t</tr>\r\n\t</tbody>\r\n</table>\r\n<p>\r\n\t由于尺码是纯手工测量所以难免存在1CM-3CM，请精灵们谅解。\r\n</p>\r\n<p>\r\n\t<br />\r\n</p>\r\n<p>\r\n\t<img alt=\"裂帛 裂帛 秋装 披肩式 超短款 针织 衫开衫 女21160068青鸟\" src=\"http://img03.taobaocdn.com/imgextra/i3/228784630/T293WhXdNcXXXXXXXX_%21%21228784630.jpg\" height=\"33\" width=\"748\" /> \r\n</p>\r\n<table style=\"font-size:12px;\" class=\"ke-zeroborder\" border=\"0\" cellpadding=\"0\" cellspacing=\"0\" width=\"690\">\r\n\t<tbody>\r\n\t\t<tr>\r\n\t\t\t<td>\r\n\t\t\t\t模特橙子\r\n\t\t\t</td>\r\n\t\t\t<td>\r\n\t\t\t\t身高168CM\r\n\t\t\t</td>\r\n\t\t\t<td>\r\n\t\t\t\t体重45KG\r\n\t\t\t</td>\r\n\t\t\t<td>\r\n\t\t\t\t三围： 81/57/82/\r\n\t\t\t</td>\r\n\t\t\t<td>\r\n\t\t\t\t肩宽 37CM&nbsp;&nbsp; 穿S码（裤子穿25码）\r\n\t\t\t</td>\r\n\t\t</tr>\r\n\t\t<tr>\r\n\t\t\t<td>\r\n\t\t\t\t模特田心\r\n\t\t\t</td>\r\n\t\t\t<td>\r\n\t\t\t\t身高165CM\r\n\t\t\t</td>\r\n\t\t\t<td>\r\n\t\t\t\t体重45KG\r\n\t\t\t</td>\r\n\t\t\t<td>\r\n\t\t\t\t三围： 80/58.5/83/\r\n\t\t\t</td>\r\n\t\t\t<td>\r\n\t\t\t\t肩宽 37CM&nbsp;&nbsp; 穿S码（裤子穿25码）\r\n\t\t\t</td>\r\n\t\t</tr>\r\n\t\t<tr>\r\n\t\t\t<td>\r\n\t\t\t\t试衣模特\r\n\t\t\t</td>\r\n\t\t\t<td>\r\n\t\t\t\t身高160CM\r\n\t\t\t</td>\r\n\t\t\t<td>\r\n\t\t\t\t体重50KG\r\n\t\t\t</td>\r\n\t\t\t<td>\r\n\t\t\t\t三围： 84/66/85/\r\n\t\t\t</td>\r\n\t\t\t<td>\r\n\t\t\t\t平时穿M码/裤子26 码 此款***码 合适\r\n\t\t\t</td>\r\n\t\t</tr>\r\n\t\t<tr>\r\n\t\t\t<td>\r\n\t\t\t\t试衣模特\r\n\t\t\t</td>\r\n\t\t\t<td>\r\n\t\t\t\t身高168CM\r\n\t\t\t</td>\r\n\t\t\t<td>\r\n\t\t\t\t体重62.5KG\r\n\t\t\t</td>\r\n\t\t\t<td>\r\n\t\t\t\t三围： 100/82/95/\r\n\t\t\t</td>\r\n\t\t\t<td>\r\n\t\t\t\t平时穿L码/裤子29 码 此款***码 合适\r\n\t\t\t</td>\r\n\t\t</tr>\r\n\t</tbody>\r\n</table>\r\n<p>\r\n\t<br />\r\n</p>\r\n<p>\r\n\t<img alt=\"裂帛 裂帛 秋装 披肩式 超短款 针织 衫开衫 女21160068青鸟\" src=\"http://img03.taobaocdn.com/imgextra/i3/228784630/T29qR4XnXdXXXXXXXX_%21%21228784630.jpg\" /> \r\n</p>\r\n<p>\r\n\t<img alt=\"裂帛 裂帛 秋装 披肩式 超短款 针织 衫开衫 女21160068青鸟\" src=\"http://img01.taobaocdn.com/imgextra/i1/228784630/T2vh2cXhBaXXXXXXXX_%21%21228784630.jpg\" /> \r\n</p>','',1,NULL,1,NULL,0,1388480030,0,'',129.00,358.00,0.00,36,'',0,0,'',1,0.00,0,1,36,',0,',0,0,0,NULL,NULL,1,0,0,0,0,0,1,NULL),(100011,'新款 女款 拼接 不规则摆 长袖针织衫开衫 杏雨','2015新款，特惠促销',NULL,14,1,4,14,'服饰鞋帽 &gt;女装 &gt;针织衫',1,'官方旗舰店','a:1:{i:1;s:6:\"颜色\";}','a:1:{i:1;a:3:{i:249;s:6:\"白色\";i:250;s:6:\"紫色\";i:251;s:6:\"粉色\";}}',108,'挪巍',34,'1_04418253240878850.jpg','a:5:{i:206;a:2:{s:4:\"name\";s:6:\"款式\";i:3056;s:9:\"蝙蝠衫\";}i:207;a:2:{s:4:\"name\";s:6:\"材质\";i:3059;s:3:\"棉\";}i:208;a:2:{s:4:\"name\";s:6:\"价格\";i:3068;s:4:\"0-99\";}i:209;a:2:{s:4:\"name\";s:6:\"袖长\";i:3076;s:6:\"长袖\";}i:210;a:2:{s:4:\"name\";s:6:\"风格\";i:3088;s:6:\"百搭\";}}','<p>\r\n\t<img alt=\"裂帛 裂帛新款 女 拼接 不规则摆 长袖针织衫开衫51130454杏雨\" title=\"温馨提示.jpg\" src=\"http://pimg2.imglefeng.com/decoration/1000000029/947d983961bd9a8fcc2ea78818fbd5f1_1378452905642.jpg\" /><img alt=\"裂帛 裂帛新款 女 拼接 不规则摆 长袖针织衫开衫51130454杏雨\" src=\"http://img02.taobaocdn.com/imgextra/i2/1124754276/T2jUjiXn0aXXXXXXXX_%21%211124754276.jpg?4caa155c10bcc783150746582de00275\" />\r\n</p>\r\n<p>\r\n\t<img alt=\"裂帛 裂帛新款 女 拼接 不规则摆 长袖针织衫开衫51130454杏雨\" id=\"ids-tag-m-5\" class=\"ke_anchor\" src=\"http://a.tbcdn.cn/kissy/1.0.0/build/imglazyload/spaceball.gif\" /><img alt=\"裂帛 裂帛新款 女 拼接 不规则摆 长袖针织衫开衫51130454杏雨\" src=\"http://img01.taobaocdn.com/imgextra/i1/1124754276/T2CEZIXelXXXXXXXXX_%21%211124754276.jpg\" />\r\n</p>\r\n<table class=\"ke-zeroborder\" border=\"0\" cellpadding=\"0\" cellspacing=\"0\">\r\n\t<tbody>\r\n\t\t<tr>\r\n\t\t\t<td style=\"height: 30px; width: 26px;\">\r\n\t\t\t\t？\r\n\t\t\t</td>\r\n\t\t\t<td align=\"left\" valign=\"top\" style=\"width: 20px;\">\r\n\t\t\t\t<img alt=\"裂帛 裂帛新款 女 拼接 不规则摆 长袖针织衫开衫51130454杏雨\" src=\"http://img01.taobaocdn.com/imgextra/i1/1124754276/T2HRYjXfhXXXXXXXXX_%21%211124754276.jpg\" />\r\n\t\t\t</td>\r\n\t\t\t<td style=\"font-size:14px;font-weight:bold;\">\r\n\t\t\t\t51130454 杏雨 清新色系花边拼接长袖针织衫\r\n\t\t\t</td>\r\n\t\t</tr>\r\n\t\t<tr>\r\n\t\t\t<td colspan=\"2\" style=\"height: 30px; width: 46px;\">\r\n\t\t\t\t？\r\n\t\t\t</td>\r\n\t\t\t<td style=\"font-size:12px;\">\r\n\t\t\t\t设计点：精巧圆领（两侧开小口） /插肩袖 / 网布绣花花边拼接 / 单排扣门襟 / 甜美糖果色纽扣 / 百搭长袖 / 罗纹袖口 / 高腰分割效果 / 褶皱装饰 / 不规则下摆 /轻薄针织衫\r\n\t\t\t</td>\r\n\t\t</tr>\r\n\t</tbody>\r\n</table>\r\n<p>\r\n\t<img alt=\"裂帛 裂帛新款 女 拼接 不规则摆 长袖针织衫开衫51130454杏雨\" src=\"http://img04.taobaocdn.com/imgextra/i4/1124754276/T2uht5XlBdXXXXXXXX_%21%211124754276.jpg\" /><img alt=\"裂帛 裂帛新款 女 拼接 不规则摆 长袖针织衫开衫51130454杏雨\" src=\"http://img01.taobaocdn.com/imgextra/i1/1124754276/T2CVgIXdlaXXXXXXXX_%21%211124754276.jpg\" />\r\n</p>\r\n<p>\r\n\t<img alt=\"裂帛 裂帛新款 女 拼接 不规则摆 长袖针织衫开衫51130454杏雨\" src=\"http://img02.taobaocdn.com/imgextra/i2/1124754276/T2OncIXgtXXXXXXXXX_%21%211124754276.jpg\" />\r\n</p>\r\n<p>\r\n\t<img alt=\"裂帛 裂帛新款 女 拼接 不规则摆 长袖针织衫开衫51130454杏雨\" src=\"http://img03.taobaocdn.com/imgextra/i3/1124754276/T2iV7IXn8XXXXXXXXX_%21%211124754276.jpg\" />\r\n</p>\r\n<p>\r\n\t<img alt=\"裂帛 裂帛新款 女 拼接 不规则摆 长袖针织衫开衫51130454杏雨\" src=\"http://img01.taobaocdn.com/imgextra/i1/1124754276/T2YVAIXdNaXXXXXXXX_%21%211124754276.jpg\" />\r\n</p>\r\n<p>\r\n\t<img alt=\"裂帛 裂帛新款 女 拼接 不规则摆 长袖针织衫开衫51130454杏雨\" src=\"http://img02.taobaocdn.com/imgextra/i2/1124754276/T2I7kGXhlaXXXXXXXX_%21%211124754276.jpg\" />\r\n</p>\r\n<p>\r\n\t<img alt=\"裂帛 裂帛新款 女 拼接 不规则摆 长袖针织衫开衫51130454杏雨\" src=\"http://img04.taobaocdn.com/imgextra/i4/1124754276/T2e9EHXclaXXXXXXXX_%21%211124754276.jpg\" />\r\n</p>\r\n<p>\r\n\t<img alt=\"裂帛 裂帛新款 女 拼接 不规则摆 长袖针织衫开衫51130454杏雨\" src=\"http://img03.taobaocdn.com/imgextra/i3/1124754276/T2ytgHXjxaXXXXXXXX_%21%211124754276.jpg\" />\r\n</p>\r\n<p>\r\n\t<img alt=\"裂帛 裂帛新款 女 拼接 不规则摆 长袖针织衫开衫51130454杏雨\" src=\"http://img04.taobaocdn.com/imgextra/i4/1124754276/T2qJsIXapaXXXXXXXX_%21%211124754276.jpg\" />\r\n</p>\r\n<p>\r\n\t<img alt=\"裂帛 裂帛新款 女 拼接 不规则摆 长袖针织衫开衫51130454杏雨\" src=\"http://img01.taobaocdn.com/imgextra/i1/1124754276/T2VaMJXbFXXXXXXXXX_%21%211124754276.jpg\" />\r\n</p>\r\n<p>\r\n\t<img alt=\"裂帛 裂帛新款 女 拼接 不规则摆 长袖针织衫开衫51130454杏雨\" src=\"http://img04.taobaocdn.com/imgextra/i4/1124754276/T2TvZIXihXXXXXXXXX_%21%211124754276.jpg\" />\r\n</p>\r\n<p>\r\n\t<img alt=\"裂帛 裂帛新款 女 拼接 不规则摆 长袖针织衫开衫51130454杏雨\" src=\"http://img01.taobaocdn.com/imgextra/i1/1124754276/T2Su3IXkBXXXXXXXXX_%21%211124754276.jpg\" />\r\n</p>\r\n<p>\r\n\t<img alt=\"裂帛 裂帛新款 女 拼接 不规则摆 长袖针织衫开衫51130454杏雨\" src=\"http://img02.taobaocdn.com/imgextra/i2/1124754276/T28_.HXfdaXXXXXXXX_%21%211124754276.jpg\" />\r\n</p>\r\n<p>\r\n\t<img alt=\"裂帛 裂帛新款 女 拼接 不规则摆 长袖针织衫开衫51130454杏雨\" src=\"http://img02.taobaocdn.com/imgextra/i2/1124754276/T2t9gHXd0aXXXXXXXX_%21%211124754276.jpg\" />\r\n</p>\r\n<p>\r\n\t<img alt=\"裂帛 裂帛新款 女 拼接 不规则摆 长袖针织衫开衫51130454杏雨\" src=\"http://img03.taobaocdn.com/imgextra/i3/1124754276/T2aHkJXb4XXXXXXXXX_%21%211124754276.jpg\" />\r\n</p>\r\n<p>\r\n\t<img alt=\"裂帛 裂帛新款 女 拼接 不规则摆 长袖针织衫开衫51130454杏雨\" id=\"ids-tag-m-4\" class=\"ke_anchor\" src=\"http://a.tbcdn.cn/kissy/1.0.0/build/imglazyload/spaceball.gif\" /><img alt=\"裂帛 裂帛新款 女 拼接 不规则摆 长袖针织衫开衫51130454杏雨\" src=\"http://img03.taobaocdn.com/imgextra/i3/1124754276/T2.kjjXjXXXXXXXXXX_%21%211124754276.jpg\" />\r\n</p>\r\n<p>\r\n\t<img alt=\"裂帛 裂帛新款 女 拼接 不规则摆 长袖针织衫开衫51130454杏雨\" src=\"http://img01.taobaocdn.com/imgextra/i1/1124754276/T2TDm1XctbXXXXXXXX_%21%211124754276.jpg\" />\r\n</p>\r\n<table style=\"color:#292929;font-size:12px;font-weight:bold;\" class=\"ke-zeroborder\" border=\"0\" cellpadding=\"0\" cellspacing=\"0\" width=\"685\">\r\n\t<tbody>\r\n\t\t<tr>\r\n\t\t\t<td align=\"right\" style=\"width: 72px;\">\r\n\t\t\t\t产品款号：\r\n\t\t\t</td>\r\n\t\t\t<td style=\"width: 322px;\">\r\n\t\t\t\t51130454\r\n\t\t\t</td>\r\n\t\t\t<td align=\"right\" style=\"width: 58px;\">\r\n\t\t\t\t柔软：\r\n\t\t\t</td>\r\n\t\t\t<td valign=\"center\" style=\"width: 233px;\">\r\n\t\t\t\t<ul class=\"list-paddingleft-2\">\r\n\t\t\t\t\t<li>\r\n\t\t\t\t\t\t<p>\r\n\t\t\t\t\t\t\t<span style=\"background-color:#ffffff;color:#000000;\">柔软</span>\r\n\t\t\t\t\t\t</p>\r\n\t\t\t\t\t</li>\r\n\t\t\t\t\t<li>\r\n\t\t\t\t\t\t<p>\r\n\t\t\t\t\t\t\t<span style=\"background-color:#636363;color:#ffffff;\">适中</span>\r\n\t\t\t\t\t\t</p>\r\n\t\t\t\t\t</li>\r\n\t\t\t\t\t<li>\r\n\t\t\t\t\t\t<p>\r\n\t\t\t\t\t\t\t偏硬\r\n\t\t\t\t\t\t</p>\r\n\t\t\t\t\t</li>\r\n\t\t\t\t</ul>\r\n\t\t\t</td>\r\n\t\t</tr>\r\n\t\t<tr>\r\n\t\t\t<td align=\"right\" style=\"width: 72px;\">\r\n\t\t\t\t产品昵称：\r\n\t\t\t</td>\r\n\t\t\t<td style=\"width: 322px;\">\r\n\t\t\t\t杏雨\r\n\t\t\t</td>\r\n\t\t\t<td align=\"right\" style=\"width: 58px;\">\r\n\t\t\t\t厚度：\r\n\t\t\t</td>\r\n\t\t\t<td style=\"width: 233px;\">\r\n\t\t\t\t<ul class=\"list-paddingleft-2\">\r\n\t\t\t\t\t<li>\r\n\t\t\t\t\t\t<p>\r\n\t\t\t\t\t\t\t<span style=\"background-color:#ffffff;color:#000000;\">加厚</span>\r\n\t\t\t\t\t\t</p>\r\n\t\t\t\t\t</li>\r\n\t\t\t\t\t<li>\r\n\t\t\t\t\t\t<p>\r\n\t\t\t\t\t\t\t厚\r\n\t\t\t\t\t\t</p>\r\n\t\t\t\t\t</li>\r\n\t\t\t\t\t<li>\r\n\t\t\t\t\t\t<p>\r\n\t\t\t\t\t\t\t<span style=\"background-color:#636363;color:#ffffff;\">适中</span>\r\n\t\t\t\t\t\t</p>\r\n\t\t\t\t\t</li>\r\n\t\t\t\t\t<li>\r\n\t\t\t\t\t\t<p>\r\n\t\t\t\t\t\t\t薄款\r\n\t\t\t\t\t\t</p>\r\n\t\t\t\t\t</li>\r\n\t\t\t\t</ul>\r\n\t\t\t</td>\r\n\t\t</tr>\r\n\t\t<tr>\r\n\t\t\t<td align=\"right\" style=\"width: 72px;\">\r\n\t\t\t\t产品颜色：\r\n\t\t\t</td>\r\n\t\t\t<td style=\"width: 322px;\">\r\n\t\t\t\t粉色 紫色 白色\r\n\t\t\t</td>\r\n\t\t\t<td align=\"right\" style=\"width: 58px;\">\r\n\t\t\t\t弹力：\r\n\t\t\t</td>\r\n\t\t\t<td style=\"width: 233px;\">\r\n\t\t\t\t<ul class=\"list-paddingleft-2\">\r\n\t\t\t\t\t<li>\r\n\t\t\t\t\t\t<p>\r\n\t\t\t\t\t\t\t<span style=\"background-color:#ffffff;color:#000000;\">超弹</span>\r\n\t\t\t\t\t\t</p>\r\n\t\t\t\t\t</li>\r\n\t\t\t\t\t<li>\r\n\t\t\t\t\t\t<p>\r\n\t\t\t\t\t\t\t<span style=\"background-color:#626262;color:#ffffff;\">弹力</span>\r\n\t\t\t\t\t\t</p>\r\n\t\t\t\t\t</li>\r\n\t\t\t\t\t<li>\r\n\t\t\t\t\t\t<p>\r\n\t\t\t\t\t\t\t微弹\r\n\t\t\t\t\t\t</p>\r\n\t\t\t\t\t</li>\r\n\t\t\t\t\t<li>\r\n\t\t\t\t\t\t<p>\r\n\t\t\t\t\t\t\t无弹力\r\n\t\t\t\t\t\t</p>\r\n\t\t\t\t\t</li>\r\n\t\t\t\t</ul>\r\n\t\t\t</td>\r\n\t\t</tr>\r\n\t\t<tr>\r\n\t\t\t<td align=\"right\" style=\"width: 72px;\">\r\n\t\t\t\t产品成份：\r\n\t\t\t</td>\r\n\t\t\t<td style=\"width: 322px;\">\r\n\t\t\t\t55%聚丙烯腈纤维45%棉\r\n\t\t\t</td>\r\n\t\t\t<td align=\"right\" style=\"width: 58px;\">\r\n\t\t\t\t版型：\r\n\t\t\t</td>\r\n\t\t\t<td style=\"width: 233px;\">\r\n\t\t\t\t<ul class=\"list-paddingleft-2\">\r\n\t\t\t\t\t<li>\r\n\t\t\t\t\t\t<p>\r\n\t\t\t\t\t\t\t<span style=\"background-color:#ffffff;color:#000000;\">修身</span>\r\n\t\t\t\t\t\t</p>\r\n\t\t\t\t\t</li>\r\n\t\t\t\t\t<li>\r\n\t\t\t\t\t\t<p>\r\n\t\t\t\t\t\t\t直筒\r\n\t\t\t\t\t\t</p>\r\n\t\t\t\t\t</li>\r\n\t\t\t\t\t<li>\r\n\t\t\t\t\t\t<p>\r\n\t\t\t\t\t\t\t<span style=\"background-color:#6b6b6b;color:#ffffff;\">宽松</span>\r\n\t\t\t\t\t\t</p>\r\n\t\t\t\t\t</li>\r\n\t\t\t\t\t<li>\r\n\t\t\t\t\t\t<p>\r\n\t\t\t\t\t\t\t适中\r\n\t\t\t\t\t\t</p>\r\n\t\t\t\t\t</li>\r\n\t\t\t\t</ul>\r\n\t\t\t</td>\r\n\t\t</tr>\r\n\t\t<tr>\r\n\t\t\t<td align=\"right\" style=\"width: 72px;\">\r\n\t\t\t\t克 重：\r\n\t\t\t</td>\r\n\t\t\t<td style=\"width: 322px;\">\r\n\t\t\t\t0.156KG\r\n\t\t\t</td>\r\n\t\t\t<td align=\"right\" style=\"width: 58px;\">\r\n\t\t\t\t？\r\n\t\t\t</td>\r\n\t\t\t<td style=\"width: 233px;\">\r\n\t\t\t\t？\r\n\t\t\t</td>\r\n\t\t</tr>\r\n\t</tbody>\r\n</table>\r\n<p>\r\n\t<img alt=\"裂帛 裂帛新款 女 拼接 不规则摆 长袖针织衫开衫51130454杏雨\" src=\"http://img04.taobaocdn.com/imgextra/i4/228784630/T25.VBXdpOXXXXXXXX_%21%21228784630.jpg\" style=\"text-align: absMiddle;\" /><img alt=\"裂帛 裂帛新款 女 拼接 不规则摆 长袖针织衫开衫51130454杏雨\" src=\"http://img02.taobaocdn.com/imgextra/i2/1124754276/T2DLAHXcXaXXXXXXXX_%21%211124754276.jpg\" />\r\n</p>\r\n<p>\r\n\t<img alt=\"裂帛 裂帛新款 女 拼接 不规则摆 长袖针织衫开衫51130454杏雨\" src=\"http://img04.taobaocdn.com/imgextra/i4/1124754276/T20hcIXe0XXXXXXXXX_%21%211124754276.jpg\" />\r\n</p>\r\n<table class=\"ke-zeroborder\" border=\"0\" cellpadding=\"0\" cellspacing=\"0\">\r\n\t<tbody>\r\n\t\t<tr>\r\n\t\t\t<td>\r\n\t\t\t\t<img alt=\"裂帛 裂帛新款 女 拼接 不规则摆 长袖针织衫开衫51130454杏雨\" src=\"http://img03.taobaocdn.com/imgextra/i3/1124754276/T2DQjiXhFaXXXXXXXX_%21%211124754276.jpg?82c0a15cd9b4e1656ddf9534acc87ac8\" />\r\n\t\t\t</td>\r\n\t\t\t<td>\r\n\t\t\t\t<p>\r\n\t\t\t\t\t① 精致开口圆领\r\n\t\t\t\t</p>\r\n\t\t\t</td>\r\n\t\t</tr>\r\n\t</tbody>\r\n</table>\r\n<p>\r\n\t小巧精致的圆领，两侧插肩接缝处添加小小开口设计，趣味感十足\r\n</p>\r\n<table class=\"ke-zeroborder\" border=\"0\" cellpadding=\"0\" cellspacing=\"0\">\r\n\t<tbody>\r\n\t\t<tr>\r\n\t\t\t<td>\r\n\t\t\t\t<p>\r\n\t\t\t\t\t② 雅致花边拼接\r\n\t\t\t\t</p>\r\n\t\t\t</td>\r\n\t\t\t<td>\r\n\t\t\t\t<img alt=\"裂帛 裂帛新款 女 拼接 不规则摆 长袖针织衫开衫51130454杏雨\" src=\"http://img01.taobaocdn.com/imgextra/i1/1124754276/T2LO16XeXbXXXXXXXX_%21%211124754276.jpg?02e8eefb6edde3e53093aac4a2b6f462\" />\r\n\t\t\t</td>\r\n\t\t</tr>\r\n\t</tbody>\r\n</table>\r\n<p>\r\n\t肩袖处拼接白色羽毛状绣花网眼布，在清新色彩上更显雅致\r\n</p>\r\n<p>\r\n\t<img alt=\"裂帛 裂帛新款 女 拼接 不规则摆 长袖针织衫开衫51130454杏雨\" src=\"http://img01.taobaocdn.com/imgextra/i1/1124754276/T2BQL6XeRbXXXXXXXX_%21%211124754276.jpg\" />\r\n</p>\r\n<p>\r\n\t<img alt=\"裂帛 裂帛新款 女 拼接 不规则摆 长袖针织衫开衫51130454杏雨\" src=\"http://img04.taobaocdn.com/imgextra/i4/1124754276/T2ZqMHXmRaXXXXXXXX_%21%211124754276.jpg\" />\r\n</p>\r\n<table class=\"ke-zeroborder\" border=\"0\" cellpadding=\"0\" cellspacing=\"0\">\r\n\t<tbody>\r\n\t\t<tr>\r\n\t\t\t<td>\r\n\t\t\t\t<img alt=\"裂帛 裂帛新款 女 拼接 不规则摆 长袖针织衫开衫51130454杏雨\" src=\"http://img03.taobaocdn.com/imgextra/i3/1124754276/T2DQjiXhFaXXXXXXXX_%21%211124754276.jpg?82c0a15cd9b4e1656ddf9534acc87ac8\" />\r\n\t\t\t</td>\r\n\t\t\t<td>\r\n\t\t\t\t<p>\r\n\t\t\t\t\t③ 糖果色纽扣\r\n\t\t\t\t</p>\r\n\t\t\t</td>\r\n\t\t</tr>\r\n\t</tbody>\r\n</table>\r\n<p>\r\n\t单排扣门襟，纽扣与衣服同一色系，色彩更加鲜亮活泼，非常俏皮可爱\r\n</p>\r\n<table class=\"ke-zeroborder\" border=\"0\" cellpadding=\"0\" cellspacing=\"0\">\r\n\t<tbody>\r\n\t\t<tr>\r\n\t\t\t<td>\r\n\t\t\t\t<p>\r\n\t\t\t\t\t④ 不规则下摆\r\n\t\t\t\t</p>\r\n\t\t\t</td>\r\n\t\t\t<td>\r\n\t\t\t\t<img alt=\"裂帛 裂帛新款 女 拼接 不规则摆 长袖针织衫开衫51130454杏雨\" src=\"http://img01.taobaocdn.com/imgextra/i1/1124754276/T2LO16XeXbXXXXXXXX_%21%211124754276.jpg?02e8eefb6edde3e53093aac4a2b6f462\" />\r\n\t\t\t</td>\r\n\t\t</tr>\r\n\t</tbody>\r\n</table>\r\n<p>\r\n\t不要中规中矩，优雅独特的气质跳跃而出\r\n</p>\r\n<p>\r\n\t<img alt=\"裂帛 裂帛新款 女 拼接 不规则摆 长袖针织衫开衫51130454杏雨\" src=\"http://img03.taobaocdn.com/imgextra/i3/1124754276/T2JakIXo4XXXXXXXXX_%21%211124754276.jpg\" />\r\n</p>\r\n<p>\r\n\t<img alt=\"裂帛 裂帛新款 女 拼接 不规则摆 长袖针织衫开衫51130454杏雨\" src=\"http://img04.taobaocdn.com/imgextra/i4/1124754276/T2fIgGXjhaXXXXXXXX_%21%211124754276.jpg\" />\r\n</p>\r\n<p>\r\n\t<img alt=\"裂帛 裂帛新款 女 拼接 不规则摆 长袖针织衫开衫51130454杏雨\" src=\"http://img03.taobaocdn.com/imgextra/i3/1124754276/T2B59pXeVcXXXXXXXX_%21%211124754276.jpg\" />\r\n</p>\r\n<table style=\"font-family:微软雅黑;color:#000000;font-size:12px;\" class=\"ke-zeroborder\" border=\"0\" cellpadding=\"0\" cellspacing=\"0\">\r\n\t<tbody>\r\n\t\t<tr>\r\n\t\t\t<td rowspan=\"2\" style=\"width: 25px;\">\r\n\t\t\t\t？\r\n\t\t\t</td>\r\n\t\t\t<td style=\"height: 50px; width: 20px;\">\r\n\t\t\t\t<img alt=\"裂帛 裂帛新款 女 拼接 不规则摆 长袖针织衫开衫51130454杏雨\" src=\"http://img01.taobaocdn.com/imgextra/i1/1124754276/T2HRYjXfhXXXXXXXXX_%21%211124754276.jpg\" height=\"13\" width=\"14\" />\r\n\t\t\t</td>\r\n\t\t\t<td style=\"width: 323px;\">\r\n\t\t\t\t<p>\r\n\t\t\t\t\t素雅绣花网眼布拼接\r\n\t\t\t\t</p>\r\n\t\t\t</td>\r\n\t\t\t<td rowspan=\"2\" style=\"width: 25px;\">\r\n\t\t\t\t？\r\n\t\t\t</td>\r\n\t\t\t<td style=\"width: 20px;\">\r\n\t\t\t\t<img alt=\"裂帛 裂帛新款 女 拼接 不规则摆 长袖针织衫开衫51130454杏雨\" src=\"http://img01.taobaocdn.com/imgextra/i1/1124754276/T2HRYjXfhXXXXXXXXX_%21%211124754276.jpg\" height=\"13\" width=\"14\" />\r\n\t\t\t</td>\r\n\t\t\t<td style=\"width: 324px;\">\r\n\t\t\t\t<p>\r\n\t\t\t\t\t柔和亲肤腈棉材质\r\n\t\t\t\t</p>\r\n\t\t\t</td>\r\n\t\t</tr>\r\n\t\t<tr>\r\n\t\t\t<td colspan=\"2\" valign=\"top\" style=\"width: 343px;\">\r\n\t\t\t\t<p>\r\n\t\t\t\t\t肩袖处拼接绣花网眼布，使用单色线绣法，用色淡雅，纹样精美，做工精致。由于绣在网布之上，使网布绣花看起来接近蕾丝的质地，古典婉约，并且兼具蕾丝的甜美与性感。\r\n\t\t\t\t</p>\r\n\t\t\t</td>\r\n\t\t\t<td colspan=\"2\" valign=\"top\" style=\"width: 344px;\">\r\n\t\t\t\t<p>\r\n\t\t\t\t\t腈棉是聚丙烯腈纤维和棉的混纺物。拥有聚丙烯腈纤维弹性好、蓬松卷曲而柔软的特点，柔软蓬松，易染色、色泽鲜艳、耐光、抗菌，不怕虫蛀等。同时结合棉吸湿性好，手感柔软、卫生舒适、光泽柔和、有自然美感等贴点，穿着更加柔和亲肤。\r\n\t\t\t\t</p>\r\n\t\t\t</td>\r\n\t\t</tr>\r\n\t</tbody>\r\n</table>\r\n<p>\r\n\t<img alt=\"裂帛 裂帛新款 女 拼接 不规则摆 长袖针织衫开衫51130454杏雨\" src=\"http://a.tbcdn.cn/kissy/1.0.0/build/imglazyload/spaceball.gif\" />\r\n</p>\r\n<p>\r\n\t<img alt=\"裂帛 裂帛新款 女 拼接 不规则摆 长袖针织衫开衫51130454杏雨\" src=\"http://img01.taobaocdn.com/imgextra/i1/1124754276/T2XXwgXe0aXXXXXXXX_%21%211124754276.jpg\" /><img alt=\"裂帛 裂帛新款 女 拼接 不规则摆 长袖针织衫开衫51130454杏雨\" src=\"http://img02.taobaocdn.com/imgextra/i2/1124754276/T2.fJ8XktcXXXXXXXX_%21%211124754276.jpg\" />\r\n</p>\r\n<p>\r\n\t<img alt=\"裂帛 裂帛新款 女 拼接 不规则摆 长袖针织衫开衫51130454杏雨\" src=\"http://img04.taobaocdn.com/imgextra/i4/1124754276/T2I5cgXaRaXXXXXXXX_%21%211124754276.jpg\" />\r\n</p>\r\n<table style=\"font-size:12px;\" class=\"ke-zeroborder\" border=\"0\" cellpadding=\"0\" cellspacing=\"0\" width=\"460\">\r\n\t<tbody>\r\n\t\t<tr>\r\n\t\t\t<td style=\"height: 27px;\">\r\n\t\t\t\t<strong>尺码</strong>\r\n\t\t\t</td>\r\n\t\t\t<td>\r\n\t\t\t\t<strong>身长</strong>\r\n\t\t\t</td>\r\n\t\t\t<td>\r\n\t\t\t\t<strong>胸围</strong>\r\n\t\t\t</td>\r\n\t\t\t<td>\r\n\t\t\t\t<strong>摆围</strong>\r\n\t\t\t</td>\r\n\t\t\t<td>\r\n\t\t\t\t<strong>袖长</strong>\r\n\t\t\t</td>\r\n\t\t\t<td>\r\n\t\t\t\t<strong>袖肥</strong>\r\n\t\t\t</td>\r\n\t\t\t<td>\r\n\t\t\t\t<strong>袖口</strong>\r\n\t\t\t</td>\r\n\t\t\t<td>\r\n\t\t\t\t？\r\n\t\t\t</td>\r\n\t\t\t<td>\r\n\t\t\t\t？\r\n\t\t\t</td>\r\n\t\t</tr>\r\n\t\t<tr>\r\n\t\t\t<td style=\"height: 27px;\">\r\n\t\t\t\tS\r\n\t\t\t</td>\r\n\t\t\t<td>\r\n\t\t\t\t58\r\n\t\t\t</td>\r\n\t\t\t<td>\r\n\t\t\t\t84\r\n\t\t\t</td>\r\n\t\t\t<td>\r\n\t\t\t\t138\r\n\t\t\t</td>\r\n\t\t\t<td>\r\n\t\t\t\t69\r\n\t\t\t</td>\r\n\t\t\t<td>\r\n\t\t\t\t26\r\n\t\t\t</td>\r\n\t\t\t<td>\r\n\t\t\t\t17\r\n\t\t\t</td>\r\n\t\t\t<td>\r\n\t\t\t\t？\r\n\t\t\t</td>\r\n\t\t\t<td>\r\n\t\t\t\t？\r\n\t\t\t</td>\r\n\t\t</tr>\r\n\t\t<tr>\r\n\t\t\t<td style=\"height: 27px;\">\r\n\t\t\t\tM\r\n\t\t\t</td>\r\n\t\t\t<td>\r\n\t\t\t\t60\r\n\t\t\t</td>\r\n\t\t\t<td>\r\n\t\t\t\t88\r\n\t\t\t</td>\r\n\t\t\t<td>\r\n\t\t\t\t142\r\n\t\t\t</td>\r\n\t\t\t<td>\r\n\t\t\t\t70.5\r\n\t\t\t</td>\r\n\t\t\t<td>\r\n\t\t\t\t27\r\n\t\t\t</td>\r\n\t\t\t<td>\r\n\t\t\t\t18\r\n\t\t\t</td>\r\n\t\t\t<td>\r\n\t\t\t\t？\r\n\t\t\t</td>\r\n\t\t\t<td>\r\n\t\t\t\t？\r\n\t\t\t</td>\r\n\t\t</tr>\r\n\t\t<tr>\r\n\t\t\t<td style=\"height: 27px;\">\r\n\t\t\t\t<p>\r\n\t\t\t\t\tL\r\n\t\t\t\t</p>\r\n\t\t\t</td>\r\n\t\t\t<td>\r\n\t\t\t\t62\r\n\t\t\t</td>\r\n\t\t\t<td>\r\n\t\t\t\t92\r\n\t\t\t</td>\r\n\t\t\t<td>\r\n\t\t\t\t146\r\n\t\t\t</td>\r\n\t\t\t<td>\r\n\t\t\t\t72\r\n\t\t\t</td>\r\n\t\t\t<td>\r\n\t\t\t\t28\r\n\t\t\t</td>\r\n\t\t\t<td>\r\n\t\t\t\t19\r\n\t\t\t</td>\r\n\t\t\t<td>\r\n\t\t\t\t？\r\n\t\t\t</td>\r\n\t\t\t<td>\r\n\t\t\t\t？\r\n\t\t\t</td>\r\n\t\t</tr>\r\n\t\t<tr>\r\n\t\t\t<td style=\"height: 27px;\">\r\n\t\t\t\tXL\r\n\t\t\t</td>\r\n\t\t\t<td>\r\n\t\t\t\t64\r\n\t\t\t</td>\r\n\t\t\t<td>\r\n\t\t\t\t96\r\n\t\t\t</td>\r\n\t\t\t<td>\r\n\t\t\t\t150\r\n\t\t\t</td>\r\n\t\t\t<td>\r\n\t\t\t\t73.5\r\n\t\t\t</td>\r\n\t\t\t<td>\r\n\t\t\t\t29\r\n\t\t\t</td>\r\n\t\t\t<td>\r\n\t\t\t\t20\r\n\t\t\t</td>\r\n\t\t\t<td>\r\n\t\t\t\t？\r\n\t\t\t</td>\r\n\t\t\t<td>\r\n\t\t\t\t？\r\n\t\t\t</td>\r\n\t\t</tr>\r\n\t\t<tr>\r\n\t\t\t<td style=\"height: 27px;\">\r\n\t\t\t\tXXL\r\n\t\t\t</td>\r\n\t\t\t<td>\r\n\t\t\t\t66\r\n\t\t\t</td>\r\n\t\t\t<td>\r\n\t\t\t\t100\r\n\t\t\t</td>\r\n\t\t\t<td>\r\n\t\t\t\t154\r\n\t\t\t</td>\r\n\t\t\t<td>\r\n\t\t\t\t75\r\n\t\t\t</td>\r\n\t\t\t<td>\r\n\t\t\t\t30\r\n\t\t\t</td>\r\n\t\t\t<td>\r\n\t\t\t\t21\r\n\t\t\t</td>\r\n\t\t\t<td>\r\n\t\t\t\t？\r\n\t\t\t</td>\r\n\t\t\t<td>\r\n\t\t\t\t？\r\n\t\t\t</td>\r\n\t\t</tr>\r\n\t\t<tr>\r\n\t\t\t<td style=\"height: 27px;\">\r\n\t\t\t\t-\r\n\t\t\t</td>\r\n\t\t\t<td>\r\n\t\t\t\t-\r\n\t\t\t</td>\r\n\t\t\t<td>\r\n\t\t\t\t-\r\n\t\t\t</td>\r\n\t\t\t<td>\r\n\t\t\t\t-\r\n\t\t\t</td>\r\n\t\t\t<td>\r\n\t\t\t\t-\r\n\t\t\t</td>\r\n\t\t\t<td>\r\n\t\t\t\t-\r\n\t\t\t</td>\r\n\t\t\t<td>\r\n\t\t\t\t-\r\n\t\t\t</td>\r\n\t\t\t<td>\r\n\t\t\t\t？\r\n\t\t\t</td>\r\n\t\t\t<td>\r\n\t\t\t\t？\r\n\t\t\t</td>\r\n\t\t</tr>\r\n\t</tbody>\r\n</table>\r\n<p>\r\n\t由于尺码是纯手工测量所以难免存在1CM-3CM，请精灵们谅解。\r\n</p>\r\n<p>\r\n\t<img alt=\"裂帛 裂帛新款 女 拼接 不规则摆 长袖针织衫开衫51130454杏雨\" id=\"ids-tag-m-2\" class=\"ke_anchor\" src=\"http://a.tbcdn.cn/kissy/1.0.0/build/imglazyload/spaceball.gif\" /><img alt=\"裂帛 裂帛新款 女 拼接 不规则摆 长袖针织衫开衫51130454杏雨\" src=\"http://img03.taobaocdn.com/imgextra/i3/1124754276/T2id2jXctaXXXXXXXX_%21%211124754276.jpg\" />\r\n</p>\r\n<table style=\"font-size:12px;\" class=\"ke-zeroborder\" border=\"0\" cellpadding=\"0\" cellspacing=\"0\" width=\"690\">\r\n\t<tbody>\r\n\t\t<tr>\r\n\t\t\t<td style=\"height: 27px; width: 80px;\">\r\n\t\t\t\t模特橙子\r\n\t\t\t</td>\r\n\t\t\t<td style=\"width: 70px;\">\r\n\t\t\t\t身高168CM\r\n\t\t\t</td>\r\n\t\t\t<td style=\"width: 70px;\">\r\n\t\t\t\t体重45KG\r\n\t\t\t</td>\r\n\t\t\t<td style=\"width: 120px;\">\r\n\t\t\t\t三围： 81/57/82/\r\n\t\t\t</td>\r\n\t\t\t<td style=\"width: 350px;\">\r\n\t\t\t\t肩宽 37CM 穿S码（裤子穿25码）\r\n\t\t\t</td>\r\n\t\t</tr>\r\n\t\t<tr>\r\n\t\t\t<td style=\"height: 27px; width: 80px;\">\r\n\t\t\t\t模特田心\r\n\t\t\t</td>\r\n\t\t\t<td style=\"width: 70px;\">\r\n\t\t\t\t身高165CM\r\n\t\t\t</td>\r\n\t\t\t<td style=\"width: 70px;\">\r\n\t\t\t\t体重45KG\r\n\t\t\t</td>\r\n\t\t\t<td style=\"width: 120px;\">\r\n\t\t\t\t三围： 80/58.5/83/\r\n\t\t\t</td>\r\n\t\t\t<td style=\"width: 350px;\">\r\n\t\t\t\t肩宽 37CM 穿S码（裤子穿25码）\r\n\t\t\t</td>\r\n\t\t</tr>\r\n\t\t<tr>\r\n\t\t\t<td style=\"height: 27px; width: 80px;\">\r\n\t\t\t\t试衣模特\r\n\t\t\t</td>\r\n\t\t\t<td style=\"width: 70px;\">\r\n\t\t\t\t身高**CM\r\n\t\t\t</td>\r\n\t\t\t<td style=\"width: 70px;\">\r\n\t\t\t\t体重**KG\r\n\t\t\t</td>\r\n\t\t\t<td style=\"width: 120px;\">\r\n\t\t\t\t三围： **/**/**/\r\n\t\t\t</td>\r\n\t\t\t<td style=\"width: 350px;\">\r\n\t\t\t\t平时穿M码/裤子26 码 此款***码 合适\r\n\t\t\t</td>\r\n\t\t</tr>\r\n\t\t<tr>\r\n\t\t\t<td style=\"height: 27px; width: 80px;\">\r\n\t\t\t\t试衣模特\r\n\t\t\t</td>\r\n\t\t\t<td style=\"width: 70px;\">\r\n\t\t\t\t身高**CM\r\n\t\t\t</td>\r\n\t\t\t<td style=\"width: 70px;\">\r\n\t\t\t\t体重**KG\r\n\t\t\t</td>\r\n\t\t\t<td style=\"width: 120px;\">\r\n\t\t\t\t三围： **/**/**/\r\n\t\t\t</td>\r\n\t\t\t<td style=\"width: 350px;\">\r\n\t\t\t\t平时穿L码/裤子29 码 此款***码 合适\r\n\t\t\t</td>\r\n\t\t</tr>\r\n\t</tbody>\r\n</table>\r\n<p>\r\n\t<img alt=\"裂帛 裂帛新款 女 拼接 不规则摆 长袖针织衫开衫51130454杏雨\" src=\"http://img01.taobaocdn.com/imgextra/i1/1124754276/T2DIsIXoXXXXXXXXXX_%21%211124754276.jpg\" />\r\n</p>\r\n<p>\r\n\t<img alt=\"裂帛 裂帛新款 女 拼接 不规则摆 长袖针织衫开衫51130454杏雨\" src=\"http://img02.taobaocdn.com/imgextra/i2/1124754276/T2YEDiXmVaXXXXXXXX_%21%211124754276.jpg?2bb287f60d61e3f3159f1bbaa3b7e3c6\" />\r\n</p>','',1,NULL,1,NULL,0,1388481391,0,'',99.00,483.00,0.00,20,'',0,0,'',1,0.00,0,1,36,',0,',0,0,0,NULL,NULL,1,0,0,0,0,0,1,NULL),(100085,'至尊金奖 法国原瓶进口AOC红酒 任选一箱 红沙城堡红葡萄酒','全国唯一支持开瓶试饮7天无理由退换货','20',630,593,598,630,'食品饮料 &gt;中外名酒 &gt;葡萄酒',1,'官方旗舰店','N;','N;',263,'长城葡萄酒',37,'1_04423392298369303.jpg','N;','<img src=\"../data/upload/shop/store/goods/1/1_04423392645620711_1280.jpg\" alt=\"image\" />','',1,NULL,1,'',0,1388995274,0,'',899.00,1688.00,0.00,53,'',0,0,'',1,0.00,0,1,36,'',0,0,0,0,0,0,0,0,0,0,0,1,'线上商品'),(100086,'中华老字号 东阿阿胶桃花姬阿胶糕300g','','200',617,593,596,617,'食品饮料 &gt;休闲食品 &gt;坚果炒货',1,'官方旗舰店','N;','N;',250,'养生堂',37,'1_04423411880302392.png','N;','<img src=\"../data/upload/shop/store/goods/1/1_04423412221350722_1280.jpg\" alt=\"image\" />','',1,NULL,1,'',0,1388997235,0,'',150.00,168.00,0.00,89,'',0,0,'',1,0.00,0,1,36,'',0,0,0,0,0,0,0,0,0,0,0,1,'线上商品');

#
# Structure for table "33hao_goods_fcode"
#

DROP TABLE IF EXISTS `33hao_goods_fcode`;
CREATE TABLE `33hao_goods_fcode` (
  `fc_id` int(10) unsigned NOT NULL AUTO_INCREMENT COMMENT 'F码id',
  `goods_commonid` int(10) unsigned NOT NULL COMMENT '商品公共id',
  `fc_code` varchar(20) NOT NULL COMMENT 'F码',
  `fc_state` tinyint(3) unsigned NOT NULL DEFAULT '0' COMMENT '状态 0未使用，1已使用',
  PRIMARY KEY (`fc_id`)
) ENGINE=InnoDB DEFAULT CHARSET=utf8 COMMENT='商品F码';

#
# Data for table "33hao_goods_fcode"
#


#
# Structure for table "33hao_goods_gift"
#

DROP TABLE IF EXISTS `33hao_goods_gift`;
CREATE TABLE `33hao_goods_gift` (
  `gift_id` int(10) unsigned NOT NULL AUTO_INCREMENT COMMENT '赠品id ',
  `goods_id` int(10) unsigned NOT NULL COMMENT '主商品id',
  `goods_commonid` int(10) unsigned NOT NULL COMMENT '主商品公共id',
  `gift_goodsid` int(10) unsigned NOT NULL COMMENT '赠品商品id ',
  `gift_goodsname` varchar(50) NOT NULL COMMENT '主商品名称',
  `gift_goodsimage` varchar(100) NOT NULL COMMENT '主商品图片',
  `gift_amount` tinyint(3) unsigned NOT NULL COMMENT '赠品数量',
  PRIMARY KEY (`gift_id`)
) ENGINE=InnoDB DEFAULT CHARSET=utf8 COMMENT='商品赠品表';

#
# Data for table "33hao_goods_gift"
#


#
# Structure for table "33hao_goods_images"
#

DROP TABLE IF EXISTS `33hao_goods_images`;
CREATE TABLE `33hao_goods_images` (
  `goods_image_id` int(10) unsigned NOT NULL AUTO_INCREMENT COMMENT '商品图片id',
  `goods_commonid` int(10) unsigned NOT NULL COMMENT '商品公共内容id',
  `store_id` int(10) unsigned NOT NULL COMMENT '店铺id',
  `color_id` int(10) unsigned NOT NULL COMMENT '颜色规格值id',
  `goods_image` varchar(1000) NOT NULL COMMENT '商品图片',
  `goods_image_sort` tinyint(3) unsigned NOT NULL COMMENT '排序',
  `is_default` tinyint(3) unsigned NOT NULL DEFAULT '0' COMMENT '默认主题，1是，0否',
  PRIMARY KEY (`goods_image_id`)
) ENGINE=InnoDB AUTO_INCREMENT=606 DEFAULT CHARSET=utf8 COMMENT='商品图片';

#
# Data for table "33hao_goods_images"
#

INSERT INTO `33hao_goods_images` VALUES (11,1,2,218,'2_04415409366497470.jpg',0,1),(12,1,2,217,'2_04415409493015985.jpg',0,1),(13,1,2,216,'2_04415409635635215.jpg',0,1),(14,1,2,215,'2_04415409825356607.jpg',0,1),(15,1,2,214,'2_04415410065557070.jpg',0,1),(41,100008,1,222,'1_04418207207476705.jpg',0,1),(42,100008,1,222,'1_04418207237197915.jpg',0,0),(43,100008,1,222,'1_04418207258840120.jpg',0,0),(44,100008,1,222,'1_04418207283569084.jpg',0,0),(45,100008,1,224,'1_04418206625430066.jpg',0,1),(46,100008,1,224,'1_04418207321967915.jpg',0,0),(47,100008,1,224,'1_04418207350682444.jpg',0,0),(48,100008,1,224,'1_04418207374719006.jpg',0,0),(49,100008,1,225,'1_04418207471410641.jpg',0,1),(50,100008,1,225,'1_04418207575073862.jpg',0,0),(51,100008,1,225,'1_04418207617911287.jpg',0,0),(52,100008,1,225,'1_04418207651522662.jpg',0,0),(53,100008,1,226,'1_04418207748921454.jpg',0,1),(54,100008,1,226,'1_04418207775017390.jpg',0,0),(55,100008,1,226,'1_04418207803169795.jpg',0,0),(56,100008,1,226,'1_04418207830061660.jpg',0,0),(57,100009,1,222,'1_04418211646104580.jpg',0,1),(58,100009,1,222,'1_04418211624146737.jpg',0,0),(59,100009,1,222,'1_04418211670177204.jpg',0,0),(60,100009,1,222,'1_04418211696227370.jpg',0,0),(61,100009,1,224,'1_04418211211965600.jpg',0,1),(62,100009,1,224,'1_04418211725315624.jpg',0,0),(63,100009,1,224,'1_04418211757384304.jpg',0,0),(64,100009,1,224,'1_04418211785719847.jpg',0,0),(65,100009,1,227,'1_04418211855225368.jpg',0,1),(66,100009,1,227,'1_04418211827276143.jpg',0,0),(67,100009,1,227,'1_04418211883385668.jpg',0,0),(68,100009,1,227,'1_04418211907013907.jpg',0,0),(90,100010,1,239,'1_04418240378724556.jpg',0,1),(91,100010,1,239,'1_04418240412383742.jpg',0,0),(92,100010,1,239,'1_04418240440076521.jpg',0,0),(93,100010,1,239,'1_04418240469700467.jpg',0,0),(94,100010,1,240,'1_04418240641767556.jpg',0,1),(95,100010,1,240,'1_04418240666885368.jpg',0,0),(96,100010,1,240,'1_04418240697199699.jpg',0,0),(97,100010,1,240,'1_04418240726658802.jpg',0,0),(98,100010,1,241,'1_04418240795665638.jpg',0,1),(99,100010,1,241,'1_04418240827143666.jpg',0,0),(100,100010,1,241,'1_04418240859146562.jpg',0,0),(101,100010,1,241,'1_04418240886330482.jpg',0,0),(102,100010,1,242,'1_04418240955916042.jpg',0,1),(103,100010,1,242,'1_04418240987274775.jpg',0,0),(104,100010,1,242,'1_04418241012342707.jpg',0,0),(105,100010,1,242,'1_04418241035889286.jpg',0,0),(106,100010,1,243,'1_04418241398474746.jpg',0,1),(107,100010,1,243,'1_04418242839438481.jpg',0,0),(108,100010,1,243,'1_04418242873386601.jpg',0,0),(109,100010,1,243,'1_04418242912771108.jpg',0,0),(110,100010,1,228,'1_04418242684128103.jpg',0,1),(111,100010,1,228,'1_04418242714323222.jpg',0,0),(112,100010,1,228,'1_04418242742004222.jpg',0,0),(113,100010,1,228,'1_04418242771276943.jpg',0,0),(114,100011,1,249,'1_04418253240878850.jpg',0,1),(115,100011,1,249,'1_04418253965368434.jpg',0,0),(116,100011,1,249,'1_04418253993341194.jpg',0,0),(117,100011,1,249,'1_04418254020459178.jpg',0,0),(118,100011,1,250,'1_04418254088878407.jpg',0,1),(119,100011,1,250,'1_04418254118588220.jpg',0,0),(120,100011,1,250,'1_04418254147327427.jpg',0,0),(121,100011,1,250,'1_04418254171863431.jpg',0,0),(122,100011,1,251,'1_04418254218437108.jpg',0,1),(123,100011,1,251,'1_04418254243309723.jpg',0,0),(124,100011,1,251,'1_04418254270788167.jpg',0,0),(125,100011,1,251,'1_04418254463390448.jpg',0,0),(602,100085,1,0,'1_04423392298369303.jpg',0,1),(603,100086,1,0,'1_04423411880302392.png',0,1),(604,100086,1,0,'1_04423412434387147.png',0,0),(605,100086,1,0,'1_04423412474341466.png',0,0);

#
# Structure for table "33hao_groupbuy"
#

DROP TABLE IF EXISTS `33hao_groupbuy`;
CREATE TABLE `33hao_groupbuy` (
  `groupbuy_id` int(10) unsigned NOT NULL AUTO_INCREMENT COMMENT '团购ID',
  `groupbuy_name` varchar(255) NOT NULL COMMENT '活动名称',
  `start_time` int(10) unsigned NOT NULL DEFAULT '0' COMMENT '开始时间',
  `end_time` int(10) unsigned NOT NULL DEFAULT '0' COMMENT '结束时间',
  `goods_id` int(10) unsigned NOT NULL DEFAULT '0' COMMENT '商品ID',
  `goods_commonid` int(10) unsigned NOT NULL COMMENT '商品公共表ID',
  `goods_name` varchar(200) NOT NULL COMMENT '商品名称',
  `store_id` int(10) unsigned NOT NULL DEFAULT '0' COMMENT '店铺ID',
  `store_name` varchar(50) NOT NULL COMMENT '店铺名称',
  `goods_price` decimal(10,2) NOT NULL COMMENT '商品原价',
  `groupbuy_price` decimal(10,2) NOT NULL COMMENT '团购价格',
  `groupbuy_rebate` decimal(10,2) NOT NULL COMMENT '折扣',
  `virtual_quantity` int(10) unsigned NOT NULL COMMENT '虚拟购买数量',
  `upper_limit` int(10) unsigned NOT NULL DEFAULT '0' COMMENT '购买上限',
  `buyer_count` int(10) unsigned NOT NULL DEFAULT '0' COMMENT '已购买人数',
  `buy_quantity` int(10) unsigned NOT NULL DEFAULT '0' COMMENT '购买数量',
  `groupbuy_intro` text COMMENT '本团介绍',
  `state` tinyint(1) unsigned NOT NULL DEFAULT '0' COMMENT '团购状态 10-审核中 20-正常 30-审核失败 31-管理员关闭 32-已结束',
  `recommended` tinyint(1) unsigned NOT NULL COMMENT '是否推荐 0.未推荐 1.已推荐',
  `views` int(10) unsigned NOT NULL DEFAULT '0' COMMENT '查看次数',
  `class_id` int(10) unsigned NOT NULL COMMENT '团购类别编号',
  `s_class_id` int(10) unsigned NOT NULL DEFAULT '0' COMMENT '团购2级分类id',
  `groupbuy_image` varchar(100) NOT NULL COMMENT '团购图片',
  `groupbuy_image1` varchar(100) DEFAULT NULL COMMENT '团购图片1',
  `remark` varchar(255) NOT NULL COMMENT '备注',
  `is_vr` tinyint(3) unsigned NOT NULL DEFAULT '0' COMMENT '是否虚拟团购 1是0否',
  `vr_city_id` int(11) DEFAULT NULL COMMENT '虚拟团购城市id',
  `vr_area_id` int(11) DEFAULT NULL COMMENT '虚拟团购区域id',
  `vr_mall_id` int(11) DEFAULT NULL COMMENT '虚拟团购商区id',
  `vr_class_id` int(11) DEFAULT NULL COMMENT '虚拟团购大分类id',
  `vr_s_class_id` int(11) DEFAULT NULL COMMENT '虚拟团购小分类id',
  PRIMARY KEY (`groupbuy_id`)
) ENGINE=InnoDB AUTO_INCREMENT=4 DEFAULT CHARSET=utf8 COMMENT='团购商品表';

#
# Data for table "33hao_groupbuy"
#

INSERT INTO `33hao_groupbuy` VALUES (2,'228元任选一箱，国际大赛权威推荐“金奖”葡萄酒！',1388995740,1577721600,231,100085,'至尊金奖 法国原瓶进口AOC红酒 任选一箱 红沙城堡红葡萄酒 原装进口',1,'官方旗舰店',899.00,228.00,2.54,0,5,2,2,'<img src=\"../data/upload/shop/store/goods/1/1_04423392645620711_1280.jpg\" alt=\"image\" />',20,1,21,0,0,'1_04423393922882448.jpg','1_04423395187054760.jpg','全国唯一支持开瓶试饮7天无理由退换货',0,NULL,NULL,NULL,NULL,NULL),(3,'东阿阿胶桃花姬阿胶糕300g，芝麻香，核桃脆，上品阿胶，养颜',1388997900,1577721600,232,100086,'中华老字号 东阿阿胶桃花姬阿胶糕300g',1,'官方旗舰店',150.00,95.00,6.33,0,3,17,17,'<img src=\"../data/upload/shop/store/goods/1/1_04423412221350722_1280.jpg\" alt=\"image\" />',20,1,10,0,0,'1_04423413554692434.jpg','1_04423415305032356.jpg','闪电发货 48小时送达',0,NULL,NULL,NULL,NULL,NULL);

#
# Structure for table "33hao_groupbuy_class"
#

DROP TABLE IF EXISTS `33hao_groupbuy_class`;
CREATE TABLE `33hao_groupbuy_class` (
  `class_id` int(10) unsigned NOT NULL AUTO_INCREMENT COMMENT '类别编号',
  `class_name` varchar(20) NOT NULL COMMENT '类别名称',
  `class_parent_id` int(10) unsigned NOT NULL COMMENT '父类别编号',
  `sort` tinyint(1) unsigned NOT NULL COMMENT '排序',
  `deep` tinyint(1) unsigned NOT NULL COMMENT '深度',
  PRIMARY KEY (`class_id`)
) ENGINE=InnoDB DEFAULT CHARSET=utf8 COMMENT='团购类别表';

#
# Data for table "33hao_groupbuy_class"
#


#
# Structure for table "33hao_groupbuy_price_range"
#

DROP TABLE IF EXISTS `33hao_groupbuy_price_range`;
CREATE TABLE `33hao_groupbuy_price_range` (
  `range_id` int(10) unsigned NOT NULL AUTO_INCREMENT COMMENT '价格区间编号',
  `range_name` varchar(20) NOT NULL COMMENT '区间名称',
  `range_start` int(10) unsigned NOT NULL COMMENT '区间下限',
  `range_end` int(10) unsigned NOT NULL COMMENT '区间上限',
  PRIMARY KEY (`range_id`)
) ENGINE=InnoDB DEFAULT CHARSET=utf8 COMMENT='团购价格区间表';

#
# Data for table "33hao_groupbuy_price_range"
#


#
# Structure for table "33hao_groupbuy_quota"
#

DROP TABLE IF EXISTS `33hao_groupbuy_quota`;
CREATE TABLE `33hao_groupbuy_quota` (
  `quota_id` int(10) unsigned NOT NULL AUTO_INCREMENT COMMENT '团购套餐编号',
  `member_id` int(10) unsigned NOT NULL COMMENT '用户编号',
  `store_id` int(10) unsigned NOT NULL COMMENT '店铺编号',
  `member_name` varchar(50) NOT NULL COMMENT '用户名',
  `store_name` varchar(50) NOT NULL COMMENT '店铺名称',
  `start_time` int(10) unsigned NOT NULL COMMENT '套餐开始时间',
  `end_time` int(10) unsigned NOT NULL COMMENT '套餐结束时间',
  PRIMARY KEY (`quota_id`)
) ENGINE=InnoDB AUTO_INCREMENT=6 DEFAULT CHARSET=utf8 COMMENT='团购套餐表';

#
# Data for table "33hao_groupbuy_quota"
#

INSERT INTO `33hao_groupbuy_quota` VALUES (5,1,1,'admin','官方旗舰店',1388995313,1577721600);

#
# Structure for table "33hao_help"
#

DROP TABLE IF EXISTS `33hao_help`;
CREATE TABLE `33hao_help` (
  `help_id` int(10) unsigned NOT NULL AUTO_INCREMENT COMMENT '帮助ID',
  `help_sort` tinyint(1) unsigned DEFAULT '255' COMMENT '排序',
  `help_title` varchar(100) NOT NULL COMMENT '标题',
  `help_info` text COMMENT '帮助内容',
  `help_url` varchar(100) DEFAULT '' COMMENT '跳转链接',
  `update_time` int(10) unsigned NOT NULL COMMENT '更新时间',
  `type_id` int(10) unsigned NOT NULL COMMENT '帮助类型',
  `page_show` tinyint(1) unsigned DEFAULT '1' COMMENT '页面类型:1为店铺,2为会员,默认为1',
  PRIMARY KEY (`help_id`)
) ENGINE=InnoDB AUTO_INCREMENT=111 DEFAULT CHARSET=utf8 COMMENT='帮助内容表';

#
# Data for table "33hao_help"
#

INSERT INTO `33hao_help` VALUES (96,1,'招商方向','<p>\r\n\t<strong>2014年开放平台招商方向</strong> \r\n</p>\r\n<p>\r\n\t<br />\r\n</p>\r\n<h1>\r\n\t1.&nbsp;&nbsp;&nbsp; 品牌\r\n</h1>\r\n<p>\r\n\t<br />\r\n</p>\r\n&nbsp;&nbsp;&nbsp;&nbsp;&nbsp;&nbsp; 国际国内知名品牌<br />\r\n<p>\r\n\t&nbsp; &nbsp; &nbsp; &nbsp;开放平台将一如既往的最大程度地维护卖家的品牌利益，尊重品牌传统和内涵，欢迎优质品牌旗\r\n</p>\r\n<p>\r\n\t<br />\r\n</p>\r\n<p>\r\n\t舰店入驻，请参见《2014年开放平台重点招募品牌》。\r\n</p>\r\n<h1>\r\n\t<br />\r\n</h1>\r\n<h1>\r\n\t2.&nbsp;&nbsp;&nbsp; 货品\r\n</h1>\r\n&nbsp;&nbsp;&nbsp;&nbsp;&nbsp;&nbsp; <br />\r\n&nbsp;&nbsp;&nbsp;&nbsp;&nbsp;&nbsp; 能够满足用户群体优质、有特色的货品。<br />\r\n&nbsp;&nbsp;&nbsp;&nbsp;&nbsp;&nbsp; 根据类目结构细分的货品配置。类目规划详见《2014年开放平台类目一览表》。<br />\r\n<h1>\r\n\t3.&nbsp;&nbsp; 垂直电商\r\n</h1>\r\n<p>\r\n\t<br />\r\n</p>\r\n<p>\r\n\t&nbsp; &nbsp; &nbsp; 开放平台欢迎垂直类电商入驻。开放平台愿意和专业的垂直电商企业分享其优质用户群体，\r\n</p>\r\n<p>\r\n\t<br />\r\n</p>\r\n<p>\r\n\t并且欢迎垂直电商为用户提供该领域专业的货品及服务。\r\n</p>\r\n<p>\r\n\t<br />\r\n</p>\r\n<p>\r\n\t<br />\r\n</p>','',1399284217,1,1),(97,2,'招商标准','<p>\n\t<br />\n</p>\n<p class=\"MsoNormal\" style=\"text-align:left;\">\n\t本标准适用于除虚拟业务（包括但不限于旅游、酒店、票务、充值、彩票）外的平台开放平台所有卖家。\n</p>\n<p class=\"MsoNormal\" style=\"text-align:left;\">\n\t<br />\n</p>\n<p class=\"MsoNormal\" style=\"text-align:left;\">\n\t<b>第一章 入驻</b><b></b> \n</p>\n<p class=\"MsoNormal\" style=\"text-align:left;\">\n\t1.1&nbsp;&nbsp;&nbsp; 平台开放平台暂未授权任何机构进行代理招商服务，入驻申请流程及相关的收费说明均以平台开放平台官方招商页面为准。\n</p>\n<p class=\"MsoNormal\" style=\"text-align:left;\">\n\t1.2 &nbsp;&nbsp; 平台开放平台有权根据包括但不限于品牌需求、公司经营状况、服务水平等其他因素退回卖家申请。\n</p>\n<p class=\"MsoNormal\" style=\"text-align:left;\">\n\t1.3 &nbsp;&nbsp; 平台开放平台有权在申请入驻及后续经营阶段要求卖家提供其他资质。\n</p>\n<p class=\"MsoNormal\" style=\"text-align:left;\">\n\t1.4 &nbsp;&nbsp; 平台开放平台将结合各行业发展动态、国家相关规定及消费者购买需求，不定期更新招商标准。\n</p>\n<p class=\"MsoNormal\" style=\"text-align:left;\">\n\t1.5 &nbsp;&nbsp; 卖家必须如实提供资料和信息：\n</p>\n<p class=\"MsoNormal\" style=\"text-align:left;\">\n\t1.5.1 请务必确保申请入驻及后续经营阶段提供的相关资质和信息的真实性、完整性、有效性（若卖家提供的相关资质为第三方提供，包括但不限于商标注册证、授权书\n等，请务必先行核实文件的真实有效完整性），一旦发现虚假资质或信息的，平台开放平台将不再与卖家进行合作并有权根据平台开放平台规则及与卖家签署的相关 协议之约定进行处理；\n</p>\n<p class=\"MsoNormal\" style=\"text-align:left;\">\n\t1.5.2&nbsp; 卖家应如实提供其店铺运营的主体及相关信息，包括但不限于店铺实际经营主体、代理运营公司等信息；\n</p>\n<p class=\"MsoNormal\" style=\"text-align:left;\">\n\t1.5.3&nbsp; 平台开放平台关于卖家信息和资料变更有相关规定的从其规定，但卖家如变更<span>1.5.2</span>项所列信息，应提前十日书面告知平台；如未提前告知平台，平台将根据平台开放平台规则进行处理。\n</p>\n<p class=\"MsoNormal\" style=\"text-align:left;\">\n\t1.6&nbsp;&nbsp;&nbsp; 平台开放平台暂不接受个体工商户的入驻申请，卖家须为正式注册企业，亦暂时不接受非中国大陆注册企业的入驻申请。\n</p>\n<p class=\"MsoNormal\" style=\"text-align:left;\">\n\t1.7&nbsp;&nbsp;&nbsp; 平台开放平台暂不接受未取得国家商标总局颁发的商标注册证或商标受理通知书的品牌开店申请，亦不接受纯图形类商标的入驻申请。卖家提供商标受理通知书（<span>TM</span>状态商标）的，注册申请时间须满六个月。\n</p>\n<p class=\"MsoNormal\" style=\"text-align:left;\">\n\t<br />\n</p>\n<p class=\"MsoNormal\" style=\"text-align:left;\">\n\t<b>第二章 平台店铺类型及相关要求</b><b></b> \n</p>\n<p class=\"MsoNormal\" style=\"text-align:left;\">\n\t2.1&nbsp;&nbsp;&nbsp;&nbsp; 旗舰店，卖家以自有品牌（商标为<span>R</span>或<span>TM</span>状态），或由权利人出具的在平台开放平台开设品牌旗舰店的授权文件（授权文件中应明确排他性、不可撤销性），入驻平台开放平台开设的店铺。\n</p>\n<p class=\"MsoNormal\" style=\"text-align:left;\">\n\t2.1.1&nbsp; 旗舰店，可以有以下几种情形：\n</p>\n<p class=\"MsoNormal\" style=\"text-align:left;\">\n\t经营一个自有品牌（商标为<span>R</span>或<span>TM</span>状态）商品入驻平台开放平台的卖家旗舰店，（自有品牌是指商标权利归卖家所有，自有品牌的子品牌可以放入旗舰店，主、子品牌的商标权利人应为同一实际控制人）；\n</p>\n<p class=\"MsoNormal\" style=\"text-align:left;\">\n\t经营已获得明确排他性授权的一个品牌商品入驻平台开放平台的卖家旗舰店；\n</p>\n<p class=\"MsoNormal\" style=\"text-align:left;\">\n\t卖场型品牌（服务类商标）商标权人开设的旗舰店；\n</p>\n<p class=\"MsoNormal\" style=\"text-align:left;\">\n\t2.1.2&nbsp; 开店主体必须是品牌（商标）权利人或持有权利人出具的开设平台开放平台旗舰店排他性授权文件的被授权企业。\n</p>\n<p class=\"MsoNormal\" style=\"text-align:left;\">\n\t2.2&nbsp;&nbsp;&nbsp;&nbsp; 专卖店，卖家持他人品牌（商标为<span>R</span>或<span>TM</span>状态）授权文件在平台开放平台开设的店铺。\n</p>\n<p class=\"MsoNormal\" style=\"text-align:left;\">\n\t2.2.1&nbsp; 专卖店类型：经营一个或多个授权品牌商品（多个授权品牌的商标权人应为同一实际控制人）但未获得旗舰店排他授权入驻平台开放平台的卖家专卖店；\n</p>\n<p class=\"MsoNormal\" style=\"text-align:left;\">\n\t2.2.2 &nbsp; 品牌（商标）权利人出具的授权文件不应有地域限制。\n</p>\n<p class=\"MsoNormal\" style=\"text-align:left;\">\n\t2.3&nbsp;&nbsp;&nbsp;&nbsp; 专营店，经营平台开放平台相同一级经营类目下两个及以上他人或自有品牌（商标为<span>R</span>或<span>TM</span>状态）商品的店铺。\n</p>\n<p class=\"MsoNormal\" style=\"text-align:left;\">\n\t2.3.1&nbsp; 专营店，可以有以下几种情形：\n</p>\n<p class=\"MsoNormal\" style=\"text-align:left;\">\n\t相同一级类目下经营两个及以上他人品牌商品入驻平台开放平台的卖家专营店；\n</p>\n<p class=\"MsoNormal\" style=\"text-align:left;\">\n\t相同一级类目下既经营他人品牌商品又经营自有品牌商品入驻平台开放平台的卖家专营店。\n</p>\n<p class=\"MsoNormal\" style=\"text-align:left;\">\n\t2.4 &nbsp; &nbsp; 各类型店铺命名详细说明，请见<span>《平台开放平台卖家店铺命名规则》。</span> \n</p>\n<p class=\"MsoNormal\" style=\"text-align:left;\">\n\t<br />\n</p>\n<p class=\"MsoNormal\" style=\"text-align:left;\">\n\t<b>第三章 平台申请入驻资质标准</b><b></b> \n</p>\n<p class=\"MsoNormal\" style=\"text-align:left;\">\n\t3.1&nbsp;&nbsp;&nbsp; 平台开放平台申请入驻资质标准详见<span>《平台开放平台招商资质标准细则》。</span> \n</p>\n<p class=\"MsoNormal\" style=\"text-align:left;\">\n\t<br />\n</p>\n<p class=\"MsoNormal\" style=\"text-align:left;\">\n\t<b>第四章 开店入驻限制</b><b></b> \n</p>\n<p class=\"MsoNormal\" style=\"text-align:left;\">\n\t4.1&nbsp;&nbsp;&nbsp; 品牌入驻限制：\n</p>\n<p class=\"MsoNormal\" style=\"text-align:left;\">\n\t4.1.1 与平台平台已有的自有品牌、频道、业务、类目等相同或相似名称的品牌；\n</p>\n<p class=\"MsoNormal\" style=\"text-align:left;\">\n\t4.1.2&nbsp; 包含行业名称或通用名称的品牌；\n</p>\n<p class=\"MsoNormal\" style=\"text-align:left;\">\n\t4.1.3&nbsp; 包含知名人士、地名的品牌；\n</p>\n<p class=\"MsoNormal\" style=\"text-align:left;\">\n\t4.1.4&nbsp; 与知名品牌相同或近似的品牌。\n</p>\n<p class=\"MsoNormal\" style=\"text-align:left;\">\n\t4.2&nbsp;&nbsp;&nbsp;&nbsp; 经营类目限制，卖家开店所经营的类目应当符合平台开放平台的相关标准，详细请参考<span>《平台开放平台经营类目资费一览表》。</span> \n</p>\n<p class=\"MsoNormal\" style=\"text-align:left;\">\n\t4.3同一主体入驻的店铺限制：\n</p>\n<p class=\"MsoNormal\" style=\"text-align:left;\">\n\t4.3.1&nbsp; 单个店铺只可对应一种经营模式。各经营模式内容请参考与卖家签署的对应合同；\n</p>\n<p class=\"MsoNormal\" style=\"text-align:left;\">\n\t4.3.2&nbsp; 同一主体开设若干店铺的，经营模式总计不得超过两种，且须在开展第二种经营模式时提前<span>10</span>日向平台进行书面申请；\n</p>\n<p class=\"MsoNormal\" style=\"text-align:left;\">\n\t4.3.3&nbsp; 商品重合度：要求店铺间经营的品牌及商品不得重复，<span>4.3.2</span>项下经过平台审批的店铺不受此项约束。\n</p>\n<p class=\"MsoNormal\" style=\"text-align:left;\">\n\t4.4&nbsp;&nbsp;&nbsp;&nbsp; 同一主体重新入驻平台开放平台限制：\n</p>\n<p class=\"MsoNormal\" style=\"text-align:left;\">\n\t4.4.1&nbsp; 严重违规、资质造假被平台清退的，永久限制入驻；\n</p>\n<p class=\"MsoNormal\" style=\"text-align:left;\">\n\t4.4.2&nbsp; 若卖家一自然年内主动退出<span>2</span>次，则自最后一次完成退出之日起<span>12</span>个月内限制入驻。\n</p>\n<p class=\"MsoNormal\" style=\"text-align:left;\">\n\t4.5&nbsp;&nbsp;&nbsp;&nbsp; 续签限制：须在每年<span>3</span>月<span>1</span>日<span>18</span>时之前完成续签申请的提交，每年<span>3</span>月<span>20</span>日<span>18</span>时之前完成平台使用费的缴纳，如果上一年及下一年资费及资料未补足，平台将在每年<span>3</span>月<span>31</span>日<span>24</span>时终止店铺服务并下架商品。\n</p>\n<p class=\"MsoNormal\" style=\"text-align:left;\">\n\t<br />\n</p>\n<p class=\"MsoNormal\" style=\"text-align:left;\">\n\t<b>第五章 平台开放平台保证金<span>/</span>平台使用费<span>/</span>费率标准</b><b></b> \n</p>\n<p class=\"MsoNormal\" style=\"text-align:left;\">\n\t5.1 &nbsp; &nbsp; 保证金：卖家向平台缴纳的用以保证店铺规范运营及对商品和服务质量进行担保的金额。当卖家发生违约、违规行为时，平台可以依照与卖家签署的协议中相关约定及平台开放平台规则扣除相应金额的保证金作为违约金或给予买家的赔偿。\n</p>\n<p class=\"MsoNormal\" style=\"text-align:left;\">\n\t5.1.1&nbsp; 保证金的补足、退还、扣除等依据卖家签署的相关协议及平台开放平台规则约定办理；\n</p>\n<p class=\"MsoNormal\" style=\"text-align:left;\">\n\t5.1.2&nbsp; 平台开放平台各经营类目对应的保证金标准详见<span>《平台开放平台经营类目资费一览表》。</span> \n</p>\n<p class=\"MsoNormal\" style=\"text-align:left;\">\n\t5.2&nbsp;&nbsp;&nbsp;&nbsp; 平台使用费：卖家依照与平台签署的相关协议使用平台开放平台各项服务时缴纳的固定技术服务费用。平台开放平台各经营类目对应的平台使用费标准详见<span>《平台开放平台经营类目资费一览表》。</span>续签卖家的续展服务期间对应平台使用费须在每年<span>3</span>月<span>20</span>日<span>18</span>时前一次性缴纳；新签卖家须在申请入驻获得批准时一次性缴纳相应服务期间的平台使用费。\n</p>\n<p class=\"MsoNormal\" style=\"text-align:left;\">\n\t5.2.1&nbsp;&nbsp; 平台使用费结算：\n</p>\n<p class=\"MsoNormal\" style=\"text-align:left;\">\n\t5.2.1.1卖家主动要求停止店铺服务的不返还平台使用费；\n</p>\n<p class=\"MsoNormal\" style=\"text-align:left;\">\n\t5.2.1.2卖家因违规行为或资质造假被清退的不返还平台使用费；\n</p>\n<p class=\"MsoNormal\" style=\"text-align:left;\">\n\t5.2.1.3每个店铺的平台使用费依据相应的服务期计算并缴纳。服务开通之日在每月的<span>1</span>日至<span>15</span>日（含）间的，开通当月按一个月收取平台使用费，服务开通之日在每月的<span>16</span>日（含）至月底最后一日间的，开通当月不收取平台使用费；\n</p>\n<p class=\"MsoNormal\" style=\"text-align:left;\">\n\t5.2.1.4拥有独立店铺<span>ID</span>的为一个店铺，若卖家根据经营情况须开通多个店铺的，须按照店铺数量缴纳相应的平台使用费。\n</p>\n<p class=\"MsoNormal\" style=\"text-align:left;\">\n\t5.3&nbsp;&nbsp;&nbsp;&nbsp; 费率：卖家根据经营类目在达成每一单交易时按比例（该比例在与卖家签署的相关协议中称为“技术服务费费率”或“毛利保证率”）向平台缴纳的费用。平台开放平台各经营模式各经营类目对应的费率标准详见<span>《平台开放平台经营类目资费一览表》。 </span> \n</p>\n<p class=\"MsoNormal\" style=\"text-align:left;\">\n\t<br />\n</p>\n<p class=\"MsoNormal\" style=\"text-align:left;\">\n\t<b>第六章 店铺服务期</b><b></b> \n</p>\n<p class=\"MsoNormal\" style=\"text-align:left;\">\n\t6.1&nbsp;&nbsp;&nbsp;&nbsp; 卖家每个店铺的第一个服务期自服务开通之日起至最先到达的<span>3</span>月<span>31</span>日止，第二个服务期自<span>4</span>月<span>1</span>日起至次年<span>3</span>月<span>31</span>日止，第三个、第四个……服务期以此类推，以一年为周期，除非店铺或与卖家签署的相关协议提前终止。\n</p>\n<p class=\"MsoNormal\" style=\"text-align:left;\">\n\t6.2&nbsp;&nbsp;&nbsp;&nbsp; 卖家每个店铺的服务开通之日以平台通知或系统记录的时间为准。\n</p>\n<p class=\"MsoNormal\" style=\"text-align:left;\">\n\t6.3&nbsp;&nbsp;&nbsp;&nbsp; 卖家应在店铺每个服务期届满前<span>30</span>日向甲方提出续展的申请，缴纳续展服务期的平台使用费和提交其经营所需的全部有效资质，并经平台审核。\n</p>\n<p class=\"MsoNormal\" style=\"text-align:left;\">\n\t6.4&nbsp;&nbsp;&nbsp;&nbsp; 卖家未提出续展申请或申请未通过平台审核的，自店铺服务期满之日起，平台开放平台将不再向卖家提供该店铺的任何服务。\n</p>\n<p class=\"MsoNormal\" style=\"text-align:left;\">\n\t<br />\n</p>\n<p class=\"MsoNormal\" style=\"text-align:left;\">\n\t发布日期：<span>2014</span>年<span>11</span>月<span>19</span>日\n</p>\n<p class=\"MsoNormal\" style=\"text-align:left;\">\n\t生效日期：<span>2014</span>年<span>1</span>月<span>1</span>日\n</p>\n<p class=\"MsoNormal\" style=\"text-align:left;\">\n\t<br />\n</p>\n<p class=\"MsoNormal\" style=\"text-align:left;\">\n\t<a name=\"help2267\" id=\"help2267\"></a><b>平台开放平台招商资质标准细则</b><b></b> \n</p>\n<p class=\"MsoNormal\">\n\t<span></span>&nbsp;\n</p>\n<img src=\"../data/upload/shop/article/help_store_04526250486031950.jpg\" alt=\"image\" /><img src=\"../data/upload/shop/article/help_store_04526250486031950.jpg\" alt=\"image\" /><img src=\"../data/upload/shop/article/help_store_04526250471329237.jpg\" alt=\"image\" />','',1399281053,1,1),(98,3,'资质要求','<p>\r\n\t</p><p class=\"MsoNormal\" style=\"text-align:left;\">\r\n\t\t<br />\r\n\t</p>\r\n\t<p class=\"MsoNormal\" style=\"text-align:left;\">\r\n\t\t<a name=\"undefined\" id=\"undefined\"></a><b>平台开放平台招商资质标准细则</b> \r\n\t</p>\r\n\t<p class=\"MsoNormal\">\r\n\t\t<span></span>&nbsp;\r\n\t</p>\r\n<img src=\"../data/upload/shop/article/help_store_04526250486031950.jpg\" alt=\"image\" /><img src=\"../data/upload/shop/article/help_store_04526250486031950.jpg\" alt=\"image\" /><img src=\"../data/upload/shop/article/help_store_04526250471329237.jpg\" alt=\"image\" />\r\n\r\n<p class=\"MsoNormal\" style=\"text-align:left;\">\r\n\t本标准适用于除虚拟业务（包括但不限于旅游、酒店、票务、充值、彩票）外的平台开放平台所有卖家。\r\n</p>\r\n<p class=\"MsoNormal\" style=\"text-align:left;\">\r\n\t<br />\r\n</p>\r\n<p class=\"MsoNormal\" style=\"text-align:left;\">\r\n\t<b>第一章 入驻</b> \r\n</p>\r\n<p class=\"MsoNormal\" style=\"text-align:left;\">\r\n\t1.1&nbsp;&nbsp;&nbsp; 平台开放平台暂未授权任何机构进行代理招商服务，入驻申请流程及相关的收费说明均以平台开放平台官方招商页面为准。\r\n</p>\r\n<p class=\"MsoNormal\" style=\"text-align:left;\">\r\n\t1.2 &nbsp;&nbsp; 平台开放平台有权根据包括但不限于品牌需求、公司经营状况、服务水平等其他因素退回卖家申请。\r\n</p>\r\n<p class=\"MsoNormal\" style=\"text-align:left;\">\r\n\t1.3 &nbsp;&nbsp; 平台开放平台有权在申请入驻及后续经营阶段要求卖家提供其他资质。\r\n</p>\r\n<p class=\"MsoNormal\" style=\"text-align:left;\">\r\n\t1.4 &nbsp;&nbsp; 平台开放平台将结合各行业发展动态、国家相关规定及消费者购买需求，不定期更新招商标准。\r\n</p>\r\n<p class=\"MsoNormal\" style=\"text-align:left;\">\r\n\t1.5 &nbsp;&nbsp; 卖家必须如实提供资料和信息：\r\n</p>\r\n<p class=\"MsoNormal\" style=\"text-align:left;\">\r\n\t1.5.1 请务必确保申请入驻及后续经营阶段提供的相关资质和信息的真实性、完整性、有效性（若卖家提供的相关资质为第三方提供，包括但不限于商标注册证、授权书\r\n等，请务必先行核实文件的真实有效完整性），一旦发现虚假资质或信息的，平台开放平台将不再与卖家进行合作并有权根据平台开放平台规则及与卖家签署的相关 协议之约定进行处理；\r\n</p>\r\n<p class=\"MsoNormal\" style=\"text-align:left;\">\r\n\t1.5.2&nbsp; 卖家应如实提供其店铺运营的主体及相关信息，包括但不限于店铺实际经营主体、代理运营公司等信息；\r\n</p>\r\n<p class=\"MsoNormal\" style=\"text-align:left;\">\r\n\t1.5.3&nbsp; 平台开放平台关于卖家信息和资料变更有相关规定的从其规定，但卖家如变更<span>1.5.2</span>项所列信息，应提前十日书面告知平台；如未提前告知平台，平台将根据平台开放平台规则进行处理。\r\n</p>\r\n<p class=\"MsoNormal\" style=\"text-align:left;\">\r\n\t1.6&nbsp;&nbsp;&nbsp; 平台开放平台暂不接受个体工商户的入驻申请，卖家须为正式注册企业，亦暂时不接受非中国大陆注册企业的入驻申请。\r\n</p>\r\n<p class=\"MsoNormal\" style=\"text-align:left;\">\r\n\t1.7&nbsp;&nbsp;&nbsp; 平台开放平台暂不接受未取得国家商标总局颁发的商标注册证或商标受理通知书的品牌开店申请，亦不接受纯图形类商标的入驻申请。卖家提供商标受理通知书（<span>TM</span>状态商标）的，注册申请时间须满六个月。\r\n</p>\r\n<p class=\"MsoNormal\" style=\"text-align:left;\">\r\n\t<br />\r\n</p>\r\n<p class=\"MsoNormal\" style=\"text-align:left;\">\r\n\t<b>第二章 平台店铺类型及相关要求</b> \r\n</p>\r\n<p class=\"MsoNormal\" style=\"text-align:left;\">\r\n\t2.1&nbsp;&nbsp;&nbsp;&nbsp; 旗舰店，卖家以自有品牌（商标为<span>R</span>或<span>TM</span>状态），或由权利人出具的在平台开放平台开设品牌旗舰店的授权文件（授权文件中应明确排他性、不可撤销性），入驻平台开放平台开设的店铺。\r\n</p>\r\n<p class=\"MsoNormal\" style=\"text-align:left;\">\r\n\t2.1.1&nbsp; 旗舰店，可以有以下几种情形：\r\n</p>\r\n<p class=\"MsoNormal\" style=\"text-align:left;\">\r\n\t经营一个自有品牌（商标为<span>R</span>或<span>TM</span>状态）商品入驻平台开放平台的卖家旗舰店，（自有品牌是指商标权利归卖家所有，自有品牌的子品牌可以放入旗舰店，主、子品牌的商标权利人应为同一实际控制人）；\r\n</p>\r\n<p class=\"MsoNormal\" style=\"text-align:left;\">\r\n\t经营已获得明确排他性授权的一个品牌商品入驻平台开放平台的卖家旗舰店；\r\n</p>\r\n<p class=\"MsoNormal\" style=\"text-align:left;\">\r\n\t卖场型品牌（服务类商标）商标权人开设的旗舰店；\r\n</p>\r\n<p class=\"MsoNormal\" style=\"text-align:left;\">\r\n\t2.1.2&nbsp; 开店主体必须是品牌（商标）权利人或持有权利人出具的开设平台开放平台旗舰店排他性授权文件的被授权企业。\r\n</p>\r\n<p class=\"MsoNormal\" style=\"text-align:left;\">\r\n\t2.2&nbsp;&nbsp;&nbsp;&nbsp; 专卖店，卖家持他人品牌（商标为<span>R</span>或<span>TM</span>状态）授权文件在平台开放平台开设的店铺。\r\n</p>\r\n<p class=\"MsoNormal\" style=\"text-align:left;\">\r\n\t2.2.1&nbsp; 专卖店类型：经营一个或多个授权品牌商品（多个授权品牌的商标权人应为同一实际控制人）但未获得旗舰店排他授权入驻平台开放平台的卖家专卖店；\r\n</p>\r\n<p class=\"MsoNormal\" style=\"text-align:left;\">\r\n\t2.2.2 &nbsp; 品牌（商标）权利人出具的授权文件不应有地域限制。\r\n</p>\r\n<p class=\"MsoNormal\" style=\"text-align:left;\">\r\n\t2.3&nbsp;&nbsp;&nbsp;&nbsp; 专营店，经营平台开放平台相同一级经营类目下两个及以上他人或自有品牌（商标为<span>R</span>或<span>TM</span>状态）商品的店铺。\r\n</p>\r\n<p class=\"MsoNormal\" style=\"text-align:left;\">\r\n\t2.3.1&nbsp; 专营店，可以有以下几种情形：\r\n</p>\r\n<p class=\"MsoNormal\" style=\"text-align:left;\">\r\n\t相同一级类目下经营两个及以上他人品牌商品入驻平台开放平台的卖家专营店；\r\n</p>\r\n<p class=\"MsoNormal\" style=\"text-align:left;\">\r\n\t相同一级类目下既经营他人品牌商品又经营自有品牌商品入驻平台开放平台的卖家专营店。\r\n</p>\r\n<p class=\"MsoNormal\" style=\"text-align:left;\">\r\n\t2.4 &nbsp; &nbsp; 各类型店铺命名详细说明，请见<span>《平台开放平台卖家店铺命名规则》。</span> \r\n</p>\r\n<p class=\"MsoNormal\" style=\"text-align:left;\">\r\n\t<br />\r\n</p>\r\n<p class=\"MsoNormal\" style=\"text-align:left;\">\r\n\t<b>第三章 平台申请入驻资质标准</b> \r\n</p>\r\n<p class=\"MsoNormal\" style=\"text-align:left;\">\r\n\t3.1&nbsp;&nbsp;&nbsp; 平台开放平台申请入驻资质标准详见<span>《平台开放平台招商资质标准细则》。</span> \r\n</p>\r\n<p class=\"MsoNormal\" style=\"text-align:left;\">\r\n\t<br />\r\n</p>\r\n<p class=\"MsoNormal\" style=\"text-align:left;\">\r\n\t<b>第四章 开店入驻限制</b> \r\n</p>\r\n<p class=\"MsoNormal\" style=\"text-align:left;\">\r\n\t4.1&nbsp;&nbsp;&nbsp; 品牌入驻限制：\r\n</p>\r\n<p class=\"MsoNormal\" style=\"text-align:left;\">\r\n\t4.1.1 与平台平台已有的自有品牌、频道、业务、类目等相同或相似名称的品牌；\r\n</p>\r\n<p class=\"MsoNormal\" style=\"text-align:left;\">\r\n\t4.1.2&nbsp; 包含行业名称或通用名称的品牌；\r\n</p>\r\n<p class=\"MsoNormal\" style=\"text-align:left;\">\r\n\t4.1.3&nbsp; 包含知名人士、地名的品牌；\r\n</p>\r\n<p class=\"MsoNormal\" style=\"text-align:left;\">\r\n\t4.1.4&nbsp; 与知名品牌相同或近似的品牌。\r\n</p>\r\n<p class=\"MsoNormal\" style=\"text-align:left;\">\r\n\t4.2&nbsp;&nbsp;&nbsp;&nbsp; 经营类目限制，卖家开店所经营的类目应当符合平台开放平台的相关标准，详细请参考<span>《平台开放平台经营类目资费一览表》。</span> \r\n</p>\r\n<p class=\"MsoNormal\" style=\"text-align:left;\">\r\n\t4.3同一主体入驻的店铺限制：\r\n</p>\r\n<p class=\"MsoNormal\" style=\"text-align:left;\">\r\n\t4.3.1&nbsp; 单个店铺只可对应一种经营模式。各经营模式内容请参考与卖家签署的对应合同；\r\n</p>\r\n<p class=\"MsoNormal\" style=\"text-align:left;\">\r\n\t4.3.2&nbsp; 同一主体开设若干店铺的，经营模式总计不得超过两种，且须在开展第二种经营模式时提前<span>10</span>日向平台进行书面申请；\r\n</p>\r\n<p class=\"MsoNormal\" style=\"text-align:left;\">\r\n\t4.3.3&nbsp; 商品重合度：要求店铺间经营的品牌及商品不得重复，<span>4.3.2</span>项下经过平台审批的店铺不受此项约束。\r\n</p>\r\n<p class=\"MsoNormal\" style=\"text-align:left;\">\r\n\t4.4&nbsp;&nbsp;&nbsp;&nbsp; 同一主体重新入驻平台开放平台限制：\r\n</p>\r\n<p class=\"MsoNormal\" style=\"text-align:left;\">\r\n\t4.4.1&nbsp; 严重违规、资质造假被平台清退的，永久限制入驻；\r\n</p>\r\n<p class=\"MsoNormal\" style=\"text-align:left;\">\r\n\t4.4.2&nbsp; 若卖家一自然年内主动退出<span>2</span>次，则自最后一次完成退出之日起<span>12</span>个月内限制入驻。\r\n</p>\r\n<p class=\"MsoNormal\" style=\"text-align:left;\">\r\n\t4.5&nbsp;&nbsp;&nbsp;&nbsp; 续签限制：须在每年<span>3</span>月<span>1</span>日<span>18</span>时之前完成续签申请的提交，每年<span>3</span>月<span>20</span>日<span>18</span>时之前完成平台使用费的缴纳，如果上一年及下一年资费及资料未补足，平台将在每年<span>3</span>月<span>31</span>日<span>24</span>时终止店铺服务并下架商品。\r\n</p>\r\n<p class=\"MsoNormal\" style=\"text-align:left;\">\r\n\t<br />\r\n</p>\r\n<p class=\"MsoNormal\" style=\"text-align:left;\">\r\n\t<b>第五章 平台开放平台保证金<span>/</span>平台使用费<span>/</span>费率标准</b> \r\n</p>\r\n<p class=\"MsoNormal\" style=\"text-align:left;\">\r\n\t5.1 &nbsp; &nbsp; 保证金：卖家向平台缴纳的用以保证店铺规范运营及对商品和服务质量进行担保的金额。当卖家发生违约、违规行为时，平台可以依照与卖家签署的协议中相关约定及平台开放平台规则扣除相应金额的保证金作为违约金或给予买家的赔偿。\r\n</p>\r\n<p class=\"MsoNormal\" style=\"text-align:left;\">\r\n\t5.1.1&nbsp; 保证金的补足、退还、扣除等依据卖家签署的相关协议及平台开放平台规则约定办理；\r\n</p>\r\n<p class=\"MsoNormal\" style=\"text-align:left;\">\r\n\t5.1.2&nbsp; 平台开放平台各经营类目对应的保证金标准详见<span>《平台开放平台经营类目资费一览表》。</span> \r\n</p>\r\n<p class=\"MsoNormal\" style=\"text-align:left;\">\r\n\t5.2&nbsp;&nbsp;&nbsp;&nbsp; 平台使用费：卖家依照与平台签署的相关协议使用平台开放平台各项服务时缴纳的固定技术服务费用。平台开放平台各经营类目对应的平台使用费标准详见<span>《平台开放平台经营类目资费一览表》。</span>续签卖家的续展服务期间对应平台使用费须在每年<span>3</span>月<span>20</span>日<span>18</span>时前一次性缴纳；新签卖家须在申请入驻获得批准时一次性缴纳相应服务期间的平台使用费。\r\n</p>\r\n<p class=\"MsoNormal\" style=\"text-align:left;\">\r\n\t5.2.1&nbsp;&nbsp; 平台使用费结算：\r\n</p>\r\n<p class=\"MsoNormal\" style=\"text-align:left;\">\r\n\t5.2.1.1卖家主动要求停止店铺服务的不返还平台使用费；\r\n</p>\r\n<p class=\"MsoNormal\" style=\"text-align:left;\">\r\n\t5.2.1.2卖家因违规行为或资质造假被清退的不返还平台使用费；\r\n</p>\r\n<p class=\"MsoNormal\" style=\"text-align:left;\">\r\n\t5.2.1.3每个店铺的平台使用费依据相应的服务期计算并缴纳。服务开通之日在每月的<span>1</span>日至<span>15</span>日（含）间的，开通当月按一个月收取平台使用费，服务开通之日在每月的<span>16</span>日（含）至月底最后一日间的，开通当月不收取平台使用费；\r\n</p>\r\n<p class=\"MsoNormal\" style=\"text-align:left;\">\r\n\t5.2.1.4拥有独立店铺<span>ID</span>的为一个店铺，若卖家根据经营情况须开通多个店铺的，须按照店铺数量缴纳相应的平台使用费。\r\n</p>\r\n<p class=\"MsoNormal\" style=\"text-align:left;\">\r\n\t5.3&nbsp;&nbsp;&nbsp;&nbsp; 费率：卖家根据经营类目在达成每一单交易时按比例（该比例在与卖家签署的相关协议中称为“技术服务费费率”或“毛利保证率”）向平台缴纳的费用。平台开放平台各经营模式各经营类目对应的费率标准详见<span>《平台开放平台经营类目资费一览表》。 </span> \r\n</p>\r\n<p class=\"MsoNormal\" style=\"text-align:left;\">\r\n\t<br />\r\n</p>\r\n<p class=\"MsoNormal\" style=\"text-align:left;\">\r\n\t<b>第六章 店铺服务期</b> \r\n</p>\r\n<p class=\"MsoNormal\" style=\"text-align:left;\">\r\n\t6.1&nbsp;&nbsp;&nbsp;&nbsp; 卖家每个店铺的第一个服务期自服务开通之日起至最先到达的<span>3</span>月<span>31</span>日止，第二个服务期自<span>4</span>月<span>1</span>日起至次年<span>3</span>月<span>31</span>日止，第三个、第四个……服务期以此类推，以一年为周期，除非店铺或与卖家签署的相关协议提前终止。\r\n</p>\r\n<p class=\"MsoNormal\" style=\"text-align:left;\">\r\n\t6.2&nbsp;&nbsp;&nbsp;&nbsp; 卖家每个店铺的服务开通之日以平台通知或系统记录的时间为准。\r\n</p>\r\n<p class=\"MsoNormal\" style=\"text-align:left;\">\r\n\t6.3&nbsp;&nbsp;&nbsp;&nbsp; 卖家应在店铺每个服务期届满前<span>30</span>日向甲方提出续展的申请，缴纳续展服务期的平台使用费和提交其经营所需的全部有效资质，并经平台审核。\r\n</p>\r\n<p class=\"MsoNormal\" style=\"text-align:left;\">\r\n\t6.4&nbsp;&nbsp;&nbsp;&nbsp; 卖家未提出续展申请或申请未通过平台审核的，自店铺服务期满之日起，平台开放平台将不再向卖家提供该店铺的任何服务。\r\n</p>\r\n<p class=\"MsoNormal\" style=\"text-align:left;\">\r\n\t<br />\r\n</p>\r\n<p class=\"MsoNormal\" style=\"text-align:left;\">\r\n\t发布日期：<span>2014</span>年<span>11</span>月<span>19</span>日\r\n</p>\r\n<p class=\"MsoNormal\" style=\"text-align:left;\">\r\n\t生效日期：<span>2014</span>年<span>1</span>月<span>1</span>日\r\n</p>\r\n<br />','',1399282350,1,1),(99,4,'资费标准','<br />\r\n<p>\r\n\t</p><h3 class=\"help_tit\">\r\n\t\t<strong>2014年开放平台重点招募品牌</strong> \r\n\t</h3>\r\n\t<div class=\"help_box\">\r\n\t\t<p>\r\n\t\t\t<img src=\"../data/upload/shop/editor/20140505170523_59415.jpg\" alt=\"\" /> \r\n\t\t</p>\r\n\t</div>\r\n\r\n<p>\r\n\t<br />\r\n</p>\r\n<div class=\"help_box\">\r\n\t<p>\r\n\t\t<br />\r\n\t</p>\r\n\t<p>\r\n\t\t发布日期：2014年04月20日&nbsp;\r\n\t</p>\r\n\t<p>\r\n\t\t修订日期：2014年05月01日\r\n\t</p>\r\n</div>','',1399282379,1,1),(101,155,'签署入驻协议','签署入驻协议','',1392949932,99,1),(102,156,'商家信息提交','商家信息提交','',1392949961,99,1),(103,157,'平台审核资质','平台审核资质','',1392949991,99,1),(104,158,'商家缴纳费用','商家缴纳费用','',1392950031,99,1),(105,159,'店铺开通','店铺开通','',1392950076,99,1),(106,255,'商品发布规则','商品发布规则','',1392950396,91,1),(107,255,'商品规格及属性','商品规格及属性','',1392950481,92,1),(108,255,'限时折扣说明','限时折扣说明','',1392950523,93,1),(109,255,'订单商品退款','订单商品退款','',1392950670,94,1),(110,255,'续约流程及费用','续约流程及费用','',1392950739,95,1);

#
# Structure for table "33hao_help_type"
#

DROP TABLE IF EXISTS `33hao_help_type`;
CREATE TABLE `33hao_help_type` (
  `type_id` int(10) unsigned NOT NULL AUTO_INCREMENT COMMENT '类型ID',
  `type_name` varchar(50) NOT NULL COMMENT '类型名称',
  `type_sort` tinyint(1) unsigned DEFAULT '255' COMMENT '排序',
  `help_code` varchar(10) DEFAULT 'auto' COMMENT '调用编号(auto的可删除)',
  `help_show` tinyint(1) unsigned DEFAULT '1' COMMENT '是否显示,0为否,1为是,默认为1',
  `page_show` tinyint(1) unsigned DEFAULT '1' COMMENT '页面类型:1为店铺,2为会员,默认为1',
  PRIMARY KEY (`type_id`)
) ENGINE=InnoDB AUTO_INCREMENT=100 DEFAULT CHARSET=utf8 COMMENT='帮助类型表';

#
# Data for table "33hao_help_type"
#

INSERT INTO `33hao_help_type` VALUES (91,'规则体系',91,'sys_rules',1,1),(92,'商品管理',92,'sys_goods',1,1),(93,'促销方式',93,'sys_sales',1,1),(94,'订单及售后',94,'sys_order',1,1),(95,'店铺续约',95,'sys_renew',1,1),(99,'入驻流程',99,'store_in',1,1);

#
# Structure for table "33hao_inform"
#

DROP TABLE IF EXISTS `33hao_inform`;
CREATE TABLE `33hao_inform` (
  `inform_id` int(11) NOT NULL AUTO_INCREMENT COMMENT '举报id',
  `inform_member_id` int(11) NOT NULL COMMENT '举报人id',
  `inform_member_name` varchar(50) NOT NULL COMMENT '举报人会员名',
  `inform_goods_id` int(11) NOT NULL COMMENT '被举报的商品id',
  `inform_goods_name` varchar(100) NOT NULL COMMENT '被举报的商品名称',
  `inform_subject_id` int(11) NOT NULL COMMENT '举报主题id',
  `inform_subject_content` varchar(50) NOT NULL COMMENT '举报主题',
  `inform_content` varchar(100) NOT NULL COMMENT '举报信息',
  `inform_pic1` varchar(100) NOT NULL COMMENT '图片1',
  `inform_pic2` varchar(100) NOT NULL COMMENT '图片2',
  `inform_pic3` varchar(100) NOT NULL COMMENT '图片3',
  `inform_datetime` int(11) NOT NULL COMMENT '举报时间',
  `inform_store_id` int(11) NOT NULL COMMENT '被举报商品的店铺id',
  `inform_state` tinyint(4) NOT NULL COMMENT '举报状态(1未处理/2已处理)',
  `inform_handle_type` tinyint(4) NOT NULL COMMENT '举报处理结果(1无效举报/2恶意举报/3有效举报)',
  `inform_handle_message` varchar(100) NOT NULL COMMENT '举报处理信息',
  `inform_handle_datetime` int(11) NOT NULL DEFAULT '0' COMMENT '举报处理时间',
  `inform_handle_member_id` int(11) NOT NULL DEFAULT '0' COMMENT '管理员id',
  `inform_goods_image` varchar(150) DEFAULT NULL COMMENT '商品图',
  `inform_store_name` varchar(100) DEFAULT NULL COMMENT '店铺名',
  PRIMARY KEY (`inform_id`)
) ENGINE=InnoDB DEFAULT CHARSET=utf8 COMMENT='举报表';

#
# Data for table "33hao_inform"
#


#
# Structure for table "33hao_inform_subject"
#

DROP TABLE IF EXISTS `33hao_inform_subject`;
CREATE TABLE `33hao_inform_subject` (
  `inform_subject_id` int(11) NOT NULL AUTO_INCREMENT COMMENT '举报主题id',
  `inform_subject_content` varchar(100) NOT NULL COMMENT '举报主题内容',
  `inform_subject_type_id` int(11) NOT NULL COMMENT '举报类型id',
  `inform_subject_type_name` varchar(50) NOT NULL COMMENT '举报类型名称 ',
  `inform_subject_state` tinyint(11) NOT NULL COMMENT '举报主题状态(1可用/2失效)',
  PRIMARY KEY (`inform_subject_id`)
) ENGINE=InnoDB AUTO_INCREMENT=6 DEFAULT CHARSET=utf8 COMMENT='举报主题表';

#
# Data for table "33hao_inform_subject"
#

INSERT INTO `33hao_inform_subject` VALUES (1,'管制刀具、弓弩类、其他武器等',1,'出售禁售品',1),(2,'赌博用具类',1,'出售禁售品',1),(3,'枪支弹药',1,'出售禁售品',1),(4,'毒品及吸毒工具',1,'出售禁售品',1),(5,'色差大，质量差。',2,'产品质量问题',1);

#
# Structure for table "33hao_inform_subject_type"
#

DROP TABLE IF EXISTS `33hao_inform_subject_type`;
CREATE TABLE `33hao_inform_subject_type` (
  `inform_type_id` int(11) NOT NULL AUTO_INCREMENT COMMENT '举报类型id',
  `inform_type_name` varchar(50) NOT NULL COMMENT '举报类型名称 ',
  `inform_type_desc` varchar(100) NOT NULL COMMENT '举报类型描述',
  `inform_type_state` tinyint(4) NOT NULL COMMENT '举报类型状态(1有效/2失效)',
  PRIMARY KEY (`inform_type_id`)
) ENGINE=InnoDB AUTO_INCREMENT=3 DEFAULT CHARSET=utf8 COMMENT='举报类型表';

#
# Data for table "33hao_inform_subject_type"
#

INSERT INTO `33hao_inform_subject_type` VALUES (1,'出售禁售品','销售商城禁止和限制交易规则下所规定的所有商品。',1),(2,'产品质量问题','产品质量差，与描述严重不相符。',1);

#
# Structure for table "33hao_invoice"
#

DROP TABLE IF EXISTS `33hao_invoice`;
CREATE TABLE `33hao_invoice` (
  `inv_id` int(11) NOT NULL AUTO_INCREMENT COMMENT '索引id',
  `member_id` int(10) unsigned NOT NULL COMMENT '会员ID',
  `inv_state` enum('1','2') DEFAULT NULL COMMENT '1普通发票2增值税发票',
  `inv_title` varchar(50) DEFAULT '' COMMENT '发票抬头[普通发票]',
  `inv_content` varchar(10) DEFAULT '' COMMENT '发票内容[普通发票]',
  `inv_company` varchar(50) DEFAULT '' COMMENT '单位名称',
  `inv_code` varchar(50) DEFAULT '' COMMENT '纳税人识别号',
  `inv_reg_addr` varchar(50) DEFAULT '' COMMENT '注册地址',
  `inv_reg_phone` varchar(30) DEFAULT '' COMMENT '注册电话',
  `inv_reg_bname` varchar(30) DEFAULT '' COMMENT '开户银行',
  `inv_reg_baccount` varchar(30) DEFAULT '' COMMENT '银行帐户',
  `inv_rec_name` varchar(20) DEFAULT '' COMMENT '收票人姓名',
  `inv_rec_mobphone` varchar(15) DEFAULT '' COMMENT '收票人手机号',
  `inv_rec_province` varchar(30) DEFAULT '' COMMENT '收票人省份',
  `inv_goto_addr` varchar(50) DEFAULT '' COMMENT '送票地址',
  PRIMARY KEY (`inv_id`)
) ENGINE=InnoDB DEFAULT CHARSET=utf8 COMMENT='买家发票信息表';

#
# Data for table "33hao_invoice"
#


#
# Structure for table "33hao_link"
#

DROP TABLE IF EXISTS `33hao_link`;
CREATE TABLE `33hao_link` (
  `link_id` int(10) unsigned NOT NULL AUTO_INCREMENT COMMENT '索引id',
  `link_title` varchar(100) DEFAULT NULL COMMENT '标题',
  `link_url` varchar(100) DEFAULT NULL COMMENT '链接',
  `link_pic` varchar(100) DEFAULT NULL COMMENT '图片',
  `link_sort` tinyint(3) unsigned NOT NULL DEFAULT '255' COMMENT '排序',
  PRIMARY KEY (`link_id`)
) ENGINE=MyISAM AUTO_INCREMENT=39 DEFAULT CHARSET=utf8 COMMENT='合作伙伴表';

#
# Data for table "33hao_link"
#

/*!40000 ALTER TABLE `33hao_link` DISABLE KEYS */;
INSERT INTO `33hao_link` VALUES (1,'好商城','http://www.33hao.com','33haologo.png',0),(2,'演示站点','http://v3.33hao.com','33haologo.png',1),(4,'支持论坛','http://bbs.33hao.com','',1),(5,'淘宝店','http://33haocom.taobao.com','',0);
/*!40000 ALTER TABLE `33hao_link` ENABLE KEYS */;

#
# Structure for table "33hao_live_area"
#

DROP TABLE IF EXISTS `33hao_live_area`;
CREATE TABLE `33hao_live_area` (
  `live_area_id` int(11) NOT NULL AUTO_INCREMENT COMMENT '区域ID',
  `live_area_name` varchar(255) NOT NULL COMMENT '域区名称',
  `parent_area_id` int(11) NOT NULL COMMENT '域区ID',
  `add_time` int(11) NOT NULL COMMENT '添加时间',
  `first_letter` varchar(2) NOT NULL COMMENT '首字母',
  `area_number` varchar(10) DEFAULT NULL COMMENT '区号',
  `post` int(10) DEFAULT NULL COMMENT '邮编',
  `hot_city` tinyint(1) NOT NULL DEFAULT '0' COMMENT '0.否 1.是',
  `number` int(11) NOT NULL DEFAULT '0' COMMENT '数量',
  PRIMARY KEY (`live_area_id`)
) ENGINE=InnoDB AUTO_INCREMENT=382 DEFAULT CHARSET=utf8 COMMENT='线下区域表';

#
# Data for table "33hao_live_area"
#

INSERT INTO `33hao_live_area` VALUES (1,'天津',0,1395277186,'T','022',30000,1,0),(2,'北京',0,1368172202,'B','010',0,1,0),(3,'南开区',1,1395277206,'A','',0,0,0),(5,'和平区',1,1363832792,'H',NULL,NULL,1,1),(6,'大悦城',3,1395286450,'D','',0,0,0),(7,'鞍山',0,1367830248,'A',NULL,NULL,0,0),(8,'安顺',0,1367830274,'A',NULL,NULL,0,0),(9,'阿坝',0,1367830293,'A',NULL,NULL,0,0),(10,'阿拉善',0,1367830301,'A',NULL,NULL,0,0),(12,'包头',0,1367830350,'B',NULL,NULL,0,0),(13,'保定',0,1367830358,'B',NULL,NULL,0,0),(14,'巴中',0,1367830379,'B',NULL,NULL,0,0),(15,'成都',0,1367830392,'C',NULL,NULL,0,0),(16,'重庆',0,1367830411,'C',NULL,NULL,1,0),(17,'常州',0,1367830422,'C',NULL,NULL,0,0),(18,'长沙',0,1367830434,'C',NULL,NULL,1,0),(19,'长春',0,1367830446,'C',NULL,NULL,0,0),(20,'东莞',0,1367830459,'D',NULL,NULL,0,0),(21,'大连',0,1367830469,'D',NULL,NULL,1,0),(22,'东营',0,1367830479,'C',NULL,NULL,0,0),(23,'大庆',0,1367830489,'C',NULL,NULL,0,0),(24,'大同',0,1367830498,'A',NULL,NULL,0,0),(25,'恩施',0,1367830508,'E',NULL,NULL,0,0),(26,'鄂州',0,1367830518,'E',NULL,NULL,0,0),(27,'鄂尔多斯',0,1367830530,'E',NULL,NULL,0,0),(28,'福州',0,1367830542,'F',NULL,NULL,0,0),(29,'佛山',0,1367830555,'F',NULL,NULL,0,0),(30,'抚顺',0,1367830566,'F',NULL,NULL,0,0),(31,'阜阳',0,1367830578,'F',NULL,NULL,0,0),(32,'抚州',0,1367830590,'F',NULL,NULL,0,0),(33,'广州',0,1367830602,'G',NULL,NULL,1,0),(34,'贵阳',0,1367830612,'G',NULL,NULL,0,0),(35,'桂林',0,1367830622,'G',NULL,NULL,0,0),(36,'赣州',0,1367830635,'G',NULL,NULL,0,0),(37,'广元',0,1367830646,'G',NULL,NULL,0,0),(38,'杭州',0,1367830659,'H',NULL,NULL,1,0),(39,'哈尔滨',0,1367830670,'H',NULL,NULL,0,0),(40,'合肥',0,1367830683,'H',NULL,NULL,0,0),(41,'邯郸',0,1367830694,'H',NULL,NULL,0,0),(42,'惠州',0,1367830706,'H',NULL,NULL,0,0),(43,'济南',0,1367830720,'J',NULL,NULL,1,0),(44,'济宁',0,1367830732,'J',NULL,NULL,0,0),(45,'嘉兴',0,1367830769,'J',NULL,NULL,0,0),(46,'昆明',0,1367830783,'K',NULL,NULL,0,0),(47,'昆山',0,1367830792,'K',NULL,NULL,0,0),(48,'喀什',0,1367830803,'K',NULL,NULL,0,0),(49,'克拉玛依',0,1367830814,'K',NULL,NULL,0,0),(50,'兰州',0,1367830827,'L',NULL,NULL,0,0),(51,'临沂',0,1367830836,'L',NULL,NULL,0,0),(52,'连云港',0,1367830846,'L',NULL,NULL,0,0),(53,'马鞍山',0,1367830858,'M',NULL,NULL,0,0),(54,'绵阳',0,1367830867,'M',NULL,NULL,0,0),(55,'茂名',0,1367830878,'M',NULL,NULL,0,0),(56,'南京',0,1367830891,'N',NULL,NULL,1,0),(57,'宁波',0,1367830902,'N',NULL,NULL,0,0),(58,'南通',0,1367830914,'N',NULL,NULL,0,0),(59,'萍乡',0,1367830930,'P',NULL,NULL,0,0),(60,'平顶山',0,1367830940,'P',NULL,NULL,0,0),(61,'莆田',0,1367830951,'P',NULL,NULL,0,0),(62,'青岛',0,1367830963,'Q',NULL,NULL,1,0),(63,'泉州',0,1367830973,'Q',NULL,NULL,0,0),(64,'秦皇岛',0,1367830983,'Q',NULL,NULL,0,0),(65,'日照',0,1367830998,'R',NULL,NULL,0,0),(66,'日喀则',0,1367831009,'R',NULL,NULL,0,0),(67,'上海',0,1367831021,'S',NULL,NULL,1,0),(68,'深圳',0,1367831032,'S',NULL,NULL,0,0),(69,'沈阳',0,1367831042,'S',NULL,NULL,0,0),(70,'太原',0,1367831057,'T',NULL,NULL,1,0),(71,'泰安',0,1367831068,'T',NULL,NULL,0,0),(72,'武汉',0,1367831089,'W',NULL,NULL,0,0),(73,'无锡',0,1367831100,'W',NULL,NULL,0,0),(74,'温州',0,1367831112,'W',NULL,NULL,0,0),(75,'西安',0,1367831123,'X',NULL,NULL,0,0),(76,'西安',0,1367831133,'X',NULL,NULL,0,0),(77,'徐州',0,1367831146,'X',NULL,NULL,0,0),(78,'扬州',0,1367831158,'Y',NULL,NULL,0,0),(79,'烟台',0,1367831168,'Y',NULL,NULL,0,0),(80,'盐城',0,1367831180,'Y',NULL,NULL,0,0),(81,'郑州',0,1367831190,'Z',NULL,NULL,0,0),(82,'镇江',0,1367831200,'Z',NULL,NULL,0,0),(83,'中山',0,1367831213,'Z',NULL,NULL,0,0),(84,'阿里',0,1376357672,'A','',0,0,0),(85,'安康',0,1367889614,'A',NULL,NULL,0,0),(86,'阿克苏',0,1367889622,'A',NULL,NULL,0,0),(87,'安庆',0,1367889629,'A',NULL,NULL,0,0),(88,'阿勒泰',0,1367889638,'A',NULL,NULL,0,0),(89,'安阳',0,1367889646,'A',NULL,NULL,0,0),(90,'澳门',0,1367889653,'A',NULL,NULL,0,0),(91,'巴州',0,1367889663,'B',NULL,NULL,0,0),(92,'亳州',0,1367889677,'B',NULL,NULL,0,0),(93,'滨州',0,1367889687,'B',NULL,NULL,0,0),(94,'博尔塔拉',0,1367889697,'B',NULL,NULL,0,0),(95,'毕节',0,1367889707,'B',NULL,NULL,0,0),(96,'保山',0,1367889719,'B',NULL,NULL,0,0),(97,'本溪',0,1367889728,'B',NULL,NULL,0,0),(98,'百色',0,1367889738,'B',NULL,NULL,0,0),(99,'宝鸡',0,1367889748,'B',NULL,NULL,0,0),(100,'巴彦淖尔',0,1367889757,'B',NULL,NULL,0,0),(101,'北海',0,1367889766,'B',NULL,NULL,0,0),(102,'北海',0,1367889775,'B',NULL,NULL,0,0),(103,'白城',0,1367889785,'B',NULL,NULL,0,0),(104,'白银',0,1367889797,'B',NULL,NULL,0,0),(105,'承德',0,1367889808,'C',NULL,NULL,0,0),(106,'池州',0,1367889817,'C',NULL,NULL,0,0),(107,'昌都',0,1367889826,'C',NULL,NULL,0,0),(108,'朝阳',0,1367889834,'C',NULL,NULL,0,0),(109,'滁州',0,1367889845,'C',NULL,NULL,0,0),(110,'常德',0,1367889856,'C',NULL,NULL,0,0),(111,'郴州',0,1367889865,'C',NULL,NULL,0,0),(112,'沧州',0,1367889875,'C',NULL,NULL,0,0),(113,'昌吉',0,1367889885,'C',NULL,NULL,0,0),(114,'潮州',0,1367889895,'C',NULL,NULL,0,0),(115,'崇左',0,1367889906,'C',NULL,NULL,0,0),(116,'巢湖',0,1367889915,'C',NULL,NULL,0,0),(117,'长治',0,1367889924,'C',NULL,NULL,0,0),(118,'楚雄',0,1367889936,'C',NULL,NULL,0,0),(119,'赤峰',0,1367889945,'C',NULL,NULL,0,0),(120,'定西',0,1367889956,'D',NULL,NULL,0,0),(121,'德宏',0,1367889965,'D',NULL,NULL,0,0),(122,'大兴安岭',0,1367889974,'D',NULL,NULL,0,0),(123,'丹东',0,1367889983,'D',NULL,NULL,0,0),(124,'德州',0,1367889992,'D',NULL,NULL,0,0),(125,'达州',0,1367890002,'D',NULL,NULL,0,0),(126,'迪庆',0,1367890012,'D',NULL,NULL,0,0),(127,'德阳',0,1367890022,'D',NULL,NULL,0,0),(128,'大理',0,1367890031,'D',NULL,NULL,0,0),(129,'阜新',0,1367890041,'E',NULL,NULL,0,0),(130,'防城港',0,1367890050,'E',NULL,NULL,0,0),(131,'抚州',0,1367890059,'E',NULL,NULL,0,0),(132,'阜阳',0,1367890088,'F',NULL,NULL,0,0),(133,'贵港',0,1367890101,'G',NULL,NULL,0,0),(134,'广安',0,1367890120,'G',NULL,NULL,0,0),(135,'甘孜',0,1367890130,'G',NULL,NULL,0,0),(136,'甘南',0,1367890139,'G',NULL,NULL,0,0),(137,'固原',0,1367890148,'G',NULL,NULL,0,0),(138,'果洛',0,1367890157,'G',NULL,NULL,0,0),(139,'广元',0,1367890172,'G',NULL,NULL,0,0),(140,'葫芦岛',0,1367890183,'H',NULL,NULL,0,0),(141,'鹤壁',0,1367890192,'H',NULL,NULL,0,0),(142,'黄石',0,1367890203,'G',NULL,NULL,0,0),(143,'黄冈',0,1367890214,'H',NULL,NULL,0,0),(144,'汉中',0,1367890224,'H',NULL,NULL,0,0),(145,'红河',0,1367890233,'H',NULL,NULL,0,0),(146,'河源',0,1367890243,'H',NULL,NULL,0,0),(147,'衡水',0,1367890253,'H',NULL,NULL,0,0),(148,'呼伦贝尔',0,1367890265,'H',NULL,NULL,0,0),(149,'河池',0,1367890275,'H',NULL,NULL,0,0),(150,'怀化',0,1367890284,'H',NULL,NULL,0,0),(151,'贺州',0,1367890294,'H',NULL,NULL,0,0),(152,'海西',0,1367890304,'H',NULL,NULL,0,0),(153,'黄山',0,1367890314,'H',NULL,NULL,0,0),(154,'淮南',0,1367890327,'H',NULL,NULL,0,0),(155,'淮安',0,1367890337,'H',NULL,NULL,0,0),(156,'哈密',0,1367890346,'H',NULL,NULL,0,0),(157,'和田',0,1367890355,'H',NULL,NULL,0,0),(158,'黑河',0,1367890367,'H',NULL,NULL,0,0),(159,'九江',0,1367890378,'J',NULL,NULL,0,0),(160,'荆门',0,1367890386,'J',NULL,NULL,0,0),(161,'晋中',0,1367890396,'J',NULL,NULL,0,0),(162,'揭阳',0,1367890406,'J',NULL,NULL,0,0),(163,'晋城',0,1367890421,'J',NULL,NULL,0,0),(164,'济源',0,1367890431,'J',NULL,NULL,0,0),(165,'鸡西',0,1367890440,'J',NULL,NULL,0,0),(166,'金昌',0,1367890448,'J',NULL,NULL,0,0),(167,'酒泉',0,1367890459,'J',NULL,NULL,0,0),(168,'佳木斯',0,1367890468,'J',NULL,NULL,0,0),(169,'吉安',0,1367890484,'J',NULL,NULL,0,0),(170,'景德镇',0,1367890496,'J',NULL,NULL,0,0),(171,'江门',0,1367890505,'J',NULL,NULL,0,0),(172,'锦州',0,1367890515,'J',NULL,NULL,0,0),(173,'吉林',0,1367890524,'J',NULL,NULL,0,0),(174,'荆州',0,1367890533,'J',NULL,NULL,0,0),(175,'克州',0,1367890545,'K',NULL,NULL,0,0),(176,'开封',0,1367890554,'K',NULL,NULL,0,0),(177,'乐山',0,1367890567,'L',NULL,NULL,0,0),(178,'泸州',0,1367890576,'L',NULL,NULL,0,0),(179,'来宾',0,1367890585,'L',NULL,NULL,0,0),(180,'娄底',0,1367890596,'L',NULL,NULL,0,0),(181,'林芝',0,1367890606,'L',NULL,NULL,0,0),(182,'临夏',0,1367890615,'L',NULL,NULL,0,0),(183,'丽水',0,1367890623,'L',NULL,NULL,0,0),(184,'吕梁',0,1367890633,'L',NULL,NULL,0,0),(185,'漯河',0,1367890642,'L',NULL,NULL,0,0),(186,'莱芜',0,1367890652,'L',NULL,NULL,0,0),(187,'辽阳',0,1367890661,'L',NULL,NULL,0,0),(188,'辽源',0,1367890672,'L',NULL,NULL,0,0),(189,'拉萨',0,1367890681,'L',NULL,NULL,0,0),(190,'陇南',0,1367890693,'L',NULL,NULL,0,0),(191,'临沧',0,1367890701,'L',NULL,NULL,0,0),(192,'丽江',0,1367890712,'L',NULL,NULL,0,0),(193,'六安',0,1367890721,'L',NULL,NULL,0,0),(194,'凉山',0,1367890730,'L',NULL,NULL,0,0),(195,'六盘水',0,1367890739,'L',NULL,NULL,0,0),(196,'龙岩',0,1367890749,'L',NULL,NULL,0,0),(197,'廊坊',0,1367890758,'L',NULL,NULL,0,0),(198,'眉山',0,1367890772,'M',NULL,NULL,0,0),(199,'梅州',0,1367890781,'M',NULL,NULL,0,0),(200,'牡丹江',0,1367890791,'M',NULL,NULL,0,0),(201,'那曲',0,1367890800,'N',NULL,NULL,0,0),(202,'南阳',0,1367890810,'N',NULL,NULL,0,0),(203,'南平',0,1367890819,'N',NULL,NULL,0,0),(204,'怒江',0,1367890828,'N',NULL,NULL,0,0),(205,'内江',0,1367890837,'N',NULL,NULL,0,0),(206,'宁德',0,1367890845,'N',NULL,NULL,0,0),(207,'南充',0,1367890854,'N',NULL,NULL,0,0),(208,'南昌',0,1367890863,'N',NULL,NULL,0,0),(209,'盘锦',0,1367890872,'P',NULL,NULL,0,0),(210,'普洱',0,1367890884,'P',NULL,NULL,0,0),(211,'平凉',0,1367890894,'P',NULL,NULL,0,0),(212,'攀枝花',0,1367890907,'P',NULL,NULL,0,0),(213,'濮阳',0,1367890915,'P',NULL,NULL,0,0),(214,'清远',0,1367890927,'Q',NULL,NULL,0,0),(215,'七台河',0,1367890937,'Q',NULL,NULL,0,0),(216,'黔东南',0,1367890946,'Q',NULL,NULL,0,0),(217,'曲靖',0,1367890960,'Q',NULL,NULL,0,0),(218,'黔南',0,1367890978,'Q',NULL,NULL,0,0),(219,'钦州',0,1367890986,'Q',NULL,NULL,0,0),(220,'黔西南',0,1367890995,'Q',NULL,NULL,0,0),(221,'衢州',0,1367891003,'Q',NULL,NULL,0,0),(222,'商洛',0,1367891022,'S',NULL,NULL,0,0),(223,'宿州',0,1367891034,'S',NULL,NULL,0,0),(224,'汕头',0,1367891044,'S',NULL,NULL,0,0),(225,'双鸭山',0,1367891053,'S',NULL,NULL,0,0),(226,'石嘴山',0,1367891063,'S',NULL,NULL,0,0),(227,'三明',0,1367891071,'S',NULL,NULL,0,0),(228,'宿迁',0,1367891080,'S',NULL,NULL,0,0),(229,'三峡',0,1367891089,'S',NULL,NULL,0,0),(230,'四平',0,1367891098,'S',NULL,NULL,0,0),(231,'汕尾',0,1367891107,'S',NULL,NULL,0,0),(232,'随州',0,1367891116,'S',NULL,NULL,0,0),(233,'朔州',0,1367891125,'S',NULL,NULL,0,0),(234,'商丘',0,1367891135,'S',NULL,NULL,0,0),(235,'遂宁',0,1367891144,'S',NULL,NULL,0,0),(236,'邵阳',0,1367891153,'S',NULL,NULL,0,0),(237,'山南',0,1367891161,'S',NULL,NULL,0,0),(238,'三门峡',0,1367891172,'S',NULL,NULL,0,0),(239,'十堰',0,1367891181,'S',NULL,NULL,0,0),(240,'上饶',0,1367891190,'S',NULL,NULL,0,0),(241,'松原',0,1367891199,'S',NULL,NULL,0,0),(242,'绥化',0,1367891208,'S',NULL,NULL,0,0),(243,'韶关',0,1367891218,'S',NULL,NULL,0,0),(244,'通化',0,1367891228,'T',NULL,NULL,0,0),(245,'铁岭',0,1367891236,'T',NULL,NULL,0,0),(246,'通辽',0,1367891246,'T',NULL,NULL,0,0),(247,'天水',0,1367891255,'T',NULL,NULL,0,0),(248,'吐鲁番',0,1367891264,'T',NULL,NULL,0,0),(249,'铜仁',0,1367891274,'T',NULL,NULL,0,0),(250,'台北',0,1367891282,'T',NULL,NULL,0,0),(251,'铜川',0,1367891291,'T',NULL,NULL,0,0),(252,'铜陵',0,1367891299,'T',NULL,NULL,0,0),(253,'塔城',0,1367891307,'T',NULL,NULL,0,0),(254,'泰州',0,1367891316,'T',NULL,NULL,0,0),(255,'乌海',0,1367891328,'W',NULL,NULL,0,0),(256,'文山',0,1367891345,'W',NULL,NULL,0,0),(257,'乌兰察布',0,1367891352,'A',NULL,NULL,0,0),(258,'渭南',0,1367891361,'W',NULL,NULL,0,0),(259,'武威',0,1367891370,'W',NULL,NULL,0,0),(260,'吴忠',0,1367891380,'W',NULL,NULL,0,0),(261,'梧州',0,1367891389,'W',NULL,NULL,0,0),(262,'乌鲁木齐',0,1367891398,'W',NULL,NULL,0,0),(263,'潍坊',0,1367891407,'W',NULL,NULL,0,0),(264,'威海',0,1367891416,'W',NULL,NULL,0,0),(265,'芜湖',0,1367891426,'W',NULL,NULL,0,0),(266,'许昌',0,1367891436,'X',NULL,NULL,0,0),(267,'咸宁',0,1367891449,'X',NULL,NULL,0,0),(268,'信阳',0,1367891458,'X',NULL,NULL,0,0),(269,'香港',0,1367891466,'X',NULL,NULL,0,0),(270,'宣城',0,1367891475,'X',NULL,NULL,0,0),(271,'咸阳',0,1367891485,'X',NULL,NULL,0,0),(272,'忻州',0,1367891496,'X',NULL,NULL,0,0),(273,'湘西',0,1367891520,'X',NULL,NULL,0,0),(274,'新乡',0,1367891532,'X',NULL,NULL,0,0),(275,'邢台',0,1367891541,'X',NULL,NULL,0,0),(276,'兴安',0,1367891550,'X',NULL,NULL,0,0),(277,'锡林郭勒',0,1367891560,'X',NULL,NULL,0,0),(278,'湘潭',0,1367891568,'X',NULL,NULL,0,0),(279,'新余',0,1367891578,'X',NULL,NULL,0,0),(280,'西双版纳',0,1367891588,'X',NULL,NULL,0,0),(281,'孝感',0,1367891600,'X',NULL,NULL,0,0),(282,'伊春',0,1367891610,'Y',NULL,NULL,0,0),(283,'阳江',0,1367891619,'Y',NULL,NULL,0,0),(284,'延边',0,1367891632,'Y',NULL,NULL,0,0),(285,'云浮',0,1367891643,'Y',NULL,NULL,0,0),(286,'榆林',0,1367891652,'Y',NULL,NULL,0,0),(287,'延安',0,1367891662,'Y',NULL,NULL,0,0),(288,'阳泉',0,1367891672,'Y',NULL,NULL,0,0),(289,'玉溪',0,1367891681,'Y',NULL,NULL,0,0),(290,'益阳',0,1367891690,'Y',NULL,NULL,0,0),(291,'宜宾',0,1367891699,'Y',NULL,NULL,0,0),(292,'永州',0,1367891708,'Y',NULL,NULL,0,0),(293,'营口',0,1367891719,'Y',NULL,NULL,0,0),(294,'宜春',0,1367891733,'Y',NULL,NULL,0,0),(295,'玉树',0,1367891742,'Y',NULL,NULL,0,0),(296,'伊犁',0,1367891752,'Y',NULL,NULL,0,0),(297,'雅安',0,1367891761,'Y',NULL,NULL,0,0),(298,'鹰潭',0,1367891770,'Y',NULL,NULL,0,0),(299,'银川',0,1367891780,'Y',NULL,NULL,0,0),(300,'枣庄',0,1367891790,'Z',NULL,NULL,0,0),(301,'中卫',0,1367891801,'Z',NULL,NULL,0,0),(302,'资阳',0,1367891810,'Z',NULL,NULL,0,0),(303,'张家口',0,1367891821,'Z',NULL,NULL,0,0),(304,'驻马店',0,1367891830,'Z',NULL,NULL,0,0),(305,'周口',0,1367891840,'Z',NULL,NULL,0,0),(306,'张家界',0,1367891849,'Z',NULL,NULL,0,0),(307,'昭通',0,1367891858,'Z',NULL,NULL,0,0),(308,'张掖',0,1367891866,'Z',NULL,NULL,0,0),(309,'肇庆',0,1367891878,'Z',NULL,NULL,0,0),(310,'湛江',0,1367891888,'Z',NULL,NULL,0,0),(314,'河西区',1,1367915137,'A',NULL,NULL,0,0),(315,'河东区',1,1367915221,'A',NULL,NULL,0,0),(316,'水游城',3,1367915892,'A',NULL,NULL,0,0),(317,'河北区',1,1367916777,'H',NULL,NULL,0,0),(318,'红桥区',1,1367916799,'H',NULL,NULL,0,0),(319,'滨海新区',1,1367916834,'B',NULL,NULL,0,0),(320,'老城厢/大悦城',3,1367916878,'L',NULL,NULL,0,0),(321,'白堤路/风荷园',3,1367916904,'B',NULL,NULL,0,0),(322,'王顶堤/华苑',3,1367916922,'A',NULL,NULL,0,0),(323,'水上/天塔',3,1367916942,'S',NULL,NULL,0,0),(324,'时代奥城',3,1367916960,'A',NULL,NULL,0,0),(325,'长虹公园',3,1367916985,'C',NULL,NULL,0,0),(326,'南开公园',3,1367917001,'A',NULL,NULL,0,0),(327,'南开大学/八里台',3,1367917020,'A',NULL,NULL,0,0),(328,'海光寺/六里台',3,1367917047,'A',NULL,NULL,0,0),(329,'天拖地区',3,1367917062,'A',NULL,NULL,0,0),(330,'鼓楼/七向街',3,1367917077,'A',NULL,NULL,0,0),(331,'鞍山西道',3,1367917100,'A',NULL,NULL,0,0),(332,'东马路/新世界百货',3,1367917114,'A',NULL,NULL,0,0),(333,'滨江道',5,1367917139,'A',NULL,NULL,0,1),(334,'和平路',5,1367917155,'A',NULL,NULL,0,0),(335,'小白楼',5,1367917169,'A',NULL,NULL,0,0),(336,'鞍山道沿线',5,1367917185,'A',NULL,NULL,0,0),(337,'南市',5,1367917201,'A',NULL,NULL,0,0),(338,'五大道',5,1367917216,'A',NULL,NULL,0,0),(339,'西康路沿线',5,1367917235,'A',NULL,NULL,0,0),(340,'津湾广场',5,1367917249,'A',NULL,NULL,0,0),(341,'荣业大街',5,1367917267,'A',NULL,NULL,0,0),(342,'土城',314,1367917309,'A',NULL,NULL,0,0),(343,'小海地',314,1367917326,'A',NULL,NULL,0,0),(344,'体院北',314,1367917341,'A',NULL,NULL,0,0),(345,'图书大厦',314,1367917357,'A',NULL,NULL,0,0),(346,'梅江',314,1367917373,'A',NULL,NULL,0,0),(347,'永安道',314,1367917388,'A',NULL,NULL,0,0),(348,'尖山',314,1367917401,'A',NULL,NULL,0,0),(349,'佟楼',314,1367917424,'A',NULL,NULL,0,0),(350,'乐园道',314,1367917440,'A',NULL,NULL,0,0),(351,'下瓦房',314,1367917457,'A',NULL,NULL,0,0),(352,'南楼',314,1367917471,'A',NULL,NULL,0,0),(353,'越秀路',314,1367917485,'A',NULL,NULL,0,0),(354,'天津站后广场',315,1367917503,'A',NULL,NULL,0,0),(355,'卫国道',315,1367917740,'A',NULL,NULL,0,0),(356,'二宫',3,1367917756,'A',NULL,NULL,0,0),(357,'河东万达广场',3,1367917775,'A',NULL,NULL,0,0),(358,'万新村',315,1367917791,'A',NULL,NULL,0,0),(359,'工业大学',315,1367917805,'A',NULL,NULL,0,0),(360,'大王庄',315,1367917819,'A',NULL,NULL,0,0),(361,'大直沽',315,1367917833,'A',NULL,NULL,0,0),(362,'中山门',315,1367917849,'A',NULL,NULL,0,0),(363,'金钟河大街',317,1367917874,'A',NULL,NULL,0,0),(364,'狮子林大街',317,1367917885,'A',NULL,NULL,0,0),(365,'天泰路/榆关道',317,1367917899,'A',NULL,NULL,0,0),(366,'意大利风情区/火车站',317,1367917913,'A',NULL,NULL,0,0),(367,'中山路',317,1367917924,'A',NULL,NULL,0,0),(368,'王串场/民权门',317,1367917939,'A',NULL,NULL,0,0),(369,'汉沽城区',319,1367917968,'A',NULL,NULL,0,0),(370,'大港城区',319,1367917982,'A',NULL,NULL,0,0),(371,'大港油田',319,1367917995,'A',NULL,NULL,0,0),(372,'经济开发区',319,1367918007,'A',NULL,NULL,0,0),(373,'塘沽城区',319,1367918020,'A',NULL,NULL,0,0),(374,'大胡同',318,1367918039,'A',NULL,NULL,0,0),(375,'天津西站',318,1367918053,'A',NULL,NULL,0,0),(376,'创意街/水木天成',318,1367918065,'A',NULL,NULL,0,0),(377,'凯莱赛',318,1367918077,'A',NULL,NULL,0,0),(378,'本溪路/丁字沽',318,1367918094,'A',NULL,NULL,0,0),(379,'芥园道/水游城',318,1367918107,'A',NULL,NULL,0,0),(380,'东城区',2,1367978117,'A',NULL,NULL,0,0),(381,'西城区',2,1367978125,'A',NULL,NULL,0,0);

#
# Structure for table "33hao_live_class"
#

DROP TABLE IF EXISTS `33hao_live_class`;
CREATE TABLE `33hao_live_class` (
  `live_class_id` int(11) NOT NULL AUTO_INCREMENT COMMENT '类分ID',
  `live_class_name` varchar(255) NOT NULL COMMENT '分类名称',
  `parent_class_id` int(11) NOT NULL COMMENT '父类class_id',
  `live_class_sort` int(2) DEFAULT NULL COMMENT '分类排序',
  PRIMARY KEY (`live_class_id`)
) ENGINE=InnoDB AUTO_INCREMENT=101 DEFAULT CHARSET=utf8 COMMENT='线下分类表';

#
# Data for table "33hao_live_class"
#

INSERT INTO `33hao_live_class` VALUES (2,'餐饮美食',0,2),(3,'休闲娱乐',0,2),(7,'生活服务',0,3),(8,'小吃快餐',2,1),(9,'火锅',2,2),(10,'自助餐',2,3),(12,'川菜',2,5),(13,'甜品饮品',2,6),(14,'日本料理',2,7),(15,'韩国料理',2,8),(16,'主题餐厅',2,9),(17,'KTV',3,1),(18,'酒吧',3,2),(19,'电影院',3,3),(20,'公园景点',3,4),(21,'足浴按摩',3,5),(22,'运动健身',3,6),(23,'瑜伽馆',3,7),(24,'书店',3,8),(25,'电玩',3,9),(26,'电影演出',0,4),(27,'商场超市',0,5),(29,'婚庆摄像',7,1),(30,'母婴服务',7,2),(31,'银行',7,3),(32,'搬家',7,4),(33,'维修',7,5),(34,'家政保姆',7,6),(35,'开锁',7,7),(36,'宠物服务',7,8),(37,'洗衣店',7,9),(38,'电子通票',26,1),(39,'帮你代购',26,2),(40,'万达院线',26,3),(41,'金逸院线',26,4),(42,'嘉禾院线',26,5),(43,'博纳院线',26,6),(44,'UME院线',26,7),(45,'中影国际',26,8),(46,'耀莱国际',26,9),(47,'物美超市',27,1),(48,'超市卡',27,2),(49,'商场卡',27,3),(50,'水果券',27,4),(51,'购物券',27,5),(52,'食品券',27,6),(53,'网店优惠券',27,7),(54,'新世界',27,8),(55,'银泰',27,9),(56,'新一佳',27,10),(69,'电子优惠',0,6),(74,'俏江南',69,1),(75,'哈根达斯',69,2),(76,'银泰百货',69,3),(77,'阳澄湖',69,4),(78,'许留山',69,5),(79,'酷圣石',69,6),(80,'克丽缇娜',69,7),(81,'一兆韦德',69,8),(82,'宝岛眼镜',69,9),(83,'金钱豹',69,10),(84,'摄像写真',0,7),(85,'婚纱摄影',84,1),(86,'儿童摄影',84,2),(87,'写真摄影',84,3),(88,'商品摄影',84,4),(89,'个人写真',84,5),(94,'教育培训',0,8),(95,'语言培训',94,1),(96,'中小学教育',94,2),(97,'少儿培训',94,3),(98,'公务员培训',94,4),(99,'学历教育',94,5),(100,'职业资格认证',94,6);

#
# Structure for table "33hao_live_groupbuy"
#

DROP TABLE IF EXISTS `33hao_live_groupbuy`;
CREATE TABLE `33hao_live_groupbuy` (
  `groupbuy_id` int(11) NOT NULL AUTO_INCREMENT COMMENT '团购ID',
  `groupbuy_name` varchar(255) NOT NULL COMMENT '团购名称',
  `groupbuy_remark` varchar(255) NOT NULL COMMENT '团购副标题',
  `start_time` int(11) NOT NULL COMMENT '开始时间',
  `end_time` int(11) NOT NULL COMMENT '结束时间',
  `validity` int(11) NOT NULL COMMENT '有效期',
  `store_id` int(11) NOT NULL COMMENT '商铺ID',
  `store_name` varchar(255) NOT NULL COMMENT '商铺名称',
  `original_price` decimal(10,2) NOT NULL COMMENT '原始价格',
  `groupbuy_price` decimal(10,2) NOT NULL COMMENT '团购价格',
  `buyer_count` int(11) DEFAULT '0' COMMENT '购团数量',
  `buyer_limit` int(5) DEFAULT NULL COMMENT '购买上线',
  `buyer_num` int(11) DEFAULT '0' COMMENT '购买人数',
  `groupbuy_intro` text COMMENT '团购介绍',
  `groupbuy_pic` varchar(255) DEFAULT NULL COMMENT '团购图片',
  `groupbuy_pic1` varchar(255) DEFAULT NULL COMMENT '推荐图片',
  `publish_time` int(11) NOT NULL COMMENT '发布时间',
  `is_hot` tinyint(1) DEFAULT '0' COMMENT '是否推荐 0.未推荐 1.已推荐',
  `is_open` tinyint(1) DEFAULT '1' COMMENT '1.开启 2.关闭',
  `city_id` int(5) DEFAULT NULL COMMENT '城市ID',
  `area_id` int(5) DEFAULT NULL COMMENT '区域ID',
  `mall_id` int(5) DEFAULT NULL COMMENT '商区ID',
  `class_id` int(5) DEFAULT NULL COMMENT '大分类ID',
  `s_class_id` int(5) DEFAULT NULL COMMENT '小分类ID',
  `is_audit` tinyint(1) DEFAULT '1' COMMENT '1.待审核 2.审核通过 3.审核未通过',
  PRIMARY KEY (`groupbuy_id`)
) ENGINE=InnoDB AUTO_INCREMENT=2 DEFAULT CHARSET=utf8 COMMENT='线下团购表';

#
# Data for table "33hao_live_groupbuy"
#

INSERT INTO `33hao_live_groupbuy` VALUES (1,'仅售345元！可享俏江南原价500元储值卡1张！全国72家门店通兑！','仅售345元！可享俏江南原价500元储值卡1张！全国72家门店通兑！',1399878000,1431360000,1436630400,1,'俏江南',500.00,345.00,10000,5,0,'<p>俏江南创立于2000年,首家餐厅在北京CBD国贸中心开业,品牌定位于服务城市核心商务区。2002年在上海开设了第一家非京区域的连锁餐厅,从此步入了跨区域连锁的时代。</p>\r\n<p>专精于将中华经典美食与时尚现代设计的结合,体现在不断追求菜品的创新与融合,餐厅设计上标新立意,由国际级设计师量身定做,将中国古典的江南小桥流水进行西式设计,以中西合璧的餐厅环境,带来时尚、健康、高雅的就餐体验。</p>','1_04532212795183385.jpg','1_04532212870644310.jpg',1399877398,1,1,1,3,320,2,10,2);

#
# Structure for table "33hao_live_order"
#

DROP TABLE IF EXISTS `33hao_live_order`;
CREATE TABLE `33hao_live_order` (
  `order_id` int(11) NOT NULL AUTO_INCREMENT COMMENT '订单ID',
  `order_sn` bigint(20) NOT NULL COMMENT '订单编号（内部）',
  `member_id` int(11) NOT NULL COMMENT '会员ID',
  `member_name` varchar(100) NOT NULL COMMENT '会员名称',
  `mobile` bigint(20) NOT NULL COMMENT '手机号',
  `store_id` int(11) NOT NULL COMMENT '商铺ID',
  `store_name` varchar(100) NOT NULL COMMENT '商铺名称',
  `add_time` int(11) NOT NULL COMMENT '添加时间',
  `item_id` int(11) NOT NULL COMMENT '项目ID',
  `item_name` varchar(255) NOT NULL COMMENT '名称',
  `number` int(5) DEFAULT NULL COMMENT '数量',
  `price` decimal(10,2) NOT NULL COMMENT '价格',
  `payment_code` char(10) NOT NULL COMMENT '支付方式名称代码',
  `payment_time` int(11) DEFAULT NULL COMMENT '支付时间',
  `py_amount` decimal(10,2) DEFAULT NULL COMMENT '预存款支付金额',
  `state` tinyint(1) NOT NULL COMMENT '状态 1.未支付 2.已支付 3.已消费 4.取消',
  `leave_message` text COMMENT '订单留言',
  `use_time` int(11) DEFAULT NULL COMMENT '使用时间',
  `finish_time` int(11) DEFAULT NULL COMMENT '完成时间',
  `cancel_time` int(11) DEFAULT NULL COMMENT '取消时间',
  `cancel_reason` varchar(255) DEFAULT NULL COMMENT '取消原因',
  PRIMARY KEY (`order_id`)
) ENGINE=InnoDB DEFAULT CHARSET=utf8 COMMENT='线下订单表';

#
# Data for table "33hao_live_order"
#


#
# Structure for table "33hao_live_order_pwd"
#

DROP TABLE IF EXISTS `33hao_live_order_pwd`;
CREATE TABLE `33hao_live_order_pwd` (
  `order_item_id` int(11) NOT NULL AUTO_INCREMENT COMMENT '团购券ID',
  `order_id` int(11) NOT NULL COMMENT '订单ID',
  `state` tinyint(1) NOT NULL DEFAULT '1' COMMENT '1.未使用 2.已使用',
  `order_pwd` varchar(255) NOT NULL COMMENT '密码券',
  `use_time` int(11) DEFAULT NULL COMMENT '使用时间',
  PRIMARY KEY (`order_item_id`)
) ENGINE=InnoDB DEFAULT CHARSET=utf8 COMMENT='线下团购密码券表';

#
# Data for table "33hao_live_order_pwd"
#


#
# Structure for table "33hao_lock"
#

DROP TABLE IF EXISTS `33hao_lock`;
CREATE TABLE `33hao_lock` (
  `pid` bigint(20) unsigned NOT NULL COMMENT 'IP+TYPE',
  `pvalue` tinyint(3) unsigned NOT NULL DEFAULT '1' COMMENT '次数',
  `expiretime` int(11) NOT NULL DEFAULT '0' COMMENT '锁定截止时间',
  PRIMARY KEY (`pid`)
) ENGINE=InnoDB DEFAULT CHARSET=utf8 COMMENT='防灌水表';

#
# Data for table "33hao_lock"
#

INSERT INTO `33hao_lock` VALUES (21307064333,1,1514966988);

#
# Structure for table "33hao_mail_cron"
#

DROP TABLE IF EXISTS `33hao_mail_cron`;
CREATE TABLE `33hao_mail_cron` (
  `mail_id` int(11) NOT NULL AUTO_INCREMENT COMMENT '消息任务计划id',
  `mail` varchar(100) NOT NULL COMMENT '邮箱地址',
  `subject` varchar(255) NOT NULL COMMENT '邮件标题',
  `contnet` text NOT NULL COMMENT '邮件内容',
  PRIMARY KEY (`mail_id`)
) ENGINE=InnoDB DEFAULT CHARSET=utf8 COMMENT='邮件任务计划表';

#
# Data for table "33hao_mail_cron"
#


#
# Structure for table "33hao_mail_msg_temlates"
#

DROP TABLE IF EXISTS `33hao_mail_msg_temlates`;
CREATE TABLE `33hao_mail_msg_temlates` (
  `name` varchar(100) NOT NULL COMMENT '模板名称',
  `title` varchar(100) DEFAULT NULL COMMENT '模板标题',
  `code` varchar(30) NOT NULL COMMENT '模板调用代码',
  `content` text NOT NULL COMMENT '模板内容',
  PRIMARY KEY (`code`)
) ENGINE=InnoDB DEFAULT CHARSET=utf8 COMMENT='邮件模板表';

#
# Data for table "33hao_mail_msg_temlates"
#

INSERT INTO `33hao_mail_msg_temlates` VALUES ('<strong>[用户]</strong>身份验证通知','账户安全认证 - {$site_name}','authenticate','【{$site_name}】您于{$send_time}提交账户安全验证，验证码是：{$verify_code}。'),('<strong>[用户]</strong>邮箱验证通知','邮箱验证通知 - {$site_name}','bind_email','<p>您好！</p>\r\n<p>请在24小时内点击以下链接完成邮箱验证</p>\r\n<p><a href=\"{$verify_url}\" target=\"_blank\">马上验证</a></p>\r\n<p>如果您不能点击上面链接，还可以将以下链接复制到浏览器地址栏中访问</p>\r\n<p>{$verify_url}</p>'),('<strong>[用户]</strong>手机验证通知','手机验证通知 - {$site_name}','modify_mobile','【{$site_name}】您于{$send_time}绑定手机号，验证码是：{$verify_code}。'),('<strong>[用户]</strong>重置密码通知','重置密码通知 - {$site_name}','reset_pwd','<p>您好！</p>\r\n<p>您刚才在{$site_name}重置了密码，新密码为：{$new_password}。</p>\r\n<p>请尽快登录 <a href=\"{$site_url}\" target=\"_blank\">{$site_url}</a> 修改密码。</p>'),('<strong>[用户]</strong>自提通知','用户自提通知 - {$site_name}','send_pickup_code','【{$site_name}】您的订单已到达自提点，请上门取货！提货时请提供手机号/订单号/运单号及提货码：{$pickup_code}。'),('<strong>[用户]</strong>虚拟兑换码通知','虚拟兑换码通知 - {$site_name}','send_vr_code','【{$site_name}】您的虚拟兑换码是：{$vr_code}。');

#
# Structure for table "33hao_mall_consult"
#

DROP TABLE IF EXISTS `33hao_mall_consult`;
CREATE TABLE `33hao_mall_consult` (
  `mc_id` int(10) unsigned NOT NULL AUTO_INCREMENT COMMENT '平台客服咨询id',
  `mct_id` int(10) unsigned NOT NULL COMMENT '咨询类型id',
  `member_id` int(10) unsigned NOT NULL COMMENT '会员id',
  `member_name` varchar(50) NOT NULL COMMENT '会员名称',
  `mc_content` varchar(500) NOT NULL COMMENT '咨询内容',
  `mc_addtime` int(10) unsigned NOT NULL COMMENT '咨询时间',
  `is_reply` tinyint(3) unsigned NOT NULL DEFAULT '0' COMMENT '是否回复，1是，0否，默认0',
  `mc_reply` varchar(500) NOT NULL COMMENT '回复内容',
  `mc_reply_time` int(10) unsigned NOT NULL COMMENT '回复时间',
  `admin_id` int(10) unsigned NOT NULL COMMENT '管理员id',
  `admin_name` varchar(50) NOT NULL COMMENT '管理员名称',
  PRIMARY KEY (`mc_id`)
) ENGINE=InnoDB DEFAULT CHARSET=utf8 COMMENT='平台客服咨询表';

#
# Data for table "33hao_mall_consult"
#


#
# Structure for table "33hao_mall_consult_type"
#

DROP TABLE IF EXISTS `33hao_mall_consult_type`;
CREATE TABLE `33hao_mall_consult_type` (
  `mct_id` int(10) unsigned NOT NULL AUTO_INCREMENT COMMENT '平台客服咨询类型id',
  `mct_name` varchar(50) NOT NULL COMMENT '咨询类型名称',
  `mct_introduce` text NOT NULL COMMENT '平台客服咨询类型备注',
  `mct_sort` tinyint(255) unsigned NOT NULL COMMENT '咨询类型排序',
  PRIMARY KEY (`mct_id`)
) ENGINE=InnoDB AUTO_INCREMENT=3 DEFAULT CHARSET=utf8 COMMENT='平台客服咨询类型表';

#
# Data for table "33hao_mall_consult_type"
#

INSERT INTO `33hao_mall_consult_type` VALUES (1,'商品咨询','&lt;p&gt;\r\n\t请写明商品链接，或平台货号。\r\n&lt;/p&gt;\r\n&lt;p&gt;\r\n\t如果您对商品规格、介绍等有疑问，可以在商品详情页“购买咨询”处发起咨询，会得到及时专业的回复。\r\n&lt;/p&gt;',255),(2,'订单咨询','&lt;p&gt;\r\n\t请写明要咨询的订单编号。\r\n&lt;/p&gt;\r\n&lt;p&gt;\r\n\t如需处理交易中产生的纠纷，请选择投诉。\r\n&lt;/p&gt;',255);

#
# Structure for table "33hao_mb_category"
#

DROP TABLE IF EXISTS `33hao_mb_category`;
CREATE TABLE `33hao_mb_category` (
  `gc_id` smallint(5) unsigned NOT NULL DEFAULT '0' COMMENT '商城系统的分类ID',
  `gc_thumb` varchar(150) DEFAULT NULL COMMENT '缩略图',
  PRIMARY KEY (`gc_id`)
) ENGINE=InnoDB DEFAULT CHARSET=utf8 COMMENT='一级分类缩略图[手机端]';

#
# Data for table "33hao_mb_category"
#

INSERT INTO `33hao_mb_category` VALUES (1,'b3270daacaca2c74dbfe1b7fdcefcd8d.png'),(2,'7ac89f535680e83b16a68e5b463706b0.png'),(3,'f64e7393c3f15bf23c9e28f65361a5d8.png'),(4,'4c08033155e5e6a3d611cf6d5a16795b.png'),(5,'55dac983f83d749ea9bfa49417ea7859.png'),(6,'7f5e6dfbca829d704986c48f01516dcd.png'),(7,'83e0bd1790eb7a2484b58eebcfa813a0.png'),(8,'6a96d167a9fb65d0b5290958d9176b2a.png');

#
# Structure for table "33hao_mb_feedback"
#

DROP TABLE IF EXISTS `33hao_mb_feedback`;
CREATE TABLE `33hao_mb_feedback` (
  `id` int(10) unsigned NOT NULL AUTO_INCREMENT,
  `content` varchar(500) DEFAULT NULL,
  `type` varchar(50) DEFAULT NULL COMMENT '1来自手机端2来自PC端',
  `ftime` int(10) unsigned NOT NULL DEFAULT '0' COMMENT '反馈时间',
  `member_id` int(10) unsigned NOT NULL COMMENT '用户编号',
  `member_name` varchar(50) NOT NULL COMMENT '用户名',
  PRIMARY KEY (`id`)
) ENGINE=InnoDB DEFAULT CHARSET=utf8 COMMENT='意见反馈';

#
# Data for table "33hao_mb_feedback"
#


#
# Structure for table "33hao_mb_payment"
#

DROP TABLE IF EXISTS `33hao_mb_payment`;
CREATE TABLE `33hao_mb_payment` (
  `payment_id` tinyint(1) unsigned NOT NULL COMMENT '支付索引id',
  `payment_code` varchar(12) NOT NULL COMMENT '支付代码名称',
  `payment_name` char(10) NOT NULL COMMENT '支付名称',
  `payment_config` varchar(2000) DEFAULT NULL COMMENT '支付接口配置信息',
  `payment_state` enum('0','1') NOT NULL DEFAULT '0' COMMENT '接口状态0禁用1启用',
  PRIMARY KEY (`payment_id`)
) ENGINE=InnoDB DEFAULT CHARSET=utf8 COMMENT='手机支付方式表';

#
# Data for table "33hao_mb_payment"
#

INSERT INTO `33hao_mb_payment` VALUES (1,'alipay','支付宝手机支付','a:3:{s:14:\"alipay_account\";s:15:\"846461@sina.com\";s:10:\"alipay_key\";s:13:\"1asdasdasdasd\";s:14:\"alipay_partner\";s:11:\"asdasdasdsa\";}','1'),(2,'wxpay_jsapi','微信支付JSAPI','a:4:{s:5:\"appId\";s:15:\"1561sdasd1as6d1\";s:9:\"appSecret\";s:11:\"asdasdasd16\";s:9:\"partnerId\";s:8:\"asdasdsa\";s:6:\"apiKey\";s:7:\"asdasda\";}','1');

#
# Structure for table "33hao_mb_seller_token"
#

DROP TABLE IF EXISTS `33hao_mb_seller_token`;
CREATE TABLE `33hao_mb_seller_token` (
  `token_id` int(10) unsigned NOT NULL AUTO_INCREMENT COMMENT '令牌编号',
  `seller_id` int(10) unsigned NOT NULL COMMENT '用户编号',
  `seller_name` varchar(50) NOT NULL COMMENT '用户名',
  `token` varchar(50) NOT NULL COMMENT '登录令牌',
  `login_time` int(10) unsigned NOT NULL COMMENT '登录时间',
  `client_type` varchar(10) NOT NULL COMMENT '客户端类型 windows',
  PRIMARY KEY (`token_id`)
) ENGINE=InnoDB DEFAULT CHARSET=utf8 COMMENT='客户端商家登录令牌表';

#
# Data for table "33hao_mb_seller_token"
#


#
# Structure for table "33hao_mb_special"
#

DROP TABLE IF EXISTS `33hao_mb_special`;
CREATE TABLE `33hao_mb_special` (
  `special_id` int(10) unsigned NOT NULL AUTO_INCREMENT COMMENT '专题编号',
  `special_desc` varchar(20) NOT NULL COMMENT '专题描述',
  PRIMARY KEY (`special_id`)
) ENGINE=InnoDB DEFAULT CHARSET=utf8 COMMENT='手机专题表';

#
# Data for table "33hao_mb_special"
#


#
# Structure for table "33hao_mb_special_item"
#

DROP TABLE IF EXISTS `33hao_mb_special_item`;
CREATE TABLE `33hao_mb_special_item` (
  `item_id` int(10) unsigned NOT NULL AUTO_INCREMENT COMMENT '专题项目编号',
  `special_id` int(10) unsigned NOT NULL COMMENT '专题编号',
  `item_type` varchar(50) NOT NULL COMMENT '项目类型',
  `item_data` varchar(2000) DEFAULT '' COMMENT '项目内容',
  `item_usable` tinyint(3) unsigned NOT NULL DEFAULT '0' COMMENT '项目是否可用 0-不可用 1-可用',
  `item_sort` tinyint(3) unsigned NOT NULL DEFAULT '0' COMMENT '项目排序',
  PRIMARY KEY (`item_id`)
) ENGINE=InnoDB DEFAULT CHARSET=utf8 COMMENT='手机专题项目表';

#
# Data for table "33hao_mb_special_item"
#


#
# Structure for table "33hao_mb_user_token"
#

DROP TABLE IF EXISTS `33hao_mb_user_token`;
CREATE TABLE `33hao_mb_user_token` (
  `token_id` int(10) unsigned NOT NULL AUTO_INCREMENT COMMENT '令牌编号',
  `member_id` int(10) unsigned NOT NULL COMMENT '用户编号',
  `member_name` varchar(50) NOT NULL COMMENT '用户名',
  `token` varchar(50) NOT NULL COMMENT '登录令牌',
  `login_time` int(10) unsigned NOT NULL COMMENT '登录时间',
  `client_type` varchar(10) NOT NULL COMMENT '客户端类型 android wap',
  `openid` varchar(50) DEFAULT NULL COMMENT '微信支付jsapi的openid缓存',
  PRIMARY KEY (`token_id`)
) ENGINE=InnoDB AUTO_INCREMENT=10 DEFAULT CHARSET=utf8 COMMENT='移动端登录令牌表';

#
# Data for table "33hao_mb_user_token"
#

INSERT INTO `33hao_mb_user_token` VALUES (1,45,'xiaohaha','64e39ef03a00c1e19553dc0ce9cbff4c',1514950275,'wap',NULL),(2,46,'liushuai123','1ca70b03767a8845eee22395a43ce64d',1514965046,'wap',NULL),(3,47,'liushuai111','02125398f99c44777227bff7fc80f2e8',1514966388,'wap',NULL),(4,46,'liushuai123','bd56b8bb68d0fd3402a7fb5348580928',1514967340,'wap',NULL),(5,46,'liushuai123','56842907e6660bfc85c779a9e18593c5',1514970222,'wap',NULL),(6,47,'liushuai111','5bfa6f30214fedb268ba1b866d417b6d',1514970301,'wap',NULL),(7,47,'liushuai111','d8326bac051a4f35d40b3d68ec5ef532',1514970421,'wap',NULL),(8,46,'liushuai123','79c1aa85a277ce1d9bc8dcab3a1f1ae7',1515037370,'wap',NULL),(9,47,'liushuai111','9a9f4b51299da26496cda045fec03318',1515116780,'wap',NULL);

#
# Structure for table "33hao_member"
#

DROP TABLE IF EXISTS `33hao_member`;
CREATE TABLE `33hao_member` (
  `member_id` int(11) NOT NULL AUTO_INCREMENT COMMENT '会员id',
  `member_name` varchar(50) NOT NULL COMMENT '会员名称',
  `member_truename` varchar(20) DEFAULT NULL COMMENT '真实姓名',
  `member_avatar` varchar(50) DEFAULT NULL COMMENT '会员头像',
  `member_sex` tinyint(1) DEFAULT NULL COMMENT '会员性别1男2女3保密',
  `member_birthday` date DEFAULT NULL COMMENT '生日',
  `member_passwd` varchar(32) NOT NULL COMMENT '会员密码',
  `member_paypwd` char(32) DEFAULT NULL COMMENT '支付密码',
  `member_email` varchar(100) NOT NULL COMMENT '会员邮箱',
  `member_email_bind` tinyint(4) NOT NULL DEFAULT '0' COMMENT '0未绑定1已绑定',
  `member_mobile` varchar(11) DEFAULT NULL COMMENT '手机号',
  `member_mobile_bind` tinyint(4) NOT NULL DEFAULT '0' COMMENT '0未绑定1已绑定',
  `member_qq` varchar(100) DEFAULT NULL COMMENT 'qq',
  `member_ww` varchar(100) DEFAULT NULL COMMENT '阿里旺旺',
  `member_login_num` int(11) NOT NULL DEFAULT '1' COMMENT '登录次数',
  `member_time` varchar(10) NOT NULL COMMENT '会员注册时间',
  `member_login_time` varchar(10) NOT NULL COMMENT '当前登录时间',
  `member_old_login_time` varchar(10) NOT NULL COMMENT '上次登录时间',
  `member_login_ip` varchar(20) DEFAULT NULL COMMENT '当前登录ip',
  `member_old_login_ip` varchar(20) DEFAULT NULL COMMENT '上次登录ip',
  `member_qqopenid` varchar(100) DEFAULT NULL COMMENT 'qq互联id',
  `member_qqinfo` text COMMENT 'qq账号相关信息',
  `member_sinaopenid` varchar(100) DEFAULT NULL COMMENT '新浪微博登录id',
  `member_sinainfo` text COMMENT '新浪账号相关信息序列化值',
  `weixin_unionid` varchar(50) DEFAULT NULL COMMENT '微信用户统一标识',
  `weixin_info` varchar(255) DEFAULT NULL COMMENT '微信用户相关信息',
  `member_points` int(11) NOT NULL DEFAULT '0' COMMENT '会员积分',
  `available_predeposit` decimal(10,2) unsigned NOT NULL DEFAULT '0.00' COMMENT '预存款可用金额',
  `freeze_predeposit` decimal(10,2) unsigned NOT NULL DEFAULT '0.00' COMMENT '预存款冻结金额',
  `available_rc_balance` decimal(10,2) unsigned NOT NULL DEFAULT '0.00' COMMENT '可用充值卡余额',
  `freeze_rc_balance` decimal(10,2) unsigned NOT NULL DEFAULT '0.00' COMMENT '冻结充值卡余额',
  `inform_allow` tinyint(1) NOT NULL DEFAULT '1' COMMENT '是否允许举报(1可以/2不可以)',
  `is_buy` tinyint(1) NOT NULL DEFAULT '1' COMMENT '会员是否有购买权限 1为开启 0为关闭',
  `is_allowtalk` tinyint(1) NOT NULL DEFAULT '1' COMMENT '会员是否有咨询和发送站内信的权限 1为开启 0为关闭',
  `member_state` tinyint(1) NOT NULL DEFAULT '1' COMMENT '会员的开启状态 1为开启 0为关闭',
  `member_snsvisitnum` int(11) NOT NULL DEFAULT '0' COMMENT 'sns空间访问次数',
  `member_areaid` int(11) DEFAULT NULL COMMENT '地区ID',
  `member_cityid` int(11) DEFAULT NULL COMMENT '城市ID',
  `member_provinceid` int(11) DEFAULT NULL COMMENT '省份ID',
  `member_areainfo` varchar(255) DEFAULT NULL COMMENT '地区内容',
  `member_privacy` text COMMENT '隐私设定',
  `member_quicklink` varchar(255) DEFAULT NULL COMMENT '会员常用操作',
  `member_exppoints` int(11) NOT NULL DEFAULT '0' COMMENT '会员经验值',
  `store_id` int(11) DEFAULT NULL COMMENT '商家ID',
  `inviter_id` int(11) DEFAULT NULL COMMENT '邀请人ID',
  `member_wxopenid` varchar(100) DEFAULT NULL COMMENT '微信互联openid',
  PRIMARY KEY (`member_id`),
  KEY `member_name` (`member_name`)
) ENGINE=InnoDB AUTO_INCREMENT=48 DEFAULT CHARSET=utf8 COMMENT='会员表';

#
# Data for table "33hao_member"
#

INSERT INTO `33hao_member` VALUES (1,'admin','','avatar_1.jpg',1,NULL,'e10adc3949ba59abbe56e057f20f883e',NULL,'',0,'13800138000',1,'','',141,'1472607297','1475916652','1474857956','203.93.14.38','106.38.84.34',NULL,NULL,NULL,NULL,NULL,NULL,280,0.00,0.00,0.00,0.00,1,1,1,1,0,0,0,1,'','f6138ff97a69e876c6c8d8384205848c',NULL,30,NULL,NULL,NULL),(2,'admin1','测绘','avatar_2_new.png',0,NULL,'e10adc3949ba59abbe56e057f20f883e',NULL,'sad8@qq.com',0,'13800138001',1,'','',4,'1472624116','1473730038','1473730009','116.213.119.69','127.0.0.1',NULL,NULL,NULL,NULL,NULL,NULL,80,0.00,0.00,0.00,0.00,1,1,1,1,0,NULL,0,0,'',NULL,',member_order,member_vr_order,member_favorites,member_evaluate,predeposit',10,NULL,NULL,NULL),(3,'forbidden',NULL,NULL,NULL,NULL,'e10adc3949ba59abbe56e057f20f883e',NULL,'',0,'13800138002',1,NULL,NULL,1,'','','',NULL,NULL,NULL,NULL,NULL,NULL,NULL,NULL,0,0.00,0.00,0.00,0.00,1,1,1,0,0,NULL,NULL,NULL,NULL,NULL,NULL,0,NULL,NULL,NULL),(18,'user18236938399',NULL,NULL,NULL,NULL,'d4c424274988c3cbd2a7e8ae43333d28',NULL,'',0,'1823693839',0,NULL,NULL,1,'1473814921','1473814921','1473814921',NULL,NULL,NULL,NULL,NULL,NULL,NULL,NULL,0,0.00,0.00,0.00,0.00,1,1,1,1,0,NULL,NULL,NULL,NULL,NULL,NULL,0,NULL,NULL,NULL),(19,'user18236938399',NULL,NULL,NULL,NULL,'edce96b776bc4027cabfb7e20e893ec9',NULL,'',0,'1823693839',0,NULL,NULL,1,'1473815123','1473815123','1473815123',NULL,NULL,NULL,NULL,NULL,NULL,NULL,NULL,0,0.00,0.00,0.00,0.00,1,1,1,1,0,NULL,NULL,NULL,NULL,NULL,NULL,0,NULL,NULL,NULL),(20,'user13051276294',NULL,NULL,NULL,NULL,'2e86885e382bc748fea8790554a3c0b2',NULL,'',0,'1305127629',0,NULL,NULL,1,'1473817092','1473817092','1473817092',NULL,NULL,NULL,NULL,NULL,NULL,NULL,NULL,0,0.00,0.00,0.00,0.00,1,1,1,1,0,NULL,NULL,NULL,NULL,NULL,NULL,0,NULL,NULL,NULL),(21,'user13051276294',NULL,NULL,NULL,NULL,'d4de58d2f463f702702fa7493edf22ae',NULL,'',0,'1305127629',0,NULL,NULL,2,'1473817265','1473817424','1473817265','114.242.250.84',NULL,NULL,NULL,NULL,NULL,NULL,NULL,0,0.00,0.00,0.00,0.00,1,1,1,1,0,NULL,NULL,NULL,NULL,NULL,NULL,0,NULL,NULL,NULL),(22,'user13051276294',NULL,NULL,NULL,NULL,'9e2e6bf7854f924fec419a2b1ba137ff',NULL,'',0,'1305127629',0,NULL,NULL,1,'1473817496','1473817496','1473817496',NULL,NULL,NULL,NULL,NULL,NULL,NULL,NULL,0,0.00,0.00,0.00,0.00,1,1,1,1,0,NULL,NULL,NULL,NULL,NULL,NULL,0,NULL,NULL,NULL),(23,'user13621286210',NULL,NULL,NULL,NULL,'e10adc3949ba59abbe56e057f20f883e',NULL,'',0,'1362128621',0,NULL,NULL,1,'1473820347','1473820347','1473820347',NULL,NULL,NULL,NULL,NULL,NULL,NULL,NULL,0,0.00,0.00,0.00,0.00,1,1,1,1,0,NULL,NULL,NULL,NULL,NULL,NULL,0,NULL,NULL,NULL),(24,'user15600788257',NULL,NULL,NULL,NULL,'e962b59398e2b584eeffe6ca8ac374ba',NULL,'',0,'1560078825',0,NULL,NULL,1,'1473824626','1473824626','1473824626',NULL,NULL,NULL,NULL,NULL,NULL,NULL,NULL,0,0.00,0.00,0.00,0.00,1,1,1,1,0,NULL,NULL,NULL,NULL,NULL,NULL,0,NULL,NULL,NULL),(25,'user13051276294',NULL,NULL,NULL,NULL,'e10adc3949ba59abbe56e057f20f883e',NULL,'',0,'1305127629',0,NULL,NULL,2,'1473835172','1473835243','1473835172','116.213.119.69',NULL,NULL,NULL,NULL,NULL,NULL,NULL,0,0.00,0.00,0.00,0.00,1,1,1,1,0,NULL,NULL,NULL,NULL,NULL,NULL,0,NULL,NULL,NULL),(26,'user13051276294',NULL,NULL,NULL,NULL,'e10adc3949ba59abbe56e057f20f883e',NULL,'',0,'1305127629',0,NULL,NULL,1,'1473835385','1473835385','1473835385',NULL,NULL,NULL,NULL,NULL,NULL,NULL,NULL,0,0.00,0.00,0.00,0.00,1,1,1,1,0,NULL,NULL,NULL,NULL,NULL,NULL,0,NULL,NULL,NULL),(27,'user13051276294',NULL,NULL,NULL,NULL,'462a78166d07f6e9584bb2c6b09f82c2',NULL,'',0,'1305127629',0,NULL,NULL,1,'1473835625','1473835625','1473835625',NULL,NULL,NULL,NULL,NULL,NULL,NULL,NULL,0,0.00,0.00,0.00,0.00,1,1,1,1,0,NULL,NULL,NULL,NULL,NULL,NULL,0,NULL,NULL,NULL),(28,'user13051276294',NULL,NULL,NULL,NULL,'5256758148d612510b9c23b244aefc54',NULL,'',0,'1305127629',0,NULL,NULL,1,'1473835959','1473835959','1473835959',NULL,NULL,NULL,NULL,NULL,NULL,NULL,NULL,0,0.00,0.00,0.00,0.00,1,1,1,1,0,NULL,NULL,NULL,NULL,NULL,NULL,0,NULL,NULL,NULL),(29,'user13051276294',NULL,NULL,NULL,NULL,'1462646e01502179aa72e62cbfd887ef',NULL,'',0,'1305127629',0,NULL,NULL,1,'1473836046','1473836046','1473836046',NULL,NULL,NULL,NULL,NULL,NULL,NULL,NULL,0,0.00,0.00,0.00,0.00,1,1,1,1,0,NULL,NULL,NULL,NULL,NULL,NULL,0,NULL,NULL,NULL),(30,'user13051276294',NULL,NULL,NULL,NULL,'d9f6e636e369552839e7bb8057aeb8da',NULL,'',0,'1305127629',0,NULL,NULL,8,'1473837471','1473838276','1473838076','116.213.119.69','116.213.119.69',NULL,NULL,NULL,NULL,NULL,NULL,0,0.00,0.00,0.00,0.00,1,1,1,1,0,NULL,NULL,NULL,NULL,NULL,NULL,0,NULL,NULL,NULL),(31,'user13051276294',NULL,NULL,NULL,NULL,'d9f6e636e369552839e7bb8057aeb8da',NULL,'',0,'1362128621',0,NULL,NULL,2,'1473838360','1473838377','1473838360','116.213.119.69',NULL,NULL,NULL,NULL,NULL,NULL,NULL,0,0.00,0.00,0.00,0.00,1,1,1,1,0,NULL,NULL,NULL,NULL,NULL,NULL,0,NULL,NULL,NULL),(32,'user13051276294',NULL,NULL,NULL,NULL,'d9f6e636e369552839e7bb8057aeb8da',NULL,'',0,'1305127629',0,NULL,NULL,2,'1473840112','1474177720','1473840112','116.213.119.69',NULL,NULL,NULL,NULL,NULL,NULL,NULL,0,0.00,0.00,0.00,0.00,1,1,1,1,0,NULL,NULL,NULL,NULL,'e62f51378f2fd324ff70554affdd5f3e',NULL,0,NULL,NULL,NULL),(33,'刘帅','刘帅','avatar_33_new.png',NULL,NULL,'e10adc3949ba59abbe56e057f20f883e',NULL,'',0,'13621286210',0,'936794508',NULL,19,'1473863913','1475916634','1475207904','127.0.0.1','123.121.107.157',NULL,NULL,NULL,NULL,NULL,'ls93679',160,0.00,0.00,0.00,0.00,1,1,1,1,0,NULL,NULL,NULL,NULL,'123',',member_message',10,1,NULL,NULL),(34,'user18236938399',NULL,NULL,NULL,NULL,'e10adc3949ba59abbe56e057f20f883e',NULL,'',0,'1823693839',0,NULL,NULL,5,'1474162075','1474174770','1474162799','116.213.119.69','116.213.119.69',NULL,NULL,NULL,NULL,NULL,NULL,0,0.00,0.00,0.00,0.00,1,1,1,1,0,NULL,NULL,NULL,NULL,'7c54acdfbfe42830480ea909223c221e',NULL,0,NULL,NULL,NULL),(35,'user13363603505',NULL,NULL,NULL,NULL,'e10adc3949ba59abbe56e057f20f883e',NULL,'',0,'1336360350',0,NULL,NULL,11,'1474162882','1474187380','1474187330','116.213.119.69','116.213.119.69',NULL,NULL,NULL,NULL,NULL,NULL,0,0.00,0.00,0.00,0.00,1,1,1,1,0,NULL,NULL,NULL,NULL,'09684048ee3eec4ef57fce0a6ff23503',NULL,0,NULL,NULL,NULL),(36,'user13051276294',NULL,NULL,NULL,NULL,'d9f6e636e369552839e7bb8057aeb8da',NULL,'',0,'1305127629',0,NULL,NULL,33,'1474177850','1474189325','1474188838','116.213.119.69','116.213.119.69',NULL,NULL,NULL,NULL,NULL,NULL,0,0.00,0.00,0.00,0.00,1,1,1,1,0,NULL,NULL,NULL,NULL,'fbecb1aee76a038c04cf1399161beafd',NULL,0,NULL,NULL,NULL),(37,'Frank',NULL,'avatar_37_new.jpg',1,NULL,'00b7691d86d96aebd21dd9e138f90840',NULL,'',0,'13051276294',0,NULL,NULL,39,'1474189547','1475918311','1475907343','203.93.14.38','203.93.14.38',NULL,NULL,NULL,NULL,NULL,NULL,0,0.00,0.00,0.00,0.00,1,1,1,1,0,NULL,NULL,NULL,NULL,'b6b676e0e177db9cfbefe3e26a863e9e',NULL,0,NULL,NULL,NULL),(38,'user15225135403',NULL,NULL,NULL,NULL,'670b14728ad9902aecba32e22fa4f6bd',NULL,'',0,'15225135403',0,NULL,NULL,6,'1474201698','1474463922','1474202051','1.15.41.40','1.15.41.40',NULL,NULL,NULL,NULL,NULL,NULL,0,0.00,0.00,0.00,0.00,1,1,1,1,0,NULL,NULL,NULL,NULL,'1c761ac686fd1d1278e7a37f1d28eb9f',NULL,0,NULL,NULL,NULL),(40,'兔兔',NULL,'avatar_40_new.jpg',2,NULL,'e10adc3949ba59abbe56e057f20f883e',NULL,'',0,'18301081124',0,NULL,NULL,64,'1474508195','1475979172','1475974156','203.93.14.39','203.93.14.39',NULL,NULL,NULL,NULL,NULL,NULL,0,0.00,0.00,0.00,0.00,1,1,1,1,0,NULL,NULL,NULL,NULL,'333cf8f32a60c6486c74098ffd8b1b36',NULL,0,1,33,NULL),(41,'user13363603505',NULL,NULL,NULL,NULL,'670b14728ad9902aecba32e22fa4f6bd',NULL,'',0,'1336360350',0,NULL,NULL,2,'1474970682','1474970729','1474970682','106.38.84.34',NULL,NULL,NULL,NULL,NULL,NULL,NULL,0,0.00,0.00,0.00,0.00,1,1,1,1,0,NULL,NULL,NULL,NULL,'037def4513513d5ddb45fc0f74fa16d9',NULL,0,NULL,NULL,NULL),(42,'user15600788257',NULL,NULL,NULL,NULL,'670b14728ad9902aecba32e22fa4f6bd',NULL,'',0,'1560078825',0,NULL,NULL,2,'1475043290','1475043356','1475043290','106.38.84.34',NULL,NULL,NULL,NULL,NULL,NULL,NULL,0,0.00,0.00,0.00,0.00,1,1,1,1,0,NULL,NULL,NULL,NULL,'80f83fe40950281e17980a945dba808f',NULL,0,NULL,NULL,NULL),(43,'user156007882','未实','avatar_43_new.jpg',1,NULL,'670b14728ad9902aecba32e22fa4f6bd',NULL,'',0,'15600788257',0,NULL,NULL,17,'1475043618','1475916489','1475915738','223.104.3.200','223.104.3.200',NULL,NULL,NULL,NULL,NULL,NULL,0,0.00,0.00,0.00,0.00,1,1,1,1,0,NULL,NULL,NULL,NULL,'d271442b61e7813996a8abf91536a030',NULL,0,NULL,NULL,NULL),(44,'user13800138010',NULL,NULL,NULL,NULL,'e10adc3949ba59abbe56e057f20f883e',NULL,'',0,'13800138010',0,NULL,NULL,1,'1475917992','1475917992','1475917992',NULL,NULL,NULL,NULL,NULL,NULL,NULL,NULL,0,0.00,0.00,0.00,0.00,1,1,1,1,0,NULL,NULL,NULL,NULL,NULL,NULL,0,NULL,NULL,NULL),(45,'xiaohaha',NULL,NULL,NULL,NULL,'e10adc3949ba59abbe56e057f20f883e',NULL,'936794508@qq.com',0,NULL,0,NULL,NULL,1,'1514950275','1514950275','1514950275','127.0.0.1','127.0.0.1',NULL,NULL,NULL,NULL,NULL,NULL,20,0.00,0.00,0.00,0.00,1,1,1,1,0,NULL,NULL,NULL,NULL,NULL,NULL,0,NULL,0,NULL),(46,'liushuai123',NULL,NULL,NULL,NULL,'e01d90051b67638ed4cd5e6feeb114c8',NULL,'liushuai123@qq.com',0,NULL,0,NULL,NULL,2,'1514965046','1514968644','1514965046','127.0.0.1','127.0.0.1',NULL,NULL,NULL,NULL,NULL,NULL,31,0.00,0.00,0.00,0.00,1,1,1,1,0,NULL,NULL,NULL,NULL,NULL,NULL,228,1,33,NULL),(47,'liushuai111',NULL,NULL,NULL,NULL,'db42bce360cbf125439099ccf091da77',NULL,'liushuai111@qq.com',0,NULL,0,NULL,NULL,1,'1514966388','1514966388','1514966388','127.0.0.1','127.0.0.1',NULL,NULL,NULL,NULL,NULL,NULL,25,0.00,0.00,0.00,0.00,1,1,1,1,0,NULL,NULL,NULL,NULL,NULL,NULL,0,NULL,1,NULL);

#
# Structure for table "33hao_member_common"
#

DROP TABLE IF EXISTS `33hao_member_common`;
CREATE TABLE `33hao_member_common` (
  `member_id` int(11) NOT NULL COMMENT '会员ID',
  `auth_code` char(6) DEFAULT NULL COMMENT '短信/邮件验证码',
  `send_acode_time` int(11) unsigned NOT NULL DEFAULT '0' COMMENT '短信/邮件验证码发送时间',
  `send_mb_time` int(11) DEFAULT NULL COMMENT '发送短信验证码时间',
  `send_email_time` int(11) DEFAULT NULL COMMENT '发送邮件验证码时间',
  `send_mb_times` tinyint(4) NOT NULL DEFAULT '0' COMMENT '发送手机验证码次数',
  `send_acode_times` tinyint(4) NOT NULL DEFAULT '0' COMMENT '发送验证码次数',
  `auth_code_check_times` tinyint(4) NOT NULL DEFAULT '0',
  `auth_modify_pwd_time` int(11) NOT NULL
) ENGINE=InnoDB DEFAULT CHARSET=utf8 COMMENT='会员扩展表';

#
# Data for table "33hao_member_common"
#

INSERT INTO `33hao_member_common` VALUES (1,'449306',1472699659,NULL,NULL,0,0,0,0),(2,NULL,0,NULL,NULL,0,0,0,0),(45,NULL,0,NULL,NULL,0,0,0,0),(46,NULL,0,NULL,NULL,0,0,0,0),(47,NULL,0,NULL,NULL,0,0,0,0);

#
# Structure for table "33hao_member_msg_setting"
#

DROP TABLE IF EXISTS `33hao_member_msg_setting`;
CREATE TABLE `33hao_member_msg_setting` (
  `mmt_code` varchar(50) NOT NULL COMMENT '用户消息模板编号',
  `member_id` int(10) unsigned NOT NULL COMMENT '会员id',
  `is_receive` tinyint(3) unsigned NOT NULL COMMENT '是否接收 1是，0否',
  PRIMARY KEY (`mmt_code`,`member_id`)
) ENGINE=InnoDB DEFAULT CHARSET=utf8 COMMENT='用户消息接收设置表';

#
# Data for table "33hao_member_msg_setting"
#


#
# Structure for table "33hao_member_msg_tpl"
#

DROP TABLE IF EXISTS `33hao_member_msg_tpl`;
CREATE TABLE `33hao_member_msg_tpl` (
  `mmt_code` varchar(50) NOT NULL COMMENT '用户消息模板编号',
  `mmt_name` varchar(50) NOT NULL COMMENT '模板名称',
  `mmt_message_switch` tinyint(3) unsigned NOT NULL COMMENT '站内信接收开关',
  `mmt_message_content` varchar(255) NOT NULL COMMENT '站内信消息内容',
  `mmt_short_switch` tinyint(3) unsigned NOT NULL COMMENT '短信接收开关',
  `mmt_short_content` varchar(255) NOT NULL COMMENT '短信接收内容',
  `mmt_mail_switch` tinyint(3) unsigned NOT NULL COMMENT '邮件接收开关',
  `mmt_mail_subject` varchar(255) NOT NULL COMMENT '邮件标题',
  `mmt_mail_content` text NOT NULL COMMENT '邮件内容',
  PRIMARY KEY (`mmt_code`)
) ENGINE=InnoDB DEFAULT CHARSET=utf8 COMMENT='用户消息模板';

#
# Data for table "33hao_member_msg_tpl"
#

INSERT INTO `33hao_member_msg_tpl` VALUES ('arrival_notice','到货通知提醒',1,'您关注的商品 “{$goods_name}” 已经到货。<a href=\"{$goods_url}\" target=\"_blank\">点击查看商品</a>',0,'【{$site_name}】您关注的商品 “{$goods_name}” 已经到货。',0,'{$site_name}提醒：您关注的商品  “{$goods_name}” 已经到货。','<p>\r\n\t{$site_name}提醒：\r\n</p>\r\n<p>\r\n\t您关注的商品 “{$goods_name}” 已经到货。\r\n</p>\r\n<p>\r\n\t<a href=\"{$goods_url}\" target=\"_blank\">点击查看商品</a> \r\n</p>\r\n<p>\r\n\t<br />\r\n</p>\r\n<p>\r\n\t<br />\r\n</p>\r\n<p>\r\n\t<br />\r\n</p>\r\n<p style=\"text-align:right;\">\r\n\t{$site_name}\r\n</p>\r\n<p style=\"text-align:right;\">\r\n\t{$mail_send_time}\r\n</p>'),('consult_goods_reply','商品咨询回复提醒',1,'您关于商品 “{$goods_name}”的咨询，商家已经回复。<a href=\"{$consult_url}\" target=\"_blank\">点击查看回复</a>',0,'【{$site_name}】您关于商品 “{$goods_name}” 的咨询，商家已经回复。',0,'{$site_name}提醒：您关于商品 “{$goods_name}”的咨询，商家已经回复。','<p>\r\n\t{$site_name}提醒：\r\n</p>\r\n<p>\r\n\t您关注的商品“{$goods_name}” 已经到货。\r\n</p>\r\n<p>\r\n\t<a href=\"{$consult_url}\" target=\"_blank\">点击查看回复</a> \r\n</p>\r\n<p>\r\n\t<br />\r\n</p>\r\n<p>\r\n\t<br />\r\n</p>\r\n<p>\r\n\t<br />\r\n</p>\r\n<p style=\"text-align:right;\">\r\n\t{$site_name}\r\n</p>\r\n<p style=\"text-align:right;\">\r\n\t{$mail_send_time}\r\n</p>\r\n<br />\r\n<div class=\"firebugResetStyles firebugBlockBackgroundColor\">\r\n\t<div style=\"background-color:transparent ! important;\" class=\"firebugResetStyles\">\r\n\t</div>\r\n</div>'),('consult_mall_reply','平台客服回复提醒',1,'您的平台客服咨询已经回复。<a href=\"{$consult_url}\" target=\"_blank\">点击查看回复</a>',0,'【{$site_name}】您的平台客服咨询已经回复。',0,'{$site_name}提醒：您的平台客服咨询已经回复。','<p>\r\n\t{$site_name}提醒：\r\n</p>\r\n<p>\r\n\t您的平台客服咨询已经回复。\r\n</p>\r\n<p>\r\n\t<a href=\"{$consult_url}\" target=\"_blank\">点击查看回复</a> \r\n</p>\r\n<p>\r\n\t<br />\r\n</p>\r\n<p>\r\n\t<br />\r\n</p>\r\n<p style=\"text-align:right;\">\r\n\t{$site_name}\r\n</p>\r\n<p style=\"text-align:right;\">\r\n\t{$mail_send_time}\r\n</p>'),('order_deliver_success','商品出库提醒',1,'您的订单已经出库。<a href=\"{$order_url}\" target=\"_blank\">点击查看订单</a>',0,'【{$site_name}】您的订单已经出库。订单编号 {$order_sn}。',0,'{$site_name}提醒：您的订单已经出库。订单编号 {$order_sn}。','<p>\r\n\t{$site_name}提醒：\r\n</p>\r\n<p>\r\n\t您的订单已经出库。订单编号 {$order_sn}。<br />\r\n<a href=\"{$order_url}\" target=\"_blank\">点击查看订单</a>\r\n</p>\r\n<p>\r\n\t<br />\r\n</p>\r\n<p>\r\n\t<br />\r\n</p>\r\n<p>\r\n\t<br />\r\n</p>\r\n<p style=\"text-align:right;\">\r\n\t{$site_name}\r\n</p>\r\n<p style=\"text-align:right;\">\r\n\t{$mail_send_time}\r\n</p>\r\n<br />'),('order_payment_success','付款成功提醒',1,'关于订单：{$order_sn}的款项已经收到，请留意出库通知。<a href=\"{$order_url}\" target=\"_blank\">点击查看订单详情</a>',0,'【{$site_name}】{$order_sn}的款项已经收到，请留意出库通知。',0,'{$site_name}提醒：{$order_sn}的款项已经收到，请留意出库通知。','<p>\r\n\t{$site_name}提醒：\r\n</p>\r\n<p>\r\n\t{$order_sn}的款项已经收到，请留意出库通知。\r\n</p>\r\n<p>\r\n\t<a href=\"{$order_url}\" target=\"_blank\">点击查看订单详情</a>\r\n</p>\r\n<p>\r\n\t<br />\r\n</p>\r\n<p>\r\n\t<br />\r\n</p>\r\n<p>\r\n\t<br />\r\n</p>\r\n<p style=\"text-align:right;\">\r\n\t{$site_name}\r\n</p>\r\n<p style=\"text-align:right;\">\r\n\t{$mail_send_time}\r\n</p>\r\n<br />'),('predeposit_change','余额变动提醒',1,'你的账户于 {$time} 账户资金有变化，描述：{$desc}，可用金额变化 ：{$av_amount}元，冻结金额变化：{$freeze_amount}元。<a href=\"{$pd_url}\" target=\"_blank\">点击查看余额</a>',0,'【{$site_name}】你的账户于 {$time} 账户资金有变化，描述：{$desc}，可用金额变化： {$av_amount}元，冻结金额变化：{$freeze_amount}元。',0,'{$site_name}提醒：你的账户于 {$time} 账户资金有变化，描述：{$desc}，可用金额变化： {$av_amount}元，冻结金额变化：{$freeze_amount}元。','<p>\r\n\t{$site_name}提醒：\r\n</p>\r\n<p>\r\n\t你的账户于 {$time} 账户资金有变化，描述：{$desc}，可用金额变化：{$av_amount}元，冻结金额变化：{$freeze_amount}元。\r\n</p>\r\n<p>\r\n\t<a href=\"{$pd_url}\" target=\"_blank\">点击查看余额</a> \r\n</p>\r\n<p>\r\n\t<br />\r\n</p>\r\n<p>\r\n\t<br />\r\n</p>\r\n<p>\r\n\t<br />\r\n</p>\r\n<p style=\"text-align:right;\">\r\n\t{$site_name}\r\n</p>\r\n<p style=\"text-align:right;\">\r\n\t{$mail_send_time}\r\n</p>'),('recharge_card_balance_change','充值卡余额变动提醒',1,'你的账户于 {$time} 充值卡余额有变化，描述：{$description}，可用充值卡余额变化 ：{$available_amount}元，冻结充值卡余额变化：{$freeze_amount}元。<a href=\"{$url}\" target=\"_blank\">点击查看充值卡余额</a>',0,'【{$site_name}】你的账户于 {$time} 充值卡余额有变化，描述：{$description}，可用充值卡余额变化： {$available_amount}元，冻结充值卡余额变化：{$freeze_amount}元。',0,'{$site_name}提醒：你的账户于 {$time} 充值卡余额有变化，描述：{$description}，可用充值卡余额变化： {$available_amount}元，冻结充值卡余额变化：{$freeze_amount}元。','<p>\r\n    {$site_name}提醒：\r\n</p>\r\n<p>\r\n  你的账户于 {$time} 充值卡余额有变化，描述：{$description}，可用充值卡余额变化：{$available_amount}元，冻结充值卡余额变化：{$freeze_amount}元。\r\n</p>\r\n<p>\r\n  <a href=\"{$url}\" target=\"_blank\">点击查看余额</a> \r\n</p>\r\n<p>\r\n  <br />\r\n</p>\r\n<p>\r\n   <br />\r\n</p>\r\n<p>\r\n   <br />\r\n</p>\r\n<p style=\"text-align:right;\">\r\n {$site_name}\r\n</p>\r\n<p style=\"text-align:right;\">\r\n   {$mail_send_time}\r\n</p>'),('refund_return_notice','退款退货提醒',1,'您的退款退货单有了变化。<a href=\"{$refund_url}\" target=\"_blank\">点击查看</a>',0,'【{$site_name}】您的退款退货单有了变化。退款退货单编号：{$refund_sn}。',0,'{$site_name}提醒：您的退款退货单有了变化。','<p>\r\n\t{$site_name}提醒：\r\n</p>\r\n<p>\r\n\t您的退款退货单有了变化。退款退货单编号：{$refund_sn}。\r\n</p>\r\n<p>\r\n\t&lt;a href=\"{$refund_url}\" target=\"_blank\"&gt;点击查看&lt;/a&gt;\r\n</p>\r\n<p>\r\n\t<br />\r\n</p>\r\n<p>\r\n\t<br />\r\n</p>\r\n<p>\r\n\t<br />\r\n</p>\r\n<p style=\"text-align:right;\">\r\n\t{$site_name}\r\n</p>\r\n<p style=\"text-align:right;\">\r\n\t{$mail_send_time}\r\n</p>\r\n<br />'),('voucher_use','代金券使用提醒',1,'您有代金券已经使用，代金券编号：{$voucher_code}。<a href=\"{$voucher_url}\" target=\"_blank\">点击查看</a>',0,'【{$site_name}】您有代金券已经使用，代金券编号：{$voucher_code}。',0,'{$site_name}提醒：您有代金券已经使用，代金券编号：{$voucher_code}。','<p>\r\n\t{$site_name}提醒：\r\n</p>\r\n<p>\r\n\t您有代金券已经使用，代金券编号：{$voucher_code}。\r\n</p>\r\n<p>\r\n\t&lt;a href=\"{$voucher_url}\" target=\"_blank\"&gt;点击查看&lt;/a&gt;\r\n</p>\r\n<p>\r\n\t<br />\r\n</p>\r\n<p>\r\n\t<br />\r\n</p>\r\n<p>\r\n\t<br />\r\n</p>\r\n<p style=\"text-align:right;\">\r\n\t{$site_name}\r\n</p>\r\n<p style=\"text-align:right;\">\r\n\t{$mail_send_time}\r\n</p>\r\n<p>\r\n\t<br />\r\n</p>\r\n<p>\r\n\t<br />\r\n</p>'),('voucher_will_expire','代金券即将到期提醒',1,'您有一个代金券即将在{$indate}过期，请记得使用。<a href=\"{$voucher_url}\" target=\"_blank\">点击查看</a>',0,'【{$site_name}】您有一个代金券即将在{$indate}过期，请记得使用。',0,'{$site_name}提醒：您有一个代金券即将在{$indate}过期，请记得使用。','<p>\r\n\t{$site_name}提醒：\r\n</p>\r\n<p>\r\n\t您有一个代金券即将在{$indate}过期，请记得使用。\r\n</p>\r\n<p>\r\n\t<a href=\"{$voucher_url}\" target=\"_blank\">点击查看</a> \r\n</p>\r\n<p>\r\n\t<br />\r\n</p>\r\n<p>\r\n\t<br />\r\n</p>\r\n<p>\r\n\t<br />\r\n</p>\r\n<p style=\"text-align:right;\">\r\n\t{$site_name}\r\n</p>\r\n<p style=\"text-align:right;\">\r\n\t{$mail_send_time}\r\n</p>\r\n<p>\r\n\t<br />\r\n</p>\r\n<p>\r\n\t<br />\r\n</p>'),('vr_code_will_expire','兑换码即将到期提醒',1,'您有一组兑换码即将在{$indate}过期，请记得使用。<a href=\"{$vr_order_url}\" target=\"_blank\">点击查看</a>',0,'【{$site_name}】您有一组兑换码即将在{$indate}过期，请记得使用。',0,'{$site_name}提醒：您有一组兑换码即将在{$indate}过期，请记得使用。','<p>\r\n\t{$site_name}提醒：\r\n</p>\r\n<p>\r\n\t您有一组兑换码即将在{$indate}过期，请记得使用。\r\n</p>\r\n<p>\r\n\t&lt;a href=\"{$vr_order_url}\" target=\"_blank\"&gt;点击查看&lt;/a&gt;\r\n</p>\r\n<p>\r\n\t<br />\r\n</p>\r\n<p>\r\n\t<br />\r\n</p>\r\n<p>\r\n\t<br />\r\n</p>\r\n<p style=\"text-align:right;\">\r\n\t{$site_name}\r\n</p>\r\n<p style=\"text-align:right;\">\r\n\t{$mail_send_time}\r\n</p>\r\n<p>\r\n\t<br />\r\n</p>\r\n<p>\r\n\t<br />\r\n</p>');

#
# Structure for table "33hao_message"
#

DROP TABLE IF EXISTS `33hao_message`;
CREATE TABLE `33hao_message` (
  `message_id` int(11) NOT NULL AUTO_INCREMENT COMMENT '短消息索引id',
  `message_parent_id` int(11) NOT NULL COMMENT '回复短消息message_id',
  `from_member_id` int(11) NOT NULL COMMENT '短消息发送人',
  `to_member_id` varchar(1000) NOT NULL COMMENT '短消息接收人',
  `message_title` varchar(50) DEFAULT NULL COMMENT '短消息标题',
  `message_body` varchar(255) NOT NULL COMMENT '短消息内容',
  `message_time` varchar(10) NOT NULL COMMENT '短消息发送时间',
  `message_update_time` varchar(10) DEFAULT NULL COMMENT '短消息回复更新时间',
  `message_open` tinyint(1) NOT NULL DEFAULT '0' COMMENT '短消息打开状态',
  `message_state` tinyint(1) NOT NULL DEFAULT '0' COMMENT '短消息状态，0为正常状态，1为发送人删除状态，2为接收人删除状态',
  `message_type` tinyint(1) NOT NULL DEFAULT '0' COMMENT '0为私信、1为系统消息、2为留言',
  `read_member_id` varchar(1000) DEFAULT NULL COMMENT '已经读过该消息的会员id',
  `del_member_id` varchar(1000) DEFAULT NULL COMMENT '已经删除该消息的会员id',
  `message_ismore` tinyint(1) NOT NULL DEFAULT '0' COMMENT '站内信是否为一条发给多个用户 0为否 1为多条 ',
  `from_member_name` varchar(100) DEFAULT NULL COMMENT '发信息人用户名',
  `to_member_name` varchar(100) DEFAULT NULL COMMENT '接收人用户名',
  PRIMARY KEY (`message_id`),
  KEY `from_member_id` (`from_member_id`),
  KEY `to_member_id` (`to_member_id`(255)),
  KEY `message_ismore` (`message_ismore`)
) ENGINE=InnoDB AUTO_INCREMENT=14 DEFAULT CHARSET=utf8 COMMENT='短消息';

#
# Data for table "33hao_message"
#

INSERT INTO `33hao_message` VALUES (1,0,1,',1,','你好','你好','1472624164','1472624164',0,0,0,',1,','',1,'系统消息','admin'),(2,0,1,',33,22,40,39,43,','你好33','你好33','1472624751','1472654841',0,0,0,NULL,NULL,0,'admin','你'),(3,0,1,',33,40,39,37,43,','这是系统消息','欢迎您注册','1472624799','1472654841',0,0,1,NULL,NULL,0,'系统消息','您'),(4,0,1,',39,','您有新的订阅消息!','您订阅的关键词:猴年,地点:杭州,价格:1000-5999,有人发布了新信息!','1475115734',NULL,0,0,1,NULL,NULL,0,'系统消息','2432'),(5,0,1,',33,','您有新的订阅消息!','您订阅的关键词:猴年,地点:杭州,价格:500-5999,有人发布了新信息!','1475115734',NULL,0,0,1,NULL,NULL,0,'系统消息','user13621286210'),(6,0,1,',39,','您有新的订阅消息!','您订阅的关键词:猴年,地点:杭州,价格:800-1999,有人发布了新信息!','1475115735',NULL,0,0,1,NULL,NULL,0,'系统消息','2432'),(7,0,1,',39,','您有新的订阅消息!','您订阅的关键词:猴年,地点:杭州,价格:1000-5999,有人发布了新信息!','1475888503',NULL,0,0,1,NULL,NULL,0,'系统消息','12345'),(8,0,1,',33,','您有新的订阅消息!','您订阅的关键词:猴年,地点:杭州,价格:500-5999,有人发布了新信息!','1475888503',NULL,0,0,1,NULL,NULL,0,'系统消息','user13621286210'),(9,0,1,',39,','您有新的订阅消息!','您订阅的关键词:猴年,地点:杭州,价格:800-1999,有人发布了新信息!','1475888503',NULL,0,0,1,NULL,NULL,0,'系统消息','12345'),(10,0,1,',39,','您有新的订阅消息!','您订阅的关键词:猴年,地点:杭州,价格:1000-5999,有人发布了新信息!','1475888821',NULL,0,0,1,NULL,NULL,0,'系统消息','12345'),(11,0,1,',39,','您有新的订阅消息!','您订阅的关键词:猴年,地点:杭州,价格:800-1999,有人发布了新信息!','1475888821',NULL,0,0,1,NULL,NULL,0,'系统消息','12345'),(12,0,0,'46',NULL,'您的订单已经出库。<a href=\"http://www.shop.com/shop/index.php?act=member_order&op=show_order&order_id=5\" target=\"_blank\">点击查看订单</a>','1515037161','1515037161',0,0,1,'','',0,'',''),(13,0,0,'46',NULL,'您的订单已经出库。<a href=\"http://www.shop.com/shop/index.php?act=member_order&op=show_order&order_id=4\" target=\"_blank\">点击查看订单</a>','1515037309','1515037309',0,0,1,'','',0,'','');

#
# Structure for table "33hao_micro_adv"
#

DROP TABLE IF EXISTS `33hao_micro_adv`;
CREATE TABLE `33hao_micro_adv` (
  `adv_id` int(11) unsigned NOT NULL AUTO_INCREMENT COMMENT '广告编号',
  `adv_type` varchar(50) DEFAULT '' COMMENT '广告类型',
  `adv_name` varchar(255) NOT NULL DEFAULT '' COMMENT '广告名称',
  `adv_image` varchar(255) NOT NULL DEFAULT '' COMMENT '广告图片',
  `adv_url` varchar(255) NOT NULL DEFAULT '' COMMENT '广告链接',
  `adv_sort` tinyint(1) unsigned NOT NULL DEFAULT '255' COMMENT '广告排序',
  PRIMARY KEY (`adv_id`)
) ENGINE=InnoDB DEFAULT CHARSET=utf8 COMMENT='微商城广告表';

#
# Data for table "33hao_micro_adv"
#


#
# Structure for table "33hao_micro_comment"
#

DROP TABLE IF EXISTS `33hao_micro_comment`;
CREATE TABLE `33hao_micro_comment` (
  `comment_id` int(10) unsigned NOT NULL AUTO_INCREMENT COMMENT '评论编号',
  `comment_type` tinyint(1) NOT NULL COMMENT '评论类型编号',
  `comment_object_id` int(10) unsigned NOT NULL COMMENT '推荐商品编号',
  `comment_message` varchar(255) NOT NULL COMMENT '评论内容',
  `comment_member_id` int(10) unsigned NOT NULL COMMENT '评论人编号',
  `comment_time` int(10) unsigned NOT NULL COMMENT '评论时间',
  PRIMARY KEY (`comment_id`)
) ENGINE=InnoDB DEFAULT CHARSET=utf8 COMMENT='微商城商品评论表';

#
# Data for table "33hao_micro_comment"
#


#
# Structure for table "33hao_micro_goods"
#

DROP TABLE IF EXISTS `33hao_micro_goods`;
CREATE TABLE `33hao_micro_goods` (
  `commend_id` int(10) unsigned NOT NULL AUTO_INCREMENT COMMENT '推荐编号',
  `commend_member_id` int(10) unsigned NOT NULL COMMENT '推荐人用户编号',
  `commend_goods_id` int(10) unsigned NOT NULL COMMENT '推荐商品编号',
  `commend_goods_commonid` int(10) unsigned NOT NULL COMMENT '商品公共表id',
  `commend_goods_store_id` int(10) unsigned NOT NULL COMMENT '推荐商品店铺编号',
  `commend_goods_name` varchar(100) NOT NULL COMMENT '推荐商品名称',
  `commend_goods_price` decimal(11,2) NOT NULL COMMENT '推荐商品价格',
  `commend_goods_image` varchar(100) NOT NULL COMMENT '推荐商品图片',
  `commend_message` varchar(1000) NOT NULL COMMENT '推荐信息',
  `commend_time` int(10) unsigned NOT NULL COMMENT '推荐时间',
  `class_id` int(10) unsigned NOT NULL,
  `like_count` int(10) unsigned NOT NULL DEFAULT '0' COMMENT '喜欢数',
  `comment_count` int(10) unsigned NOT NULL DEFAULT '0' COMMENT '评论数',
  `click_count` int(10) unsigned NOT NULL DEFAULT '0' COMMENT '点击数',
  `microshop_commend` tinyint(3) unsigned NOT NULL DEFAULT '0' COMMENT '首页推荐 0-否 1-推荐',
  `microshop_sort` tinyint(3) unsigned NOT NULL DEFAULT '255' COMMENT '排序',
  PRIMARY KEY (`commend_id`)
) ENGINE=InnoDB DEFAULT CHARSET=utf8 COMMENT='微商城推荐商品表随心看';

#
# Data for table "33hao_micro_goods"
#


#
# Structure for table "33hao_micro_goods_class"
#

DROP TABLE IF EXISTS `33hao_micro_goods_class`;
CREATE TABLE `33hao_micro_goods_class` (
  `class_id` int(11) unsigned NOT NULL AUTO_INCREMENT COMMENT '分类编号 ',
  `class_name` varchar(50) NOT NULL COMMENT '分类名称',
  `class_parent_id` int(11) unsigned NOT NULL COMMENT '父级分类编号',
  `class_sort` tinyint(4) unsigned NOT NULL COMMENT '排序',
  `class_keyword` varchar(500) NOT NULL DEFAULT '' COMMENT '分类关键字',
  `class_image` varchar(100) NOT NULL DEFAULT '' COMMENT '分类图片',
  `class_commend` tinyint(1) unsigned NOT NULL DEFAULT '0' COMMENT '推荐标志0-不推荐 1-推荐到首页',
  `class_default` tinyint(1) unsigned NOT NULL DEFAULT '0' COMMENT '默认标志，0-非默认 1-默认',
  PRIMARY KEY (`class_id`)
) ENGINE=InnoDB DEFAULT CHARSET=utf8 COMMENT='微商城商品随心看分类表';

#
# Data for table "33hao_micro_goods_class"
#


#
# Structure for table "33hao_micro_goods_relation"
#

DROP TABLE IF EXISTS `33hao_micro_goods_relation`;
CREATE TABLE `33hao_micro_goods_relation` (
  `relation_id` int(10) unsigned NOT NULL AUTO_INCREMENT COMMENT '关系编号',
  `class_id` int(10) unsigned NOT NULL COMMENT '微商城商品分类编号',
  `shop_class_id` int(10) unsigned NOT NULL COMMENT '商城商品分类编号',
  PRIMARY KEY (`relation_id`)
) ENGINE=InnoDB DEFAULT CHARSET=utf8 COMMENT='微商城商品分类和商城商品分类对应关系';

#
# Data for table "33hao_micro_goods_relation"
#


#
# Structure for table "33hao_micro_like"
#

DROP TABLE IF EXISTS `33hao_micro_like`;
CREATE TABLE `33hao_micro_like` (
  `like_id` int(10) unsigned NOT NULL AUTO_INCREMENT COMMENT '喜欢编号',
  `like_type` tinyint(1) NOT NULL COMMENT '喜欢类型编号',
  `like_object_id` int(10) unsigned NOT NULL COMMENT '喜欢对象编号',
  `like_member_id` int(10) unsigned NOT NULL COMMENT '喜欢人编号',
  `like_time` int(10) unsigned NOT NULL COMMENT '喜欢时间',
  PRIMARY KEY (`like_id`)
) ENGINE=InnoDB DEFAULT CHARSET=utf8 COMMENT='微商城喜欢表';

#
# Data for table "33hao_micro_like"
#


#
# Structure for table "33hao_micro_member_info"
#

DROP TABLE IF EXISTS `33hao_micro_member_info`;
CREATE TABLE `33hao_micro_member_info` (
  `member_id` int(11) unsigned NOT NULL COMMENT '用户编号',
  `visit_count` int(11) unsigned NOT NULL DEFAULT '0' COMMENT '个人中心访问计数',
  `personal_count` int(11) unsigned NOT NULL DEFAULT '0' COMMENT '已发布个人秀数量',
  `goods_count` int(11) unsigned NOT NULL DEFAULT '0' COMMENT '已发布随心看数量',
  PRIMARY KEY (`member_id`)
) ENGINE=InnoDB DEFAULT CHARSET=utf8 COMMENT='微商城用户信息表';

#
# Data for table "33hao_micro_member_info"
#


#
# Structure for table "33hao_micro_personal"
#

DROP TABLE IF EXISTS `33hao_micro_personal`;
CREATE TABLE `33hao_micro_personal` (
  `personal_id` int(10) unsigned NOT NULL AUTO_INCREMENT COMMENT '推荐编号',
  `commend_member_id` int(10) unsigned NOT NULL COMMENT '推荐人用户编号',
  `commend_image` text NOT NULL COMMENT '推荐图片',
  `commend_buy` text NOT NULL COMMENT '购买信息',
  `commend_message` varchar(1000) NOT NULL COMMENT '推荐信息',
  `commend_time` int(10) unsigned NOT NULL COMMENT '推荐时间',
  `class_id` int(10) unsigned NOT NULL,
  `like_count` int(10) unsigned NOT NULL DEFAULT '0' COMMENT '喜欢数',
  `comment_count` int(10) unsigned NOT NULL DEFAULT '0' COMMENT '评论数',
  `click_count` int(10) unsigned NOT NULL DEFAULT '0',
  `microshop_commend` tinyint(3) unsigned NOT NULL DEFAULT '0' COMMENT '首页推荐 0-否 1-推荐',
  `microshop_sort` tinyint(3) unsigned NOT NULL DEFAULT '255' COMMENT '排序',
  PRIMARY KEY (`personal_id`)
) ENGINE=InnoDB DEFAULT CHARSET=utf8 COMMENT='微商城个人秀表';

#
# Data for table "33hao_micro_personal"
#


#
# Structure for table "33hao_micro_personal_class"
#

DROP TABLE IF EXISTS `33hao_micro_personal_class`;
CREATE TABLE `33hao_micro_personal_class` (
  `class_id` int(11) unsigned NOT NULL AUTO_INCREMENT COMMENT '分类编号 ',
  `class_name` varchar(50) NOT NULL COMMENT '分类名称',
  `class_sort` tinyint(4) unsigned NOT NULL COMMENT '排序',
  `class_image` varchar(100) NOT NULL DEFAULT '' COMMENT '分类图片',
  PRIMARY KEY (`class_id`)
) ENGINE=InnoDB DEFAULT CHARSET=utf8 COMMENT='微商城个人秀分类表';

#
# Data for table "33hao_micro_personal_class"
#


#
# Structure for table "33hao_micro_store"
#

DROP TABLE IF EXISTS `33hao_micro_store`;
CREATE TABLE `33hao_micro_store` (
  `microshop_store_id` int(11) unsigned NOT NULL AUTO_INCREMENT COMMENT '店铺街店铺编号',
  `shop_store_id` int(11) unsigned NOT NULL COMMENT '商城店铺编号',
  `microshop_sort` tinyint(1) unsigned DEFAULT '255' COMMENT '排序',
  `microshop_commend` tinyint(1) unsigned DEFAULT '1' COMMENT '推荐首页标志 1-正常 2-推荐',
  `like_count` int(10) unsigned NOT NULL DEFAULT '0' COMMENT '喜欢数',
  `comment_count` int(10) unsigned NOT NULL DEFAULT '0' COMMENT '评论数',
  `click_count` int(10) unsigned NOT NULL DEFAULT '0',
  PRIMARY KEY (`microshop_store_id`)
) ENGINE=InnoDB DEFAULT CHARSET=utf8 COMMENT='微商城店铺街表';

#
# Data for table "33hao_micro_store"
#


#
# Structure for table "33hao_navigation"
#

DROP TABLE IF EXISTS `33hao_navigation`;
CREATE TABLE `33hao_navigation` (
  `nav_id` int(11) NOT NULL AUTO_INCREMENT COMMENT '索引ID',
  `nav_type` tinyint(1) NOT NULL DEFAULT '0' COMMENT '类别，0自定义导航，1商品分类，2文章导航，3活动导航，默认为0',
  `nav_title` varchar(100) DEFAULT NULL COMMENT '导航标题',
  `nav_url` varchar(255) DEFAULT NULL COMMENT '导航链接',
  `nav_location` tinyint(1) NOT NULL DEFAULT '0' COMMENT '导航位置，0头部，1中部，2底部，默认为0',
  `nav_new_open` tinyint(1) NOT NULL DEFAULT '0' COMMENT '是否以新窗口打开，0为否，1为是，默认为0',
  `nav_sort` tinyint(3) unsigned NOT NULL DEFAULT '255' COMMENT '排序',
  `item_id` int(10) unsigned NOT NULL DEFAULT '0' COMMENT '类别ID，对应着nav_type中的内容，默认为0',
  `nav_is_close` tinyint(1) NOT NULL DEFAULT '0' COMMENT '闲置开关,前台显示，0为否，1为是，默认为1',
  PRIMARY KEY (`nav_id`)
) ENGINE=InnoDB AUTO_INCREMENT=17 DEFAULT CHARSET=utf8 COMMENT='页面导航表';

#
# Data for table "33hao_navigation"
#

INSERT INTO `33hao_navigation` VALUES (6,0,'关于我们','http://www.shop.com/index.php?act=article&article_id=22',2,0,255,0,0),(7,0,'联系我们','http://www.shop.com/index.php?act=article&article_id=23',2,0,240,0,0),(8,0,'合作及洽谈','http://www.shop.com/index.php?act=article&article_id=25',2,0,220,0,0),(9,0,'招聘英才','http://www.shop.com/index.php?act=article&article_id=24',2,0,210,0,0),(11,0,'疯抢','http://www.shop.com/index.php?act=promotion&op=index',1,0,255,0,0),(12,0,'门户','http://www.shop.com/cms',1,0,255,0,0),(13,0,'圈子','http://www.shop.com/circle',1,0,255,0,0),(14,0,'微商城','http://www.shop.com/microshop',1,0,255,0,0),(15,0,'物流自取','http://www.shop.com/delivery',2,0,255,0,0),(16,0,'友情链接','http://www.shop.com/index.php?act=link',2,0,255,0,0);

#
# Structure for table "33hao_offpay_area"
#

DROP TABLE IF EXISTS `33hao_offpay_area`;
CREATE TABLE `33hao_offpay_area` (
  `store_id` int(8) unsigned NOT NULL COMMENT '商家ID',
  `area_id` text COMMENT '县ID组合',
  PRIMARY KEY (`store_id`)
) ENGINE=InnoDB DEFAULT CHARSET=utf8 COMMENT='货到付款支持地区表';

#
# Data for table "33hao_offpay_area"
#

INSERT INTO `33hao_offpay_area` VALUES (1,'a:3297:{i:0;s:1:\"1\";i:1;s:1:\"2\";i:2;s:1:\"3\";i:3;s:1:\"4\";i:4;s:1:\"5\";i:5;s:1:\"6\";i:6;s:1:\"7\";i:7;s:1:\"8\";i:8;s:1:\"9\";i:9;s:2:\"10\";i:10;s:2:\"11\";i:11;s:2:\"12\";i:12;s:2:\"13\";i:13;s:2:\"14\";i:14;s:2:\"15\";i:15;s:2:\"16\";i:16;s:2:\"17\";i:17;s:2:\"18\";i:18;s:2:\"19\";i:19;s:2:\"20\";i:20;s:2:\"21\";i:21;s:2:\"22\";i:22;s:2:\"23\";i:23;s:2:\"24\";i:24;s:2:\"25\";i:25;s:2:\"26\";i:26;s:2:\"27\";i:27;s:2:\"28\";i:28;s:2:\"29\";i:29;s:2:\"30\";i:30;s:2:\"31\";i:31;s:2:\"32\";i:32;s:2:\"33\";i:33;s:2:\"34\";i:34;s:2:\"36\";i:35;s:2:\"40\";i:36;s:2:\"73\";i:37;s:2:\"74\";i:38;s:2:\"75\";i:39;s:2:\"76\";i:40;s:2:\"77\";i:41;s:2:\"78\";i:42;s:2:\"79\";i:43;s:2:\"80\";i:44;s:2:\"81\";i:45;s:2:\"82\";i:46;s:2:\"83\";i:47;s:2:\"84\";i:48;s:2:\"85\";i:49;s:2:\"86\";i:50;s:2:\"87\";i:51;s:2:\"88\";i:52;s:2:\"89\";i:53;s:2:\"90\";i:54;s:2:\"91\";i:55;s:2:\"92\";i:56;s:2:\"93\";i:57;s:2:\"94\";i:58;s:2:\"95\";i:59;s:2:\"96\";i:60;s:2:\"97\";i:61;s:2:\"98\";i:62;s:2:\"99\";i:63;s:3:\"100\";i:64;s:3:\"101\";i:65;s:3:\"102\";i:66;s:3:\"103\";i:67;s:3:\"104\";i:68;s:3:\"105\";i:69;s:3:\"106\";i:70;s:3:\"107\";i:71;s:3:\"108\";i:72;s:3:\"109\";i:73;s:3:\"110\";i:74;s:3:\"111\";i:75;s:3:\"112\";i:76;s:3:\"113\";i:77;s:3:\"114\";i:78;s:3:\"115\";i:79;s:3:\"116\";i:80;s:3:\"117\";i:81;s:3:\"118\";i:82;s:3:\"119\";i:83;s:3:\"120\";i:84;s:3:\"121\";i:85;s:3:\"122\";i:86;s:3:\"123\";i:87;s:3:\"124\";i:88;s:3:\"125\";i:89;s:3:\"126\";i:90;s:3:\"127\";i:91;s:3:\"128\";i:92;s:3:\"129\";i:93;s:3:\"130\";i:94;s:3:\"131\";i:95;s:3:\"132\";i:96;s:3:\"133\";i:97;s:3:\"134\";i:98;s:3:\"135\";i:99;s:3:\"136\";i:100;s:3:\"137\";i:101;s:3:\"138\";i:102;s:3:\"139\";i:103;s:3:\"140\";i:104;s:3:\"141\";i:105;s:3:\"142\";i:106;s:2:\"39\";i:107;s:3:\"162\";i:108;s:3:\"163\";i:109;s:3:\"164\";i:110;s:3:\"165\";i:111;s:3:\"166\";i:112;s:3:\"167\";i:113;s:3:\"168\";i:114;s:3:\"169\";i:115;s:3:\"170\";i:116;s:3:\"171\";i:117;s:3:\"172\";i:118;s:3:\"173\";i:119;s:3:\"174\";i:120;s:3:\"175\";i:121;s:3:\"176\";i:122;s:3:\"177\";i:123;s:3:\"178\";i:124;s:3:\"179\";i:125;s:3:\"180\";i:126;s:3:\"181\";i:127;s:3:\"182\";i:128;s:3:\"183\";i:129;s:3:\"184\";i:130;s:3:\"185\";i:131;s:3:\"186\";i:132;s:3:\"187\";i:133;s:3:\"188\";i:134;s:3:\"189\";i:135;s:3:\"190\";i:136;s:3:\"191\";i:137;s:3:\"192\";i:138;s:3:\"193\";i:139;s:3:\"194\";i:140;s:3:\"195\";i:141;s:3:\"196\";i:142;s:3:\"197\";i:143;s:3:\"198\";i:144;s:3:\"199\";i:145;s:3:\"200\";i:146;s:3:\"201\";i:147;s:3:\"202\";i:148;s:3:\"203\";i:149;s:3:\"204\";i:150;s:3:\"205\";i:151;s:3:\"206\";i:152;s:3:\"207\";i:153;s:3:\"208\";i:154;s:3:\"209\";i:155;s:3:\"210\";i:156;s:3:\"211\";i:157;s:3:\"212\";i:158;s:3:\"213\";i:159;s:3:\"214\";i:160;s:3:\"215\";i:161;s:3:\"216\";i:162;s:3:\"217\";i:163;s:3:\"218\";i:164;s:3:\"219\";i:165;s:3:\"220\";i:166;s:3:\"221\";i:167;s:3:\"222\";i:168;s:3:\"223\";i:169;s:3:\"224\";i:170;s:3:\"225\";i:171;s:3:\"226\";i:172;s:3:\"227\";i:173;s:3:\"228\";i:174;s:3:\"229\";i:175;s:3:\"230\";i:176;s:3:\"231\";i:177;s:3:\"232\";i:178;s:3:\"233\";i:179;s:3:\"234\";i:180;s:3:\"235\";i:181;s:3:\"236\";i:182;s:3:\"237\";i:183;s:3:\"238\";i:184;s:3:\"239\";i:185;s:3:\"240\";i:186;s:3:\"241\";i:187;s:3:\"242\";i:188;s:3:\"243\";i:189;s:3:\"244\";i:190;s:3:\"245\";i:191;s:3:\"246\";i:192;s:3:\"247\";i:193;s:3:\"248\";i:194;s:3:\"249\";i:195;s:3:\"250\";i:196;s:3:\"251\";i:197;s:3:\"252\";i:198;s:3:\"253\";i:199;s:3:\"254\";i:200;s:3:\"255\";i:201;s:3:\"256\";i:202;s:3:\"257\";i:203;s:3:\"258\";i:204;s:3:\"259\";i:205;s:3:\"260\";i:206;s:3:\"261\";i:207;s:3:\"262\";i:208;s:3:\"263\";i:209;s:3:\"264\";i:210;s:3:\"265\";i:211;s:3:\"266\";i:212;s:3:\"267\";i:213;s:3:\"268\";i:214;s:3:\"269\";i:215;s:3:\"270\";i:216;s:3:\"271\";i:217;s:3:\"272\";i:218;s:3:\"273\";i:219;s:3:\"274\";i:220;s:3:\"275\";i:221;s:3:\"276\";i:222;s:3:\"277\";i:223;s:3:\"278\";i:224;s:3:\"279\";i:225;s:3:\"280\";i:226;s:3:\"281\";i:227;s:3:\"282\";i:228;s:3:\"283\";i:229;s:3:\"284\";i:230;s:3:\"285\";i:231;s:3:\"286\";i:232;s:3:\"287\";i:233;s:3:\"288\";i:234;s:3:\"289\";i:235;s:3:\"290\";i:236;s:3:\"291\";i:237;s:3:\"292\";i:238;s:3:\"293\";i:239;s:3:\"294\";i:240;s:3:\"295\";i:241;s:3:\"296\";i:242;s:3:\"297\";i:243;s:3:\"298\";i:244;s:3:\"299\";i:245;s:3:\"300\";i:246;s:3:\"301\";i:247;s:3:\"302\";i:248;s:3:\"303\";i:249;s:3:\"304\";i:250;s:3:\"305\";i:251;s:3:\"306\";i:252;s:3:\"307\";i:253;s:3:\"308\";i:254;s:3:\"309\";i:255;s:3:\"310\";i:256;s:3:\"311\";i:257;s:3:\"312\";i:258;s:3:\"313\";i:259;s:3:\"314\";i:260;s:3:\"315\";i:261;s:3:\"316\";i:262;s:3:\"317\";i:263;s:3:\"318\";i:264;s:3:\"319\";i:265;s:3:\"320\";i:266;s:3:\"321\";i:267;s:3:\"322\";i:268;s:3:\"323\";i:269;s:3:\"324\";i:270;s:3:\"325\";i:271;s:3:\"326\";i:272;s:3:\"327\";i:273;s:3:\"328\";i:274;s:3:\"329\";i:275;s:3:\"330\";i:276;s:3:\"331\";i:277;s:3:\"332\";i:278;s:3:\"333\";i:279;s:3:\"334\";i:280;s:3:\"335\";i:281;s:3:\"336\";i:282;s:3:\"337\";i:283;s:3:\"338\";i:284;s:3:\"339\";i:285;s:3:\"340\";i:286;s:3:\"341\";i:287;s:3:\"342\";i:288;s:3:\"343\";i:289;s:3:\"344\";i:290;s:2:\"62\";i:291;s:3:\"385\";i:292;s:3:\"386\";i:293;s:3:\"387\";i:294;s:3:\"388\";i:295;s:3:\"389\";i:296;s:3:\"390\";i:297;s:3:\"391\";i:298;s:3:\"392\";i:299;s:3:\"393\";i:300;s:3:\"394\";i:301;s:3:\"395\";i:302;s:3:\"396\";i:303;s:3:\"397\";i:304;s:3:\"398\";i:305;s:3:\"399\";i:306;s:3:\"400\";i:307;s:3:\"401\";i:308;s:3:\"402\";i:309;s:3:\"403\";i:310;s:3:\"404\";i:311;s:3:\"405\";i:312;s:3:\"406\";i:313;s:3:\"407\";i:314;s:3:\"408\";i:315;s:3:\"409\";i:316;s:3:\"410\";i:317;s:3:\"411\";i:318;s:3:\"412\";i:319;s:3:\"413\";i:320;s:3:\"414\";i:321;s:3:\"415\";i:322;s:3:\"416\";i:323;s:3:\"417\";i:324;s:3:\"418\";i:325;s:3:\"419\";i:326;s:3:\"420\";i:327;s:3:\"421\";i:328;s:3:\"422\";i:329;s:3:\"423\";i:330;s:3:\"424\";i:331;s:3:\"425\";i:332;s:3:\"426\";i:333;s:3:\"427\";i:334;s:3:\"428\";i:335;s:3:\"429\";i:336;s:3:\"430\";i:337;s:3:\"431\";i:338;s:3:\"432\";i:339;s:3:\"433\";i:340;s:3:\"434\";i:341;s:3:\"435\";i:342;s:3:\"436\";i:343;s:3:\"437\";i:344;s:3:\"438\";i:345;s:3:\"439\";i:346;s:3:\"440\";i:347;s:3:\"441\";i:348;s:3:\"442\";i:349;s:3:\"443\";i:350;s:3:\"444\";i:351;s:3:\"445\";i:352;s:3:\"446\";i:353;s:3:\"447\";i:354;s:3:\"448\";i:355;s:3:\"449\";i:356;s:3:\"450\";i:357;s:3:\"451\";i:358;s:3:\"452\";i:359;s:3:\"453\";i:360;s:3:\"454\";i:361;s:3:\"455\";i:362;s:3:\"456\";i:363;s:3:\"457\";i:364;s:3:\"458\";i:365;s:3:\"459\";i:366;s:3:\"460\";i:367;s:3:\"461\";i:368;s:3:\"462\";i:369;s:3:\"463\";i:370;s:3:\"464\";i:371;s:3:\"465\";i:372;s:3:\"466\";i:373;s:3:\"467\";i:374;s:3:\"468\";i:375;s:3:\"469\";i:376;s:3:\"470\";i:377;s:3:\"471\";i:378;s:3:\"472\";i:379;s:3:\"473\";i:380;s:3:\"474\";i:381;s:3:\"475\";i:382;s:3:\"476\";i:383;s:3:\"477\";i:384;s:3:\"478\";i:385;s:3:\"479\";i:386;s:3:\"480\";i:387;s:3:\"481\";i:388;s:3:\"482\";i:389;s:3:\"483\";i:390;s:3:\"484\";i:391;s:3:\"485\";i:392;s:3:\"486\";i:393;s:3:\"487\";i:394;s:3:\"488\";i:395;s:3:\"489\";i:396;s:3:\"490\";i:397;s:3:\"491\";i:398;s:3:\"492\";i:399;s:3:\"493\";i:400;s:3:\"494\";i:401;s:3:\"495\";i:402;s:3:\"496\";i:403;s:3:\"497\";i:404;s:3:\"498\";i:405;s:3:\"499\";i:406;s:3:\"500\";i:407;s:3:\"501\";i:408;s:3:\"502\";i:409;s:3:\"503\";i:410;s:3:\"504\";i:411;s:3:\"505\";i:412;s:3:\"506\";i:413;s:3:\"507\";i:414;s:3:\"508\";i:415;s:3:\"509\";i:416;s:3:\"510\";i:417;s:3:\"511\";i:418;s:3:\"512\";i:419;s:3:\"513\";i:420;s:3:\"514\";i:421;s:3:\"515\";i:422;s:3:\"516\";i:423;s:3:\"517\";i:424;s:3:\"518\";i:425;s:3:\"519\";i:426;s:3:\"520\";i:427;s:3:\"521\";i:428;s:3:\"522\";i:429;s:3:\"523\";i:430;s:3:\"524\";i:431;s:3:\"525\";i:432;s:3:\"526\";i:433;s:3:\"527\";i:434;s:3:\"528\";i:435;s:3:\"529\";i:436;s:3:\"530\";i:437;s:3:\"531\";i:438;s:3:\"532\";i:439;s:3:\"533\";i:440;s:3:\"534\";i:441;s:2:\"37\";i:442;s:2:\"38\";i:443;s:2:\"41\";i:444;s:2:\"42\";i:445;s:2:\"43\";i:446;s:2:\"44\";i:447;s:2:\"45\";i:448;s:2:\"46\";i:449;s:2:\"47\";i:450;s:2:\"48\";i:451;s:2:\"49\";i:452;s:2:\"50\";i:453;s:2:\"51\";i:454;s:2:\"52\";i:455;s:2:\"53\";i:456;s:2:\"54\";i:457;s:3:\"566\";i:458;s:3:\"143\";i:459;s:3:\"144\";i:460;s:3:\"145\";i:461;s:3:\"146\";i:462;s:3:\"147\";i:463;s:3:\"148\";i:464;s:3:\"149\";i:465;s:3:\"150\";i:466;s:3:\"151\";i:467;s:3:\"152\";i:468;s:3:\"153\";i:469;s:3:\"154\";i:470;s:3:\"155\";i:471;s:3:\"156\";i:472;s:3:\"157\";i:473;s:3:\"158\";i:474;s:3:\"159\";i:475;s:3:\"160\";i:476;s:3:\"161\";i:477;s:2:\"55\";i:478;s:2:\"56\";i:479;s:2:\"57\";i:480;s:2:\"58\";i:481;s:2:\"59\";i:482;s:2:\"60\";i:483;s:2:\"61\";i:484;s:2:\"64\";i:485;s:2:\"65\";i:486;s:2:\"66\";i:487;s:2:\"67\";i:488;s:2:\"68\";i:489;s:2:\"69\";i:490;s:2:\"70\";i:491;s:2:\"71\";i:492;s:2:\"72\";i:493;s:3:\"345\";i:494;s:3:\"346\";i:495;s:3:\"347\";i:496;s:3:\"348\";i:497;s:3:\"349\";i:498;s:3:\"350\";i:499;s:3:\"351\";i:500;s:3:\"352\";i:501;s:3:\"353\";i:502;s:3:\"354\";i:503;s:3:\"355\";i:504;s:3:\"356\";i:505;s:3:\"357\";i:506;s:3:\"358\";i:507;s:3:\"359\";i:508;s:3:\"360\";i:509;s:3:\"361\";i:510;s:3:\"362\";i:511;s:3:\"363\";i:512;s:3:\"364\";i:513;s:3:\"365\";i:514;s:3:\"366\";i:515;s:3:\"367\";i:516;s:3:\"368\";i:517;s:3:\"369\";i:518;s:3:\"370\";i:519;s:3:\"371\";i:520;s:3:\"372\";i:521;s:3:\"373\";i:522;s:3:\"374\";i:523;s:3:\"375\";i:524;s:3:\"376\";i:525;s:3:\"377\";i:526;s:3:\"378\";i:527;s:3:\"379\";i:528;s:3:\"380\";i:529;s:3:\"381\";i:530;s:3:\"382\";i:531;s:3:\"383\";i:532;s:3:\"384\";i:533;s:4:\"1126\";i:534;s:4:\"1127\";i:535;s:4:\"1128\";i:536;s:4:\"1129\";i:537;s:4:\"1130\";i:538;s:4:\"1131\";i:539;s:4:\"1132\";i:540;s:4:\"1133\";i:541;s:4:\"1134\";i:542;s:4:\"1135\";i:543;s:4:\"1136\";i:544;s:4:\"1137\";i:545;s:4:\"1138\";i:546;s:4:\"1139\";i:547;s:4:\"1140\";i:548;s:4:\"1141\";i:549;s:4:\"1142\";i:550;s:4:\"1143\";i:551;s:4:\"1144\";i:552;s:4:\"1145\";i:553;s:4:\"1146\";i:554;s:4:\"1147\";i:555;s:4:\"1148\";i:556;s:4:\"1149\";i:557;s:4:\"1150\";i:558;s:4:\"1151\";i:559;s:4:\"1152\";i:560;s:4:\"1153\";i:561;s:4:\"1154\";i:562;s:4:\"1155\";i:563;s:4:\"1156\";i:564;s:4:\"1157\";i:565;s:4:\"1158\";i:566;s:4:\"1159\";i:567;s:4:\"1160\";i:568;s:4:\"1161\";i:569;s:4:\"1162\";i:570;s:4:\"1163\";i:571;s:4:\"1164\";i:572;s:4:\"1165\";i:573;s:4:\"1166\";i:574;s:4:\"1167\";i:575;s:4:\"1168\";i:576;s:4:\"1169\";i:577;s:4:\"1170\";i:578;s:4:\"1171\";i:579;s:4:\"1172\";i:580;s:4:\"1173\";i:581;s:4:\"1174\";i:582;s:4:\"1175\";i:583;s:4:\"1176\";i:584;s:4:\"1177\";i:585;s:4:\"1178\";i:586;s:4:\"1179\";i:587;s:4:\"1180\";i:588;s:4:\"1181\";i:589;s:4:\"1182\";i:590;s:4:\"1183\";i:591;s:4:\"1184\";i:592;s:4:\"1185\";i:593;s:4:\"1186\";i:594;s:4:\"1187\";i:595;s:4:\"1188\";i:596;s:4:\"1189\";i:597;s:4:\"1190\";i:598;s:4:\"1191\";i:599;s:4:\"1192\";i:600;s:4:\"1193\";i:601;s:4:\"1194\";i:602;s:4:\"1195\";i:603;s:4:\"1196\";i:604;s:4:\"1197\";i:605;s:4:\"1198\";i:606;s:4:\"1199\";i:607;s:4:\"1200\";i:608;s:4:\"1201\";i:609;s:4:\"1202\";i:610;s:4:\"1203\";i:611;s:4:\"1204\";i:612;s:4:\"1205\";i:613;s:4:\"1206\";i:614;s:4:\"1207\";i:615;s:4:\"1208\";i:616;s:4:\"1209\";i:617;s:4:\"1210\";i:618;s:4:\"1211\";i:619;s:4:\"1212\";i:620;s:4:\"1213\";i:621;s:4:\"1214\";i:622;s:4:\"1215\";i:623;s:4:\"1216\";i:624;s:4:\"1217\";i:625;s:4:\"1218\";i:626;s:4:\"1219\";i:627;s:4:\"1220\";i:628;s:4:\"1221\";i:629;s:4:\"1222\";i:630;s:4:\"1223\";i:631;s:4:\"1224\";i:632;s:4:\"1225\";i:633;s:4:\"1226\";i:634;s:4:\"1227\";i:635;s:4:\"1228\";i:636;s:4:\"1229\";i:637;s:4:\"1230\";i:638;s:4:\"1231\";i:639;s:4:\"1232\";i:640;s:4:\"1233\";i:641;s:4:\"1234\";i:642;s:4:\"1235\";i:643;s:4:\"1236\";i:644;s:4:\"1237\";i:645;s:4:\"1238\";i:646;s:4:\"1239\";i:647;s:4:\"1240\";i:648;s:4:\"1241\";i:649;s:4:\"1242\";i:650;s:4:\"1243\";i:651;s:4:\"1244\";i:652;s:4:\"1245\";i:653;s:4:\"1246\";i:654;s:4:\"1247\";i:655;s:4:\"1248\";i:656;s:4:\"1249\";i:657;s:4:\"1250\";i:658;s:4:\"1251\";i:659;s:4:\"1252\";i:660;s:4:\"1253\";i:661;s:4:\"1254\";i:662;s:4:\"1255\";i:663;s:4:\"1256\";i:664;s:4:\"1257\";i:665;s:4:\"1258\";i:666;s:4:\"1259\";i:667;s:4:\"1260\";i:668;s:4:\"1261\";i:669;s:4:\"1262\";i:670;s:4:\"1263\";i:671;s:4:\"1264\";i:672;s:4:\"1265\";i:673;s:4:\"1266\";i:674;s:4:\"1267\";i:675;s:4:\"1268\";i:676;s:4:\"1269\";i:677;s:4:\"1270\";i:678;s:4:\"1271\";i:679;s:4:\"1272\";i:680;s:4:\"1273\";i:681;s:4:\"1274\";i:682;s:4:\"1275\";i:683;s:4:\"1276\";i:684;s:4:\"1277\";i:685;s:4:\"1278\";i:686;s:4:\"1279\";i:687;s:4:\"1280\";i:688;s:4:\"1281\";i:689;s:4:\"1282\";i:690;s:4:\"1283\";i:691;s:4:\"1284\";i:692;s:4:\"1285\";i:693;s:4:\"1286\";i:694;s:4:\"1287\";i:695;s:4:\"1288\";i:696;s:4:\"1289\";i:697;s:4:\"1290\";i:698;s:4:\"1291\";i:699;s:4:\"1292\";i:700;s:4:\"1293\";i:701;s:4:\"1294\";i:702;s:4:\"1295\";i:703;s:4:\"1296\";i:704;s:4:\"1297\";i:705;s:4:\"1298\";i:706;s:4:\"1299\";i:707;s:4:\"1300\";i:708;s:4:\"1301\";i:709;s:4:\"1302\";i:710;s:4:\"1303\";i:711;s:4:\"1304\";i:712;s:4:\"1305\";i:713;s:4:\"1306\";i:714;s:4:\"1307\";i:715;s:4:\"1308\";i:716;s:4:\"1309\";i:717;s:4:\"1310\";i:718;s:4:\"1311\";i:719;s:4:\"1312\";i:720;s:4:\"1313\";i:721;s:4:\"1314\";i:722;s:4:\"1315\";i:723;s:4:\"1316\";i:724;s:4:\"1317\";i:725;s:4:\"1318\";i:726;s:4:\"1319\";i:727;s:4:\"1320\";i:728;s:4:\"1321\";i:729;s:4:\"1322\";i:730;s:4:\"1323\";i:731;s:4:\"1324\";i:732;s:4:\"1325\";i:733;s:4:\"1326\";i:734;s:4:\"1327\";i:735;s:4:\"1328\";i:736;s:4:\"1329\";i:737;s:4:\"1330\";i:738;s:4:\"1331\";i:739;s:4:\"1332\";i:740;s:4:\"1333\";i:741;s:4:\"1334\";i:742;s:4:\"1335\";i:743;s:4:\"1336\";i:744;s:4:\"1337\";i:745;s:4:\"1338\";i:746;s:4:\"1339\";i:747;s:4:\"1340\";i:748;s:4:\"1341\";i:749;s:4:\"1342\";i:750;s:4:\"1343\";i:751;s:4:\"1344\";i:752;s:4:\"1345\";i:753;s:4:\"1346\";i:754;s:4:\"1347\";i:755;s:4:\"1348\";i:756;s:4:\"1349\";i:757;s:4:\"1350\";i:758;s:4:\"1351\";i:759;s:4:\"1352\";i:760;s:4:\"1353\";i:761;s:4:\"1354\";i:762;s:4:\"1355\";i:763;s:4:\"1356\";i:764;s:4:\"1357\";i:765;s:4:\"1358\";i:766;s:4:\"1359\";i:767;s:4:\"1360\";i:768;s:4:\"1361\";i:769;s:4:\"1362\";i:770;s:4:\"1363\";i:771;s:4:\"1364\";i:772;s:4:\"1365\";i:773;s:4:\"1366\";i:774;s:4:\"1367\";i:775;s:4:\"1368\";i:776;s:4:\"1369\";i:777;s:4:\"1370\";i:778;s:4:\"1371\";i:779;s:4:\"1372\";i:780;s:4:\"1373\";i:781;s:4:\"1374\";i:782;s:4:\"1375\";i:783;s:4:\"1376\";i:784;s:4:\"1377\";i:785;s:4:\"1378\";i:786;s:4:\"1379\";i:787;s:4:\"1380\";i:788;s:4:\"1381\";i:789;s:4:\"1382\";i:790;s:4:\"1383\";i:791;s:4:\"1384\";i:792;s:4:\"1385\";i:793;s:4:\"1386\";i:794;s:4:\"1387\";i:795;s:4:\"1388\";i:796;s:4:\"1389\";i:797;s:4:\"1390\";i:798;s:4:\"1391\";i:799;s:4:\"1392\";i:800;s:4:\"1393\";i:801;s:4:\"1394\";i:802;s:4:\"1395\";i:803;s:4:\"1396\";i:804;s:4:\"1397\";i:805;s:4:\"1398\";i:806;s:4:\"1399\";i:807;s:4:\"1400\";i:808;s:4:\"1401\";i:809;s:4:\"1402\";i:810;s:4:\"1403\";i:811;s:4:\"1404\";i:812;s:4:\"1405\";i:813;s:4:\"1406\";i:814;s:4:\"1407\";i:815;s:4:\"1408\";i:816;s:4:\"1409\";i:817;s:4:\"1410\";i:818;s:4:\"1411\";i:819;s:4:\"1412\";i:820;s:4:\"1413\";i:821;s:4:\"1414\";i:822;s:4:\"1415\";i:823;s:4:\"1416\";i:824;s:4:\"1417\";i:825;s:4:\"1418\";i:826;s:4:\"1419\";i:827;s:4:\"1420\";i:828;s:4:\"1421\";i:829;s:4:\"1422\";i:830;s:4:\"1423\";i:831;s:4:\"1424\";i:832;s:4:\"1425\";i:833;s:4:\"1426\";i:834;s:4:\"1427\";i:835;s:4:\"1428\";i:836;s:4:\"1429\";i:837;s:4:\"1430\";i:838;s:4:\"1431\";i:839;s:4:\"1432\";i:840;s:4:\"1433\";i:841;s:4:\"1434\";i:842;s:4:\"1435\";i:843;s:4:\"1436\";i:844;s:4:\"1437\";i:845;s:4:\"1438\";i:846;s:4:\"1439\";i:847;s:4:\"1440\";i:848;s:4:\"1441\";i:849;s:4:\"1442\";i:850;s:4:\"1443\";i:851;s:4:\"1444\";i:852;s:4:\"1445\";i:853;s:4:\"1446\";i:854;s:4:\"1447\";i:855;s:4:\"1448\";i:856;s:4:\"1449\";i:857;s:4:\"1450\";i:858;s:4:\"1451\";i:859;s:4:\"1452\";i:860;s:4:\"1453\";i:861;s:4:\"1454\";i:862;s:4:\"1455\";i:863;s:4:\"1456\";i:864;s:4:\"1457\";i:865;s:4:\"1458\";i:866;s:4:\"1459\";i:867;s:4:\"1460\";i:868;s:4:\"1461\";i:869;s:4:\"1462\";i:870;s:4:\"1463\";i:871;s:4:\"1464\";i:872;s:4:\"1465\";i:873;s:4:\"1466\";i:874;s:4:\"1467\";i:875;s:4:\"1468\";i:876;s:4:\"1469\";i:877;s:4:\"1470\";i:878;s:4:\"1471\";i:879;s:4:\"1472\";i:880;s:4:\"1473\";i:881;s:4:\"1474\";i:882;s:4:\"1475\";i:883;s:4:\"1476\";i:884;s:4:\"1477\";i:885;s:4:\"1478\";i:886;s:4:\"1479\";i:887;s:4:\"1480\";i:888;s:4:\"1481\";i:889;s:4:\"1482\";i:890;s:4:\"1483\";i:891;s:4:\"1484\";i:892;s:4:\"1485\";i:893;s:4:\"1486\";i:894;s:4:\"1487\";i:895;s:4:\"1488\";i:896;s:4:\"1489\";i:897;s:4:\"1490\";i:898;s:4:\"1491\";i:899;s:4:\"1492\";i:900;s:4:\"1493\";i:901;s:4:\"1494\";i:902;s:4:\"1495\";i:903;s:4:\"1496\";i:904;s:4:\"1497\";i:905;s:4:\"1498\";i:906;s:4:\"1499\";i:907;s:4:\"1500\";i:908;s:4:\"1501\";i:909;s:4:\"1502\";i:910;s:4:\"1503\";i:911;s:4:\"1504\";i:912;s:4:\"1505\";i:913;s:4:\"1506\";i:914;s:4:\"1507\";i:915;s:4:\"1508\";i:916;s:4:\"1509\";i:917;s:4:\"1510\";i:918;s:4:\"1511\";i:919;s:4:\"1512\";i:920;s:4:\"1513\";i:921;s:4:\"1514\";i:922;s:4:\"1515\";i:923;s:4:\"1516\";i:924;s:4:\"1517\";i:925;s:4:\"1518\";i:926;s:4:\"1519\";i:927;s:4:\"1520\";i:928;s:4:\"1521\";i:929;s:4:\"1522\";i:930;s:4:\"1523\";i:931;s:4:\"1524\";i:932;s:4:\"1525\";i:933;s:4:\"1526\";i:934;s:4:\"1527\";i:935;s:4:\"1528\";i:936;s:4:\"1529\";i:937;s:4:\"1530\";i:938;s:4:\"1531\";i:939;s:4:\"1532\";i:940;s:4:\"1533\";i:941;s:4:\"1534\";i:942;s:4:\"1535\";i:943;s:4:\"1536\";i:944;s:4:\"1537\";i:945;s:4:\"1538\";i:946;s:4:\"1539\";i:947;s:4:\"1540\";i:948;s:4:\"1541\";i:949;s:4:\"1542\";i:950;s:4:\"1543\";i:951;s:4:\"1544\";i:952;s:4:\"1545\";i:953;s:4:\"1546\";i:954;s:4:\"1547\";i:955;s:4:\"1548\";i:956;s:4:\"1549\";i:957;s:4:\"1550\";i:958;s:4:\"1551\";i:959;s:4:\"1552\";i:960;s:4:\"1553\";i:961;s:4:\"1554\";i:962;s:4:\"1555\";i:963;s:4:\"1556\";i:964;s:4:\"1557\";i:965;s:4:\"1558\";i:966;s:4:\"1559\";i:967;s:4:\"1560\";i:968;s:4:\"1561\";i:969;s:4:\"1562\";i:970;s:4:\"1563\";i:971;s:4:\"1564\";i:972;s:4:\"1565\";i:973;s:4:\"1566\";i:974;s:4:\"1567\";i:975;s:4:\"1568\";i:976;s:4:\"1569\";i:977;s:4:\"1570\";i:978;s:4:\"1571\";i:979;s:4:\"1572\";i:980;s:4:\"1573\";i:981;s:4:\"1574\";i:982;s:4:\"1575\";i:983;s:4:\"1576\";i:984;s:4:\"1577\";i:985;s:4:\"1578\";i:986;s:4:\"1579\";i:987;s:4:\"1580\";i:988;s:4:\"1581\";i:989;s:4:\"1582\";i:990;s:4:\"1583\";i:991;s:4:\"1584\";i:992;s:4:\"1585\";i:993;s:4:\"1586\";i:994;s:4:\"1587\";i:995;s:4:\"1588\";i:996;s:4:\"1589\";i:997;s:4:\"1590\";i:998;s:4:\"1591\";i:999;s:4:\"1592\";i:1000;s:4:\"1593\";i:1001;s:4:\"1594\";i:1002;s:4:\"1595\";i:1003;s:4:\"1596\";i:1004;s:4:\"1597\";i:1005;s:4:\"1598\";i:1006;s:4:\"1599\";i:1007;s:4:\"1600\";i:1008;s:4:\"1601\";i:1009;s:4:\"1602\";i:1010;s:4:\"1603\";i:1011;s:4:\"1604\";i:1012;s:4:\"1605\";i:1013;s:4:\"1606\";i:1014;s:4:\"1607\";i:1015;s:4:\"1608\";i:1016;s:4:\"1609\";i:1017;s:4:\"1610\";i:1018;s:4:\"1611\";i:1019;s:4:\"1612\";i:1020;s:4:\"1613\";i:1021;s:4:\"1614\";i:1022;s:4:\"1615\";i:1023;s:4:\"1616\";i:1024;s:4:\"1617\";i:1025;s:4:\"1618\";i:1026;s:4:\"1619\";i:1027;s:4:\"1620\";i:1028;s:4:\"1621\";i:1029;s:4:\"1622\";i:1030;s:4:\"1623\";i:1031;s:4:\"1624\";i:1032;s:4:\"1625\";i:1033;s:4:\"1626\";i:1034;s:4:\"1627\";i:1035;s:4:\"1628\";i:1036;s:4:\"1629\";i:1037;s:4:\"1630\";i:1038;s:4:\"1631\";i:1039;s:4:\"1632\";i:1040;s:4:\"1633\";i:1041;s:4:\"1634\";i:1042;s:4:\"1635\";i:1043;s:4:\"1636\";i:1044;s:4:\"1637\";i:1045;s:4:\"1638\";i:1046;s:4:\"1639\";i:1047;s:4:\"1640\";i:1048;s:4:\"1641\";i:1049;s:4:\"1642\";i:1050;s:4:\"1643\";i:1051;s:4:\"1644\";i:1052;s:4:\"1645\";i:1053;s:4:\"1646\";i:1054;s:4:\"1647\";i:1055;s:4:\"1648\";i:1056;s:4:\"1649\";i:1057;s:4:\"1650\";i:1058;s:4:\"1651\";i:1059;s:4:\"1652\";i:1060;s:4:\"1653\";i:1061;s:4:\"1654\";i:1062;s:4:\"1655\";i:1063;s:4:\"1656\";i:1064;s:4:\"1657\";i:1065;s:4:\"1658\";i:1066;s:4:\"1659\";i:1067;s:4:\"1660\";i:1068;s:4:\"1661\";i:1069;s:4:\"1662\";i:1070;s:4:\"1663\";i:1071;s:4:\"1664\";i:1072;s:4:\"1665\";i:1073;s:4:\"1666\";i:1074;s:4:\"1667\";i:1075;s:4:\"1668\";i:1076;s:4:\"1669\";i:1077;s:4:\"1670\";i:1078;s:4:\"1671\";i:1079;s:4:\"1672\";i:1080;s:4:\"1673\";i:1081;s:4:\"1674\";i:1082;s:4:\"1675\";i:1083;s:4:\"1676\";i:1084;s:4:\"1677\";i:1085;s:4:\"1678\";i:1086;s:4:\"1679\";i:1087;s:4:\"1680\";i:1088;s:4:\"1681\";i:1089;s:4:\"1682\";i:1090;s:4:\"1683\";i:1091;s:4:\"1684\";i:1092;s:4:\"1685\";i:1093;s:4:\"1686\";i:1094;s:4:\"1687\";i:1095;s:4:\"1688\";i:1096;s:4:\"1689\";i:1097;s:4:\"1690\";i:1098;s:4:\"1691\";i:1099;s:4:\"1692\";i:1100;s:4:\"1693\";i:1101;s:4:\"1694\";i:1102;s:4:\"1695\";i:1103;s:4:\"1696\";i:1104;s:4:\"1697\";i:1105;s:4:\"1698\";i:1106;s:4:\"1699\";i:1107;s:4:\"1700\";i:1108;s:4:\"1701\";i:1109;s:4:\"1702\";i:1110;s:4:\"1703\";i:1111;s:4:\"1704\";i:1112;s:4:\"1705\";i:1113;s:4:\"1706\";i:1114;s:4:\"1707\";i:1115;s:4:\"1708\";i:1116;s:4:\"1709\";i:1117;s:4:\"1710\";i:1118;s:4:\"1711\";i:1119;s:4:\"1712\";i:1120;s:4:\"1713\";i:1121;s:4:\"1714\";i:1122;s:4:\"1715\";i:1123;s:4:\"1716\";i:1124;s:4:\"1717\";i:1125;s:4:\"1718\";i:1126;s:4:\"1719\";i:1127;s:4:\"1720\";i:1128;s:4:\"1721\";i:1129;s:4:\"1722\";i:1130;s:4:\"1723\";i:1131;s:4:\"1724\";i:1132;s:4:\"1725\";i:1133;s:4:\"1726\";i:1134;s:4:\"1727\";i:1135;s:4:\"1728\";i:1136;s:4:\"1729\";i:1137;s:4:\"1730\";i:1138;s:4:\"1731\";i:1139;s:4:\"1732\";i:1140;s:4:\"1733\";i:1141;s:4:\"1734\";i:1142;s:4:\"1735\";i:1143;s:4:\"1736\";i:1144;s:4:\"1737\";i:1145;s:4:\"1738\";i:1146;s:4:\"1739\";i:1147;s:4:\"1740\";i:1148;s:4:\"1741\";i:1149;s:4:\"1742\";i:1150;s:4:\"1743\";i:1151;s:4:\"1744\";i:1152;s:4:\"1745\";i:1153;s:4:\"1746\";i:1154;s:4:\"1747\";i:1155;s:4:\"1748\";i:1156;s:4:\"1749\";i:1157;s:4:\"1750\";i:1158;s:4:\"1751\";i:1159;s:4:\"1752\";i:1160;s:4:\"1753\";i:1161;s:4:\"1754\";i:1162;s:4:\"1755\";i:1163;s:4:\"1756\";i:1164;s:4:\"1757\";i:1165;s:4:\"1758\";i:1166;s:4:\"1759\";i:1167;s:4:\"1760\";i:1168;s:4:\"1761\";i:1169;s:4:\"1762\";i:1170;s:4:\"1763\";i:1171;s:4:\"1764\";i:1172;s:4:\"1765\";i:1173;s:4:\"1766\";i:1174;s:4:\"1767\";i:1175;s:4:\"1768\";i:1176;s:4:\"1769\";i:1177;s:4:\"1770\";i:1178;s:4:\"1771\";i:1179;s:4:\"1772\";i:1180;s:4:\"1773\";i:1181;s:4:\"1774\";i:1182;s:4:\"1775\";i:1183;s:4:\"1776\";i:1184;s:4:\"1777\";i:1185;s:4:\"1778\";i:1186;s:4:\"1779\";i:1187;s:4:\"1780\";i:1188;s:4:\"1781\";i:1189;s:4:\"1782\";i:1190;s:4:\"1783\";i:1191;s:4:\"1784\";i:1192;s:4:\"1785\";i:1193;s:4:\"1786\";i:1194;s:4:\"1787\";i:1195;s:4:\"1788\";i:1196;s:4:\"1789\";i:1197;s:4:\"1790\";i:1198;s:4:\"1791\";i:1199;s:4:\"1792\";i:1200;s:4:\"1793\";i:1201;s:4:\"1794\";i:1202;s:4:\"1795\";i:1203;s:4:\"1796\";i:1204;s:4:\"1797\";i:1205;s:4:\"1798\";i:1206;s:4:\"1799\";i:1207;s:4:\"1800\";i:1208;s:4:\"1801\";i:1209;s:4:\"1802\";i:1210;s:4:\"1803\";i:1211;s:4:\"1804\";i:1212;s:4:\"1805\";i:1213;s:4:\"1806\";i:1214;s:4:\"1807\";i:1215;s:4:\"1808\";i:1216;s:4:\"1809\";i:1217;s:4:\"1810\";i:1218;s:4:\"1811\";i:1219;s:4:\"2027\";i:1220;s:4:\"2028\";i:1221;s:4:\"2029\";i:1222;s:4:\"2030\";i:1223;s:4:\"2031\";i:1224;s:4:\"2032\";i:1225;s:4:\"2033\";i:1226;s:4:\"2034\";i:1227;s:4:\"2035\";i:1228;s:4:\"2036\";i:1229;s:4:\"2037\";i:1230;s:4:\"2038\";i:1231;s:4:\"2039\";i:1232;s:4:\"2040\";i:1233;s:4:\"2041\";i:1234;s:4:\"2042\";i:1235;s:4:\"2043\";i:1236;s:4:\"2044\";i:1237;s:4:\"2045\";i:1238;s:4:\"2046\";i:1239;s:4:\"2047\";i:1240;s:4:\"2048\";i:1241;s:4:\"2049\";i:1242;s:4:\"2050\";i:1243;s:4:\"2051\";i:1244;s:4:\"2052\";i:1245;s:4:\"2053\";i:1246;s:4:\"2054\";i:1247;s:4:\"2055\";i:1248;s:4:\"2056\";i:1249;s:4:\"2057\";i:1250;s:4:\"2058\";i:1251;s:4:\"2059\";i:1252;s:4:\"2060\";i:1253;s:4:\"2061\";i:1254;s:4:\"2062\";i:1255;s:4:\"2063\";i:1256;s:4:\"2064\";i:1257;s:4:\"2065\";i:1258;s:4:\"2066\";i:1259;s:4:\"2067\";i:1260;s:4:\"2068\";i:1261;s:4:\"2069\";i:1262;s:4:\"2070\";i:1263;s:4:\"2071\";i:1264;s:4:\"2072\";i:1265;s:4:\"2073\";i:1266;s:4:\"2074\";i:1267;s:4:\"2075\";i:1268;s:4:\"2076\";i:1269;s:4:\"2077\";i:1270;s:4:\"2078\";i:1271;s:4:\"2079\";i:1272;s:4:\"2080\";i:1273;s:4:\"2081\";i:1274;s:4:\"2082\";i:1275;s:4:\"2083\";i:1276;s:4:\"2084\";i:1277;s:4:\"2085\";i:1278;s:4:\"2086\";i:1279;s:4:\"2087\";i:1280;s:4:\"2088\";i:1281;s:4:\"2089\";i:1282;s:4:\"2090\";i:1283;s:4:\"2091\";i:1284;s:4:\"2092\";i:1285;s:4:\"2093\";i:1286;s:4:\"2094\";i:1287;s:4:\"2095\";i:1288;s:4:\"2096\";i:1289;s:4:\"2097\";i:1290;s:4:\"2098\";i:1291;s:4:\"2099\";i:1292;s:4:\"2100\";i:1293;s:4:\"2101\";i:1294;s:4:\"2102\";i:1295;s:4:\"2103\";i:1296;s:4:\"2104\";i:1297;s:4:\"2105\";i:1298;s:4:\"2106\";i:1299;s:4:\"2107\";i:1300;s:4:\"2108\";i:1301;s:4:\"2109\";i:1302;s:4:\"2110\";i:1303;s:4:\"2111\";i:1304;s:4:\"2112\";i:1305;s:4:\"2113\";i:1306;s:4:\"2114\";i:1307;s:4:\"2115\";i:1308;s:4:\"2116\";i:1309;s:4:\"2117\";i:1310;s:4:\"2118\";i:1311;s:4:\"2119\";i:1312;s:4:\"2120\";i:1313;s:4:\"2121\";i:1314;s:4:\"2122\";i:1315;s:4:\"2123\";i:1316;s:4:\"2124\";i:1317;s:4:\"2125\";i:1318;s:4:\"2126\";i:1319;s:4:\"2127\";i:1320;s:4:\"2128\";i:1321;s:4:\"2129\";i:1322;s:4:\"2130\";i:1323;s:4:\"2131\";i:1324;s:4:\"2132\";i:1325;s:4:\"2133\";i:1326;s:4:\"2134\";i:1327;s:4:\"2135\";i:1328;s:4:\"2136\";i:1329;s:4:\"2137\";i:1330;s:4:\"2138\";i:1331;s:4:\"2139\";i:1332;s:4:\"2140\";i:1333;s:4:\"2141\";i:1334;s:4:\"2142\";i:1335;s:4:\"2143\";i:1336;s:4:\"2144\";i:1337;s:4:\"2145\";i:1338;s:4:\"2146\";i:1339;s:4:\"2147\";i:1340;s:4:\"2148\";i:1341;s:4:\"2149\";i:1342;s:4:\"2150\";i:1343;s:4:\"2151\";i:1344;s:4:\"2152\";i:1345;s:4:\"2153\";i:1346;s:4:\"2154\";i:1347;s:4:\"2155\";i:1348;s:4:\"2156\";i:1349;s:4:\"2157\";i:1350;s:4:\"2158\";i:1351;s:4:\"2159\";i:1352;s:4:\"2160\";i:1353;s:4:\"2161\";i:1354;s:4:\"2162\";i:1355;s:4:\"2163\";i:1356;s:4:\"2164\";i:1357;s:4:\"2165\";i:1358;s:4:\"2166\";i:1359;s:4:\"2167\";i:1360;s:4:\"2168\";i:1361;s:4:\"2169\";i:1362;s:4:\"2170\";i:1363;s:4:\"2171\";i:1364;s:4:\"2172\";i:1365;s:4:\"2173\";i:1366;s:4:\"2174\";i:1367;s:4:\"2175\";i:1368;s:4:\"2176\";i:1369;s:4:\"2177\";i:1370;s:4:\"2178\";i:1371;s:4:\"2179\";i:1372;s:4:\"2180\";i:1373;s:4:\"2181\";i:1374;s:4:\"2182\";i:1375;s:4:\"2183\";i:1376;s:4:\"2184\";i:1377;s:4:\"2185\";i:1378;s:4:\"2186\";i:1379;s:4:\"2187\";i:1380;s:4:\"2188\";i:1381;s:4:\"2189\";i:1382;s:4:\"2190\";i:1383;s:4:\"2191\";i:1384;s:4:\"2192\";i:1385;s:4:\"2193\";i:1386;s:4:\"2194\";i:1387;s:4:\"2195\";i:1388;s:4:\"2196\";i:1389;s:4:\"2197\";i:1390;s:4:\"2198\";i:1391;s:4:\"2199\";i:1392;s:4:\"2200\";i:1393;s:4:\"2201\";i:1394;s:4:\"2202\";i:1395;s:4:\"2203\";i:1396;s:4:\"2204\";i:1397;s:4:\"2205\";i:1398;s:4:\"2206\";i:1399;s:4:\"2207\";i:1400;s:4:\"2208\";i:1401;s:4:\"2209\";i:1402;s:4:\"2210\";i:1403;s:4:\"2211\";i:1404;s:4:\"2212\";i:1405;s:4:\"2213\";i:1406;s:4:\"2214\";i:1407;s:4:\"2215\";i:1408;s:4:\"2216\";i:1409;s:4:\"2217\";i:1410;s:4:\"2218\";i:1411;s:4:\"2219\";i:1412;s:4:\"2220\";i:1413;s:4:\"2221\";i:1414;s:4:\"2222\";i:1415;s:4:\"2223\";i:1416;s:4:\"2224\";i:1417;s:4:\"2225\";i:1418;s:4:\"2226\";i:1419;s:4:\"2227\";i:1420;s:4:\"2228\";i:1421;s:4:\"2229\";i:1422;s:4:\"2230\";i:1423;s:4:\"2231\";i:1424;s:4:\"2232\";i:1425;s:4:\"2233\";i:1426;s:4:\"2234\";i:1427;s:4:\"2235\";i:1428;s:4:\"2236\";i:1429;s:4:\"2237\";i:1430;s:4:\"2238\";i:1431;s:4:\"2239\";i:1432;s:4:\"2240\";i:1433;s:4:\"2241\";i:1434;s:4:\"2242\";i:1435;s:4:\"2243\";i:1436;s:4:\"2244\";i:1437;s:4:\"2245\";i:1438;s:4:\"2246\";i:1439;s:4:\"2247\";i:1440;s:4:\"2248\";i:1441;s:4:\"2249\";i:1442;s:4:\"2250\";i:1443;s:4:\"2251\";i:1444;s:4:\"2252\";i:1445;s:4:\"2253\";i:1446;s:4:\"2254\";i:1447;s:4:\"2255\";i:1448;s:4:\"2256\";i:1449;s:4:\"2257\";i:1450;s:4:\"2258\";i:1451;s:4:\"2259\";i:1452;s:4:\"2260\";i:1453;s:4:\"2261\";i:1454;s:4:\"2262\";i:1455;s:4:\"2263\";i:1456;s:4:\"2264\";i:1457;s:4:\"2265\";i:1458;s:4:\"2266\";i:1459;s:4:\"2267\";i:1460;s:4:\"2268\";i:1461;s:4:\"2269\";i:1462;s:4:\"2270\";i:1463;s:4:\"2271\";i:1464;s:4:\"2272\";i:1465;s:4:\"2273\";i:1466;s:4:\"2274\";i:1467;s:4:\"2275\";i:1468;s:4:\"2276\";i:1469;s:4:\"2277\";i:1470;s:4:\"2278\";i:1471;s:4:\"2279\";i:1472;s:4:\"2280\";i:1473;s:4:\"2281\";i:1474;s:4:\"2282\";i:1475;s:4:\"2283\";i:1476;s:4:\"2284\";i:1477;s:4:\"2285\";i:1478;s:4:\"2286\";i:1479;s:4:\"2287\";i:1480;s:4:\"2288\";i:1481;s:4:\"2289\";i:1482;s:4:\"2290\";i:1483;s:4:\"2291\";i:1484;s:4:\"2292\";i:1485;s:4:\"2293\";i:1486;s:4:\"2294\";i:1487;s:4:\"2295\";i:1488;s:4:\"2296\";i:1489;s:4:\"2297\";i:1490;s:4:\"2298\";i:1491;s:4:\"2299\";i:1492;s:4:\"2300\";i:1493;s:4:\"2301\";i:1494;s:4:\"2302\";i:1495;s:4:\"2303\";i:1496;s:4:\"2304\";i:1497;s:4:\"2305\";i:1498;s:4:\"2306\";i:1499;s:4:\"2307\";i:1500;s:4:\"2308\";i:1501;s:4:\"2309\";i:1502;s:4:\"2310\";i:1503;s:4:\"2311\";i:1504;s:4:\"2312\";i:1505;s:4:\"2313\";i:1506;s:4:\"2314\";i:1507;s:4:\"2315\";i:1508;s:4:\"2316\";i:1509;s:4:\"2317\";i:1510;s:4:\"2318\";i:1511;s:4:\"2319\";i:1512;s:4:\"2320\";i:1513;s:4:\"2321\";i:1514;s:4:\"2322\";i:1515;s:4:\"2323\";i:1516;s:4:\"2324\";i:1517;s:4:\"2325\";i:1518;s:4:\"2326\";i:1519;s:4:\"2327\";i:1520;s:4:\"2328\";i:1521;s:4:\"2329\";i:1522;s:4:\"2330\";i:1523;s:4:\"2331\";i:1524;s:4:\"2332\";i:1525;s:4:\"2333\";i:1526;s:4:\"2334\";i:1527;s:4:\"2335\";i:1528;s:4:\"2336\";i:1529;s:4:\"2337\";i:1530;s:4:\"2338\";i:1531;s:4:\"2339\";i:1532;s:4:\"2340\";i:1533;s:4:\"2341\";i:1534;s:4:\"2342\";i:1535;s:4:\"2343\";i:1536;s:4:\"2344\";i:1537;s:4:\"2345\";i:1538;s:4:\"2346\";i:1539;s:4:\"2347\";i:1540;s:4:\"2348\";i:1541;s:4:\"2349\";i:1542;s:4:\"2350\";i:1543;s:4:\"2351\";i:1544;s:4:\"2352\";i:1545;s:4:\"2353\";i:1546;s:4:\"2354\";i:1547;s:4:\"2355\";i:1548;s:4:\"2356\";i:1549;s:4:\"2357\";i:1550;s:4:\"2358\";i:1551;s:4:\"2359\";i:1552;s:4:\"2360\";i:1553;s:4:\"2361\";i:1554;s:4:\"2362\";i:1555;s:4:\"2363\";i:1556;s:4:\"2364\";i:1557;s:4:\"2365\";i:1558;s:4:\"2366\";i:1559;s:4:\"2367\";i:1560;s:4:\"2368\";i:1561;s:4:\"2369\";i:1562;s:4:\"2370\";i:1563;s:4:\"2371\";i:1564;s:4:\"2372\";i:1565;s:4:\"2373\";i:1566;s:4:\"2374\";i:1567;s:4:\"2375\";i:1568;s:4:\"2376\";i:1569;s:4:\"2377\";i:1570;s:4:\"2378\";i:1571;s:4:\"2379\";i:1572;s:4:\"2380\";i:1573;s:4:\"2381\";i:1574;s:4:\"2382\";i:1575;s:4:\"2383\";i:1576;s:4:\"2384\";i:1577;s:4:\"2385\";i:1578;s:4:\"2386\";i:1579;s:4:\"2387\";i:1580;s:4:\"2388\";i:1581;s:4:\"2389\";i:1582;s:4:\"2390\";i:1583;s:4:\"2391\";i:1584;s:4:\"2392\";i:1585;s:4:\"2393\";i:1586;s:4:\"2394\";i:1587;s:4:\"2395\";i:1588;s:4:\"2396\";i:1589;s:4:\"2397\";i:1590;s:4:\"2398\";i:1591;s:4:\"2399\";i:1592;s:4:\"2400\";i:1593;s:4:\"2401\";i:1594;s:4:\"2402\";i:1595;s:4:\"2403\";i:1596;s:4:\"2404\";i:1597;s:4:\"2405\";i:1598;s:4:\"2406\";i:1599;s:4:\"2407\";i:1600;s:4:\"2408\";i:1601;s:4:\"2409\";i:1602;s:4:\"2410\";i:1603;s:4:\"2411\";i:1604;s:4:\"2412\";i:1605;s:4:\"2413\";i:1606;s:4:\"2414\";i:1607;s:4:\"2415\";i:1608;s:4:\"2416\";i:1609;s:4:\"2417\";i:1610;s:4:\"2418\";i:1611;s:4:\"2419\";i:1612;s:4:\"2420\";i:1613;s:4:\"2421\";i:1614;s:4:\"2422\";i:1615;s:4:\"2423\";i:1616;s:4:\"2424\";i:1617;s:4:\"2425\";i:1618;s:4:\"2426\";i:1619;s:4:\"2427\";i:1620;s:4:\"2428\";i:1621;s:4:\"2429\";i:1622;s:4:\"2430\";i:1623;s:4:\"2431\";i:1624;s:4:\"2432\";i:1625;s:4:\"2433\";i:1626;s:4:\"2434\";i:1627;s:4:\"2435\";i:1628;s:4:\"2436\";i:1629;s:4:\"2437\";i:1630;s:4:\"2438\";i:1631;s:4:\"2439\";i:1632;s:4:\"2440\";i:1633;s:4:\"2441\";i:1634;s:4:\"2442\";i:1635;s:4:\"2443\";i:1636;s:4:\"2444\";i:1637;s:4:\"2445\";i:1638;s:4:\"2446\";i:1639;s:4:\"2447\";i:1640;s:4:\"2448\";i:1641;s:4:\"2449\";i:1642;s:4:\"2450\";i:1643;s:4:\"2451\";i:1644;s:4:\"2452\";i:1645;s:4:\"2453\";i:1646;s:4:\"2454\";i:1647;s:4:\"2455\";i:1648;s:4:\"2456\";i:1649;s:4:\"2457\";i:1650;s:4:\"2458\";i:1651;s:4:\"2459\";i:1652;s:4:\"2460\";i:1653;s:4:\"2461\";i:1654;s:4:\"2462\";i:1655;s:4:\"2463\";i:1656;s:4:\"2464\";i:1657;s:4:\"2465\";i:1658;s:4:\"2466\";i:1659;s:4:\"2467\";i:1660;s:4:\"2468\";i:1661;s:4:\"2469\";i:1662;s:4:\"2470\";i:1663;s:4:\"2471\";i:1664;s:4:\"2472\";i:1665;s:4:\"2473\";i:1666;s:4:\"2474\";i:1667;s:4:\"2475\";i:1668;s:4:\"2476\";i:1669;s:4:\"2477\";i:1670;s:4:\"2478\";i:1671;s:4:\"2479\";i:1672;s:4:\"2480\";i:1673;s:4:\"2481\";i:1674;s:4:\"2482\";i:1675;s:4:\"2483\";i:1676;s:4:\"2484\";i:1677;s:4:\"2485\";i:1678;s:4:\"2486\";i:1679;s:4:\"2487\";i:1680;s:4:\"2488\";i:1681;s:4:\"2489\";i:1682;s:4:\"2490\";i:1683;s:4:\"2491\";i:1684;s:4:\"2492\";i:1685;s:4:\"2493\";i:1686;s:4:\"2494\";i:1687;s:4:\"2495\";i:1688;s:4:\"2496\";i:1689;s:4:\"2497\";i:1690;s:4:\"2498\";i:1691;s:4:\"2499\";i:1692;s:4:\"2500\";i:1693;s:4:\"2501\";i:1694;s:4:\"2502\";i:1695;s:4:\"2503\";i:1696;s:4:\"2504\";i:1697;s:4:\"2505\";i:1698;s:4:\"2506\";i:1699;s:4:\"2507\";i:1700;s:4:\"2508\";i:1701;s:4:\"2509\";i:1702;s:4:\"2510\";i:1703;s:4:\"2511\";i:1704;s:4:\"2512\";i:1705;s:4:\"2513\";i:1706;s:4:\"2514\";i:1707;s:4:\"2515\";i:1708;s:4:\"2516\";i:1709;s:4:\"2517\";i:1710;s:4:\"2518\";i:1711;s:4:\"2519\";i:1712;s:4:\"2520\";i:1713;s:4:\"2521\";i:1714;s:4:\"2522\";i:1715;s:4:\"2523\";i:1716;s:4:\"2524\";i:1717;s:4:\"2525\";i:1718;s:4:\"2526\";i:1719;s:4:\"2527\";i:1720;s:4:\"2528\";i:1721;s:4:\"2529\";i:1722;s:4:\"2530\";i:1723;s:4:\"2531\";i:1724;s:4:\"2532\";i:1725;s:4:\"2533\";i:1726;s:4:\"2534\";i:1727;s:4:\"2535\";i:1728;s:4:\"2536\";i:1729;s:4:\"2537\";i:1730;s:4:\"2538\";i:1731;s:4:\"2539\";i:1732;s:4:\"2540\";i:1733;s:4:\"2541\";i:1734;s:4:\"2542\";i:1735;s:4:\"2543\";i:1736;s:4:\"2544\";i:1737;s:4:\"2545\";i:1738;s:4:\"2546\";i:1739;s:4:\"2547\";i:1740;s:4:\"2548\";i:1741;s:4:\"2549\";i:1742;s:4:\"2550\";i:1743;s:4:\"2551\";i:1744;s:4:\"2552\";i:1745;s:4:\"2553\";i:1746;s:4:\"2554\";i:1747;s:4:\"2555\";i:1748;s:4:\"2556\";i:1749;s:4:\"2557\";i:1750;s:4:\"2558\";i:1751;s:4:\"2559\";i:1752;s:4:\"2560\";i:1753;s:4:\"2561\";i:1754;s:4:\"2562\";i:1755;s:4:\"2563\";i:1756;s:4:\"2564\";i:1757;s:4:\"2565\";i:1758;s:4:\"2566\";i:1759;s:4:\"2567\";i:1760;s:4:\"2568\";i:1761;s:4:\"2569\";i:1762;s:4:\"2570\";i:1763;s:4:\"2571\";i:1764;s:4:\"2572\";i:1765;s:4:\"2573\";i:1766;s:4:\"2574\";i:1767;s:4:\"2575\";i:1768;s:4:\"2576\";i:1769;s:4:\"2577\";i:1770;s:4:\"2578\";i:1771;s:4:\"2579\";i:1772;s:4:\"2580\";i:1773;s:4:\"2581\";i:1774;s:4:\"2582\";i:1775;s:4:\"2583\";i:1776;s:4:\"2584\";i:1777;s:4:\"2585\";i:1778;s:4:\"2586\";i:1779;s:4:\"2587\";i:1780;s:4:\"2588\";i:1781;s:4:\"2589\";i:1782;s:4:\"2590\";i:1783;s:4:\"2591\";i:1784;s:4:\"2592\";i:1785;s:4:\"2593\";i:1786;s:4:\"2594\";i:1787;s:4:\"2595\";i:1788;s:4:\"2596\";i:1789;s:4:\"2597\";i:1790;s:4:\"2598\";i:1791;s:4:\"2599\";i:1792;s:4:\"2600\";i:1793;s:4:\"2601\";i:1794;s:4:\"2602\";i:1795;s:4:\"2603\";i:1796;s:4:\"2604\";i:1797;s:4:\"2605\";i:1798;s:4:\"2606\";i:1799;s:4:\"2607\";i:1800;s:4:\"2608\";i:1801;s:4:\"2609\";i:1802;s:4:\"2610\";i:1803;s:4:\"2611\";i:1804;s:4:\"2612\";i:1805;s:4:\"2613\";i:1806;s:4:\"2614\";i:1807;s:4:\"2615\";i:1808;s:4:\"2616\";i:1809;s:4:\"2617\";i:1810;s:4:\"2618\";i:1811;s:4:\"2619\";i:1812;s:4:\"2620\";i:1813;s:4:\"2621\";i:1814;s:4:\"2622\";i:1815;s:4:\"2623\";i:1816;s:4:\"2624\";i:1817;s:4:\"2625\";i:1818;s:4:\"2626\";i:1819;s:4:\"2627\";i:1820;s:4:\"2628\";i:1821;s:4:\"2629\";i:1822;s:4:\"2630\";i:1823;s:4:\"2631\";i:1824;s:4:\"2632\";i:1825;s:4:\"2633\";i:1826;s:4:\"2634\";i:1827;s:4:\"2635\";i:1828;s:4:\"2636\";i:1829;s:4:\"2637\";i:1830;s:4:\"2638\";i:1831;s:4:\"2639\";i:1832;s:4:\"2640\";i:1833;s:4:\"2641\";i:1834;s:4:\"2642\";i:1835;s:4:\"2643\";i:1836;s:4:\"2644\";i:1837;s:4:\"2645\";i:1838;s:4:\"2646\";i:1839;s:4:\"2647\";i:1840;s:4:\"2648\";i:1841;s:4:\"2649\";i:1842;s:4:\"2650\";i:1843;s:4:\"2651\";i:1844;s:4:\"2652\";i:1845;s:4:\"2653\";i:1846;s:4:\"2654\";i:1847;s:4:\"2655\";i:1848;s:4:\"2656\";i:1849;s:4:\"2657\";i:1850;s:4:\"2658\";i:1851;s:4:\"2659\";i:1852;s:4:\"2660\";i:1853;s:4:\"2661\";i:1854;s:4:\"2662\";i:1855;s:4:\"2663\";i:1856;s:4:\"2664\";i:1857;s:4:\"2665\";i:1858;s:4:\"2666\";i:1859;s:4:\"2667\";i:1860;s:4:\"2668\";i:1861;s:4:\"2669\";i:1862;s:4:\"2670\";i:1863;s:4:\"2671\";i:1864;s:4:\"2672\";i:1865;s:4:\"2673\";i:1866;s:4:\"2674\";i:1867;s:4:\"2675\";i:1868;s:4:\"2676\";i:1869;s:4:\"2677\";i:1870;s:4:\"2678\";i:1871;s:4:\"2679\";i:1872;s:4:\"2680\";i:1873;s:4:\"2681\";i:1874;s:4:\"2682\";i:1875;s:4:\"2683\";i:1876;s:4:\"2684\";i:1877;s:4:\"2685\";i:1878;s:4:\"2686\";i:1879;s:4:\"2687\";i:1880;s:4:\"2688\";i:1881;s:4:\"2689\";i:1882;s:4:\"2690\";i:1883;s:4:\"2691\";i:1884;s:4:\"2692\";i:1885;s:4:\"2693\";i:1886;s:4:\"2694\";i:1887;s:4:\"2695\";i:1888;s:4:\"2696\";i:1889;s:4:\"2697\";i:1890;s:4:\"2698\";i:1891;s:4:\"2699\";i:1892;s:4:\"2700\";i:1893;s:4:\"2701\";i:1894;s:4:\"2702\";i:1895;s:4:\"2703\";i:1896;s:4:\"2704\";i:1897;s:4:\"2705\";i:1898;s:4:\"2706\";i:1899;s:4:\"2707\";i:1900;s:4:\"2708\";i:1901;s:4:\"2709\";i:1902;s:4:\"2710\";i:1903;s:4:\"2711\";i:1904;s:4:\"2712\";i:1905;s:4:\"2713\";i:1906;s:4:\"2714\";i:1907;s:4:\"2715\";i:1908;s:4:\"2716\";i:1909;s:4:\"2717\";i:1910;s:4:\"2718\";i:1911;s:4:\"2719\";i:1912;s:4:\"2720\";i:1913;s:4:\"2721\";i:1914;s:4:\"2722\";i:1915;s:4:\"2723\";i:1916;s:4:\"2724\";i:1917;s:4:\"2725\";i:1918;s:4:\"2726\";i:1919;s:4:\"2727\";i:1920;s:4:\"2728\";i:1921;s:4:\"2729\";i:1922;s:4:\"2730\";i:1923;s:4:\"2731\";i:1924;s:4:\"2732\";i:1925;s:4:\"2733\";i:1926;s:4:\"2734\";i:1927;s:4:\"2735\";i:1928;s:4:\"2736\";i:1929;s:4:\"2737\";i:1930;s:4:\"2738\";i:1931;s:4:\"2739\";i:1932;s:4:\"2740\";i:1933;s:4:\"2741\";i:1934;s:4:\"2742\";i:1935;s:4:\"2743\";i:1936;s:4:\"2744\";i:1937;s:4:\"2745\";i:1938;s:4:\"2746\";i:1939;s:4:\"2747\";i:1940;s:4:\"2748\";i:1941;s:4:\"2749\";i:1942;s:4:\"2750\";i:1943;s:4:\"2751\";i:1944;s:4:\"2752\";i:1945;s:4:\"2753\";i:1946;s:4:\"2754\";i:1947;s:4:\"2755\";i:1948;s:4:\"2756\";i:1949;s:4:\"2757\";i:1950;s:4:\"2758\";i:1951;s:4:\"2759\";i:1952;s:4:\"2760\";i:1953;s:4:\"2761\";i:1954;s:4:\"2762\";i:1955;s:4:\"2763\";i:1956;s:4:\"2764\";i:1957;s:4:\"2765\";i:1958;s:4:\"2766\";i:1959;s:4:\"2767\";i:1960;s:4:\"2768\";i:1961;s:4:\"2769\";i:1962;s:4:\"2770\";i:1963;s:4:\"2771\";i:1964;s:4:\"2772\";i:1965;s:4:\"2773\";i:1966;s:4:\"2774\";i:1967;s:4:\"2775\";i:1968;s:4:\"2776\";i:1969;s:4:\"2777\";i:1970;s:4:\"2778\";i:1971;s:4:\"2779\";i:1972;s:4:\"2780\";i:1973;s:4:\"2781\";i:1974;s:4:\"2782\";i:1975;s:4:\"2783\";i:1976;s:4:\"2784\";i:1977;s:4:\"2785\";i:1978;s:4:\"2786\";i:1979;s:4:\"2787\";i:1980;s:4:\"2788\";i:1981;s:4:\"2789\";i:1982;s:4:\"2790\";i:1983;s:4:\"2791\";i:1984;s:4:\"2792\";i:1985;s:4:\"2793\";i:1986;s:4:\"2794\";i:1987;s:4:\"2795\";i:1988;s:4:\"2796\";i:1989;s:4:\"2797\";i:1990;s:4:\"2798\";i:1991;s:4:\"2799\";i:1992;s:4:\"2800\";i:1993;s:4:\"2801\";i:1994;s:4:\"2802\";i:1995;s:4:\"2803\";i:1996;s:4:\"2804\";i:1997;s:4:\"2805\";i:1998;s:4:\"2806\";i:1999;s:4:\"2807\";i:2000;s:4:\"2808\";i:2001;s:4:\"2809\";i:2002;s:4:\"2810\";i:2003;s:4:\"2811\";i:2004;s:4:\"2812\";i:2005;s:4:\"2813\";i:2006;s:4:\"2814\";i:2007;s:4:\"2815\";i:2008;s:4:\"2816\";i:2009;s:4:\"2817\";i:2010;s:4:\"2818\";i:2011;s:4:\"2819\";i:2012;s:4:\"2820\";i:2013;s:4:\"2821\";i:2014;s:4:\"2822\";i:2015;s:4:\"2823\";i:2016;s:4:\"2824\";i:2017;s:4:\"2825\";i:2018;s:4:\"2826\";i:2019;s:4:\"2827\";i:2020;s:4:\"2828\";i:2021;s:4:\"2829\";i:2022;s:4:\"2830\";i:2023;s:4:\"2831\";i:2024;s:4:\"2832\";i:2025;s:4:\"2833\";i:2026;s:4:\"2834\";i:2027;s:4:\"2835\";i:2028;s:4:\"2836\";i:2029;s:4:\"2837\";i:2030;s:4:\"2838\";i:2031;s:4:\"2839\";i:2032;s:4:\"2840\";i:2033;s:4:\"2841\";i:2034;s:4:\"2842\";i:2035;s:4:\"2843\";i:2036;s:4:\"2844\";i:2037;s:4:\"2845\";i:2038;s:4:\"2846\";i:2039;s:4:\"2847\";i:2040;s:4:\"2848\";i:2041;s:4:\"2849\";i:2042;s:4:\"2850\";i:2043;s:4:\"2851\";i:2044;s:4:\"2852\";i:2045;s:4:\"2853\";i:2046;s:4:\"2854\";i:2047;s:4:\"2855\";i:2048;s:4:\"2856\";i:2049;s:4:\"2857\";i:2050;s:4:\"2858\";i:2051;s:4:\"2859\";i:2052;s:4:\"2860\";i:2053;s:4:\"2861\";i:2054;s:4:\"2862\";i:2055;s:4:\"2863\";i:2056;s:4:\"2864\";i:2057;s:4:\"2865\";i:2058;s:4:\"2866\";i:2059;s:4:\"2867\";i:2060;s:4:\"2868\";i:2061;s:4:\"2869\";i:2062;s:4:\"2870\";i:2063;s:4:\"2871\";i:2064;s:4:\"2872\";i:2065;s:4:\"2873\";i:2066;s:4:\"2874\";i:2067;s:4:\"2875\";i:2068;s:4:\"2876\";i:2069;s:4:\"2877\";i:2070;s:4:\"2878\";i:2071;s:4:\"2879\";i:2072;s:4:\"2880\";i:2073;s:4:\"2881\";i:2074;s:4:\"2882\";i:2075;s:4:\"2883\";i:2076;s:4:\"2884\";i:2077;s:4:\"2885\";i:2078;s:4:\"2886\";i:2079;s:4:\"2887\";i:2080;s:4:\"2888\";i:2081;s:4:\"2889\";i:2082;s:4:\"2890\";i:2083;s:4:\"2891\";i:2084;s:4:\"2892\";i:2085;s:4:\"2893\";i:2086;s:4:\"2894\";i:2087;s:4:\"2895\";i:2088;s:4:\"2896\";i:2089;s:4:\"2897\";i:2090;s:4:\"2898\";i:2091;s:4:\"2899\";i:2092;s:4:\"2900\";i:2093;s:4:\"2901\";i:2094;s:4:\"2902\";i:2095;s:4:\"2903\";i:2096;s:4:\"2904\";i:2097;s:4:\"2905\";i:2098;s:4:\"2906\";i:2099;s:4:\"2907\";i:2100;s:4:\"2908\";i:2101;s:4:\"2909\";i:2102;s:4:\"2910\";i:2103;s:4:\"2911\";i:2104;s:4:\"2912\";i:2105;s:4:\"2913\";i:2106;s:4:\"2914\";i:2107;s:4:\"2915\";i:2108;s:4:\"2916\";i:2109;s:4:\"2917\";i:2110;s:4:\"2918\";i:2111;s:4:\"2919\";i:2112;s:4:\"2920\";i:2113;s:4:\"2921\";i:2114;s:4:\"2922\";i:2115;s:4:\"2923\";i:2116;s:4:\"2924\";i:2117;s:4:\"2925\";i:2118;s:4:\"2926\";i:2119;s:4:\"2927\";i:2120;s:4:\"2928\";i:2121;s:4:\"2929\";i:2122;s:4:\"2930\";i:2123;s:4:\"2931\";i:2124;s:4:\"2932\";i:2125;s:4:\"2933\";i:2126;s:4:\"2934\";i:2127;s:4:\"2935\";i:2128;s:4:\"2936\";i:2129;s:4:\"2937\";i:2130;s:4:\"2938\";i:2131;s:4:\"2939\";i:2132;s:4:\"2940\";i:2133;s:4:\"2941\";i:2134;s:4:\"2942\";i:2135;s:4:\"2943\";i:2136;s:4:\"2944\";i:2137;s:4:\"2945\";i:2138;s:4:\"2946\";i:2139;s:4:\"2947\";i:2140;s:4:\"2948\";i:2141;s:4:\"2949\";i:2142;s:4:\"2950\";i:2143;s:4:\"2951\";i:2144;s:4:\"2952\";i:2145;s:4:\"2953\";i:2146;s:4:\"2954\";i:2147;s:4:\"2955\";i:2148;s:4:\"2956\";i:2149;s:4:\"2957\";i:2150;s:4:\"2958\";i:2151;s:4:\"2959\";i:2152;s:4:\"2960\";i:2153;s:4:\"2961\";i:2154;s:4:\"2962\";i:2155;s:4:\"2963\";i:2156;s:4:\"2964\";i:2157;s:4:\"2965\";i:2158;s:4:\"2966\";i:2159;s:4:\"2967\";i:2160;s:4:\"2968\";i:2161;s:4:\"2969\";i:2162;s:4:\"2970\";i:2163;s:4:\"2971\";i:2164;s:4:\"2972\";i:2165;s:4:\"2973\";i:2166;s:4:\"2974\";i:2167;s:4:\"2975\";i:2168;s:4:\"2976\";i:2169;s:4:\"2977\";i:2170;s:4:\"2978\";i:2171;s:4:\"2979\";i:2172;s:4:\"2980\";i:2173;s:4:\"2981\";i:2174;s:4:\"2982\";i:2175;s:4:\"2983\";i:2176;s:4:\"2984\";i:2177;s:4:\"2985\";i:2178;s:4:\"2986\";i:2179;s:4:\"2987\";i:2180;s:4:\"2988\";i:2181;s:4:\"2989\";i:2182;s:4:\"2990\";i:2183;s:4:\"2991\";i:2184;s:4:\"2992\";i:2185;s:4:\"2993\";i:2186;s:4:\"2994\";i:2187;s:4:\"2995\";i:2188;s:4:\"2996\";i:2189;s:4:\"2997\";i:2190;s:4:\"2998\";i:2191;s:4:\"2999\";i:2192;s:4:\"3000\";i:2193;s:4:\"3001\";i:2194;s:4:\"3002\";i:2195;s:4:\"3003\";i:2196;s:4:\"3004\";i:2197;s:4:\"3005\";i:2198;s:4:\"3006\";i:2199;s:4:\"3007\";i:2200;s:4:\"3008\";i:2201;s:4:\"3009\";i:2202;s:4:\"3010\";i:2203;s:4:\"3011\";i:2204;s:4:\"3012\";i:2205;s:4:\"3013\";i:2206;s:4:\"3014\";i:2207;s:4:\"3015\";i:2208;s:4:\"3016\";i:2209;s:4:\"3017\";i:2210;s:4:\"3018\";i:2211;s:4:\"3019\";i:2212;s:4:\"3020\";i:2213;s:4:\"3021\";i:2214;s:4:\"3022\";i:2215;s:4:\"3023\";i:2216;s:4:\"3024\";i:2217;s:4:\"3025\";i:2218;s:4:\"3026\";i:2219;s:4:\"3027\";i:2220;s:4:\"3028\";i:2221;s:4:\"3029\";i:2222;s:4:\"3030\";i:2223;s:4:\"3031\";i:2224;s:4:\"3032\";i:2225;s:4:\"3033\";i:2226;s:4:\"3034\";i:2227;s:4:\"3035\";i:2228;s:4:\"3036\";i:2229;s:4:\"3037\";i:2230;s:4:\"3038\";i:2231;s:4:\"3039\";i:2232;s:4:\"3040\";i:2233;s:4:\"3041\";i:2234;s:4:\"3042\";i:2235;s:4:\"3043\";i:2236;s:4:\"3044\";i:2237;s:4:\"3045\";i:2238;s:4:\"3046\";i:2239;s:4:\"3047\";i:2240;s:4:\"3048\";i:2241;s:4:\"3049\";i:2242;s:4:\"3050\";i:2243;s:4:\"3051\";i:2244;s:4:\"3052\";i:2245;s:4:\"3053\";i:2246;s:4:\"3054\";i:2247;s:4:\"3055\";i:2248;s:4:\"3056\";i:2249;s:4:\"3057\";i:2250;s:4:\"3058\";i:2251;s:4:\"3059\";i:2252;s:4:\"3060\";i:2253;s:4:\"3061\";i:2254;s:4:\"3062\";i:2255;s:4:\"3063\";i:2256;s:4:\"3064\";i:2257;s:4:\"3065\";i:2258;s:4:\"3066\";i:2259;s:4:\"3067\";i:2260;s:4:\"3068\";i:2261;s:4:\"3069\";i:2262;s:4:\"3070\";i:2263;s:4:\"3071\";i:2264;s:4:\"3072\";i:2265;s:4:\"3073\";i:2266;s:4:\"3074\";i:2267;s:4:\"3075\";i:2268;s:4:\"3076\";i:2269;s:4:\"3077\";i:2270;s:4:\"3078\";i:2271;s:4:\"3079\";i:2272;s:4:\"3080\";i:2273;s:4:\"3081\";i:2274;s:4:\"3082\";i:2275;s:4:\"3083\";i:2276;s:4:\"3084\";i:2277;s:4:\"3085\";i:2278;s:4:\"3086\";i:2279;s:4:\"3087\";i:2280;s:4:\"3088\";i:2281;s:4:\"3089\";i:2282;s:4:\"3090\";i:2283;s:4:\"3091\";i:2284;s:4:\"3092\";i:2285;s:4:\"3093\";i:2286;s:4:\"3094\";i:2287;s:4:\"3095\";i:2288;s:4:\"3096\";i:2289;s:4:\"3097\";i:2290;s:4:\"3098\";i:2291;s:4:\"3099\";i:2292;s:4:\"3100\";i:2293;s:4:\"3101\";i:2294;s:4:\"3102\";i:2295;s:4:\"3103\";i:2296;s:4:\"3104\";i:2297;s:4:\"3105\";i:2298;s:4:\"3106\";i:2299;s:4:\"3107\";i:2300;s:4:\"3108\";i:2301;s:4:\"3109\";i:2302;s:4:\"3110\";i:2303;s:4:\"3111\";i:2304;s:4:\"3112\";i:2305;s:4:\"3113\";i:2306;s:4:\"3114\";i:2307;s:4:\"3115\";i:2308;s:4:\"3116\";i:2309;s:4:\"3117\";i:2310;s:4:\"3118\";i:2311;s:4:\"3119\";i:2312;s:4:\"3120\";i:2313;s:4:\"3121\";i:2314;s:4:\"3122\";i:2315;s:4:\"3123\";i:2316;s:4:\"3124\";i:2317;s:4:\"3125\";i:2318;s:4:\"3126\";i:2319;s:4:\"3127\";i:2320;s:4:\"3128\";i:2321;s:4:\"3129\";i:2322;s:4:\"3130\";i:2323;s:4:\"3131\";i:2324;s:4:\"3132\";i:2325;s:4:\"3133\";i:2326;s:4:\"3134\";i:2327;s:4:\"3135\";i:2328;s:4:\"3136\";i:2329;s:4:\"3137\";i:2330;s:4:\"3138\";i:2331;s:4:\"3139\";i:2332;s:4:\"3140\";i:2333;s:4:\"3141\";i:2334;s:4:\"3142\";i:2335;s:4:\"3143\";i:2336;s:4:\"3144\";i:2337;s:4:\"3145\";i:2338;s:4:\"3146\";i:2339;s:4:\"3147\";i:2340;s:4:\"3148\";i:2341;s:4:\"3149\";i:2342;s:4:\"3150\";i:2343;s:4:\"3151\";i:2344;s:4:\"3152\";i:2345;s:4:\"3153\";i:2346;s:4:\"3154\";i:2347;s:4:\"3155\";i:2348;s:4:\"3156\";i:2349;s:4:\"3157\";i:2350;s:4:\"3158\";i:2351;s:4:\"3159\";i:2352;s:4:\"3160\";i:2353;s:4:\"3161\";i:2354;s:4:\"3162\";i:2355;s:4:\"3163\";i:2356;s:4:\"3164\";i:2357;s:4:\"3165\";i:2358;s:4:\"3166\";i:2359;s:4:\"3167\";i:2360;s:4:\"3168\";i:2361;s:4:\"3169\";i:2362;s:4:\"3170\";i:2363;s:4:\"3171\";i:2364;s:4:\"3172\";i:2365;s:4:\"3173\";i:2366;s:4:\"3174\";i:2367;s:4:\"3175\";i:2368;s:4:\"3176\";i:2369;s:4:\"3177\";i:2370;s:4:\"3178\";i:2371;s:4:\"3179\";i:2372;s:4:\"3180\";i:2373;s:4:\"3181\";i:2374;s:4:\"3182\";i:2375;s:4:\"3183\";i:2376;s:4:\"3184\";i:2377;s:4:\"3185\";i:2378;s:4:\"3186\";i:2379;s:4:\"3187\";i:2380;s:4:\"3188\";i:2381;s:4:\"3189\";i:2382;s:4:\"3190\";i:2383;s:4:\"3191\";i:2384;s:4:\"3192\";i:2385;s:4:\"3193\";i:2386;s:4:\"3194\";i:2387;s:4:\"3195\";i:2388;s:4:\"3196\";i:2389;s:4:\"3197\";i:2390;s:4:\"3198\";i:2391;s:4:\"3199\";i:2392;s:4:\"3200\";i:2393;s:4:\"3201\";i:2394;s:4:\"3202\";i:2395;s:4:\"3203\";i:2396;s:4:\"3204\";i:2397;s:4:\"3205\";i:2398;s:4:\"3206\";i:2399;s:4:\"3207\";i:2400;s:4:\"3208\";i:2401;s:4:\"3209\";i:2402;s:4:\"3210\";i:2403;s:4:\"3211\";i:2404;s:4:\"3212\";i:2405;s:4:\"3213\";i:2406;s:4:\"3214\";i:2407;s:4:\"3215\";i:2408;s:4:\"3216\";i:2409;s:4:\"3217\";i:2410;s:4:\"3218\";i:2411;s:4:\"3219\";i:2412;s:4:\"3220\";i:2413;s:4:\"3221\";i:2414;s:4:\"3222\";i:2415;s:4:\"3223\";i:2416;s:4:\"3224\";i:2417;s:4:\"3225\";i:2418;s:4:\"3226\";i:2419;s:4:\"3227\";i:2420;s:4:\"3228\";i:2421;s:4:\"3229\";i:2422;s:4:\"3230\";i:2423;s:4:\"3231\";i:2424;s:4:\"3232\";i:2425;s:4:\"3233\";i:2426;s:4:\"3234\";i:2427;s:4:\"3235\";i:2428;s:4:\"3236\";i:2429;s:4:\"3237\";i:2430;s:4:\"3238\";i:2431;s:4:\"3239\";i:2432;s:4:\"3240\";i:2433;s:4:\"3241\";i:2434;s:4:\"3242\";i:2435;s:4:\"3243\";i:2436;s:4:\"3244\";i:2437;s:4:\"3245\";i:2438;s:4:\"3246\";i:2439;s:4:\"3247\";i:2440;s:4:\"3248\";i:2441;s:4:\"3249\";i:2442;s:4:\"3250\";i:2443;s:4:\"3251\";i:2444;s:4:\"3252\";i:2445;s:4:\"3253\";i:2446;s:4:\"3254\";i:2447;s:4:\"3255\";i:2448;s:4:\"3256\";i:2449;s:4:\"3257\";i:2450;s:4:\"3258\";i:2451;s:4:\"3259\";i:2452;s:4:\"3260\";i:2453;s:4:\"3261\";i:2454;s:4:\"3262\";i:2455;s:4:\"3263\";i:2456;s:4:\"3264\";i:2457;s:4:\"3265\";i:2458;s:4:\"3266\";i:2459;s:4:\"3267\";i:2460;s:4:\"3268\";i:2461;s:4:\"3269\";i:2462;s:4:\"3270\";i:2463;s:4:\"3271\";i:2464;s:4:\"3272\";i:2465;s:4:\"3273\";i:2466;s:4:\"3274\";i:2467;s:4:\"3275\";i:2468;s:4:\"3276\";i:2469;s:4:\"3277\";i:2470;s:4:\"3278\";i:2471;s:4:\"3279\";i:2472;s:4:\"3280\";i:2473;s:4:\"3281\";i:2474;s:4:\"3282\";i:2475;s:4:\"3283\";i:2476;s:4:\"3284\";i:2477;s:4:\"3285\";i:2478;s:4:\"3286\";i:2479;s:4:\"3287\";i:2480;s:4:\"3288\";i:2481;s:4:\"4209\";i:2482;s:4:\"4210\";i:2483;s:4:\"4211\";i:2484;s:4:\"4212\";i:2485;s:4:\"4213\";i:2486;s:4:\"4214\";i:2487;s:4:\"4215\";i:2488;s:4:\"4216\";i:2489;s:4:\"4217\";i:2490;s:4:\"4218\";i:2491;s:4:\"4219\";i:2492;s:4:\"4220\";i:2493;s:4:\"4221\";i:2494;s:4:\"4222\";i:2495;s:4:\"4223\";i:2496;s:4:\"4224\";i:2497;s:4:\"4225\";i:2498;s:4:\"4226\";i:2499;s:4:\"4227\";i:2500;s:4:\"4228\";i:2501;s:4:\"4229\";i:2502;s:4:\"4230\";i:2503;s:4:\"4231\";i:2504;s:4:\"4232\";i:2505;s:4:\"4233\";i:2506;s:4:\"4234\";i:2507;s:4:\"4235\";i:2508;s:4:\"4236\";i:2509;s:4:\"4237\";i:2510;s:4:\"4238\";i:2511;s:4:\"4239\";i:2512;s:4:\"4240\";i:2513;s:4:\"4241\";i:2514;s:4:\"4242\";i:2515;s:4:\"4243\";i:2516;s:4:\"4244\";i:2517;s:4:\"4245\";i:2518;s:4:\"4246\";i:2519;s:4:\"4247\";i:2520;s:4:\"4248\";i:2521;s:4:\"4249\";i:2522;s:4:\"4250\";i:2523;s:4:\"4251\";i:2524;s:4:\"4252\";i:2525;s:4:\"4253\";i:2526;s:4:\"4254\";i:2527;s:4:\"4255\";i:2528;s:4:\"4256\";i:2529;s:4:\"4257\";i:2530;s:4:\"4258\";i:2531;s:4:\"4259\";i:2532;s:4:\"4260\";i:2533;s:4:\"4261\";i:2534;s:4:\"4262\";i:2535;s:4:\"4263\";i:2536;s:4:\"4264\";i:2537;s:4:\"4265\";i:2538;s:4:\"4266\";i:2539;s:4:\"4267\";i:2540;s:4:\"4268\";i:2541;s:4:\"4269\";i:2542;s:4:\"4270\";i:2543;s:4:\"4271\";i:2544;s:4:\"4272\";i:2545;s:4:\"4273\";i:2546;s:4:\"4274\";i:2547;s:4:\"4275\";i:2548;s:4:\"4276\";i:2549;s:4:\"4277\";i:2550;s:4:\"4278\";i:2551;s:4:\"4279\";i:2552;s:4:\"4280\";i:2553;s:4:\"4281\";i:2554;s:4:\"4282\";i:2555;s:4:\"4283\";i:2556;s:4:\"4284\";i:2557;s:4:\"4285\";i:2558;s:4:\"4286\";i:2559;s:4:\"4287\";i:2560;s:4:\"4288\";i:2561;s:4:\"4289\";i:2562;s:4:\"4290\";i:2563;s:4:\"4291\";i:2564;s:4:\"4292\";i:2565;s:4:\"4293\";i:2566;s:4:\"4294\";i:2567;s:4:\"4295\";i:2568;s:4:\"4296\";i:2569;s:4:\"4297\";i:2570;s:4:\"4298\";i:2571;s:4:\"4299\";i:2572;s:4:\"4300\";i:2573;s:4:\"4301\";i:2574;s:4:\"4302\";i:2575;s:4:\"4303\";i:2576;s:4:\"4304\";i:2577;s:4:\"4305\";i:2578;s:4:\"4306\";i:2579;s:4:\"4307\";i:2580;s:4:\"4308\";i:2581;s:4:\"4309\";i:2582;s:4:\"4310\";i:2583;s:4:\"4311\";i:2584;s:4:\"4312\";i:2585;s:4:\"4313\";i:2586;s:4:\"4314\";i:2587;s:4:\"4315\";i:2588;s:4:\"4316\";i:2589;s:4:\"4317\";i:2590;s:4:\"4318\";i:2591;s:4:\"4319\";i:2592;s:4:\"4320\";i:2593;s:4:\"4321\";i:2594;s:4:\"4322\";i:2595;s:4:\"4323\";i:2596;s:4:\"4324\";i:2597;s:4:\"4325\";i:2598;s:4:\"4326\";i:2599;s:4:\"4327\";i:2600;s:4:\"4328\";i:2601;s:4:\"4329\";i:2602;s:4:\"4330\";i:2603;s:4:\"4331\";i:2604;s:4:\"4332\";i:2605;s:4:\"4333\";i:2606;s:4:\"4334\";i:2607;s:4:\"4335\";i:2608;s:4:\"4336\";i:2609;s:4:\"4337\";i:2610;s:4:\"4338\";i:2611;s:4:\"4339\";i:2612;s:4:\"4340\";i:2613;s:4:\"4341\";i:2614;s:4:\"4342\";i:2615;s:4:\"4343\";i:2616;s:4:\"4344\";i:2617;s:4:\"4345\";i:2618;s:4:\"4346\";i:2619;s:4:\"4347\";i:2620;s:4:\"4348\";i:2621;s:4:\"4349\";i:2622;s:4:\"4350\";i:2623;s:4:\"4351\";i:2624;s:4:\"4352\";i:2625;s:4:\"4353\";i:2626;s:4:\"4354\";i:2627;s:4:\"4355\";i:2628;s:4:\"4356\";i:2629;s:4:\"4357\";i:2630;s:4:\"4358\";i:2631;s:4:\"4359\";i:2632;s:4:\"4360\";i:2633;s:4:\"4361\";i:2634;s:4:\"4362\";i:2635;s:4:\"4363\";i:2636;s:4:\"4364\";i:2637;s:4:\"4365\";i:2638;s:4:\"4366\";i:2639;s:4:\"4367\";i:2640;s:4:\"4368\";i:2641;s:4:\"4369\";i:2642;s:4:\"4370\";i:2643;s:4:\"4371\";i:2644;s:4:\"4372\";i:2645;s:4:\"4373\";i:2646;s:4:\"4374\";i:2647;s:4:\"4375\";i:2648;s:4:\"4376\";i:2649;s:4:\"4377\";i:2650;s:4:\"4378\";i:2651;s:4:\"4379\";i:2652;s:4:\"4380\";i:2653;s:4:\"4381\";i:2654;s:4:\"4382\";i:2655;s:4:\"4383\";i:2656;s:4:\"4384\";i:2657;s:4:\"4385\";i:2658;s:4:\"4386\";i:2659;s:4:\"4387\";i:2660;s:4:\"4388\";i:2661;s:4:\"4389\";i:2662;s:4:\"4390\";i:2663;s:4:\"4391\";i:2664;s:4:\"4392\";i:2665;s:4:\"4393\";i:2666;s:4:\"4394\";i:2667;s:4:\"4395\";i:2668;s:4:\"4396\";i:2669;s:4:\"4397\";i:2670;s:4:\"4398\";i:2671;s:4:\"4399\";i:2672;s:4:\"4400\";i:2673;s:4:\"4401\";i:2674;s:4:\"4402\";i:2675;s:4:\"4403\";i:2676;s:4:\"4404\";i:2677;s:4:\"4405\";i:2678;s:4:\"4406\";i:2679;s:4:\"4407\";i:2680;s:4:\"4408\";i:2681;s:4:\"4409\";i:2682;s:4:\"4410\";i:2683;s:4:\"4411\";i:2684;s:4:\"4412\";i:2685;s:4:\"4413\";i:2686;s:4:\"4414\";i:2687;s:4:\"4415\";i:2688;s:4:\"4416\";i:2689;s:4:\"4417\";i:2690;s:4:\"4418\";i:2691;s:4:\"4419\";i:2692;s:4:\"4420\";i:2693;s:4:\"4421\";i:2694;s:4:\"4422\";i:2695;s:4:\"4423\";i:2696;s:4:\"4424\";i:2697;s:4:\"4425\";i:2698;s:4:\"4426\";i:2699;s:4:\"4427\";i:2700;s:4:\"4428\";i:2701;s:4:\"4429\";i:2702;s:4:\"4430\";i:2703;s:4:\"4431\";i:2704;s:4:\"4432\";i:2705;s:4:\"4433\";i:2706;s:4:\"4434\";i:2707;s:4:\"4435\";i:2708;s:4:\"4436\";i:2709;s:4:\"4437\";i:2710;s:4:\"4438\";i:2711;s:4:\"4439\";i:2712;s:4:\"4440\";i:2713;s:4:\"4441\";i:2714;s:4:\"4442\";i:2715;s:4:\"4443\";i:2716;s:4:\"4444\";i:2717;s:4:\"4445\";i:2718;s:4:\"4446\";i:2719;s:4:\"4447\";i:2720;s:4:\"4448\";i:2721;s:4:\"4449\";i:2722;s:4:\"4450\";i:2723;s:4:\"4451\";i:2724;s:4:\"4452\";i:2725;s:4:\"4453\";i:2726;s:4:\"4454\";i:2727;s:4:\"4455\";i:2728;s:4:\"4456\";i:2729;s:4:\"4457\";i:2730;s:4:\"4458\";i:2731;s:4:\"4459\";i:2732;s:4:\"4460\";i:2733;s:4:\"4461\";i:2734;s:4:\"4462\";i:2735;s:4:\"4463\";i:2736;s:4:\"4464\";i:2737;s:4:\"4465\";i:2738;s:4:\"4466\";i:2739;s:4:\"4467\";i:2740;s:4:\"4468\";i:2741;s:4:\"4469\";i:2742;s:4:\"4470\";i:2743;s:4:\"4471\";i:2744;s:4:\"4472\";i:2745;s:4:\"4473\";i:2746;s:4:\"4474\";i:2747;s:4:\"4475\";i:2748;s:4:\"4476\";i:2749;s:4:\"4477\";i:2750;s:4:\"4478\";i:2751;s:4:\"4479\";i:2752;s:4:\"4480\";i:2753;s:4:\"4481\";i:2754;s:4:\"4482\";i:2755;s:4:\"4483\";i:2756;s:4:\"4484\";i:2757;s:4:\"4485\";i:2758;s:4:\"4486\";i:2759;s:4:\"4487\";i:2760;s:4:\"4488\";i:2761;s:4:\"4489\";i:2762;s:4:\"4490\";i:2763;s:4:\"4491\";i:2764;s:4:\"4492\";i:2765;s:4:\"4493\";i:2766;s:4:\"4494\";i:2767;s:4:\"4495\";i:2768;s:4:\"4496\";i:2769;s:4:\"4497\";i:2770;s:4:\"4498\";i:2771;s:4:\"4499\";i:2772;s:4:\"4500\";i:2773;s:4:\"4501\";i:2774;s:4:\"4502\";i:2775;s:4:\"4503\";i:2776;s:4:\"4504\";i:2777;s:4:\"4505\";i:2778;s:4:\"4506\";i:2779;s:4:\"4507\";i:2780;s:4:\"4508\";i:2781;s:4:\"4509\";i:2782;s:4:\"4510\";i:2783;s:4:\"4511\";i:2784;s:4:\"4512\";i:2785;s:4:\"4513\";i:2786;s:4:\"4514\";i:2787;s:4:\"4515\";i:2788;s:4:\"4516\";i:2789;s:4:\"4517\";i:2790;s:4:\"4518\";i:2791;s:4:\"4519\";i:2792;s:4:\"4520\";i:2793;s:4:\"4521\";i:2794;s:4:\"4522\";i:2795;s:4:\"4523\";i:2796;s:4:\"4524\";i:2797;s:4:\"4525\";i:2798;s:4:\"4526\";i:2799;s:4:\"4527\";i:2800;s:4:\"4528\";i:2801;s:4:\"4529\";i:2802;s:4:\"4530\";i:2803;s:4:\"4531\";i:2804;s:4:\"4532\";i:2805;s:4:\"4533\";i:2806;s:4:\"4534\";i:2807;s:4:\"4535\";i:2808;s:4:\"4536\";i:2809;s:4:\"4537\";i:2810;s:4:\"4538\";i:2811;s:4:\"4539\";i:2812;s:4:\"4540\";i:2813;s:4:\"4541\";i:2814;s:4:\"4542\";i:2815;s:4:\"4543\";i:2816;s:4:\"4544\";i:2817;s:4:\"4545\";i:2818;s:4:\"4546\";i:2819;s:4:\"4547\";i:2820;s:4:\"4548\";i:2821;s:4:\"4549\";i:2822;s:4:\"4550\";i:2823;s:4:\"4551\";i:2824;s:4:\"4552\";i:2825;s:4:\"4553\";i:2826;s:4:\"4554\";i:2827;s:4:\"4555\";i:2828;s:4:\"4556\";i:2829;s:4:\"4557\";i:2830;s:4:\"4558\";i:2831;s:4:\"4559\";i:2832;s:4:\"4560\";i:2833;s:4:\"4561\";i:2834;s:4:\"4562\";i:2835;s:4:\"4563\";i:2836;s:4:\"4564\";i:2837;s:4:\"4565\";i:2838;s:4:\"4566\";i:2839;s:4:\"4567\";i:2840;s:4:\"4568\";i:2841;s:4:\"4569\";i:2842;s:4:\"4570\";i:2843;s:4:\"4571\";i:2844;s:4:\"4572\";i:2845;s:4:\"4573\";i:2846;s:4:\"4574\";i:2847;s:4:\"4575\";i:2848;s:4:\"4576\";i:2849;s:4:\"4577\";i:2850;s:4:\"4578\";i:2851;s:4:\"4579\";i:2852;s:4:\"4580\";i:2853;s:4:\"4581\";i:2854;s:4:\"4582\";i:2855;s:4:\"4583\";i:2856;s:4:\"4584\";i:2857;s:4:\"4585\";i:2858;s:4:\"4586\";i:2859;s:4:\"4587\";i:2860;s:4:\"4588\";i:2861;s:4:\"4589\";i:2862;s:4:\"4590\";i:2863;s:4:\"4591\";i:2864;s:4:\"4592\";i:2865;s:4:\"4593\";i:2866;s:4:\"4594\";i:2867;s:4:\"4595\";i:2868;s:4:\"4596\";i:2869;s:4:\"4597\";i:2870;s:4:\"4598\";i:2871;s:4:\"4599\";i:2872;s:4:\"4600\";i:2873;s:4:\"4601\";i:2874;s:4:\"4602\";i:2875;s:4:\"4603\";i:2876;s:4:\"4604\";i:2877;s:4:\"4605\";i:2878;s:4:\"4606\";i:2879;s:4:\"4607\";i:2880;s:4:\"4608\";i:2881;s:4:\"4609\";i:2882;s:4:\"4610\";i:2883;s:4:\"4611\";i:2884;s:4:\"4612\";i:2885;s:4:\"4613\";i:2886;s:4:\"4614\";i:2887;s:4:\"4615\";i:2888;s:4:\"4616\";i:2889;s:4:\"4617\";i:2890;s:4:\"4618\";i:2891;s:4:\"4619\";i:2892;s:4:\"4620\";i:2893;s:4:\"4621\";i:2894;s:4:\"4622\";i:2895;s:4:\"4623\";i:2896;s:4:\"4624\";i:2897;s:4:\"4625\";i:2898;s:4:\"4626\";i:2899;s:4:\"4627\";i:2900;s:4:\"4628\";i:2901;s:4:\"4629\";i:2902;s:4:\"4630\";i:2903;s:4:\"4631\";i:2904;s:4:\"4632\";i:2905;s:4:\"4633\";i:2906;s:4:\"4634\";i:2907;s:4:\"4635\";i:2908;s:4:\"4636\";i:2909;s:4:\"4637\";i:2910;s:4:\"4638\";i:2911;s:4:\"4639\";i:2912;s:4:\"4640\";i:2913;s:4:\"4641\";i:2914;s:4:\"4642\";i:2915;s:4:\"4643\";i:2916;s:4:\"4644\";i:2917;s:4:\"4645\";i:2918;s:4:\"4646\";i:2919;s:4:\"4647\";i:2920;s:4:\"4648\";i:2921;s:4:\"4649\";i:2922;s:4:\"4650\";i:2923;s:4:\"4651\";i:2924;s:4:\"4652\";i:2925;s:4:\"4653\";i:2926;s:4:\"4654\";i:2927;s:4:\"4655\";i:2928;s:4:\"4656\";i:2929;s:4:\"4657\";i:2930;s:4:\"4658\";i:2931;s:4:\"4659\";i:2932;s:4:\"4660\";i:2933;s:4:\"4661\";i:2934;s:4:\"4662\";i:2935;s:4:\"4663\";i:2936;s:4:\"4664\";i:2937;s:4:\"4665\";i:2938;s:4:\"4666\";i:2939;s:4:\"4667\";i:2940;s:4:\"4668\";i:2941;s:4:\"4669\";i:2942;s:4:\"4670\";i:2943;s:4:\"4671\";i:2944;s:4:\"4672\";i:2945;s:4:\"4673\";i:2946;s:4:\"4674\";i:2947;s:4:\"4675\";i:2948;s:4:\"4676\";i:2949;s:4:\"4677\";i:2950;s:4:\"4678\";i:2951;s:4:\"4679\";i:2952;s:4:\"4680\";i:2953;s:4:\"4681\";i:2954;s:4:\"4682\";i:2955;s:4:\"4683\";i:2956;s:4:\"4684\";i:2957;s:4:\"4685\";i:2958;s:4:\"4686\";i:2959;s:4:\"4687\";i:2960;s:4:\"4688\";i:2961;s:4:\"4689\";i:2962;s:4:\"4690\";i:2963;s:4:\"4691\";i:2964;s:4:\"4692\";i:2965;s:4:\"4693\";i:2966;s:4:\"4694\";i:2967;s:4:\"4695\";i:2968;s:4:\"4696\";i:2969;s:4:\"4697\";i:2970;s:4:\"4698\";i:2971;s:4:\"4699\";i:2972;s:4:\"4700\";i:2973;s:4:\"4701\";i:2974;s:4:\"4702\";i:2975;s:4:\"4703\";i:2976;s:4:\"4704\";i:2977;s:4:\"4705\";i:2978;s:4:\"4706\";i:2979;s:4:\"4707\";i:2980;s:4:\"4708\";i:2981;s:4:\"4709\";i:2982;s:4:\"4710\";i:2983;s:4:\"4711\";i:2984;s:4:\"4712\";i:2985;s:4:\"4713\";i:2986;s:4:\"4714\";i:2987;s:4:\"4715\";i:2988;s:4:\"4716\";i:2989;s:4:\"4717\";i:2990;s:4:\"4718\";i:2991;s:4:\"4719\";i:2992;s:4:\"4720\";i:2993;s:4:\"4721\";i:2994;s:4:\"4722\";i:2995;s:4:\"4723\";i:2996;s:4:\"4724\";i:2997;s:4:\"4725\";i:2998;s:4:\"4726\";i:2999;s:4:\"4727\";i:3000;s:4:\"4728\";i:3001;s:4:\"4729\";i:3002;s:4:\"4730\";i:3003;s:4:\"4731\";i:3004;s:4:\"4732\";i:3005;s:4:\"4733\";i:3006;s:4:\"4734\";i:3007;s:4:\"4735\";i:3008;s:4:\"4736\";i:3009;s:4:\"4737\";i:3010;s:4:\"4738\";i:3011;s:4:\"4739\";i:3012;s:4:\"4740\";i:3013;s:4:\"4741\";i:3014;s:4:\"4742\";i:3015;s:4:\"4743\";i:3016;s:4:\"4744\";i:3017;s:4:\"4745\";i:3018;s:4:\"4746\";i:3019;s:4:\"4747\";i:3020;s:4:\"4748\";i:3021;s:4:\"4749\";i:3022;s:4:\"4750\";i:3023;s:4:\"4751\";i:3024;s:4:\"4752\";i:3025;s:4:\"4753\";i:3026;s:4:\"4754\";i:3027;s:4:\"4755\";i:3028;s:4:\"4756\";i:3029;s:4:\"4757\";i:3030;s:4:\"4758\";i:3031;s:4:\"4759\";i:3032;s:4:\"4760\";i:3033;s:4:\"4761\";i:3034;s:4:\"4762\";i:3035;s:4:\"4763\";i:3036;s:4:\"4764\";i:3037;s:4:\"4765\";i:3038;s:4:\"4766\";i:3039;s:4:\"4767\";i:3040;s:4:\"4768\";i:3041;s:4:\"4769\";i:3042;s:4:\"4770\";i:3043;s:4:\"4771\";i:3044;s:4:\"4772\";i:3045;s:4:\"4773\";i:3046;s:4:\"4774\";i:3047;s:4:\"4775\";i:3048;s:4:\"4776\";i:3049;s:4:\"4777\";i:3050;s:4:\"4778\";i:3051;s:4:\"4779\";i:3052;s:4:\"4780\";i:3053;s:4:\"4781\";i:3054;s:4:\"4782\";i:3055;s:4:\"4783\";i:3056;s:4:\"4784\";i:3057;s:4:\"4785\";i:3058;s:4:\"4786\";i:3059;s:4:\"4787\";i:3060;s:4:\"4788\";i:3061;s:4:\"4789\";i:3062;s:4:\"4790\";i:3063;s:4:\"4791\";i:3064;s:4:\"4792\";i:3065;s:4:\"4793\";i:3066;s:4:\"4794\";i:3067;s:4:\"4795\";i:3068;s:4:\"4796\";i:3069;s:4:\"4797\";i:3070;s:4:\"4798\";i:3071;s:4:\"4799\";i:3072;s:4:\"4800\";i:3073;s:4:\"4801\";i:3074;s:4:\"4802\";i:3075;s:4:\"4803\";i:3076;s:4:\"4804\";i:3077;s:4:\"4805\";i:3078;s:4:\"4806\";i:3079;s:4:\"4807\";i:3080;s:4:\"4808\";i:3081;s:4:\"4809\";i:3082;s:4:\"4810\";i:3083;s:4:\"4811\";i:3084;s:4:\"4812\";i:3085;s:4:\"4813\";i:3086;s:4:\"4814\";i:3087;s:4:\"4815\";i:3088;s:4:\"4816\";i:3089;s:4:\"4817\";i:3090;s:4:\"4818\";i:3091;s:4:\"4819\";i:3092;s:4:\"4820\";i:3093;s:4:\"4821\";i:3094;s:4:\"4822\";i:3095;s:4:\"4823\";i:3096;s:4:\"4824\";i:3097;s:4:\"4825\";i:3098;s:4:\"4826\";i:3099;s:4:\"4827\";i:3100;s:4:\"4828\";i:3101;s:4:\"4829\";i:3102;s:4:\"4830\";i:3103;s:4:\"4831\";i:3104;s:4:\"4832\";i:3105;s:4:\"4833\";i:3106;s:4:\"4834\";i:3107;s:4:\"4835\";i:3108;s:4:\"4836\";i:3109;s:4:\"4837\";i:3110;s:4:\"4838\";i:3111;s:4:\"4839\";i:3112;s:4:\"4840\";i:3113;s:4:\"4841\";i:3114;s:4:\"4842\";i:3115;s:4:\"4843\";i:3116;s:4:\"4844\";i:3117;s:4:\"4845\";i:3118;s:4:\"4846\";i:3119;s:4:\"4847\";i:3120;s:4:\"4848\";i:3121;s:4:\"4849\";i:3122;s:4:\"4850\";i:3123;s:4:\"4851\";i:3124;s:4:\"4852\";i:3125;s:4:\"4853\";i:3126;s:4:\"4854\";i:3127;s:4:\"4855\";i:3128;s:4:\"4856\";i:3129;s:4:\"4857\";i:3130;s:4:\"4858\";i:3131;s:4:\"4859\";i:3132;s:4:\"4860\";i:3133;s:4:\"4861\";i:3134;s:4:\"4862\";i:3135;s:4:\"4863\";i:3136;s:4:\"4864\";i:3137;s:4:\"4865\";i:3138;s:4:\"4866\";i:3139;s:4:\"4867\";i:3140;s:4:\"4868\";i:3141;s:4:\"4869\";i:3142;s:4:\"4870\";i:3143;s:4:\"4871\";i:3144;s:4:\"4872\";i:3145;s:4:\"4873\";i:3146;s:4:\"4874\";i:3147;s:4:\"4875\";i:3148;s:4:\"4876\";i:3149;s:4:\"4877\";i:3150;s:4:\"4878\";i:3151;s:4:\"4879\";i:3152;s:4:\"4880\";i:3153;s:4:\"4881\";i:3154;s:4:\"4882\";i:3155;s:4:\"4883\";i:3156;s:4:\"4884\";i:3157;s:4:\"4885\";i:3158;s:4:\"4886\";i:3159;s:4:\"4887\";i:3160;s:4:\"4888\";i:3161;s:4:\"4889\";i:3162;s:4:\"4890\";i:3163;s:4:\"4891\";i:3164;s:4:\"4892\";i:3165;s:4:\"4893\";i:3166;s:4:\"4894\";i:3167;s:4:\"4895\";i:3168;s:4:\"4896\";i:3169;s:4:\"4897\";i:3170;s:4:\"4898\";i:3171;s:4:\"4899\";i:3172;s:4:\"4900\";i:3173;s:4:\"4901\";i:3174;s:4:\"4902\";i:3175;s:4:\"4903\";i:3176;s:4:\"4904\";i:3177;s:4:\"4905\";i:3178;s:4:\"4906\";i:3179;s:4:\"4907\";i:3180;s:4:\"4908\";i:3181;s:4:\"4909\";i:3182;s:4:\"4910\";i:3183;s:4:\"4911\";i:3184;s:4:\"4912\";i:3185;s:4:\"4913\";i:3186;s:4:\"4914\";i:3187;s:4:\"4915\";i:3188;s:4:\"4916\";i:3189;s:4:\"4917\";i:3190;s:4:\"4918\";i:3191;s:4:\"4919\";i:3192;s:4:\"4920\";i:3193;s:4:\"4921\";i:3194;s:4:\"4922\";i:3195;s:4:\"4923\";i:3196;s:4:\"4924\";i:3197;s:4:\"4925\";i:3198;s:4:\"4926\";i:3199;s:4:\"4927\";i:3200;s:4:\"4928\";i:3201;s:4:\"4929\";i:3202;s:4:\"4930\";i:3203;s:4:\"4931\";i:3204;s:4:\"4932\";i:3205;s:4:\"4933\";i:3206;s:4:\"4934\";i:3207;s:4:\"4935\";i:3208;s:4:\"4936\";i:3209;s:4:\"4937\";i:3210;s:4:\"4938\";i:3211;s:4:\"4939\";i:3212;s:4:\"4940\";i:3213;s:4:\"4941\";i:3214;s:4:\"4942\";i:3215;s:4:\"4943\";i:3216;s:4:\"4944\";i:3217;s:4:\"4945\";i:3218;s:4:\"4946\";i:3219;s:4:\"4947\";i:3220;s:4:\"4948\";i:3221;s:4:\"4949\";i:3222;s:4:\"4950\";i:3223;s:4:\"4951\";i:3224;s:4:\"4952\";i:3225;s:4:\"4953\";i:3226;s:4:\"4954\";i:3227;s:4:\"4955\";i:3228;s:4:\"4956\";i:3229;s:4:\"4957\";i:3230;s:4:\"4958\";i:3231;s:4:\"4959\";i:3232;s:4:\"4960\";i:3233;s:4:\"4961\";i:3234;s:4:\"4962\";i:3235;s:4:\"4963\";i:3236;s:4:\"4964\";i:3237;s:4:\"4965\";i:3238;s:4:\"4966\";i:3239;s:4:\"4967\";i:3240;s:4:\"4968\";i:3241;s:4:\"4969\";i:3242;s:4:\"4970\";i:3243;s:4:\"4971\";i:3244;s:4:\"4972\";i:3245;s:4:\"4973\";i:3246;s:4:\"4974\";i:3247;s:4:\"4975\";i:3248;s:4:\"4976\";i:3249;s:4:\"4977\";i:3250;s:4:\"4978\";i:3251;s:4:\"4979\";i:3252;s:4:\"4980\";i:3253;s:4:\"4981\";i:3254;s:4:\"4982\";i:3255;s:4:\"4983\";i:3256;s:4:\"4984\";i:3257;s:4:\"4985\";i:3258;s:4:\"4986\";i:3259;s:4:\"4987\";i:3260;s:4:\"4988\";i:3261;s:4:\"4989\";i:3262;s:4:\"4990\";i:3263;s:4:\"4991\";i:3264;s:4:\"4992\";i:3265;s:4:\"4993\";i:3266;s:4:\"4994\";i:3267;s:4:\"4995\";i:3268;s:4:\"4996\";i:3269;s:4:\"4997\";i:3270;s:4:\"4998\";i:3271;s:4:\"4999\";i:3272;s:4:\"5000\";i:3273;s:4:\"5001\";i:3274;s:4:\"5002\";i:3275;s:4:\"5003\";i:3276;s:4:\"5004\";i:3277;s:4:\"5005\";i:3278;s:4:\"5006\";i:3279;s:4:\"5007\";i:3280;s:4:\"5008\";i:3281;s:4:\"5009\";i:3282;s:4:\"5010\";i:3283;s:4:\"5011\";i:3284;s:4:\"5012\";i:3285;s:4:\"5013\";i:3286;s:4:\"5014\";i:3287;s:4:\"5015\";i:3288;s:4:\"5016\";i:3289;s:4:\"5017\";i:3290;s:4:\"5018\";i:3291;s:4:\"5019\";i:3292;s:4:\"5020\";i:3293;s:4:\"5021\";i:3294;s:4:\"5022\";i:3295;s:4:\"5023\";i:3296;s:4:\"5024\";}');

#
# Structure for table "33hao_order"
#

DROP TABLE IF EXISTS `33hao_order`;
CREATE TABLE `33hao_order` (
  `order_id` int(11) NOT NULL AUTO_INCREMENT COMMENT '订单索引id',
  `order_sn` bigint(20) unsigned NOT NULL COMMENT '订单编号',
  `pay_sn` bigint(20) unsigned NOT NULL COMMENT '支付单号',
  `inv_id` int(11) DEFAULT NULL COMMENT '邀请人Id',
  `store_id` int(11) unsigned NOT NULL COMMENT '卖家店铺id',
  `store_name` varchar(50) NOT NULL COMMENT '卖家店铺名称',
  `buyer_id` int(11) unsigned NOT NULL COMMENT '买家id',
  `buyer_name` varchar(50) NOT NULL COMMENT '买家姓名',
  `buyer_email` varchar(80) NOT NULL COMMENT '买家电子邮箱',
  `add_time` int(10) unsigned NOT NULL DEFAULT '0' COMMENT '订单生成时间',
  `payment_code` char(10) NOT NULL DEFAULT '' COMMENT '支付方式名称代码',
  `payment_time` int(10) unsigned DEFAULT '0' COMMENT '支付(付款)时间',
  `finnshed_time` int(10) unsigned NOT NULL DEFAULT '0' COMMENT '订单完成时间',
  `goods_amount` decimal(10,2) unsigned NOT NULL DEFAULT '0.00' COMMENT '商品总价格',
  `order_amount` decimal(10,2) unsigned NOT NULL DEFAULT '0.00' COMMENT '订单总价格',
  `rcb_amount` decimal(10,2) unsigned NOT NULL DEFAULT '0.00' COMMENT '充值卡支付金额',
  `pd_amount` decimal(10,2) unsigned NOT NULL DEFAULT '0.00' COMMENT '预存款支付金额',
  `shipping_fee` decimal(10,2) unsigned DEFAULT '0.00' COMMENT '运费',
  `evaluation_state` tinyint(4) DEFAULT '0' COMMENT '评价状态 0未评价，1已评价，2已过期未评价',
  `order_state` tinyint(4) NOT NULL DEFAULT '10' COMMENT '订单状态：0(已取消)10(默认):未付款;20:已付款;30:已发货;40:已收货;',
  `refund_state` tinyint(1) unsigned DEFAULT '0' COMMENT '退款状态:0是无退款,1是部分退款,2是全部退款',
  `lock_state` tinyint(1) unsigned DEFAULT '0' COMMENT '锁定状态:0是正常,大于0是锁定,默认是0',
  `delete_state` tinyint(4) NOT NULL DEFAULT '0' COMMENT '删除状态0未删除1放入回收站2彻底删除',
  `refund_amount` decimal(10,2) DEFAULT '0.00' COMMENT '退款金额',
  `delay_time` int(10) unsigned DEFAULT '0' COMMENT '延迟时间,默认为0',
  `order_from` tinyint(4) NOT NULL DEFAULT '1' COMMENT '1WEB2mobile',
  `shipping_code` varchar(50) DEFAULT '' COMMENT '物流单号',
  PRIMARY KEY (`order_id`)
) ENGINE=InnoDB AUTO_INCREMENT=20 DEFAULT CHARSET=utf8 COMMENT='订单表';

#
# Data for table "33hao_order"
#

INSERT INTO `33hao_order` VALUES (1,8000000000000101,160528216041463033,NULL,1,'官方旗舰店',33,'user13621286210','',1474872041,'online',0,0,95.00,95.00,0.00,0.00,0.00,0,20,0,0,0,0.00,0,1,''),(2,8000000000000201,440528219770340033,NULL,1,'官方旗舰店',33,'user13621286210','',1474875770,'online',0,0,228.00,228.00,0.00,0.00,0.00,0,20,0,0,0,0.00,0,1,''),(3,1000000000000301,590568311541095046,NULL,1,'官方旗舰店',46,'liushuai123','liushuai123@qq.com',1514967540,'online',0,0,95.00,95.00,0.00,0.00,0.00,0,20,0,0,0,0.00,0,2,''),(4,1000000000000401,420568311554657046,NULL,1,'官方旗舰店',46,'liushuai123','liushuai123@qq.com',1514967554,'online',0,0,95.00,95.00,0.00,0.00,0.00,0,30,0,0,0,0.00,1515037309,2,'3866120121580'),(5,1000000000000501,290568312714292046,NULL,1,'官方旗舰店',46,'liushuai123','liushuai123@qq.com',1514968714,'online',0,1515037492,228.00,228.00,0.00,0.00,0.00,0,40,0,0,0,0.00,1515037161,1,'12132312312312312'),(6,1000000000000601,660568477654108047,NULL,1,'官方旗舰店',47,'liushuai111','liushuai111@qq.com',1515133654,'online',0,0,95.00,95.00,0.00,0.00,0.00,0,10,0,0,0,0.00,0,2,''),(7,1000000000000701,770568477684235047,NULL,1,'官方旗舰店',47,'liushuai111','liushuai111@qq.com',1515133684,'online',0,0,95.00,95.00,0.00,0.00,0.00,0,10,0,0,0,0.00,0,2,''),(8,1000000000000801,360568477792130047,NULL,1,'官方旗舰店',47,'liushuai111','liushuai111@qq.com',1515133792,'online',0,0,95.00,95.00,0.00,0.00,0.00,0,10,0,0,0,0.00,0,2,''),(9,1000000000000901,740568478000922047,NULL,1,'官方旗舰店',47,'liushuai111','liushuai111@qq.com',1515134000,'online',0,0,95.00,95.00,0.00,0.00,0.00,0,10,0,0,0,0.00,0,2,''),(10,1000000000001001,470568478132326047,NULL,1,'官方旗舰店',47,'liushuai111','liushuai111@qq.com',1515134132,'online',0,0,95.00,95.00,0.00,0.00,0.00,0,10,0,0,0,0.00,0,2,''),(11,1000000000001101,920568478168559047,NULL,1,'官方旗舰店',47,'liushuai111','liushuai111@qq.com',1515134168,'online',0,0,95.00,95.00,0.00,0.00,0.00,0,10,0,0,0,0.00,0,2,''),(12,1000000000001201,910568478565715047,NULL,1,'官方旗舰店',47,'liushuai111','liushuai111@qq.com',1515134565,'online',0,0,95.00,95.00,0.00,0.00,0.00,0,10,0,0,0,0.00,0,2,''),(13,1000000000001301,480568478629468047,NULL,1,'官方旗舰店',47,'liushuai111','liushuai111@qq.com',1515134629,'online',0,0,95.00,95.00,0.00,0.00,0.00,0,10,0,0,0,0.00,0,2,''),(14,1000000000001401,670568478684074047,NULL,1,'官方旗舰店',47,'liushuai111','liushuai111@qq.com',1515134684,'online',0,0,95.00,95.00,0.00,0.00,0.00,0,10,0,0,0,0.00,0,2,''),(15,1000000000001501,910568478750588047,46,1,'官方旗舰店',47,'liushuai111','liushuai111@qq.com',1515134750,'online',0,0,95.00,95.00,0.00,0.00,0.00,0,10,0,0,0,0.00,0,2,''),(16,1000000000001601,160568480771103047,46,1,'官方旗舰店',47,'liushuai111','liushuai111@qq.com',1515136771,'online',0,0,95.00,95.00,0.00,0.00,0.00,0,10,0,0,0,0.00,0,2,''),(17,1000000000001701,570568481653412047,46,1,'官方旗舰店',47,'liushuai111','liushuai111@qq.com',1515137653,'online',0,0,95.00,95.00,0.00,0.00,0.00,0,10,0,0,0,0.00,0,2,''),(18,1000000000001801,400568481664380047,46,1,'官方旗舰店',47,'liushuai111','liushuai111@qq.com',1515137664,'online',0,0,95.00,95.00,0.00,0.00,0.00,0,10,0,0,0,0.00,0,2,''),(19,1000000000001901,780568481672879047,46,1,'官方旗舰店',47,'liushuai111','liushuai111@qq.com',1515137672,'online',0,0,95.00,95.00,0.00,0.00,0.00,0,10,0,0,0,0.00,0,2,'');

#
# Structure for table "33hao_order_bill"
#

DROP TABLE IF EXISTS `33hao_order_bill`;
CREATE TABLE `33hao_order_bill` (
  `ob_no` int(11) NOT NULL AUTO_INCREMENT COMMENT '结算单编号(年月店铺ID)',
  `ob_start_date` int(11) NOT NULL COMMENT '开始日期',
  `ob_end_date` int(11) NOT NULL COMMENT '结束日期',
  `ob_order_totals` decimal(10,2) NOT NULL DEFAULT '0.00' COMMENT '订单金额',
  `ob_shipping_totals` decimal(10,2) NOT NULL DEFAULT '0.00' COMMENT '运费',
  `ob_order_return_totals` decimal(10,2) NOT NULL DEFAULT '0.00' COMMENT '退单金额',
  `ob_commis_totals` decimal(10,2) NOT NULL DEFAULT '0.00' COMMENT '佣金金额',
  `ob_commis_return_totals` decimal(10,2) NOT NULL DEFAULT '0.00' COMMENT '退还佣金',
  `ob_store_cost_totals` decimal(10,2) NOT NULL DEFAULT '0.00' COMMENT '店铺促销活动费用',
  `ob_result_totals` decimal(10,2) NOT NULL DEFAULT '0.00' COMMENT '应结金额',
  `ob_create_date` int(11) DEFAULT '0' COMMENT '生成结算单日期',
  `os_month` mediumint(6) unsigned NOT NULL COMMENT '结算单年月份',
  `ob_state` enum('1','2','3','4') DEFAULT '1' COMMENT '1默认2店家已确认3平台已审核4结算完成',
  `ob_pay_date` int(11) DEFAULT '0' COMMENT '付款日期',
  `ob_pay_content` varchar(200) DEFAULT '' COMMENT '支付备注',
  `ob_store_id` int(11) NOT NULL COMMENT '店铺ID',
  `ob_store_name` varchar(50) DEFAULT NULL COMMENT '店铺名',
  PRIMARY KEY (`ob_no`)
) ENGINE=InnoDB DEFAULT CHARSET=utf8 COMMENT='结算表';

#
# Data for table "33hao_order_bill"
#


#
# Structure for table "33hao_order_common"
#

DROP TABLE IF EXISTS `33hao_order_common`;
CREATE TABLE `33hao_order_common` (
  `order_id` int(11) NOT NULL AUTO_INCREMENT COMMENT '订单索引id',
  `store_id` int(10) unsigned NOT NULL COMMENT '店铺ID',
  `shipping_time` int(10) unsigned NOT NULL DEFAULT '0' COMMENT '配送时间',
  `shipping_express_id` tinyint(1) NOT NULL DEFAULT '0' COMMENT '配送公司ID',
  `evaluation_time` int(10) unsigned NOT NULL DEFAULT '0' COMMENT '评价时间',
  `evalseller_state` enum('0','1') NOT NULL DEFAULT '0' COMMENT '卖家是否已评价买家',
  `evalseller_time` int(10) unsigned NOT NULL COMMENT '卖家评价买家的时间',
  `order_message` varchar(300) DEFAULT NULL COMMENT '订单留言',
  `order_pointscount` int(11) NOT NULL DEFAULT '0' COMMENT '订单赠送积分',
  `voucher_price` int(11) DEFAULT NULL COMMENT '代金券面额',
  `voucher_code` varchar(32) DEFAULT NULL COMMENT '代金券编码',
  `deliver_explain` text COMMENT '发货备注',
  `daddress_id` mediumint(9) NOT NULL DEFAULT '0' COMMENT '发货地址ID',
  `reciver_name` varchar(50) NOT NULL COMMENT '收货人姓名',
  `reciver_info` varchar(500) NOT NULL COMMENT '收货人其它信息',
  `reciver_province_id` mediumint(8) unsigned NOT NULL DEFAULT '0' COMMENT '收货人省级ID',
  `reciver_city_id` mediumint(8) unsigned NOT NULL DEFAULT '0' COMMENT '收货人市级ID',
  `invoice_info` varchar(500) DEFAULT '' COMMENT '发票信息',
  `promotion_info` varchar(500) DEFAULT '' COMMENT '促销信息备注',
  `dlyo_pickup_code` varchar(4) DEFAULT NULL COMMENT '提货码',
  PRIMARY KEY (`order_id`)
) ENGINE=InnoDB AUTO_INCREMENT=20 DEFAULT CHARSET=utf8 COMMENT='订单信息扩展表';

#
# Data for table "33hao_order_common"
#

INSERT INTO `33hao_order_common` VALUES (1,1,0,0,0,'0',0,'',0,NULL,NULL,NULL,0,'刘帅','a:6:{s:5:\"phone\";s:22:\"13621286210,1313113131\";s:9:\"mob_phone\";s:11:\"13621286210\";s:9:\"tel_phone\";s:10:\"1313113131\";s:7:\"address\";s:36:\"天津\t天津市\t西青区 复兴门\";s:4:\"area\";s:26:\"天津\t天津市\t西青区\";s:6:\"street\";s:9:\"复兴门\";}',0,40,'a:0:{}','',NULL),(2,1,0,0,0,'0',0,'',0,NULL,NULL,NULL,0,'刘帅','a:6:{s:5:\"phone\";s:22:\"13621286210,1313113131\";s:9:\"mob_phone\";s:11:\"13621286210\";s:9:\"tel_phone\";s:10:\"1313113131\";s:7:\"address\";s:36:\"天津\t天津市\t西青区 复兴门\";s:4:\"area\";s:26:\"天津\t天津市\t西青区\";s:6:\"street\";s:9:\"复兴门\";}',0,40,'a:0:{}','',NULL),(3,1,0,0,0,'0',0,'',0,NULL,NULL,NULL,0,'刘帅','a:6:{s:5:\"phone\";s:11:\"13621286210\";s:9:\"mob_phone\";s:11:\"13621286210\";s:9:\"tel_phone\";N;s:7:\"address\";s:36:\"北京 北京市 东城区 三四十\";s:4:\"area\";s:26:\"北京 北京市 东城区\";s:6:\"street\";s:9:\"三四十\";}',0,36,'a:0:{}','',NULL),(4,1,1515037309,41,0,'0',0,'',0,NULL,NULL,'',0,'刘帅','a:7:{s:7:\"address\";s:36:\"北京 北京市 东城区 三四十\";s:5:\"phone\";s:11:\"13621286210\";s:4:\"area\";s:26:\"北京 北京市 东城区\";s:6:\"street\";s:9:\"三四十\";s:9:\"mob_phone\";s:11:\"13621286210\";s:9:\"tel_phone\";s:0:\"\";s:4:\"dlyp\";s:0:\"\";}',0,36,'a:0:{}','',NULL),(5,1,1515037161,29,0,'0',0,'',11,NULL,NULL,'',0,'刘帅','a:7:{s:7:\"address\";s:36:\"北京 北京市 东城区 三四十\";s:5:\"phone\";s:11:\"13621286210\";s:4:\"area\";s:26:\"北京 北京市 东城区\";s:6:\"street\";s:9:\"三四十\";s:9:\"mob_phone\";s:11:\"13621286210\";s:9:\"tel_phone\";s:0:\"\";s:4:\"dlyp\";s:0:\"\";}',0,36,'a:0:{}','',NULL),(6,1,0,0,0,'0',0,'',0,NULL,NULL,NULL,0,'刘帅','a:6:{s:5:\"phone\";s:11:\"13621286210\";s:9:\"mob_phone\";s:11:\"13621286210\";s:9:\"tel_phone\";N;s:7:\"address\";s:39:\"北京 北京市 东城区 颠三倒四\";s:4:\"area\";s:26:\"北京 北京市 东城区\";s:6:\"street\";s:12:\"颠三倒四\";}',0,36,'a:0:{}','',NULL),(7,1,0,0,0,'0',0,'',0,NULL,NULL,NULL,0,'刘帅','a:6:{s:5:\"phone\";s:11:\"13621286210\";s:9:\"mob_phone\";s:11:\"13621286210\";s:9:\"tel_phone\";N;s:7:\"address\";s:39:\"北京 北京市 东城区 颠三倒四\";s:4:\"area\";s:26:\"北京 北京市 东城区\";s:6:\"street\";s:12:\"颠三倒四\";}',0,36,'a:0:{}','',NULL),(8,1,0,0,0,'0',0,'',0,NULL,NULL,NULL,0,'刘帅','a:6:{s:5:\"phone\";s:11:\"13621286210\";s:9:\"mob_phone\";s:11:\"13621286210\";s:9:\"tel_phone\";N;s:7:\"address\";s:39:\"北京 北京市 东城区 颠三倒四\";s:4:\"area\";s:26:\"北京 北京市 东城区\";s:6:\"street\";s:12:\"颠三倒四\";}',0,36,'a:0:{}','',NULL),(9,1,0,0,0,'0',0,'',0,NULL,NULL,NULL,0,'刘帅','a:6:{s:5:\"phone\";s:11:\"13621286210\";s:9:\"mob_phone\";s:11:\"13621286210\";s:9:\"tel_phone\";N;s:7:\"address\";s:39:\"北京 北京市 东城区 颠三倒四\";s:4:\"area\";s:26:\"北京 北京市 东城区\";s:6:\"street\";s:12:\"颠三倒四\";}',0,36,'a:0:{}','',NULL),(10,1,0,0,0,'0',0,'',0,NULL,NULL,NULL,0,'刘帅','a:6:{s:5:\"phone\";s:11:\"13621286210\";s:9:\"mob_phone\";s:11:\"13621286210\";s:9:\"tel_phone\";N;s:7:\"address\";s:39:\"北京 北京市 东城区 颠三倒四\";s:4:\"area\";s:26:\"北京 北京市 东城区\";s:6:\"street\";s:12:\"颠三倒四\";}',0,36,'a:0:{}','',NULL),(11,1,0,0,0,'0',0,'',0,NULL,NULL,NULL,0,'刘帅','a:6:{s:5:\"phone\";s:11:\"13621286210\";s:9:\"mob_phone\";s:11:\"13621286210\";s:9:\"tel_phone\";N;s:7:\"address\";s:39:\"北京 北京市 东城区 颠三倒四\";s:4:\"area\";s:26:\"北京 北京市 东城区\";s:6:\"street\";s:12:\"颠三倒四\";}',0,36,'a:0:{}','',NULL),(12,1,0,0,0,'0',0,'',0,NULL,NULL,NULL,0,'刘帅','a:6:{s:5:\"phone\";s:11:\"13621286210\";s:9:\"mob_phone\";s:11:\"13621286210\";s:9:\"tel_phone\";N;s:7:\"address\";s:39:\"北京 北京市 东城区 颠三倒四\";s:4:\"area\";s:26:\"北京 北京市 东城区\";s:6:\"street\";s:12:\"颠三倒四\";}',0,36,'a:0:{}','',NULL),(13,1,0,0,0,'0',0,'',0,NULL,NULL,NULL,0,'刘帅','a:6:{s:5:\"phone\";s:11:\"13621286210\";s:9:\"mob_phone\";s:11:\"13621286210\";s:9:\"tel_phone\";N;s:7:\"address\";s:39:\"北京 北京市 东城区 颠三倒四\";s:4:\"area\";s:26:\"北京 北京市 东城区\";s:6:\"street\";s:12:\"颠三倒四\";}',0,36,'a:0:{}','',NULL),(14,1,0,0,0,'0',0,'',0,NULL,NULL,NULL,0,'刘帅','a:6:{s:5:\"phone\";s:11:\"13621286210\";s:9:\"mob_phone\";s:11:\"13621286210\";s:9:\"tel_phone\";N;s:7:\"address\";s:39:\"北京 北京市 东城区 颠三倒四\";s:4:\"area\";s:26:\"北京 北京市 东城区\";s:6:\"street\";s:12:\"颠三倒四\";}',0,36,'a:0:{}','',NULL),(15,1,0,0,0,'0',0,'',0,NULL,NULL,NULL,0,'刘帅','a:6:{s:5:\"phone\";s:11:\"13621286210\";s:9:\"mob_phone\";s:11:\"13621286210\";s:9:\"tel_phone\";N;s:7:\"address\";s:39:\"北京 北京市 东城区 颠三倒四\";s:4:\"area\";s:26:\"北京 北京市 东城区\";s:6:\"street\";s:12:\"颠三倒四\";}',0,36,'a:0:{}','',NULL),(16,1,0,0,0,'0',0,'',0,NULL,NULL,NULL,0,'刘帅','a:6:{s:5:\"phone\";s:11:\"13621286210\";s:9:\"mob_phone\";s:11:\"13621286210\";s:9:\"tel_phone\";N;s:7:\"address\";s:39:\"北京 北京市 东城区 颠三倒四\";s:4:\"area\";s:26:\"北京 北京市 东城区\";s:6:\"street\";s:12:\"颠三倒四\";}',0,36,'a:0:{}','',NULL),(17,1,0,0,0,'0',0,'',0,NULL,NULL,NULL,0,'刘帅','a:6:{s:5:\"phone\";s:11:\"13621286210\";s:9:\"mob_phone\";s:11:\"13621286210\";s:9:\"tel_phone\";N;s:7:\"address\";s:39:\"北京 北京市 东城区 颠三倒四\";s:4:\"area\";s:26:\"北京 北京市 东城区\";s:6:\"street\";s:12:\"颠三倒四\";}',0,36,'a:0:{}','',NULL),(18,1,0,0,0,'0',0,'',0,NULL,NULL,NULL,0,'刘帅','a:6:{s:5:\"phone\";s:11:\"13621286210\";s:9:\"mob_phone\";s:11:\"13621286210\";s:9:\"tel_phone\";N;s:7:\"address\";s:39:\"北京 北京市 东城区 颠三倒四\";s:4:\"area\";s:26:\"北京 北京市 东城区\";s:6:\"street\";s:12:\"颠三倒四\";}',0,36,'a:0:{}','',NULL),(19,1,0,0,0,'0',0,'',0,NULL,NULL,NULL,0,'刘帅','a:6:{s:5:\"phone\";s:11:\"13621286210\";s:9:\"mob_phone\";s:11:\"13621286210\";s:9:\"tel_phone\";N;s:7:\"address\";s:39:\"北京 北京市 东城区 颠三倒四\";s:4:\"area\";s:26:\"北京 北京市 东城区\";s:6:\"street\";s:12:\"颠三倒四\";}',0,36,'a:0:{}','',NULL);

#
# Structure for table "33hao_order_goods"
#

DROP TABLE IF EXISTS `33hao_order_goods`;
CREATE TABLE `33hao_order_goods` (
  `rec_id` int(11) NOT NULL AUTO_INCREMENT COMMENT '订单商品表索引id',
  `order_id` int(11) NOT NULL COMMENT '订单id',
  `goods_id` int(11) NOT NULL COMMENT '商品id',
  `goods_name` varchar(50) NOT NULL COMMENT '商品名称',
  `goods_price` decimal(10,2) NOT NULL COMMENT '商品价格',
  `goods_num` smallint(5) unsigned NOT NULL DEFAULT '1' COMMENT '商品数量',
  `goods_image` varchar(100) DEFAULT NULL COMMENT '商品图片',
  `goods_pay_price` decimal(10,2) unsigned NOT NULL COMMENT '商品实际成交价',
  `store_id` int(10) unsigned NOT NULL DEFAULT '0' COMMENT '店铺ID',
  `buyer_id` int(10) unsigned NOT NULL DEFAULT '0' COMMENT '买家ID',
  `goods_type` enum('1','2','3','4','5') NOT NULL DEFAULT '1' COMMENT '1默认2团购商品3限时折扣商品4组合套装5赠品',
  `promotions_id` mediumint(8) unsigned NOT NULL DEFAULT '0' COMMENT '促销活动ID（团购ID/限时折扣ID/优惠套装ID）与goods_type搭配使用',
  `commis_rate` smallint(5) unsigned NOT NULL DEFAULT '0' COMMENT '佣金比例',
  `gc_id` mediumint(8) unsigned NOT NULL DEFAULT '0' COMMENT '商品最底级分类ID',
  PRIMARY KEY (`rec_id`),
  KEY `order_id` (`order_id`)
) ENGINE=InnoDB AUTO_INCREMENT=20 DEFAULT CHARSET=utf8 COMMENT='订单商品表';

#
# Data for table "33hao_order_goods"
#

INSERT INTO `33hao_order_goods` VALUES (1,1,232,'中华老字号 东阿阿胶桃花姬阿胶糕300g',95.00,1,'1_04423411880302392.png',95.00,1,33,'2',3,0,617),(2,2,231,'至尊金奖 法国原瓶进口AOC红酒 任选一箱 红沙城堡红葡萄酒 原装进口',228.00,1,'1_04423392298369303.jpg',228.00,1,33,'2',2,0,630),(3,3,232,'中华老字号 东阿阿胶桃花姬阿胶糕300g',95.00,1,'1_04423411880302392.png',95.00,1,46,'2',3,0,617),(4,4,232,'中华老字号 东阿阿胶桃花姬阿胶糕300g',95.00,1,'1_04423411880302392.png',95.00,1,46,'2',3,0,617),(5,5,231,'至尊金奖 法国原瓶进口AOC红酒 任选一箱 红沙城堡红葡萄酒 原装进口',228.00,1,'1_04423392298369303.jpg',228.00,1,46,'2',2,0,630),(6,6,232,'中华老字号 东阿阿胶桃花姬阿胶糕300g',95.00,1,'1_04423411880302392.png',95.00,1,47,'2',3,0,617),(7,7,232,'中华老字号 东阿阿胶桃花姬阿胶糕300g',95.00,1,'1_04423411880302392.png',95.00,1,47,'2',3,0,617),(8,8,232,'中华老字号 东阿阿胶桃花姬阿胶糕300g',95.00,1,'1_04423411880302392.png',95.00,1,47,'2',3,0,617),(9,9,232,'中华老字号 东阿阿胶桃花姬阿胶糕300g',95.00,1,'1_04423411880302392.png',95.00,1,47,'2',3,0,617),(10,10,232,'中华老字号 东阿阿胶桃花姬阿胶糕300g',95.00,1,'1_04423411880302392.png',95.00,1,47,'2',3,0,617),(11,11,232,'中华老字号 东阿阿胶桃花姬阿胶糕300g',95.00,1,'1_04423411880302392.png',95.00,1,47,'2',3,0,617),(12,12,232,'中华老字号 东阿阿胶桃花姬阿胶糕300g',95.00,1,'1_04423411880302392.png',95.00,1,47,'2',3,0,617),(13,13,232,'中华老字号 东阿阿胶桃花姬阿胶糕300g',95.00,1,'1_04423411880302392.png',95.00,1,47,'2',3,0,617),(14,14,232,'中华老字号 东阿阿胶桃花姬阿胶糕300g',95.00,1,'1_04423411880302392.png',95.00,1,47,'2',3,0,617),(15,15,232,'中华老字号 东阿阿胶桃花姬阿胶糕300g',95.00,1,'1_04423411880302392.png',95.00,1,47,'2',3,0,617),(16,16,232,'中华老字号 东阿阿胶桃花姬阿胶糕300g',95.00,1,'1_04423411880302392.png',95.00,1,47,'2',3,0,617),(17,17,232,'中华老字号 东阿阿胶桃花姬阿胶糕300g',95.00,1,'1_04423411880302392.png',95.00,1,47,'2',3,0,617),(18,18,232,'中华老字号 东阿阿胶桃花姬阿胶糕300g',95.00,1,'1_04423411880302392.png',95.00,1,47,'2',3,0,617),(19,19,232,'中华老字号 东阿阿胶桃花姬阿胶糕300g',95.00,1,'1_04423411880302392.png',95.00,1,47,'2',3,0,617);

#
# Structure for table "33hao_order_log"
#

DROP TABLE IF EXISTS `33hao_order_log`;
CREATE TABLE `33hao_order_log` (
  `log_id` int(11) NOT NULL AUTO_INCREMENT COMMENT '主键',
  `order_id` int(11) NOT NULL COMMENT '订单id',
  `log_msg` varchar(150) DEFAULT '' COMMENT '文字描述',
  `log_time` int(10) unsigned NOT NULL COMMENT '处理时间',
  `log_role` char(2) NOT NULL COMMENT '操作角色',
  `log_user` varchar(30) DEFAULT '' COMMENT '操作人',
  `log_orderstate` enum('0','10','20','30','40') DEFAULT NULL COMMENT '订单状态：0(已取消)10:未付款;20:已付款;30:已发货;40:已收货;',
  PRIMARY KEY (`log_id`)
) ENGINE=InnoDB AUTO_INCREMENT=4 DEFAULT CHARSET=utf8 COMMENT='订单处理历史表';

#
# Data for table "33hao_order_log"
#

INSERT INTO `33hao_order_log` VALUES (1,5,'发出了货物 ( 编辑了发货信息 )',1515037161,'商家','admin','30'),(2,4,'发出了货物 ( 编辑了发货信息 )',1515037309,'商家','admin','30'),(3,5,'签收了货物 ( 签收了货物 )',1515037492,'买家','liushuai123','40');

#
# Structure for table "33hao_order_pay"
#

DROP TABLE IF EXISTS `33hao_order_pay`;
CREATE TABLE `33hao_order_pay` (
  `pay_id` int(10) unsigned NOT NULL AUTO_INCREMENT,
  `pay_sn` bigint(20) unsigned NOT NULL COMMENT '支付单号',
  `buyer_id` int(10) unsigned NOT NULL COMMENT '买家ID',
  `api_pay_state` enum('0','1') DEFAULT '0' COMMENT '0默认未支付1已支付(只有第三方支付接口通知到时才会更改此状态)',
  PRIMARY KEY (`pay_id`)
) ENGINE=InnoDB AUTO_INCREMENT=20 DEFAULT CHARSET=utf8 COMMENT='订单支付表';

#
# Data for table "33hao_order_pay"
#

INSERT INTO `33hao_order_pay` VALUES (1,160528216041463033,33,'0'),(2,440528219770340033,33,'0'),(3,590568311541095046,46,'0'),(4,420568311554657046,46,'0'),(5,290568312714292046,46,'0'),(6,660568477654108047,47,'0'),(7,770568477684235047,47,'0'),(8,360568477792130047,47,'0'),(9,740568478000922047,47,'0'),(10,470568478132326047,47,'0'),(11,920568478168559047,47,'0'),(12,910568478565715047,47,'0'),(13,480568478629468047,47,'0'),(14,670568478684074047,47,'0'),(15,910568478750588047,47,'0'),(16,160568480771103047,47,'0'),(17,570568481653412047,47,'0'),(18,400568481664380047,47,'0'),(19,780568481672879047,47,'0');

#
# Structure for table "33hao_order_statis"
#

DROP TABLE IF EXISTS `33hao_order_statis`;
CREATE TABLE `33hao_order_statis` (
  `os_month` mediumint(9) unsigned NOT NULL DEFAULT '0' COMMENT '统计编号(年月)',
  `os_year` smallint(6) DEFAULT '0' COMMENT '年',
  `os_start_date` int(11) NOT NULL COMMENT '开始日期',
  `os_end_date` int(11) NOT NULL COMMENT '结束日期',
  `os_order_totals` decimal(10,2) NOT NULL DEFAULT '0.00' COMMENT '订单金额',
  `os_shipping_totals` decimal(10,2) NOT NULL DEFAULT '0.00' COMMENT '运费',
  `os_order_return_totals` decimal(10,2) NOT NULL DEFAULT '0.00' COMMENT '退单金额',
  `os_commis_totals` decimal(10,2) NOT NULL DEFAULT '0.00' COMMENT '佣金金额',
  `os_commis_return_totals` decimal(10,2) NOT NULL DEFAULT '0.00' COMMENT '退还佣金',
  `os_store_cost_totals` decimal(10,2) NOT NULL DEFAULT '0.00' COMMENT '店铺促销活动费用',
  `os_result_totals` decimal(10,2) NOT NULL DEFAULT '0.00' COMMENT '本期应结',
  `os_create_date` int(11) DEFAULT NULL COMMENT '创建记录日期',
  PRIMARY KEY (`os_month`)
) ENGINE=InnoDB DEFAULT CHARSET=utf8 COMMENT='月销量统计表';

#
# Data for table "33hao_order_statis"
#


#
# Structure for table "33hao_p_booth_goods"
#

DROP TABLE IF EXISTS `33hao_p_booth_goods`;
CREATE TABLE `33hao_p_booth_goods` (
  `booth_goods_id` int(10) unsigned NOT NULL AUTO_INCREMENT COMMENT '套餐商品id',
  `store_id` int(10) unsigned NOT NULL COMMENT '店铺id',
  `goods_id` int(10) unsigned NOT NULL COMMENT '商品id',
  `gc_id` int(10) unsigned NOT NULL COMMENT '商品分类id',
  `booth_state` tinyint(3) unsigned NOT NULL DEFAULT '1' COMMENT '套餐状态 1开启 0关闭 默认1',
  PRIMARY KEY (`booth_goods_id`)
) ENGINE=InnoDB DEFAULT CHARSET=utf8 COMMENT='展位商品表';

#
# Data for table "33hao_p_booth_goods"
#


#
# Structure for table "33hao_p_booth_quota"
#

DROP TABLE IF EXISTS `33hao_p_booth_quota`;
CREATE TABLE `33hao_p_booth_quota` (
  `booth_quota_id` int(10) unsigned NOT NULL AUTO_INCREMENT COMMENT '套餐id',
  `store_id` int(10) unsigned NOT NULL COMMENT '店铺id',
  `store_name` varchar(50) NOT NULL COMMENT '店铺名称',
  `booth_quota_starttime` int(10) unsigned NOT NULL COMMENT '开始时间',
  `booth_quota_endtime` int(10) unsigned NOT NULL COMMENT '结束时间',
  `booth_state` tinyint(3) unsigned NOT NULL DEFAULT '1' COMMENT '套餐状态 1开启 0关闭 默认1',
  PRIMARY KEY (`booth_quota_id`)
) ENGINE=InnoDB DEFAULT CHARSET=utf8 COMMENT='展位套餐表';

#
# Data for table "33hao_p_booth_quota"
#


#
# Structure for table "33hao_p_bundling"
#

DROP TABLE IF EXISTS `33hao_p_bundling`;
CREATE TABLE `33hao_p_bundling` (
  `bl_id` int(11) NOT NULL AUTO_INCREMENT COMMENT '组合ID',
  `bl_name` varchar(50) NOT NULL COMMENT '组合名称',
  `store_id` int(11) NOT NULL COMMENT '店铺名称',
  `store_name` varchar(50) NOT NULL COMMENT '店铺名称',
  `bl_discount_price` decimal(10,2) NOT NULL COMMENT '组合价格',
  `bl_freight_choose` tinyint(1) NOT NULL COMMENT '运费承担方式',
  `bl_freight` decimal(10,2) NOT NULL COMMENT '运费',
  `bl_state` tinyint(1) NOT NULL DEFAULT '1' COMMENT '组合状态 0-关闭/1-开启',
  PRIMARY KEY (`bl_id`)
) ENGINE=InnoDB DEFAULT CHARSET=utf8 COMMENT='组合销售活动表';

#
# Data for table "33hao_p_bundling"
#


#
# Structure for table "33hao_p_bundling_goods"
#

DROP TABLE IF EXISTS `33hao_p_bundling_goods`;
CREATE TABLE `33hao_p_bundling_goods` (
  `bl_goods_id` int(11) NOT NULL AUTO_INCREMENT COMMENT '组合商品id',
  `bl_id` int(11) NOT NULL COMMENT '组合id',
  `goods_id` int(10) unsigned NOT NULL COMMENT '商品id',
  `goods_name` varchar(50) NOT NULL COMMENT '商品名称',
  `goods_image` varchar(100) NOT NULL COMMENT '商品图片',
  `bl_goods_price` decimal(10,2) NOT NULL COMMENT '商品价格',
  `bl_appoint` tinyint(3) unsigned NOT NULL COMMENT '指定商品 1是，0否',
  PRIMARY KEY (`bl_goods_id`)
) ENGINE=InnoDB DEFAULT CHARSET=utf8 COMMENT='组合销售活动商品表';

#
# Data for table "33hao_p_bundling_goods"
#


#
# Structure for table "33hao_p_bundling_quota"
#

DROP TABLE IF EXISTS `33hao_p_bundling_quota`;
CREATE TABLE `33hao_p_bundling_quota` (
  `bl_quota_id` int(11) NOT NULL AUTO_INCREMENT COMMENT '套餐ID',
  `store_id` int(11) NOT NULL COMMENT '店铺id',
  `store_name` varchar(50) NOT NULL COMMENT '店铺名称',
  `member_id` int(11) NOT NULL COMMENT '会员id',
  `member_name` varchar(50) NOT NULL COMMENT '会员名称',
  `bl_quota_month` tinyint(3) unsigned NOT NULL COMMENT '购买数量（单位月）',
  `bl_quota_starttime` varchar(10) NOT NULL COMMENT '套餐开始时间',
  `bl_quota_endtime` varchar(10) NOT NULL COMMENT '套餐结束时间',
  `bl_state` tinyint(1) unsigned NOT NULL COMMENT '套餐状态：0关闭，1开启。默认为 1',
  PRIMARY KEY (`bl_quota_id`)
) ENGINE=InnoDB DEFAULT CHARSET=utf8 COMMENT='组合销售套餐表';

#
# Data for table "33hao_p_bundling_quota"
#


#
# Structure for table "33hao_p_mansong"
#

DROP TABLE IF EXISTS `33hao_p_mansong`;
CREATE TABLE `33hao_p_mansong` (
  `mansong_id` int(10) unsigned NOT NULL AUTO_INCREMENT COMMENT '满送活动编号',
  `mansong_name` varchar(50) NOT NULL COMMENT '活动名称',
  `quota_id` int(10) unsigned NOT NULL COMMENT '套餐编号',
  `start_time` int(10) unsigned NOT NULL COMMENT '活动开始时间',
  `end_time` int(10) unsigned NOT NULL COMMENT '活动结束时间',
  `member_id` int(10) unsigned NOT NULL COMMENT '用户编号',
  `store_id` int(10) unsigned NOT NULL COMMENT '店铺编号',
  `member_name` varchar(50) NOT NULL COMMENT '用户名',
  `store_name` varchar(50) NOT NULL COMMENT '店铺名称',
  `state` tinyint(1) unsigned NOT NULL COMMENT '活动状态(1-未发布/2-正常/3-取消/4-失效/5-结束)',
  `remark` varchar(200) NOT NULL COMMENT '备注',
  PRIMARY KEY (`mansong_id`)
) ENGINE=InnoDB DEFAULT CHARSET=utf8 COMMENT='满就送活动表';

#
# Data for table "33hao_p_mansong"
#


#
# Structure for table "33hao_p_mansong_quota"
#

DROP TABLE IF EXISTS `33hao_p_mansong_quota`;
CREATE TABLE `33hao_p_mansong_quota` (
  `quota_id` int(10) unsigned NOT NULL AUTO_INCREMENT COMMENT '满就送套餐编号',
  `apply_id` int(10) unsigned NOT NULL COMMENT '申请编号',
  `member_id` int(10) unsigned NOT NULL COMMENT '用户编号',
  `store_id` int(10) unsigned NOT NULL COMMENT '店铺编号',
  `member_name` varchar(50) NOT NULL COMMENT '用户名',
  `store_name` varchar(50) NOT NULL COMMENT '店铺名称',
  `start_time` int(10) unsigned NOT NULL COMMENT '开始时间',
  `end_time` int(10) unsigned NOT NULL COMMENT '结束时间',
  `state` tinyint(1) unsigned NOT NULL COMMENT '配额状态(1-可用/2-取消/3-结束)',
  PRIMARY KEY (`quota_id`)
) ENGINE=InnoDB DEFAULT CHARSET=utf8 COMMENT='满就送套餐表';

#
# Data for table "33hao_p_mansong_quota"
#


#
# Structure for table "33hao_p_mansong_rule"
#

DROP TABLE IF EXISTS `33hao_p_mansong_rule`;
CREATE TABLE `33hao_p_mansong_rule` (
  `rule_id` int(10) unsigned NOT NULL AUTO_INCREMENT COMMENT '规则编号',
  `mansong_id` int(10) unsigned NOT NULL COMMENT '活动编号',
  `price` int(10) unsigned NOT NULL DEFAULT '0' COMMENT '级别价格',
  `discount` int(10) unsigned NOT NULL DEFAULT '0' COMMENT '减现金优惠金额',
  `mansong_goods_name` varchar(50) NOT NULL COMMENT '礼品名称',
  `goods_id` int(10) unsigned NOT NULL DEFAULT '0' COMMENT '商品编号',
  PRIMARY KEY (`rule_id`)
) ENGINE=InnoDB DEFAULT CHARSET=utf8 COMMENT='满就送活动规则表';

#
# Data for table "33hao_p_mansong_rule"
#


#
# Structure for table "33hao_p_xianshi"
#

DROP TABLE IF EXISTS `33hao_p_xianshi`;
CREATE TABLE `33hao_p_xianshi` (
  `xianshi_id` int(10) unsigned NOT NULL AUTO_INCREMENT COMMENT '限时编号',
  `xianshi_name` varchar(50) NOT NULL COMMENT '活动名称',
  `xianshi_title` varchar(10) DEFAULT NULL COMMENT '活动标题',
  `xianshi_explain` varchar(50) DEFAULT NULL COMMENT '活动说明',
  `quota_id` int(10) unsigned NOT NULL COMMENT '套餐编号',
  `start_time` int(10) unsigned NOT NULL COMMENT '活动开始时间',
  `end_time` int(10) unsigned NOT NULL COMMENT '活动结束时间',
  `member_id` int(10) unsigned NOT NULL COMMENT '用户编号',
  `store_id` int(10) unsigned NOT NULL COMMENT '店铺编号',
  `member_name` varchar(50) NOT NULL COMMENT '用户名',
  `store_name` varchar(50) NOT NULL COMMENT '店铺名称',
  `lower_limit` int(10) unsigned NOT NULL DEFAULT '1' COMMENT '购买下限，1为不限制',
  `state` tinyint(3) unsigned NOT NULL DEFAULT '1' COMMENT '状态，0-取消 1-正常',
  PRIMARY KEY (`xianshi_id`)
) ENGINE=InnoDB AUTO_INCREMENT=8 DEFAULT CHARSET=utf8 COMMENT='限时折扣活动表';

#
# Data for table "33hao_p_xianshi"
#

INSERT INTO `33hao_p_xianshi` VALUES (7,'2015年款 清仓促销','月末折扣','挥泪大甩卖',5,1389167520,1577721600,1,1,'admin','官方旗舰店',2,1);

#
# Structure for table "33hao_p_xianshi_goods"
#

DROP TABLE IF EXISTS `33hao_p_xianshi_goods`;
CREATE TABLE `33hao_p_xianshi_goods` (
  `xianshi_goods_id` int(10) unsigned NOT NULL AUTO_INCREMENT COMMENT '限时折扣商品表',
  `xianshi_id` int(10) unsigned NOT NULL COMMENT '限时活动编号',
  `xianshi_name` varchar(50) NOT NULL COMMENT '活动名称',
  `xianshi_title` varchar(10) DEFAULT NULL COMMENT '活动标题',
  `xianshi_explain` varchar(50) DEFAULT NULL COMMENT '活动说明',
  `goods_id` int(10) unsigned NOT NULL COMMENT '商品编号',
  `store_id` int(10) unsigned NOT NULL COMMENT '店铺编号',
  `goods_name` varchar(100) NOT NULL COMMENT '商品名称',
  `goods_price` decimal(10,2) NOT NULL COMMENT '店铺价格',
  `xianshi_price` decimal(10,2) NOT NULL COMMENT '限时折扣价格',
  `goods_image` varchar(100) NOT NULL COMMENT '商品图片',
  `start_time` int(10) unsigned NOT NULL COMMENT '开始时间',
  `end_time` int(10) unsigned NOT NULL COMMENT '结束时间',
  `lower_limit` int(10) unsigned NOT NULL DEFAULT '0' COMMENT '购买下限，0为不限制',
  `state` tinyint(3) unsigned NOT NULL DEFAULT '1' COMMENT '状态，0-取消 1-正常',
  `xianshi_recommend` tinyint(3) unsigned NOT NULL DEFAULT '0' COMMENT '推荐标志 0-未推荐 1-已推荐',
  `gc_id_1` mediumint(9) DEFAULT '0' COMMENT '商品分类一级ID',
  PRIMARY KEY (`xianshi_goods_id`)
) ENGINE=InnoDB AUTO_INCREMENT=27 DEFAULT CHARSET=utf8 COMMENT='限时折扣商品表';

#
# Data for table "33hao_p_xianshi_goods"
#

INSERT INTO `33hao_p_xianshi_goods` VALUES (24,7,'2015年款 清仓促销','月末折扣','挥泪大甩卖',49,1,'春装 披肩式 超短款 针织 衫开衫 女装 青鸟 黑色',129.00,100.00,'1_04418240955916042.jpg',1389167520,1577721600,2,1,0,0),(25,7,'2015年款 清仓促销','月末折扣','挥泪大甩卖',52,1,'新款 女款 拼接 不规则摆 长袖针织衫开衫 杏雨 白色',99.00,58.00,'1_04418253240878850.jpg',1389167520,1577721600,2,1,0,0),(26,7,'2015年款 清仓促销','月末折扣','挥泪大甩卖',38,1,'正品 2015春装新款 女 绣花针织衫 开衫外套浮桑初 蓝色',189.00,158.00,'1_04418207207476705.jpg',1389167520,1577721600,2,1,0,0);

#
# Structure for table "33hao_p_xianshi_quota"
#

DROP TABLE IF EXISTS `33hao_p_xianshi_quota`;
CREATE TABLE `33hao_p_xianshi_quota` (
  `quota_id` int(10) unsigned NOT NULL AUTO_INCREMENT COMMENT '限时折扣套餐编号',
  `member_id` int(10) unsigned NOT NULL COMMENT '用户编号',
  `store_id` int(10) unsigned NOT NULL COMMENT '店铺编号',
  `member_name` varchar(50) NOT NULL COMMENT '用户名',
  `store_name` varchar(50) NOT NULL COMMENT '店铺名称',
  `start_time` int(10) unsigned NOT NULL COMMENT '套餐开始时间',
  `end_time` int(10) unsigned NOT NULL COMMENT '套餐结束时间',
  PRIMARY KEY (`quota_id`)
) ENGINE=InnoDB AUTO_INCREMENT=6 DEFAULT CHARSET=utf8 COMMENT='限时折扣套餐表';

#
# Data for table "33hao_p_xianshi_quota"
#

INSERT INTO `33hao_p_xianshi_quota` VALUES (5,1,1,'admin','官方旗舰店',1389167180,1577721600);

#
# Structure for table "33hao_payment"
#

DROP TABLE IF EXISTS `33hao_payment`;
CREATE TABLE `33hao_payment` (
  `payment_id` tinyint(1) unsigned NOT NULL COMMENT '支付索引id',
  `payment_code` char(10) NOT NULL COMMENT '支付代码名称',
  `payment_name` char(10) NOT NULL COMMENT '支付名称',
  `payment_config` text COMMENT '支付接口配置信息',
  `payment_state` enum('0','1') NOT NULL DEFAULT '0' COMMENT '接口状态0禁用1启用',
  PRIMARY KEY (`payment_id`)
) ENGINE=InnoDB DEFAULT CHARSET=utf8 COMMENT='支付方式表';

#
# Data for table "33hao_payment"
#

INSERT INTO `33hao_payment` VALUES (1,'offline','货到付款','a:1:{s:0:\"\";s:0:\"\";}','0'),(2,'alipay','支付宝','a:4:{s:14:\"alipay_service\";s:25:\"create_direct_pay_by_user\";s:14:\"alipay_account\";s:17:\"81687241@sina.com\";s:10:\"alipay_key\";s:32:\"uraobaxi37p028prllyxq5pm7bws72zy\";s:14:\"alipay_partner\";s:16:\"2088421793544287\";}','1'),(3,'tenpay','财付通','a:2:{s:14:\"tenpay_account\";s:0:\"\";s:10:\"tenpay_key\";s:0:\"\";}','0'),(4,'chinabank','网银在线','a:2:{s:17:\"chinabank_account\";s:0:\"\";s:13:\"chinabank_key\";s:0:\"\";}','0'),(5,'predeposit','站内余额支付','a:1:{s:0:\"\";s:0:\"\";}','0'),(6,'wxpay','微信支付','a:3:{s:5:\"appid\";s:0:\"\";s:5:\"mchid\";s:0:\"\";s:3:\"key\";s:0:\"\";}','0');

#
# Structure for table "33hao_pd_cash"
#

DROP TABLE IF EXISTS `33hao_pd_cash`;
CREATE TABLE `33hao_pd_cash` (
  `pdc_id` int(11) NOT NULL AUTO_INCREMENT COMMENT '自增编号',
  `pdc_sn` bigint(20) NOT NULL COMMENT '记录唯一标示',
  `pdc_member_id` int(11) NOT NULL COMMENT '会员编号',
  `pdc_member_name` varchar(50) NOT NULL COMMENT '会员名称',
  `pdc_amount` decimal(10,2) NOT NULL DEFAULT '0.00' COMMENT '金额',
  `pdc_bank_name` varchar(40) NOT NULL COMMENT '收款银行',
  `pdc_bank_no` varchar(30) DEFAULT NULL COMMENT '收款账号',
  `pdc_bank_user` varchar(10) DEFAULT NULL COMMENT '开户人姓名',
  `pdc_add_time` int(11) NOT NULL COMMENT '添加时间',
  `pdc_payment_time` int(11) DEFAULT NULL COMMENT '付款时间',
  `pdc_payment_state` enum('0','1') NOT NULL DEFAULT '0' COMMENT '提现支付状态 0默认1支付完成',
  `pdc_payment_admin` varchar(30) DEFAULT NULL COMMENT '支付管理员',
  PRIMARY KEY (`pdc_id`)
) ENGINE=InnoDB DEFAULT CHARSET=utf8 COMMENT='预存款提现记录表';

#
# Data for table "33hao_pd_cash"
#


#
# Structure for table "33hao_pd_log"
#

DROP TABLE IF EXISTS `33hao_pd_log`;
CREATE TABLE `33hao_pd_log` (
  `lg_id` int(11) NOT NULL AUTO_INCREMENT COMMENT '自增编号',
  `lg_member_id` int(11) NOT NULL COMMENT '会员编号',
  `lg_member_name` varchar(50) NOT NULL COMMENT '会员名称',
  `lg_admin_name` varchar(50) DEFAULT NULL COMMENT '管理员名称',
  `lg_type` varchar(15) NOT NULL DEFAULT '' COMMENT 'order_pay下单支付预存款,order_freeze下单冻结预存款,order_cancel取消订单解冻预存款,order_comb_pay下单支付被冻结的预存款,recharge充值,cash_apply申请提现冻结预存款,cash_pay提现成功,cash_del取消提现申请，解冻预存款,refund退款',
  `lg_av_amount` decimal(10,2) NOT NULL DEFAULT '0.00' COMMENT '可用金额变更0表示未变更',
  `lg_freeze_amount` decimal(10,2) NOT NULL DEFAULT '0.00' COMMENT '冻结金额变更0表示未变更',
  `lg_add_time` int(11) NOT NULL COMMENT '添加时间',
  `lg_desc` varchar(150) DEFAULT NULL COMMENT '描述',
  PRIMARY KEY (`lg_id`)
) ENGINE=InnoDB DEFAULT CHARSET=utf8 COMMENT='预存款变更日志表';

#
# Data for table "33hao_pd_log"
#


#
# Structure for table "33hao_pd_recharge"
#

DROP TABLE IF EXISTS `33hao_pd_recharge`;
CREATE TABLE `33hao_pd_recharge` (
  `pdr_id` int(11) NOT NULL AUTO_INCREMENT COMMENT '自增编号',
  `pdr_sn` bigint(20) unsigned NOT NULL COMMENT '记录唯一标示',
  `pdr_member_id` int(11) NOT NULL COMMENT '会员编号',
  `pdr_member_name` varchar(50) NOT NULL COMMENT '会员名称',
  `pdr_amount` decimal(10,2) NOT NULL DEFAULT '0.00' COMMENT '充值金额',
  `pdr_payment_code` varchar(20) DEFAULT '' COMMENT '支付方式',
  `pdr_payment_name` varchar(15) DEFAULT '' COMMENT '支付方式',
  `pdr_trade_sn` varchar(50) DEFAULT '' COMMENT '第三方支付接口交易号',
  `pdr_add_time` int(11) NOT NULL COMMENT '添加时间',
  `pdr_payment_state` enum('0','1') NOT NULL DEFAULT '0' COMMENT '支付状态 0未支付1支付',
  `pdr_payment_time` int(11) NOT NULL DEFAULT '0' COMMENT '支付时间',
  `pdr_admin` varchar(30) DEFAULT '' COMMENT '管理员名',
  PRIMARY KEY (`pdr_id`)
) ENGINE=InnoDB DEFAULT CHARSET=utf8 COMMENT='预存款充值表';

#
# Data for table "33hao_pd_recharge"
#


#
# Structure for table "33hao_points_cart"
#

DROP TABLE IF EXISTS `33hao_points_cart`;
CREATE TABLE `33hao_points_cart` (
  `pcart_id` int(11) NOT NULL AUTO_INCREMENT COMMENT '自增ID',
  `pmember_id` int(11) NOT NULL COMMENT '会员编号',
  `pgoods_id` int(11) NOT NULL COMMENT '积分礼品序号',
  `pgoods_name` varchar(100) NOT NULL COMMENT '积分礼品名称',
  `pgoods_points` int(11) NOT NULL COMMENT '积分礼品兑换积分',
  `pgoods_choosenum` int(11) NOT NULL COMMENT '选择积分礼品数量',
  `pgoods_image` varchar(100) DEFAULT NULL COMMENT '积分礼品图片',
  PRIMARY KEY (`pcart_id`)
) ENGINE=InnoDB DEFAULT CHARSET=utf8 COMMENT='积分礼品兑换购物车';

#
# Data for table "33hao_points_cart"
#


#
# Structure for table "33hao_points_goods"
#

DROP TABLE IF EXISTS `33hao_points_goods`;
CREATE TABLE `33hao_points_goods` (
  `pgoods_id` int(11) NOT NULL AUTO_INCREMENT COMMENT '积分礼品索引id',
  `pgoods_name` varchar(100) NOT NULL COMMENT '积分礼品名称',
  `pgoods_price` decimal(10,2) NOT NULL DEFAULT '0.00' COMMENT '积分礼品原价',
  `pgoods_points` int(11) NOT NULL COMMENT '积分礼品兑换所需积分',
  `pgoods_image` varchar(100) NOT NULL COMMENT '积分礼品默认封面图片',
  `pgoods_tag` varchar(100) NOT NULL COMMENT '积分礼品标签',
  `pgoods_serial` varchar(50) NOT NULL COMMENT '积分礼品货号',
  `pgoods_storage` int(11) NOT NULL DEFAULT '0' COMMENT '积分礼品库存数',
  `pgoods_show` tinyint(1) NOT NULL COMMENT '积分礼品上架 0表示下架 1表示上架',
  `pgoods_commend` tinyint(1) NOT NULL COMMENT '积分礼品推荐',
  `pgoods_add_time` int(11) NOT NULL COMMENT '积分礼品添加时间',
  `pgoods_keywords` varchar(100) DEFAULT NULL COMMENT '积分礼品关键字',
  `pgoods_description` varchar(200) DEFAULT NULL COMMENT '积分礼品描述',
  `pgoods_body` text NOT NULL COMMENT '积分礼品详细内容',
  `pgoods_state` tinyint(1) NOT NULL DEFAULT '0' COMMENT '积分礼品状态，0开启，1禁售',
  `pgoods_close_reason` varchar(255) DEFAULT NULL COMMENT '积分礼品禁售原因',
  `pgoods_salenum` int(11) NOT NULL DEFAULT '0' COMMENT '积分礼品售出数量',
  `pgoods_view` int(11) NOT NULL DEFAULT '0' COMMENT '积分商品浏览次数',
  `pgoods_islimit` tinyint(1) NOT NULL COMMENT '是否限制每会员兑换数量',
  `pgoods_limitnum` int(11) DEFAULT NULL COMMENT '每会员限制兑换数量',
  `pgoods_islimittime` tinyint(1) NOT NULL DEFAULT '0' COMMENT '是否限制兑换时间 0为不限制 1为限制',
  `pgoods_limitmgrade` int(11) NOT NULL DEFAULT '0' COMMENT '限制参与兑换的会员级别',
  `pgoods_starttime` int(11) DEFAULT NULL COMMENT '兑换开始时间',
  `pgoods_endtime` int(11) DEFAULT NULL COMMENT '兑换结束时间',
  `pgoods_sort` int(11) NOT NULL DEFAULT '0' COMMENT '礼品排序',
  PRIMARY KEY (`pgoods_id`)
) ENGINE=InnoDB DEFAULT CHARSET=utf8 COMMENT='积分礼品表';

#
# Data for table "33hao_points_goods"
#


#
# Structure for table "33hao_points_log"
#

DROP TABLE IF EXISTS `33hao_points_log`;
CREATE TABLE `33hao_points_log` (
  `pl_id` int(11) NOT NULL AUTO_INCREMENT COMMENT '积分日志编号',
  `pl_memberid` int(11) NOT NULL COMMENT '会员编号',
  `pl_membername` varchar(100) NOT NULL COMMENT '会员名称',
  `pl_adminid` int(11) DEFAULT NULL COMMENT '管理员编号',
  `pl_adminname` varchar(100) DEFAULT NULL COMMENT '管理员名称',
  `pl_points` int(11) NOT NULL DEFAULT '0' COMMENT '积分数负数表示扣除',
  `pl_addtime` int(11) NOT NULL COMMENT '添加时间',
  `pl_desc` varchar(100) NOT NULL COMMENT '操作描述',
  `pl_stage` varchar(50) NOT NULL COMMENT '操作阶段',
  PRIMARY KEY (`pl_id`)
) ENGINE=InnoDB AUTO_INCREMENT=20 DEFAULT CHARSET=utf8 COMMENT='会员积分日志表';

#
# Data for table "33hao_points_log"
#

INSERT INTO `33hao_points_log` VALUES (1,2,'测试会员1',NULL,NULL,20,1472624116,'注册会员','regist'),(2,1,'admin',NULL,NULL,30,1472699627,'会员登录','login'),(3,1,'admin',NULL,NULL,30,1472786018,'会员登录','login'),(4,2,'测试会员1',NULL,NULL,30,1473491139,'会员登录','login'),(5,2,'测试会员1',NULL,NULL,30,1473730009,'会员登录','login'),(6,1,'admin',NULL,NULL,30,1474333363,'会员登录','login'),(7,1,'admin',NULL,NULL,30,1474508393,'会员登录','login'),(8,1,'admin',NULL,NULL,30,1474857927,'会员登录','login'),(9,33,'user13621286210',NULL,NULL,30,1474872012,'会员登录','login'),(10,33,'刘帅',NULL,NULL,30,1475916634,'会员登录','login'),(11,1,'admin',NULL,NULL,30,1475916652,'会员登录','login'),(12,45,'xiaohaha',NULL,NULL,20,1514950275,'注册会员','regist'),(13,46,'liushuai123',NULL,NULL,20,1514965046,'注册会员','regist'),(14,33,'刘帅',NULL,NULL,100,1514965046,'邀请新会员[liushuai123]注册','inviter'),(15,47,'liushuai111',NULL,NULL,20,1514966388,'注册会员','regist'),(16,1,'admin',NULL,NULL,100,1514966388,'邀请新会员[liushuai111]注册','inviter'),(17,47,'liushuai111',NULL,NULL,5,1514970433,'签到得到积分','signin'),(18,46,'liushuai123',NULL,NULL,11,1515037492,'订单1000000000000501购物消费','order'),(19,33,'刘帅',NULL,NULL,0,1515037492,'被邀请人[]消费','rebate');

#
# Structure for table "33hao_points_order"
#

DROP TABLE IF EXISTS `33hao_points_order`;
CREATE TABLE `33hao_points_order` (
  `point_orderid` int(11) NOT NULL AUTO_INCREMENT COMMENT '兑换订单编号',
  `point_ordersn` varchar(20) NOT NULL COMMENT '兑换订单编号',
  `point_buyerid` int(11) NOT NULL COMMENT '兑换会员id',
  `point_buyername` varchar(50) NOT NULL COMMENT '兑换会员姓名',
  `point_buyeremail` varchar(100) NOT NULL COMMENT '兑换会员email',
  `point_addtime` int(11) NOT NULL COMMENT '兑换订单生成时间',
  `point_shippingtime` int(11) DEFAULT NULL COMMENT '配送时间',
  `point_shippingcode` varchar(50) DEFAULT NULL COMMENT '物流单号',
  `point_shipping_ecode` varchar(30) DEFAULT NULL COMMENT '物流公司编码',
  `point_finnshedtime` int(11) DEFAULT NULL COMMENT '订单完成时间',
  `point_allpoint` int(11) NOT NULL DEFAULT '0' COMMENT '兑换总积分',
  `point_ordermessage` varchar(300) DEFAULT NULL COMMENT '订单留言',
  `point_orderstate` int(11) NOT NULL DEFAULT '20' COMMENT '订单状态：20(默认):已兑换并扣除积分;30:已发货;40:已收货;50已完成;2已取消',
  PRIMARY KEY (`point_orderid`)
) ENGINE=InnoDB DEFAULT CHARSET=utf8 COMMENT='兑换订单表';

#
# Data for table "33hao_points_order"
#


#
# Structure for table "33hao_points_orderaddress"
#

DROP TABLE IF EXISTS `33hao_points_orderaddress`;
CREATE TABLE `33hao_points_orderaddress` (
  `point_oaid` int(11) NOT NULL AUTO_INCREMENT COMMENT '自增id',
  `point_orderid` int(11) NOT NULL COMMENT '订单id',
  `point_truename` varchar(50) NOT NULL COMMENT '收货人姓名',
  `point_areaid` int(11) NOT NULL COMMENT '地区id',
  `point_areainfo` varchar(100) NOT NULL COMMENT '地区内容',
  `point_address` varchar(200) NOT NULL COMMENT '详细地址',
  `point_zipcode` varchar(20) NOT NULL COMMENT '邮政编码',
  `point_telphone` varchar(20) NOT NULL COMMENT '电话号码',
  `point_mobphone` varchar(20) NOT NULL COMMENT '手机号码',
  PRIMARY KEY (`point_oaid`)
) ENGINE=InnoDB DEFAULT CHARSET=utf8 COMMENT='兑换订单地址表';

#
# Data for table "33hao_points_orderaddress"
#


#
# Structure for table "33hao_points_ordergoods"
#

DROP TABLE IF EXISTS `33hao_points_ordergoods`;
CREATE TABLE `33hao_points_ordergoods` (
  `point_recid` int(11) NOT NULL AUTO_INCREMENT COMMENT '订单礼品表索引',
  `point_orderid` int(11) NOT NULL COMMENT '订单id',
  `point_goodsid` int(11) NOT NULL COMMENT '礼品id',
  `point_goodsname` varchar(100) NOT NULL COMMENT '礼品名称',
  `point_goodspoints` int(11) NOT NULL COMMENT '礼品兑换积分',
  `point_goodsnum` int(11) NOT NULL COMMENT '礼品数量',
  `point_goodsimage` varchar(100) DEFAULT NULL COMMENT '礼品图片',
  PRIMARY KEY (`point_recid`)
) ENGINE=InnoDB DEFAULT CHARSET=utf8 COMMENT='兑换订单商品表';

#
# Data for table "33hao_points_ordergoods"
#


#
# Structure for table "33hao_rcb_log"
#

DROP TABLE IF EXISTS `33hao_rcb_log`;
CREATE TABLE `33hao_rcb_log` (
  `id` int(11) NOT NULL AUTO_INCREMENT COMMENT '自增编号',
  `member_id` int(11) NOT NULL COMMENT '会员编号',
  `member_name` varchar(50) NOT NULL COMMENT '会员名称',
  `type` varchar(15) NOT NULL DEFAULT '' COMMENT 'order_pay下单使用 order_freeze下单冻结 order_cancel取消订单解冻 order_comb_pay下单扣除被冻结 recharge平台充值卡充值 refund确认退款 vr_refund虚拟兑码退款',
  `add_time` int(11) NOT NULL COMMENT '添加时间',
  `available_amount` decimal(10,2) NOT NULL DEFAULT '0.00' COMMENT '可用充值卡余额变更 0表示未变更',
  `freeze_amount` decimal(10,2) NOT NULL DEFAULT '0.00' COMMENT '冻结充值卡余额变更 0表示未变更',
  `description` varchar(150) DEFAULT NULL COMMENT '描述',
  PRIMARY KEY (`id`)
) ENGINE=InnoDB DEFAULT CHARSET=utf8 COMMENT='充值卡余额变更日志表';

#
# Data for table "33hao_rcb_log"
#


#
# Structure for table "33hao_rec_position"
#

DROP TABLE IF EXISTS `33hao_rec_position`;
CREATE TABLE `33hao_rec_position` (
  `rec_id` mediumint(8) unsigned NOT NULL AUTO_INCREMENT,
  `pic_type` enum('1','2','0') NOT NULL DEFAULT '1' COMMENT '0文字1本地图片2远程',
  `title` varchar(200) NOT NULL DEFAULT '' COMMENT '标题',
  `content` text NOT NULL COMMENT '序列化推荐位内容',
  PRIMARY KEY (`rec_id`)
) ENGINE=InnoDB AUTO_INCREMENT=9 DEFAULT CHARSET=utf8 COMMENT='推荐位';

#
# Data for table "33hao_rec_position"
#

INSERT INTO `33hao_rec_position` VALUES (1,'1','底部推荐1','a:4:{s:4:\"body\";a:1:{i:0;a:2:{s:5:\"title\";s:42:\"shop/rec_position/aafda0df33d2a95e6010.png\";s:3:\"url\";s:0:\"\";}}s:5:\"width\";s:0:\"\";s:6:\"height\";s:0:\"\";s:6:\"target\";i:1;}'),(2,'1','底部推荐2','a:4:{s:4:\"body\";a:1:{i:0;a:2:{s:5:\"title\";s:42:\"shop/rec_position/f0a5ee0bfc20dd005850.png\";s:3:\"url\";s:0:\"\";}}s:5:\"width\";s:0:\"\";s:6:\"height\";s:0:\"\";s:6:\"target\";i:1;}'),(3,'1','底部推荐3','a:4:{s:4:\"body\";a:1:{i:0;a:2:{s:5:\"title\";s:42:\"shop/rec_position/72edb29cc2ad2af46000.png\";s:3:\"url\";s:0:\"\";}}s:5:\"width\";s:0:\"\";s:6:\"height\";s:0:\"\";s:6:\"target\";i:1;}'),(4,'1','底部推荐4','a:4:{s:4:\"body\";a:1:{i:0;a:2:{s:5:\"title\";s:42:\"shop/rec_position/c827005fae642e146280.png\";s:3:\"url\";s:0:\"\";}}s:5:\"width\";s:0:\"\";s:6:\"height\";s:0:\"\";s:6:\"target\";i:1;}'),(5,'1','底部推荐5','a:4:{s:4:\"body\";a:1:{i:0;a:2:{s:5:\"title\";s:42:\"shop/rec_position/3497c1b195bde1928550.png\";s:3:\"url\";s:0:\"\";}}s:5:\"width\";s:0:\"\";s:6:\"height\";s:0:\"\";s:6:\"target\";i:1;}'),(6,'1','底部推荐6','a:4:{s:4:\"body\";a:1:{i:0;a:2:{s:5:\"title\";s:42:\"shop/rec_position/ea3ff5e9bf84afc34800.png\";s:3:\"url\";s:0:\"\";}}s:5:\"width\";s:0:\"\";s:6:\"height\";s:0:\"\";s:6:\"target\";i:1;}'),(7,'0','新浪微博','a:2:{s:4:\"body\";a:1:{i:0;a:2:{s:5:\"title\";s:12:\"新浪微博\";s:3:\"url\";s:0:\"\";}}s:6:\"target\";i:2;}'),(8,'0','腾讯微博','a:2:{s:4:\"body\";a:1:{i:0;a:2:{s:5:\"title\";s:12:\"腾讯微博\";s:3:\"url\";s:0:\"\";}}s:6:\"target\";i:2;}');

#
# Structure for table "33hao_rechargecard"
#

DROP TABLE IF EXISTS `33hao_rechargecard`;
CREATE TABLE `33hao_rechargecard` (
  `id` int(11) NOT NULL AUTO_INCREMENT COMMENT '自增ID',
  `sn` varchar(50) NOT NULL COMMENT '卡号',
  `denomination` decimal(10,2) NOT NULL COMMENT '面额',
  `batchflag` varchar(20) NOT NULL COMMENT '批次标识',
  `admin_name` varchar(50) DEFAULT NULL COMMENT '创建者名称',
  `tscreated` int(10) unsigned NOT NULL COMMENT '创建时间',
  `tsused` int(10) unsigned NOT NULL DEFAULT '0' COMMENT '使用时间',
  `state` tinyint(3) unsigned NOT NULL DEFAULT '0' COMMENT '状态 0可用 1已用 2已删',
  `member_id` int(11) NOT NULL DEFAULT '0' COMMENT '使用者会员ID',
  `member_name` varchar(50) DEFAULT NULL COMMENT '使用者会员名称',
  PRIMARY KEY (`id`)
) ENGINE=InnoDB DEFAULT CHARSET=utf8 COMMENT='平台充值卡';

#
# Data for table "33hao_rechargecard"
#


#
# Structure for table "33hao_refund_reason"
#

DROP TABLE IF EXISTS `33hao_refund_reason`;
CREATE TABLE `33hao_refund_reason` (
  `reason_id` int(10) unsigned NOT NULL AUTO_INCREMENT COMMENT '原因ID',
  `reason_info` varchar(50) NOT NULL COMMENT '原因内容',
  `sort` tinyint(1) unsigned DEFAULT '255' COMMENT '排序',
  `update_time` int(10) unsigned NOT NULL COMMENT '更新时间',
  PRIMARY KEY (`reason_id`)
) ENGINE=InnoDB AUTO_INCREMENT=100 DEFAULT CHARSET=utf8 COMMENT='退款退货原因表';

#
# Data for table "33hao_refund_reason"
#

INSERT INTO `33hao_refund_reason` VALUES (95,'效果不好不喜欢',123,1393480261),(96,'商品破损、有污渍',123,1393480261),(97,'保质期不符',123,1393480261),(98,'认为是假货',123,1393480261),(99,'不能按时发货',123,1393480261);

#
# Structure for table "33hao_refund_return"
#

DROP TABLE IF EXISTS `33hao_refund_return`;
CREATE TABLE `33hao_refund_return` (
  `refund_id` int(10) unsigned NOT NULL AUTO_INCREMENT COMMENT '记录ID',
  `order_id` int(10) unsigned NOT NULL COMMENT '订单ID',
  `order_sn` varchar(50) NOT NULL COMMENT '订单编号',
  `refund_sn` varchar(50) NOT NULL COMMENT '申请编号',
  `store_id` int(10) unsigned NOT NULL COMMENT '店铺ID',
  `store_name` varchar(20) NOT NULL COMMENT '店铺名称',
  `buyer_id` int(10) unsigned NOT NULL COMMENT '买家ID',
  `buyer_name` varchar(50) NOT NULL COMMENT '买家会员名',
  `goods_id` int(10) unsigned NOT NULL COMMENT '商品ID,全部退款是0',
  `order_goods_id` int(10) unsigned DEFAULT '0' COMMENT '订单商品ID,全部退款是0',
  `goods_name` varchar(50) NOT NULL COMMENT '商品名称',
  `goods_num` int(10) unsigned DEFAULT '1' COMMENT '商品数量',
  `refund_amount` decimal(10,2) DEFAULT '0.00' COMMENT '退款金额',
  `goods_image` varchar(100) DEFAULT NULL COMMENT '商品图片',
  `order_goods_type` tinyint(1) unsigned DEFAULT '1' COMMENT '订单商品类型:1默认2团购商品3限时折扣商品4组合套装',
  `refund_type` tinyint(1) unsigned DEFAULT '1' COMMENT '申请类型:1为退款,2为退货,默认为1',
  `seller_state` tinyint(1) unsigned DEFAULT '1' COMMENT '卖家处理状态:1为待审核,2为同意,3为不同意,默认为1',
  `refund_state` tinyint(1) unsigned DEFAULT '1' COMMENT '申请状态:1为处理中,2为待管理员处理,3为已完成,默认为1',
  `return_type` tinyint(1) unsigned DEFAULT '1' COMMENT '退货类型:1为不用退货,2为需要退货,默认为1',
  `order_lock` tinyint(1) unsigned DEFAULT '1' COMMENT '订单锁定类型:1为不用锁定,2为需要锁定,默认为1',
  `goods_state` tinyint(1) unsigned DEFAULT '1' COMMENT '物流状态:1为待发货,2为待收货,3为未收到,4为已收货,默认为1',
  `add_time` int(10) unsigned NOT NULL COMMENT '添加时间',
  `seller_time` int(10) unsigned DEFAULT '0' COMMENT '卖家处理时间',
  `admin_time` int(10) unsigned DEFAULT '0' COMMENT '管理员处理时间,默认为0',
  `reason_id` int(10) unsigned DEFAULT '0' COMMENT '原因ID:0为其它',
  `reason_info` varchar(300) DEFAULT '' COMMENT '原因内容',
  `pic_info` varchar(300) DEFAULT '' COMMENT '图片',
  `buyer_message` varchar(300) DEFAULT NULL COMMENT '申请原因',
  `seller_message` varchar(300) DEFAULT NULL COMMENT '卖家备注',
  `admin_message` varchar(300) DEFAULT NULL COMMENT '管理员备注',
  `express_id` tinyint(1) unsigned DEFAULT '0' COMMENT '物流公司编号',
  `invoice_no` varchar(50) DEFAULT NULL COMMENT '物流单号',
  `ship_time` int(10) unsigned DEFAULT '0' COMMENT '发货时间,默认为0',
  `delay_time` int(10) unsigned DEFAULT '0' COMMENT '收货延迟时间,默认为0',
  `receive_time` int(10) unsigned DEFAULT '0' COMMENT '收货时间,默认为0',
  `receive_message` varchar(300) DEFAULT NULL COMMENT '收货备注',
  `commis_rate` smallint(6) DEFAULT '0' COMMENT '佣金比例',
  PRIMARY KEY (`refund_id`)
) ENGINE=InnoDB DEFAULT CHARSET=utf8 COMMENT='退款退货表';

#
# Data for table "33hao_refund_return"
#


#
# Structure for table "33hao_seller"
#

DROP TABLE IF EXISTS `33hao_seller`;
CREATE TABLE `33hao_seller` (
  `seller_id` int(10) unsigned NOT NULL AUTO_INCREMENT COMMENT '卖家编号',
  `seller_name` varchar(50) NOT NULL COMMENT '卖家用户名',
  `member_id` int(10) unsigned NOT NULL COMMENT '用户编号',
  `seller_group_id` int(10) unsigned NOT NULL COMMENT '卖家组编号',
  `store_id` int(10) unsigned NOT NULL COMMENT '店铺编号',
  `is_admin` tinyint(3) unsigned NOT NULL COMMENT '是否管理员(0-不是 1-是)',
  `seller_quicklink` varchar(255) DEFAULT NULL COMMENT '卖家快捷操作',
  `last_login_time` int(10) unsigned DEFAULT NULL COMMENT '最后登录时间',
  PRIMARY KEY (`seller_id`)
) ENGINE=InnoDB AUTO_INCREMENT=2 DEFAULT CHARSET=utf8 COMMENT='卖家用户表';

#
# Data for table "33hao_seller"
#

INSERT INTO `33hao_seller` VALUES (1,'admin',1,0,1,1,NULL,1515137442);

#
# Structure for table "33hao_seller_group"
#

DROP TABLE IF EXISTS `33hao_seller_group`;
CREATE TABLE `33hao_seller_group` (
  `group_id` int(10) unsigned NOT NULL AUTO_INCREMENT COMMENT '卖家组编号',
  `group_name` varchar(50) NOT NULL COMMENT '组名',
  `limits` text NOT NULL COMMENT '权限',
  `smt_limits` text NOT NULL COMMENT '消息权限范围',
  `store_id` int(10) unsigned NOT NULL COMMENT '店铺编号',
  PRIMARY KEY (`group_id`)
) ENGINE=InnoDB DEFAULT CHARSET=utf8 COMMENT='卖家用户组表';

#
# Data for table "33hao_seller_group"
#


#
# Structure for table "33hao_seller_log"
#

DROP TABLE IF EXISTS `33hao_seller_log`;
CREATE TABLE `33hao_seller_log` (
  `log_id` int(10) unsigned NOT NULL AUTO_INCREMENT COMMENT '日志编号',
  `log_content` varchar(50) NOT NULL COMMENT '日志内容',
  `log_time` int(10) unsigned NOT NULL COMMENT '日志时间',
  `log_seller_id` int(10) unsigned NOT NULL COMMENT '卖家编号',
  `log_seller_name` varchar(50) NOT NULL COMMENT '卖家帐号',
  `log_store_id` int(10) unsigned NOT NULL COMMENT '店铺编号',
  `log_seller_ip` varchar(50) NOT NULL COMMENT '卖家ip',
  `log_url` varchar(50) NOT NULL COMMENT '日志url',
  `log_state` tinyint(3) unsigned NOT NULL COMMENT '日志状态(0-失败 1-成功)',
  PRIMARY KEY (`log_id`)
) ENGINE=InnoDB AUTO_INCREMENT=30 DEFAULT CHARSET=utf8 COMMENT='卖家日志表';

#
# Data for table "33hao_seller_log"
#

INSERT INTO `33hao_seller_log` VALUES (1,'登录成功',1473763807,1,'admin',1,'116.213.119.69','seller_login&login',1),(2,'登录成功',1514860172,1,'admin',1,'127.0.0.1','seller_login&login',1),(3,'登录成功',1514862061,1,'admin',1,'127.0.0.1','seller_login&login',1),(4,'注销成功',1514871769,1,'admin',1,'127.0.0.1','seller_logout&logout',1),(5,'登录成功',1514871776,1,'admin',1,'127.0.0.1','seller_login&login',1),(6,'注销成功',1514872092,1,'admin',1,'127.0.0.1','seller_logout&logout',1),(7,'登录成功',1514872100,1,'刘帅',1,'127.0.0.1','seller_login&login',1),(8,'注销成功',1514872107,1,'刘帅',1,'127.0.0.1','seller_logout&logout',1),(9,'登录成功',1514872115,1,'admin',1,'127.0.0.1','seller_login&login',1),(10,'注销成功',1514872443,1,'admin',1,'127.0.0.1','seller_logout&logout',1),(11,'登录成功',1514872451,1,'刘帅',1,'127.0.0.1','seller_login&login',1),(12,'注销成功',1514872549,1,'刘帅',1,'127.0.0.1','seller_logout&logout',1),(13,'登录成功',1514872556,1,'刘帅',1,'127.0.0.1','seller_login&login',1),(14,'注销成功',1514884403,1,'刘帅',1,'127.0.0.1','seller_logout&logout',1),(15,'登录成功',1514884412,1,'admin',1,'127.0.0.1','seller_login&login',1),(16,'登录成功',1514944514,1,'admin',1,'127.0.0.1','seller_login&login',1),(17,'登录成功',1514970484,1,'admin',1,'127.0.0.1','seller_login&login',1),(18,'注销成功',1515116637,1,'admin',1,'127.0.0.1','seller_logout&logout',1),(19,'登录成功',1515116651,1,'liushuai123',1,'127.0.0.1','seller_login&login',1),(20,'注销成功',1515137435,1,'liushuai123',1,'127.0.0.1','seller_logout&logout',1),(21,'登录成功',1515137442,1,'admin',1,'127.0.0.1','seller_login&login',1),(27,'编辑商品，平台货号：100086',1515142899,1,'admin',1,'127.0.0.1','store_goods_online&edit_save_goods',1),(28,'编辑商品，平台货号：100086',1515143146,1,'admin',1,'127.0.0.1','store_goods_online&edit_save_goods',1),(29,'编辑商品，平台货号：100085',1515143157,1,'admin',1,'127.0.0.1','store_goods_online&edit_save_goods',1);

#
# Structure for table "33hao_seo"
#

DROP TABLE IF EXISTS `33hao_seo`;
CREATE TABLE `33hao_seo` (
  `id` mediumint(8) unsigned NOT NULL AUTO_INCREMENT COMMENT '主键',
  `title` varchar(255) NOT NULL COMMENT '标题',
  `keywords` varchar(255) NOT NULL COMMENT '关键词',
  `description` text NOT NULL COMMENT '描述',
  `type` varchar(20) NOT NULL COMMENT '类型',
  UNIQUE KEY `id` (`id`)
) ENGINE=InnoDB AUTO_INCREMENT=15 DEFAULT CHARSET=utf8 COMMENT='SEO信息存放表';

#
# Data for table "33hao_seo"
#

INSERT INTO `33hao_seo` VALUES (1,'{sitename}','邮币交易中心','邮币交易中心','index'),(2,'{sitename} - 团购','邮币交易中心','邮币交易中心','group'),(3,'{sitename} - {name}','邮币交易中心','邮币交易中心','group_content'),(4,'{sitename} - 品牌','邮币交易中心','邮币交易中心','brand'),(5,'{sitename} - {name}','邮币交易中心','邮币交易中心','brand_list'),(7,'{sitename} - {name}','好商城V3,{sitename},{name}','好商城V3,{sitename},{name}','coupon_content'),(8,'{sitename} - 积分商城','邮币交易中心','邮币交易中心','point'),(9,'{sitename} - {name}','邮币交易中心','邮币交易中心','point_content'),(10,'{sitename} - {article_class}','邮币交易中心','邮币交易中心','article'),(11,'{sitename} - {name}','邮币交易中心','邮币交易中心','article_content'),(12,'{sitename} - {shopname}','邮币交易中心','邮币交易中心','shop'),(13,'{name} - {sitename}','邮币交易中心','邮币交易中心','product'),(14,'看{name}怎么淘到好的宝贝-{sitename}','邮币交易中心','邮币交易中心','sns');

#
# Structure for table "33hao_setting"
#

DROP TABLE IF EXISTS `33hao_setting`;
CREATE TABLE `33hao_setting` (
  `name` varchar(50) NOT NULL COMMENT '名称',
  `value` text COMMENT '值',
  PRIMARY KEY (`name`)
) ENGINE=InnoDB DEFAULT CHARSET=utf8 COMMENT='系统设置表';

#
# Data for table "33hao_setting"
#

INSERT INTO `33hao_setting` VALUES ('captcha_status_goodsqa','1'),('captcha_status_login',''),('captcha_status_register','1'),('circle_contentleast','10'),('circle_createsum','6'),('circle_exprelease','2'),('circle_expreleasemax','10'),('circle_expreplied','3'),('circle_exprepliedmax','1000'),('circle_expreply','1'),('circle_intervaltime','1'),('circle_iscreate','1'),('circle_istalk','1'),('circle_isuse','1'),('circle_joinsum','12'),('circle_loginpic','a:4:{i:1;a:2:{s:3:\"pic\";s:5:\"1.jpg\";s:3:\"url\";s:22:\"http://www.33hao.com/\";}i:2;a:2:{s:3:\"pic\";s:5:\"2.jpg\";s:3:\"url\";s:22:\"http://www.33hao.com/\";}i:3;a:2:{s:3:\"pic\";s:5:\"3.jpg\";s:3:\"url\";s:22:\"http://www.33hao.com/\";}i:4;a:2:{s:3:\"pic\";s:5:\"4.jpg\";s:3:\"url\";s:22:\"http://www.33hao.com/\";}}'),('circle_logo','logo.png'),('circle_managesum','4'),('circle_name','圈子'),('circle_seodescription','发现精彩：圈子是买家们自己创建的私属领地，我们排斥广告分子，我们热爱真实分享！'),('circle_seokeywords','圈子,帮派,讨论小组,购物,生活,分享,show,秀,商品,电子商务,社区,消费者社区,论坛,资讯,热门话题,朋友'),('circle_seotitle','发现精彩 - 圈子'),('circle_wordfilter',NULL),('closed_reason','升级中……'),('cms_attitude_flag','1'),('cms_comment_flag','1'),('cms_isuse','1'),('cms_logo',''),('cms_seo_description','资讯,画报'),('cms_seo_keywords','资讯,画报'),('cms_seo_title','资讯频道'),('cms_submit_flag','1'),('cms_submit_verify_flag','1'),('complain_time_limit','2592000'),('consult_prompt','因厂家更改商品包装、场地、附配件等不做提前通知，且每位咨询者购买、提问时间等不同。为此，客服给到的回复仅对提问者3天内有效，其他网友仅供参考！给您带来的不变还请谅解，谢谢！'),('default_goods_image','default_goods_image.gif'),('default_store_avatar','default_store_avatar.gif'),('default_store_logo','default_store_logo.gif'),('default_user_portrait','default_user_portrait.gif'),('delivery_isuse','1'),('email_addr','13621286210@163.com'),('email_host','smtp.163.com'),('email_id','13621286210@163.com'),('email_pass','ls936794508'),('email_port','25'),('email_type','1'),('enabled_subdomain','0'),('exppoints_rule','a:4:{s:9:\"exp_login\";s:1:\"5\";s:12:\"exp_comments\";s:2:\"10\";s:13:\"exp_orderrate\";s:1:\"1\";s:12:\"exp_ordermax\";s:3:\"500\";}'),('flea_app_open','1'),('flea_hot_search','男装,手机,笔记本,古董,奢侈品'),('flea_isuse','1'),('flea_loginpic','a:4:{i:1;a:2:{s:3:\"pic\";s:5:\"flea_1.jpg\";s:3:\"url\";s:22:\"http://www.33hao.com/\";}i:2;a:2:{s:3:\"pic\";s:5:\"flea_2.jpg\";s:3:\"url\";s:22:\"http://www.33hao.com/\";}i:3;a:2:{s:3:\"pic\";s:5:\"flea_3.jpg\";s:3:\"url\";s:22:\"http://www.33hao.com/\";}i:4;a:2:{s:3:\"pic\";s:5:\"flea_4.jpg\";s:3:\"url\";s:22:\"http://www.33hao.com/\";}i:5;a:2:{s:3:\"pic\";s:5:\"flea_5.jpg\";s:3:\"url\";s:22:\"http://www.33hao.com/\";}}'),('flea_site_description','好商城V3系统闲置市场'),('flea_site_keywords','好商城V3系统闲置市场'),('flea_site_name','好商城V3系统闲置市场'),('flea_site_title','好商城V3系统闲置市场'),('goods_verify','0'),('groupbuy_allow','1'),('groupbuy_price','10'),('groupbuy_review_day','0'),('guest_comment','1'),('hot_search','邮币,邮票'),('icp_number',''),('image_allow_ext','gif,jpg,jpeg,bmp,png,swf'),('image_dir_type','1'),('image_max_filesize','1024'),('live_link1','http://www.33hao.com'),('live_link2','http://www.33hao.com'),('live_link3',''),('live_link4',''),('live_pic1','04525999367706292.jpg'),('live_pic2','04525999367951893.jpg'),('live_pic3',''),('live_pic4',''),('login_pic','a:4:{i:0;s:5:\"1.jpg\";i:1;s:5:\"2.jpg\";i:2;s:5:\"3.jpg\";i:3;s:5:\"4.jpg\";}'),('malbum_max_sum','200'),('md5_key','aea48ad85c577c76b34467197d221663'),('member_grade','a:4:{i:0;a:3:{s:5:\"level\";i:0;s:10:\"level_name\";s:2:\"V0\";s:9:\"exppoints\";i:0;}i:1;a:3:{s:5:\"level\";i:1;s:10:\"level_name\";s:2:\"V1\";s:9:\"exppoints\";i:1000;}i:2;a:3:{s:5:\"level\";i:2;s:10:\"level_name\";s:2:\"V2\";s:9:\"exppoints\";i:10000;}i:3;a:3:{s:5:\"level\";i:3;s:10:\"level_name\";s:2:\"V3\";s:9:\"exppoints\";i:20000;}}'),('member_logo','user_center.png'),('microshop_goods_default_class','0'),('microshop_header_pic',''),('microshop_isuse','1'),('microshop_logo',''),('microshop_personal_limit','50'),('microshop_seo_description','好商城V3,微商城,随心看,个人秀,店铺街'),('microshop_seo_keywords','好商城V3,微商城,随心看,个人秀,店铺街,网上购物'),('microshop_store_banner',''),('microshop_style','default'),('mobile_apk','http://v3.33hao.com/app.apk'),('mobile_apk_version','3.0.2'),('mobile_app','mb_app.png'),('mobile_host',''),('mobile_host_type',''),('mobile_ios','http://v3.33hao.com/app.ipa'),('mobile_isuse','1'),('mobile_key',''),('mobile_memo',''),('mobile_pwd',''),('mobile_signature',''),('mobile_username',''),('pointprod_isuse','1'),('pointshop_isuse','1'),('points_comments','50'),('points_invite','100'),('points_isuse','1'),('points_login','30'),('points_ordermax','800'),('points_orderrate','20'),('points_rebate','10'),('points_reg','20'),('points_signin','5'),('promotion_allow','1'),('promotion_booth_goods_sum','10'),('promotion_booth_price','20'),('promotion_bundling_goods_sum','5'),('promotion_bundling_price','20'),('promotion_bundling_sum','50'),('promotion_mansong_price','20'),('promotion_voucher_buyertimes_limit','5'),('promotion_voucher_default_styleimg','default_voucher.jpg'),('promotion_voucher_price','20'),('promotion_voucher_storetimes_limit','20'),('promotion_xianshi_price','11'),('qq_appcode','&lt;meta property=&quot;qc:admins&quot; content=&quot;1727332777630706375&quot; /&gt;'),('qq_appid','101337577'),('qq_appkey','48fe89c7cb101eefb3c7066099319128'),('qq_isuse','1'),('seller_center_logo','seller_center_logo.png'),('share_isuse','1'),('share_qqweibo_appid',''),('share_qqweibo_appkey',''),('share_qqweibo_isuse','0'),('share_sinaweibo_appcode',''),('share_sinaweibo_appid',''),('share_sinaweibo_appkey',''),('share_sinaweibo_isuse','0'),('sina_appcode',''),('sina_isuse','0'),('sina_wb_akey',''),('sina_wb_skey',''),('site_bank_account',''),('site_email','abc@33hao.com'),('site_logo','logo.png'),('site_logowx','04781087584534013.png'),('site_mobile_logo',''),('site_name','邮币交易中心'),('site_phone','23456789,88997788'),('site_status','1'),('site_tel400','4008008000'),('sms_login','0'),('sms_password','0'),('sms_register','0'),('statistics_code','Copyright 2016'),('stat_orderpricerange',''),('stat_pricerange',''),('store_joinin_pic','a:2:{s:8:\"show_txt\";s:246:\"平台提供各类专业管家服务，协助您开通店铺、运营店铺、组织营销活动及分析运营数据，悉心为您解答各类疑问，引导您按相关规则展开运营；我们将竭尽全力，为您的店铺保驾护航。\";s:3:\"pic\";a:3:{i:1;s:18:\"store_joinin_1.jpg\";i:2;s:18:\"store_joinin_2.jpg\";i:3;s:0:\"\";}}'),('subdomain_edit','0'),('subdomain_length','3-12'),('subdomain_reserved','www'),('subdomain_times','3'),('taobao_api_isuse','0'),('taobao_app_key',''),('taobao_secret_key',''),('time_zone','Asia/Shanghai'),('voucher_allow','1'),('weixin_appid',''),('weixin_isuse','0'),('weixin_secret','');

#
# Structure for table "33hao_sms_log"
#

DROP TABLE IF EXISTS `33hao_sms_log`;
CREATE TABLE `33hao_sms_log` (
  `log_id` int(10) unsigned NOT NULL AUTO_INCREMENT COMMENT '记录ID',
  `log_phone` char(11) NOT NULL COMMENT '手机号',
  `log_captcha` char(6) NOT NULL COMMENT '短信动态码',
  `log_ip` varchar(15) NOT NULL COMMENT '请求IP',
  `log_msg` varchar(300) NOT NULL COMMENT '短信内容',
  `log_type` tinyint(1) unsigned NOT NULL DEFAULT '1' COMMENT '短信类型:1为注册,2为登录,3为找回密码,默认为1',
  `add_time` int(10) unsigned NOT NULL COMMENT '添加时间',
  `member_id` int(10) unsigned DEFAULT '0' COMMENT '会员ID,注册为0',
  `member_name` varchar(50) DEFAULT '' COMMENT '会员名',
  PRIMARY KEY (`log_id`),
  KEY `log_phone` (`log_phone`)
) ENGINE=InnoDB AUTO_INCREMENT=182 DEFAULT CHARSET=utf8 COMMENT='手机短信记录表';

#
# Data for table "33hao_sms_log"
#

INSERT INTO `33hao_sms_log` VALUES (1,'13621286210','203755','116.213.119.69','你的验证码为203755,有效期60分钟',1,1473215945,0,NULL),(2,'13621286210','567468','116.213.119.69','你的验证码为567468,有效期60分钟',1,1473216265,0,NULL),(3,'18236938399','258528','116.213.119.69','你的验证码为258528,有效期60分钟',1,1473216276,0,NULL),(4,'13621286210','724645','116.213.119.69','你的验证码为724645,有效期60分钟',1,1473217609,0,NULL),(5,'15600788257','916700','223.104.38.153','你的验证码为916700,有效期60分钟',1,1473218479,0,NULL),(6,'15600788257','727971','223.104.38.153','你的验证码为727971,有效期60分钟',1,1473234946,0,NULL),(7,'15600788257','665138','223.104.38.153','你的验证码为665138,有效期60分钟',1,1473235135,0,NULL),(8,'15600788257','941265','223.104.38.153','你的验证码为941265,有效期60分钟',1,1473238817,0,NULL),(9,'13800138000','123456','223.104.38.153','你的验证码为970173,有效期60分钟',1,1473241435,0,NULL),(10,'13621286210','359746','223.104.38.153','你的验证码为359746,有效期60分钟',1,1473242107,0,NULL),(11,'13621286210','937972','60.10.113.204','你的验证码为937972,有效期60分钟',1,1473251030,0,NULL),(12,'13621286210','888525','223.104.3.131','你的验证码为888525,有效期60分钟',1,1473295773,0,NULL),(13,'13621286210','680847','223.104.3.131','你的验证码为680847,有效期60分钟',1,1473295982,0,NULL),(14,'13621286210','378583','223.104.3.131','你的验证码为378583,有效期60分钟',1,1473296118,0,NULL),(15,'13621286210','590643','223.104.3.131','你的验证码为590643,有效期60分钟',1,1473296168,0,NULL),(16,'13621286210','635722','223.104.3.131','你的验证码为635722,有效期60分钟',1,1473300395,0,NULL),(17,'13621286210','548425','223.104.3.131','你的验证码为548425,有效期60分钟',1,1473301136,0,NULL),(18,'13621286210','305267','116.213.119.69','你的验证码为305267,有效期60分钟',1,1473306385,0,NULL),(19,'13621286210','168021','116.213.119.69','你的验证码为168021,有效期60分钟',1,1473306891,0,NULL),(20,'15600788257','949943','223.104.3.131','你的验证码为949943,有效期60分钟',1,1473307271,0,NULL),(21,'15600788257','702912','223.104.3.131','你的验证码为702912,有效期60分钟',1,1473307596,0,NULL),(22,'18236938399','378914','115.206.163.231','你的密码为378914,请妥善保存',4,1473320853,0,NULL),(23,'18236938399','352465','115.206.163.231','你的密码为352465,请妥善保存',4,1473320930,0,NULL),(24,'18236938399','114451','115.206.163.231','你的密码为114451,请妥善保存',4,1473321615,0,NULL),(25,'18236938399','980763','115.206.163.231','你的密码为980763,请妥善保存',4,1473323997,0,NULL),(26,'18236938399','468315','115.206.163.231','你的密码为468315,请妥善保存',4,1473324537,0,NULL),(27,'15600788257','421956','223.104.3.131','你的验证码为421956,有效期60分钟',2,1473324618,0,NULL),(28,'18236938399','646272','115.206.163.231','你的密码为646272,请妥善保存',4,1473325020,0,NULL),(29,'18236938399','176666','116.213.119.69','你的密码为176666,请妥善保存',4,1473325995,0,NULL),(30,'18236938399','806443','116.213.119.69','你的密码为806443,请妥善保存',4,1473326030,0,NULL),(31,'18236938399','239714','116.213.119.69','你的密码为239714,请妥善保存',4,1473326081,0,NULL),(32,'18236938399','765169','116.213.119.69','你的密码为765169,请妥善保存',4,1473326167,0,NULL),(33,'18236938399','373210','116.213.119.69','你的密码为373210,请妥善保存',4,1473326309,0,NULL),(34,'18236938399','821329','116.213.119.69','你的密码为821329,请妥善保存',4,1473326450,0,NULL),(35,'15600788257','212357','223.104.3.131','你的验证码为212357,有效期60分钟',2,1473326733,0,NULL),(36,'15600788257','651522','223.104.3.131','你的验证码为651522,有效期60分钟',2,1473326849,0,NULL),(37,'15600788257','123456','223.104.3.131','你的验证码为482883,有效期60分钟',2,1483326943,0,NULL),(38,'18236938399','961722','116.213.119.69','你的密码为961722,请妥善保存',4,1473327084,0,NULL),(39,'18236938399','628179','42.96.133.35','你的密码为628179,请妥善保存',4,1473327130,0,NULL),(40,'18236938399','455692','116.213.119.69','你的密码为455692,请妥善保存',4,1473327163,0,NULL),(41,'18236938399','377795','116.213.119.69','你的密码为377795,请妥善保存',4,1473331934,0,NULL),(42,'18236938399','469814','116.213.119.69','你的密码为469814,请妥善保存',4,1473332634,0,NULL),(44,'18236938399','486542','116.213.119.69','你的密码为486542,请妥善保存',4,1473332736,0,NULL),(45,'15600788257','123456','223.104.3.131','你的验证码为405864,有效期60分钟',1,1473674226,0,NULL),(46,'18236938399','177384','116.213.119.69','你的密码为177384,请妥善保存',4,1473334278,0,NULL),(47,'18236938399','891823','116.213.119.69','你的密码为891823,请妥善保存',4,1473381900,0,NULL),(48,'18236938399','197282','116.213.119.69','你的密码为197282,请妥善保存',4,1473381943,0,NULL),(49,'13621286210','249835','116.213.119.69','你的验证码为249835,有效期60分钟',1,1473382370,0,NULL),(50,'13621286210','634795','101.226.68.200','你的验证码为634795,有效期60分钟',1,1473382585,0,NULL),(51,'13800138009','123456','115.206.163.231','你的密码为734829,请妥善保存',4,1473382645,0,NULL),(52,'13800138000','123456','','',1,0,0,''),(53,'18236938399','159136','115.206.163.231','你的密码为159136,请妥善保存',4,1473387592,0,NULL),(54,'18236938399','413974','116.213.119.69','你的验证码为413974,有效期60分钟',2,1473415239,0,NULL),(55,'13621286210','320633','117.136.0.171','你的验证码为320633,有效期60分钟',2,1473415299,0,NULL),(56,'18236938399','195960','116.213.119.69','你的验证码为195960,有效期60分钟',1,1473478159,0,NULL),(57,'18236938399','465906','116.213.119.69','你的验证码为465906,有效期60分钟',1,1473486582,0,NULL),(58,'18236938399','893295','116.213.119.69','你的验证码为893295,有效期60分钟',1,1473488129,0,NULL),(59,'18236938399','966959','116.213.119.69','你的验证码为966959,有效期60分钟',1,1473489588,0,NULL),(60,'18236938399','801987','116.213.119.69','你的验证码为801987,有效期60分钟',1,1473490204,0,NULL),(61,'18236938399','852076','116.213.119.69','你的验证码为852076,有效期60分钟',1,1473666233,0,NULL),(62,'15600788257','123456','','',1,1473727095,0,''),(63,'18236938399','944246','1.15.73.87','你的验证码为944246,有效期60分钟',1,1473689470,0,NULL),(64,'18236938399','505318','1.15.73.87','你的验证码为505318,有效期60分钟',1,1473689651,0,NULL),(65,'18236938399','531168','1.15.73.87','你的验证码为531168,有效期60分钟',1,1473689869,0,NULL),(66,'18236938399','592950','1.15.73.87','你的验证码为592950,有效期60分钟',1,1473689918,0,NULL),(67,'18236938399','734428','1.15.73.87','你的验证码为734428,有效期60分钟',1,1473689958,0,NULL),(68,'18236938399','703486','1.15.73.87','你的验证码为703486,有效期60分钟',1,1473690083,0,NULL),(69,'18236938399','590115','1.15.73.87','你的验证码为590115,有效期60分钟',1,1473690573,0,NULL),(70,'18236938399','620057','1.15.73.87','你的验证码为620057,有效期60分钟',1,1473690605,0,NULL),(71,'18236938399','766129','1.15.73.87','你的验证码为766129,有效期60分钟',1,1473690789,0,NULL),(72,'18236938399','740879','1.15.73.87','你的验证码为740879,有效期60分钟',1,1473690979,0,NULL),(73,'18236938399','166809','1.15.73.87','你的验证码为166809,有效期60分钟',1,1473691155,0,NULL),(74,'13621286210','319494','180.153.214.176','你的验证码为319494,有效期60分钟',1,1473730794,0,NULL),(75,'18236938399','321246','116.213.119.69','你的验证码为321246,有效期60分钟',1,1473733012,0,NULL),(76,'18236938399','463912','116.213.119.69','你的验证码为463912,有效期60分钟',1,1473734626,0,NULL),(77,'18236938399','134263','116.213.119.69','你的验证码为134263,有效期60分钟',1,1473734858,0,NULL),(78,'18236938399','844701','116.213.119.69','你的验证码为844701,有效期60分钟',1,1473735288,0,NULL),(79,'18236938399','728173','116.213.119.69','你的验证码为728173,有效期60分钟',1,1473735324,0,NULL),(80,'18236938399','880874','116.213.119.69','你的验证码为880874,有效期60分钟',1,1473746310,0,NULL),(81,'18236938399','674590','116.213.119.69','你的验证码为674590,有效期60分钟',1,1473814889,0,NULL),(82,'13621286210','108034','116.213.119.69','你的密码为108034,请妥善保存',4,1473814892,0,NULL),(83,'15600788257','963967','116.213.119.69','你的验证码为963967,有效期60分钟',1,1473815161,0,NULL),(84,'18236938399','659182','116.213.119.69','你的验证码为659182,有效期60分钟',1,1473815416,0,NULL),(85,'13621286210','930374','127.0.0.1','你的密码为930374,请妥善保存',4,1473815855,0,NULL),(86,'18236938399','387939','116.213.119.69','你的验证码为387939,有效期60分钟',1,1473816143,0,NULL),(87,'13621286210','754922','127.0.0.1','你的密码为754922,请妥善保存',4,1473816671,0,NULL),(88,'18236938399','615248','116.213.119.69','你的验证码为615248,有效期60分钟',1,1473816776,0,NULL),(89,'13621286210','695651','127.0.0.1','你的密码为695651,请妥善保存',4,1473816922,0,NULL),(90,'13621286210','102178','116.213.119.69','你的验证码为102178,有效期60分钟',1,1473817040,0,NULL),(91,'13051276294','545522','114.242.250.84','你的验证码为545522,有效期60分钟',1,1473817075,0,NULL),(92,'13051276294','503123','114.242.250.84','你的验证码为503123,有效期60分钟',1,1473817251,0,NULL),(93,'13051276294','821158','114.242.250.84','你的验证码为821158,有效期60分钟',2,1473817367,0,NULL),(94,'13051276294','914486','114.242.250.84','你的验证码为914486,有效期60分钟',2,1473817398,0,NULL),(95,'13051276294','513473','116.213.119.69','你的验证码为513473,有效期60分钟',1,1473817474,0,NULL),(96,'18236938399','655496','116.213.119.69','你的密码为655496,请妥善保存',4,1473821831,0,NULL),(97,'15600788257','262941','116.213.119.69','你的验证码为262941,有效期60分钟',1,1473824133,0,NULL),(98,'15600788257','834368','116.213.119.69','你的验证码为834368,有效期60分钟',1,1473824236,0,NULL),(99,'13051276294','891637','116.213.119.69','你的验证码为891637,有效期60分钟',1,1473834572,0,NULL),(100,'13051276294','884491','116.213.119.69','你的验证码为884491,有效期60分钟',1,1473834766,0,NULL),(101,'13621286210','258065','127.0.0.1','你的验证码为258065,有效期60分钟',1,1473834918,0,NULL),(102,'13051276294','350943','116.213.119.69','你的验证码为350943,有效期60分钟',1,1473835050,0,NULL),(103,'13051276294','523435','116.213.119.69','你的验证码为523435,有效期60分钟',1,1473835789,0,NULL),(104,'13051276294','159901','116.213.119.69','你的验证码为159901,有效期60分钟',1,1473836909,0,NULL),(105,'13051276294','937478','116.213.119.69','你的验证码为937478,有效期60分钟',1,1473837444,0,NULL),(106,'13051276294','702731','116.213.119.69','你的验证码为702731,有效期60分钟',1,1473838333,0,NULL),(107,'13051276294','594783','116.213.119.69','你的验证码为594783,有效期60分钟',1,1473839879,0,NULL),(108,'13051276294','669361','116.213.119.69','你的验证码为669361,有效期60分钟',1,1473839997,0,NULL),(109,'13051276294','542812','116.213.119.69','你的验证码为542812,有效期60分钟',1,1473840089,0,NULL),(110,'13621286210','964212','127.0.0.1','你的验证码为964212,有效期60分钟',1,1473842670,0,NULL),(111,'13621286210','390396','127.0.0.1','你的验证码为390396,有效期60分钟',1,1473842800,0,NULL),(112,'13621286210','285573','116.213.119.69','你的验证码为285573,有效期60分钟',1,1473842840,0,NULL),(113,'13621286210','459370','116.213.119.69','你的验证码为459370,有效期60分钟',1,1473842881,0,NULL),(114,'13621286210','349135','114.248.34.243','你的验证码为349135,有效期60分钟',1,1473863875,0,NULL),(115,'18236938399','319453','1.15.41.40','你的验证码为319453,有效期60分钟',1,1474001135,0,NULL),(116,'18236938399','689376','1.15.41.40','你的验证码为689376,有效期60分钟',1,1474107421,0,NULL),(117,'18236938399','532313','1.15.41.40','你的验证码为532313,有效期60分钟',1,1474107845,0,NULL),(118,'18236938399','845216','1.15.41.40','你的验证码为845216,有效期60分钟',1,1474108278,0,NULL),(119,'17839980365','429496','1.15.41.40','你的验证码为429496,有效期60分钟',1,1474108823,0,NULL),(120,'17839980365','755892','1.15.41.40','你的验证码为755892,有效期60分钟',1,1474109107,0,NULL),(121,'18236938399','962029','1.15.41.40','你的验证码为962029,有效期60分钟',1,1474110452,0,NULL),(122,'18236938399','201995','1.15.41.40','你的验证码为201995,有效期60分钟',1,1474111016,0,NULL),(123,'18236938399','930669','116.213.119.69','你的验证码为930669,有效期60分钟',1,1474159833,0,NULL),(124,'18236938399','522841','116.213.119.69','你的验证码为522841,有效期60分钟',1,1474160140,0,NULL),(125,'18236938399','729292','116.213.119.69','你的验证码为729292,有效期60分钟',1,1474160494,0,NULL),(126,'18236938399','248625','116.213.119.69','你的验证码为248625,有效期60分钟',1,1474161126,0,NULL),(127,'18236938399','285349','116.213.119.69','你的验证码为285349,有效期60分钟',1,1474161266,0,NULL),(128,'13363603505','419990','116.213.119.69','你的验证码为419990,有效期60分钟',1,1474162843,0,NULL),(129,'13621286210','597186','127.0.0.1','你的验证码为597186,有效期60分钟',1,1474168202,0,NULL),(130,'13621286210','785409','127.0.0.1','你的验证码为785409,有效期60分钟',1,1474168237,0,NULL),(131,'13621286210','665652','116.213.119.69','你的验证码为665652,有效期60分钟',1,1474168574,0,NULL),(132,'13363603505','939207','116.213.119.69','你的验证码为939207,有效期60分钟',1,1474168608,0,NULL),(133,'13051276294','553562','116.213.119.69','你的验证码为553562,有效期60分钟',1,1474177791,0,NULL),(134,'13051276294','323821','116.213.119.69','你的验证码为323821,有效期60分钟',1,1474177900,0,NULL),(135,'13363603505','800571','116.213.119.69','你的验证码为800571,有效期60分钟',1,1474186387,0,NULL),(136,'13051276294','776344','116.213.119.69','你的验证码为776344,有效期60分钟',1,1474189522,0,NULL),(137,'15225135403','754212','1.15.41.40','你的验证码为754212,有效期60分钟',1,1474201664,0,NULL),(138,'18236938399','564161','116.213.119.69','你的验证码为564161,有效期60分钟',1,1474252955,0,NULL),(139,'18236938399','114768','116.213.119.69','你的验证码为114768,有效期60分钟',1,1474256737,0,NULL),(140,'13621286210','975070','106.38.84.34','你的验证码为975070,有效期60分钟',1,1474505796,0,NULL),(141,'15600788257','660380','106.38.84.34','你的验证码为660380,有效期60分钟',1,1474508174,0,NULL),(142,'15600788257','671770','106.38.84.34','你的验证码为671770,有效期60分钟',1,1474508325,0,NULL),(143,'15600788257','480069','106.38.84.34','你的验证码为480069,有效期60分钟',1,1474508584,0,NULL),(144,'15600788257','599884','106.38.84.34','你的验证码为599884,有效期60分钟',1,1474508953,0,NULL),(145,'15600788257','150646','106.38.84.34','你的验证码为150646,有效期60分钟',1,1474514806,0,NULL),(146,'15600788257','395934','106.38.84.34','你的验证码为395934,有效期60分钟',1,1474593175,0,NULL),(147,'18236938399','127037','106.38.84.34','你的验证码为127037,有效期60分钟',1,1474600845,0,NULL),(148,'13363603505','695061','106.38.84.34','你的验证码为695061,有效期60分钟',1,1474880486,0,NULL),(149,'15600788257','463464','106.38.84.34','你的验证码为463464,有效期60分钟',1,1474940690,0,NULL),(150,'15600788257','793358','106.38.84.34','你的验证码为793358,有效期60分钟',1,1474940849,0,NULL),(151,'15600788257','721964','106.38.84.34','你的验证码为721964,有效期60分钟',1,1474940970,0,NULL),(152,'15600788257','622082','106.38.84.34','你的密码为622082,请妥善保存',1,1474941170,0,NULL),(153,'18236938399','633840','106.38.84.34','你的密码为633840,请妥善保存',1,1474941749,0,NULL),(154,'15600788257','153003','106.38.84.34','你的密码为153003,请妥善保存',1,1474942110,0,NULL),(155,'13621286210','591684','106.38.84.34','你的验证码为591684,有效期60分钟',1,1474942137,0,NULL),(156,'13621286210','956441','106.38.84.34','你的密码为956441,请妥善保存',1,1474943421,0,NULL),(157,'18301081124','548410','106.38.84.34','你的验证码为548410,有效期60分钟',1,1474943507,0,NULL),(158,'18301081124','779299','106.38.84.34','你的密码为779299,请妥善保存',1,1474943639,0,NULL),(159,'18301081124','731517','106.38.84.34','你的密码为731517,请妥善保存',1,1474943713,0,NULL),(160,'18301081124','106702','106.38.84.34','你的密码为106702,请妥善保存',1,1474943890,0,NULL),(161,'18301081124','554509','106.38.84.34','你的密码为554509,请妥善保存',1,1474944068,0,NULL),(162,'13621286210','428711','106.38.84.34','你的验证码为428711,有效期60分钟',1,1474945060,0,NULL),(163,'18236938399','485357','106.38.84.34','你的密码为485357,请妥善保存',1,1474945682,0,NULL),(164,'18236938399','737235','106.38.84.34','你的密码为737235,请妥善保存',1,1474968534,0,NULL),(165,'18236938399','887402','106.38.84.34','你的密码为887402,请妥善保存',1,1474968902,0,NULL),(166,'18236938399','479221','106.38.84.34','你的密码为479221,请妥善保存',1,1474969413,0,NULL),(167,'13363603505','723714','106.38.84.34','你的验证码为723714,有效期60分钟',1,1474970278,0,NULL),(168,'18301081124','256053','106.38.84.34','你的验证码为256053,有效期60分钟',1,1475023589,0,NULL),(169,'18301081124','522139','106.38.84.34','你的验证码为522139,有效期60分钟',1,1475025509,0,NULL),(170,'18301081124','496839','106.38.84.34','你的验证码为496839,有效期60分钟',1,1475026520,0,NULL),(171,'18301081124','225304','106.38.84.34','你的验证码为225304,有效期60分钟',1,1475027486,0,NULL),(172,'13051276294','629530','106.38.84.34','你的验证码为629530,有效期60分钟',1,1475039997,0,NULL),(173,'13051276294','663319','106.38.84.34','你的验证码为663319,有效期60分钟',1,1475040041,0,NULL),(174,'13051276294','302395','106.38.84.34','你的验证码为302395,有效期60分钟',1,1475040083,0,NULL),(175,'13051276294','562838','106.38.84.34','你的验证码为562838,有效期60分钟',1,1475040124,0,NULL),(176,'13051276294','951583','106.38.84.34','你的验证码为951583,有效期60分钟',1,1475040853,0,NULL),(177,'18301081124','391693','106.38.84.34','你的验证码为391693,有效期60分钟',1,1475041872,0,NULL),(178,'15600788257','561033','106.38.84.34','你的验证码为561033,有效期60分钟',1,1475043114,0,NULL),(179,'18236938399','276920','1.15.45.7','你的验证码为276920,有效期60分钟',1,1475067967,0,NULL),(180,'13051276294','533474','223.104.38.164','你的验证码为533474,有效期60分钟',1,1475119351,0,NULL),(181,'13800138010','123456','127.0.0.1','你的验证码为893542,有效期60分钟',1,1475917870,0,NULL);

#
# Structure for table "33hao_sns_albumclass"
#

DROP TABLE IF EXISTS `33hao_sns_albumclass`;
CREATE TABLE `33hao_sns_albumclass` (
  `ac_id` int(10) unsigned NOT NULL AUTO_INCREMENT COMMENT '相册id',
  `ac_name` varchar(100) NOT NULL COMMENT '相册名称',
  `member_id` int(10) unsigned NOT NULL COMMENT '所属会员id',
  `ac_des` varchar(255) NOT NULL COMMENT '相册描述',
  `ac_sort` tinyint(3) unsigned NOT NULL COMMENT '排序',
  `ac_cover` varchar(255) NOT NULL COMMENT '相册封面',
  `upload_time` int(10) unsigned NOT NULL COMMENT '图片上传时间',
  `is_default` tinyint(1) unsigned NOT NULL DEFAULT '0' COMMENT '是否为买家秀相册  1为是,0为否',
  PRIMARY KEY (`ac_id`)
) ENGINE=InnoDB AUTO_INCREMENT=8 DEFAULT CHARSET=utf8 COMMENT='相册表';

#
# Data for table "33hao_sns_albumclass"
#

INSERT INTO `33hao_sns_albumclass` VALUES (1,'买家秀',2,'买家秀默认相册',1,'',1472624116,1),(2,'买家秀',45,'买家秀默认相册',1,'',1514950275,1),(3,'买家秀',45,'买家秀默认相册',1,'',1514950275,1),(4,'买家秀',46,'买家秀默认相册',1,'',1514965046,1),(5,'买家秀',46,'买家秀默认相册',1,'',1514965046,1),(6,'买家秀',47,'买家秀默认相册',1,'',1514966388,1),(7,'买家秀',47,'买家秀默认相册',1,'',1514966388,1);

#
# Structure for table "33hao_sns_albumpic"
#

DROP TABLE IF EXISTS `33hao_sns_albumpic`;
CREATE TABLE `33hao_sns_albumpic` (
  `ap_id` int(10) unsigned NOT NULL AUTO_INCREMENT COMMENT '相册图片表id',
  `ap_name` varchar(100) NOT NULL COMMENT '图片名称',
  `ac_id` int(10) unsigned NOT NULL COMMENT '相册id',
  `ap_cover` varchar(255) NOT NULL COMMENT '图片路径',
  `ap_size` int(10) unsigned NOT NULL COMMENT '图片大小',
  `ap_spec` varchar(100) NOT NULL COMMENT '图片规格',
  `member_id` int(10) unsigned NOT NULL COMMENT '所属店铺id',
  `upload_time` int(10) unsigned NOT NULL COMMENT '图片上传时间',
  `ap_type` tinyint(4) NOT NULL DEFAULT '0' COMMENT '图片类型，0为无、1为买家秀',
  `item_id` tinyint(4) NOT NULL DEFAULT '0' COMMENT '信息ID',
  PRIMARY KEY (`ap_id`)
) ENGINE=InnoDB DEFAULT CHARSET=utf8 COMMENT='相册图片表';

#
# Data for table "33hao_sns_albumpic"
#


#
# Structure for table "33hao_sns_binding"
#

DROP TABLE IF EXISTS `33hao_sns_binding`;
CREATE TABLE `33hao_sns_binding` (
  `snsbind_id` int(11) NOT NULL AUTO_INCREMENT COMMENT '自增ID',
  `snsbind_memberid` int(11) NOT NULL COMMENT '会员编号',
  `snsbind_membername` varchar(100) NOT NULL COMMENT '会员名称',
  `snsbind_appsign` varchar(50) NOT NULL COMMENT '应用标志',
  `snsbind_updatetime` int(11) NOT NULL COMMENT '绑定更新时间',
  `snsbind_openid` varchar(100) NOT NULL COMMENT '应用用户编号',
  `snsbind_openinfo` text COMMENT '应用用户信息',
  `snsbind_accesstoken` varchar(100) NOT NULL COMMENT '访问第三方资源的凭证',
  `snsbind_expiresin` int(11) NOT NULL COMMENT 'accesstoken过期时间，以返回的时间的准，单位为秒，注意过期时提醒用户重新授权',
  `snsbind_refreshtoken` varchar(100) DEFAULT NULL COMMENT '刷新token',
  PRIMARY KEY (`snsbind_id`)
) ENGINE=InnoDB DEFAULT CHARSET=utf8 COMMENT='分享应用用户绑定记录表';

#
# Data for table "33hao_sns_binding"
#


#
# Structure for table "33hao_sns_comment"
#

DROP TABLE IF EXISTS `33hao_sns_comment`;
CREATE TABLE `33hao_sns_comment` (
  `comment_id` int(11) NOT NULL AUTO_INCREMENT COMMENT '自增ID',
  `comment_memberid` int(11) NOT NULL COMMENT '会员ID',
  `comment_membername` varchar(100) NOT NULL COMMENT '会员名称',
  `comment_memberavatar` varchar(100) DEFAULT NULL COMMENT '会员头像',
  `comment_originalid` int(11) NOT NULL COMMENT '原帖ID',
  `comment_originaltype` tinyint(1) NOT NULL DEFAULT '0' COMMENT '原帖类型 0表示动态信息 1表示分享商品 默认为0',
  `comment_content` varchar(500) NOT NULL COMMENT '评论内容',
  `comment_addtime` int(11) NOT NULL COMMENT '添加时间',
  `comment_ip` varchar(50) NOT NULL COMMENT '来源IP',
  `comment_state` tinyint(1) NOT NULL DEFAULT '0' COMMENT '状态 0正常 1屏蔽',
  PRIMARY KEY (`comment_id`)
) ENGINE=InnoDB DEFAULT CHARSET=utf8 COMMENT='评论表';

#
# Data for table "33hao_sns_comment"
#


#
# Structure for table "33hao_sns_friend"
#

DROP TABLE IF EXISTS `33hao_sns_friend`;
CREATE TABLE `33hao_sns_friend` (
  `friend_id` int(11) NOT NULL AUTO_INCREMENT COMMENT 'id值',
  `friend_frommid` int(11) NOT NULL COMMENT '会员id',
  `friend_frommname` varchar(100) DEFAULT NULL COMMENT '会员名称',
  `friend_frommavatar` varchar(100) DEFAULT NULL COMMENT '会员头像',
  `friend_tomid` int(11) NOT NULL COMMENT '朋友id',
  `friend_tomname` varchar(100) NOT NULL COMMENT '好友会员名称',
  `friend_tomavatar` varchar(100) DEFAULT NULL COMMENT '朋友头像',
  `friend_addtime` int(11) NOT NULL COMMENT '添加时间',
  `friend_followstate` tinyint(1) NOT NULL DEFAULT '1' COMMENT '关注状态 1为单方关注 2为双方关注',
  PRIMARY KEY (`friend_id`)
) ENGINE=InnoDB DEFAULT CHARSET=utf8 COMMENT='好友数据表';

#
# Data for table "33hao_sns_friend"
#


#
# Structure for table "33hao_sns_goods"
#

DROP TABLE IF EXISTS `33hao_sns_goods`;
CREATE TABLE `33hao_sns_goods` (
  `snsgoods_goodsid` int(11) NOT NULL COMMENT '商品ID',
  `snsgoods_goodsname` varchar(100) NOT NULL COMMENT '商品名称',
  `snsgoods_goodsimage` varchar(100) DEFAULT NULL COMMENT '商品图片',
  `snsgoods_goodsprice` decimal(10,2) NOT NULL DEFAULT '0.00' COMMENT '商品价格',
  `snsgoods_storeid` int(11) NOT NULL COMMENT '店铺ID',
  `snsgoods_storename` varchar(100) NOT NULL COMMENT '店铺名称',
  `snsgoods_addtime` int(11) NOT NULL COMMENT '添加时间',
  `snsgoods_likenum` int(11) NOT NULL DEFAULT '0' COMMENT '喜欢数',
  `snsgoods_likemember` text COMMENT '喜欢过的会员ID，用逗号分隔',
  `snsgoods_sharenum` int(11) NOT NULL DEFAULT '0' COMMENT '分享数',
  UNIQUE KEY `snsgoods_goodsid` (`snsgoods_goodsid`)
) ENGINE=InnoDB DEFAULT CHARSET=utf8 COMMENT='SNS商品表';

#
# Data for table "33hao_sns_goods"
#


#
# Structure for table "33hao_sns_membertag"
#

DROP TABLE IF EXISTS `33hao_sns_membertag`;
CREATE TABLE `33hao_sns_membertag` (
  `mtag_id` int(10) NOT NULL AUTO_INCREMENT COMMENT '会员标签id',
  `mtag_name` varchar(20) NOT NULL COMMENT '会员标签名称',
  `mtag_sort` tinyint(4) NOT NULL DEFAULT '0' COMMENT '会员标签排序',
  `mtag_recommend` tinyint(4) NOT NULL DEFAULT '0' COMMENT '标签推荐 0未推荐（默认），1为已推荐',
  `mtag_desc` varchar(50) NOT NULL COMMENT '标签描述',
  `mtag_img` varchar(50) DEFAULT NULL COMMENT '标签图片',
  PRIMARY KEY (`mtag_id`)
) ENGINE=InnoDB DEFAULT CHARSET=utf8 COMMENT='会员标签表';

#
# Data for table "33hao_sns_membertag"
#


#
# Structure for table "33hao_sns_mtagmember"
#

DROP TABLE IF EXISTS `33hao_sns_mtagmember`;
CREATE TABLE `33hao_sns_mtagmember` (
  `mtag_id` int(11) NOT NULL COMMENT '会员标签表id',
  `member_id` int(11) NOT NULL COMMENT '会员id',
  `recommend` tinyint(4) NOT NULL DEFAULT '0' COMMENT '推荐，默认为0',
  PRIMARY KEY (`mtag_id`,`member_id`)
) ENGINE=InnoDB DEFAULT CHARSET=utf8 COMMENT='会员标签会员对照表';

#
# Data for table "33hao_sns_mtagmember"
#


#
# Structure for table "33hao_sns_setting"
#

DROP TABLE IF EXISTS `33hao_sns_setting`;
CREATE TABLE `33hao_sns_setting` (
  `member_id` int(11) NOT NULL COMMENT '会员id',
  `setting_skin` varchar(50) DEFAULT NULL COMMENT '皮肤',
  PRIMARY KEY (`member_id`)
) ENGINE=InnoDB DEFAULT CHARSET=utf8 COMMENT='个人中心设置表';

#
# Data for table "33hao_sns_setting"
#


#
# Structure for table "33hao_sns_sharegoods"
#

DROP TABLE IF EXISTS `33hao_sns_sharegoods`;
CREATE TABLE `33hao_sns_sharegoods` (
  `share_id` int(11) NOT NULL AUTO_INCREMENT COMMENT '自增ID',
  `share_goodsid` int(11) NOT NULL COMMENT '商品ID',
  `share_memberid` int(11) NOT NULL COMMENT '所属会员ID',
  `share_membername` varchar(100) NOT NULL COMMENT '会员名称',
  `share_content` varchar(500) DEFAULT NULL COMMENT '描述内容',
  `share_addtime` int(11) NOT NULL COMMENT '分享操作时间',
  `share_likeaddtime` int(11) NOT NULL DEFAULT '0' COMMENT '喜欢操作时间',
  `share_privacy` tinyint(1) NOT NULL DEFAULT '0' COMMENT '隐私可见度 0所有人可见 1好友可见 2仅自己可见',
  `share_commentcount` int(11) NOT NULL DEFAULT '0' COMMENT '评论数',
  `share_isshare` tinyint(1) NOT NULL DEFAULT '0' COMMENT '是否分享 0为未分享 1为分享',
  `share_islike` tinyint(1) NOT NULL DEFAULT '0' COMMENT '是否喜欢 0为未喜欢 1为喜欢',
  PRIMARY KEY (`share_id`)
) ENGINE=InnoDB DEFAULT CHARSET=utf8 COMMENT='共享商品表';

#
# Data for table "33hao_sns_sharegoods"
#


#
# Structure for table "33hao_sns_sharestore"
#

DROP TABLE IF EXISTS `33hao_sns_sharestore`;
CREATE TABLE `33hao_sns_sharestore` (
  `share_id` int(11) NOT NULL AUTO_INCREMENT COMMENT '自增ID',
  `share_storeid` int(11) NOT NULL COMMENT '店铺编号',
  `share_storename` varchar(100) NOT NULL COMMENT '店铺名称',
  `share_memberid` int(11) NOT NULL COMMENT '所属会员ID',
  `share_membername` varchar(100) NOT NULL COMMENT '所属会员名称',
  `share_content` varchar(500) DEFAULT NULL COMMENT '描述内容',
  `share_addtime` int(11) NOT NULL COMMENT '添加时间',
  `share_privacy` tinyint(1) NOT NULL DEFAULT '0' COMMENT '隐私可见度 0所有人可见 1好友可见 2仅自己可见',
  PRIMARY KEY (`share_id`)
) ENGINE=InnoDB DEFAULT CHARSET=utf8 COMMENT='共享店铺表';

#
# Data for table "33hao_sns_sharestore"
#


#
# Structure for table "33hao_sns_tracelog"
#

DROP TABLE IF EXISTS `33hao_sns_tracelog`;
CREATE TABLE `33hao_sns_tracelog` (
  `trace_id` int(11) NOT NULL AUTO_INCREMENT COMMENT '自增ID',
  `trace_originalid` int(11) NOT NULL DEFAULT '0' COMMENT '原动态ID 默认为0',
  `trace_originalmemberid` int(11) NOT NULL DEFAULT '0' COMMENT '原帖会员编号',
  `trace_originalstate` tinyint(1) NOT NULL DEFAULT '0' COMMENT '原帖的删除状态 0为正常 1为删除',
  `trace_memberid` int(11) NOT NULL COMMENT '会员ID',
  `trace_membername` varchar(100) NOT NULL COMMENT '会员名称',
  `trace_memberavatar` varchar(100) DEFAULT NULL COMMENT '会员头像',
  `trace_title` varchar(500) DEFAULT NULL COMMENT '动态标题',
  `trace_content` text NOT NULL COMMENT '动态内容',
  `trace_addtime` int(11) NOT NULL COMMENT '添加时间',
  `trace_state` tinyint(1) NOT NULL DEFAULT '0' COMMENT '状态  0正常 1为禁止显示 默认为0',
  `trace_privacy` tinyint(1) NOT NULL DEFAULT '0' COMMENT '隐私可见度 0所有人可见 1好友可见 2仅自己可见',
  `trace_commentcount` int(11) NOT NULL DEFAULT '0' COMMENT '评论数',
  `trace_copycount` int(11) NOT NULL DEFAULT '0' COMMENT '转发数',
  `trace_orgcommentcount` int(11) NOT NULL DEFAULT '0' COMMENT '原帖评论次数',
  `trace_orgcopycount` int(11) NOT NULL DEFAULT '0' COMMENT '原帖转帖次数',
  `trace_from` tinyint(4) DEFAULT '1' COMMENT '来源 1=shop 2=storetracelog 3=microshop 4=cms 5=circle',
  PRIMARY KEY (`trace_id`)
) ENGINE=InnoDB DEFAULT CHARSET=utf8 COMMENT='动态信息表';

#
# Data for table "33hao_sns_tracelog"
#


#
# Structure for table "33hao_sns_visitor"
#

DROP TABLE IF EXISTS `33hao_sns_visitor`;
CREATE TABLE `33hao_sns_visitor` (
  `v_id` int(11) NOT NULL AUTO_INCREMENT COMMENT '自增ID',
  `v_mid` int(11) NOT NULL COMMENT '访客会员ID',
  `v_mname` varchar(100) NOT NULL COMMENT '访客会员名称',
  `v_mavatar` varchar(100) DEFAULT NULL COMMENT '访客会员头像',
  `v_ownermid` int(11) NOT NULL COMMENT '主人会员ID',
  `v_ownermname` varchar(100) NOT NULL COMMENT '主人会员名称',
  `v_ownermavatar` varchar(100) DEFAULT NULL COMMENT '主人会员头像',
  `v_addtime` int(11) NOT NULL COMMENT '访问时间',
  PRIMARY KEY (`v_id`)
) ENGINE=InnoDB DEFAULT CHARSET=utf8 COMMENT='sns访客表';

#
# Data for table "33hao_sns_visitor"
#


#
# Structure for table "33hao_spec"
#

DROP TABLE IF EXISTS `33hao_spec`;
CREATE TABLE `33hao_spec` (
  `sp_id` int(10) unsigned NOT NULL AUTO_INCREMENT COMMENT '规格id',
  `sp_name` varchar(100) NOT NULL COMMENT '规格名称',
  `sp_sort` tinyint(1) unsigned NOT NULL COMMENT '排序',
  `class_id` int(10) unsigned DEFAULT '0' COMMENT '所属分类id',
  `class_name` varchar(100) DEFAULT NULL COMMENT '所属分类名称',
  PRIMARY KEY (`sp_id`)
) ENGINE=InnoDB AUTO_INCREMENT=16 DEFAULT CHARSET=utf8 COMMENT='商品规格表';

#
# Data for table "33hao_spec"
#

INSERT INTO `33hao_spec` VALUES (1,'颜色',0,0,''),(15,'尺码',0,0,'');

#
# Structure for table "33hao_spec_value"
#

DROP TABLE IF EXISTS `33hao_spec_value`;
CREATE TABLE `33hao_spec_value` (
  `sp_value_id` int(10) unsigned NOT NULL AUTO_INCREMENT COMMENT '规格值id',
  `sp_value_name` varchar(100) NOT NULL COMMENT '规格值名称',
  `sp_id` int(10) unsigned NOT NULL COMMENT '所属规格id',
  `gc_id` int(10) unsigned NOT NULL COMMENT '分类id',
  `store_id` int(10) unsigned NOT NULL COMMENT '店铺id',
  `sp_value_color` varchar(10) DEFAULT NULL COMMENT '规格颜色',
  `sp_value_sort` tinyint(1) unsigned NOT NULL COMMENT '排序',
  PRIMARY KEY (`sp_value_id`),
  KEY `store_id` (`store_id`)
) ENGINE=InnoDB AUTO_INCREMENT=433 DEFAULT CHARSET=utf8 COMMENT='商品规格值表';

#
# Data for table "33hao_spec_value"
#

INSERT INTO `33hao_spec_value` VALUES (221,'落月黄',1,15,1,'#ffff00',1),(222,'蓝色',1,15,1,'#4f81bd',2),(223,'白色',1,15,1,'#ffffff',3),(224,'绿色',1,15,1,'#00b050',4),(225,'梅红',1,15,1,'#b2a2c7',5),(226,'黑色',1,15,1,'#000000',6),(227,'橙色',1,15,1,'#f79646',7),(228,'灰色',1,14,1,'#d8d8d8',8),(239,'绿色',1,14,1,'#92d050',1),(240,'梅红',1,14,1,'#c0504d',2),(241,'蓝色',1,14,1,'#4f81bd',3),(242,'黑色',1,14,1,'#000000',4),(243,'橙色',1,14,1,'#f79646',5),(244,'红色',1,16,1,'#ff0000',1),(245,'黑色',1,13,1,'#000000',1),(246,'白色',1,12,1,'#ffffff',1),(247,'条纹',1,12,1,'#4f81bd',2),(248,'黑色',1,12,1,'#000000',3),(249,'白色',1,14,1,'#ffffff',6),(250,'紫色',1,14,1,'#8064a2',7),(251,'粉色',1,14,1,'#ff99ff',9),(252,'薄荷绿',1,58,1,'#ebf1dd',1),(253,'肤色',1,58,1,'#fdeada',2),(391,'法国 黑色',1,620,1,'#000000',1),(392,'法国 红色',1,620,1,'#c00000',2),(393,'法国 棕色',1,620,1,'#938953',3),(394,'比利时 黑色',1,620,1,'#000000',4),(395,'比利时 棕色',1,620,1,'#7f7f7f',5),(396,'1',1,617,1,'#ffffff',1),(397,'2',1,617,1,'#ffffff',2),(398,'3',1,617,1,'#ffffff',3),(399,'4',1,617,1,'#ffffff',4),(400,'5',1,617,1,'#ffffff',5),(402,'6',1,617,1,'#ffffff',6),(408,'1',15,36,1,NULL,1),(409,'2',15,36,1,NULL,2),(410,'3',15,36,1,NULL,3),(411,'4',15,36,1,NULL,4),(412,'5',15,36,1,NULL,5),(413,'1',1,36,1,'#000000',1),(414,'2',1,36,1,'#d8d8d8',2),(415,'3',1,36,1,'#595959',3),(416,'4',1,36,1,'#c6d9f0',4),(417,'5',1,36,1,'#f2dcdb',5),(418,'6',1,36,1,'#938953',6),(419,'7',1,36,1,'#ddd9c3',7),(421,'红色',1,1055,1,NULL,0),(422,'黑色',1,1055,1,NULL,0),(423,'红白',1,1055,1,NULL,0),(428,'白色',1,1055,1,NULL,0),(429,'黄色',1,1055,1,NULL,0),(430,'桔色',1,1055,1,NULL,0),(431,'蓝色',1,1055,1,NULL,0),(432,'银色',1,1055,1,NULL,0);

#
# Structure for table "33hao_stat_member"
#

DROP TABLE IF EXISTS `33hao_stat_member`;
CREATE TABLE `33hao_stat_member` (
  `statm_id` int(11) NOT NULL AUTO_INCREMENT COMMENT '自增ID',
  `statm_memberid` int(11) NOT NULL COMMENT '会员ID',
  `statm_membername` varchar(100) NOT NULL COMMENT '会员名称',
  `statm_time` int(11) NOT NULL COMMENT '统计时间，当前按照最小时间单位为天',
  `statm_ordernum` int(11) NOT NULL DEFAULT '0' COMMENT '下单量',
  `statm_orderamount` decimal(10,2) NOT NULL DEFAULT '0.00' COMMENT '下单金额',
  `statm_goodsnum` int(11) NOT NULL DEFAULT '0' COMMENT '下单商品件数',
  `statm_predincrease` decimal(10,2) NOT NULL DEFAULT '0.00' COMMENT '预存款增加额',
  `statm_predreduce` decimal(10,2) NOT NULL DEFAULT '0.00' COMMENT '预存款减少额',
  `statm_pointsincrease` int(11) NOT NULL DEFAULT '0' COMMENT '积分增加额',
  `statm_pointsreduce` int(11) NOT NULL DEFAULT '0' COMMENT '积分减少额',
  `statm_updatetime` int(11) NOT NULL COMMENT '记录更新时间',
  PRIMARY KEY (`statm_id`)
) ENGINE=InnoDB DEFAULT CHARSET=utf8 COMMENT='会员相关数据统计';

#
# Data for table "33hao_stat_member"
#


#
# Structure for table "33hao_stat_order"
#

DROP TABLE IF EXISTS `33hao_stat_order`;
CREATE TABLE `33hao_stat_order` (
  `order_id` int(11) NOT NULL COMMENT '订单id',
  `order_sn` bigint(20) unsigned NOT NULL COMMENT '订单编号',
  `order_add_time` int(10) unsigned NOT NULL DEFAULT '0' COMMENT '订单生成时间',
  `payment_code` char(10) DEFAULT '' COMMENT '支付方式',
  `order_amount` decimal(10,2) unsigned NOT NULL DEFAULT '0.00' COMMENT '订单总价格',
  `shipping_fee` decimal(10,2) unsigned DEFAULT '0.00' COMMENT '运费',
  `evaluation_state` enum('0','1') DEFAULT '0' COMMENT '评价状态 0未评价，1已评价',
  `order_state` enum('0','10','20','30','40') NOT NULL DEFAULT '10' COMMENT '订单状态：0(已取消)10(默认):未付款;20:已付款;30:已发货;40:已收货;',
  `refund_state` tinyint(1) unsigned DEFAULT '0' COMMENT '退款状态:0是无退款,1是部分退款,2是全部退款',
  `refund_amount` decimal(10,2) DEFAULT '0.00' COMMENT '退款金额',
  `order_from` enum('1','2') NOT NULL DEFAULT '1' COMMENT '1WEB2mobile',
  `order_isvalid` tinyint(1) NOT NULL DEFAULT '0' COMMENT '是否为计入统计的有效订单，0为无效 1为有效',
  `reciver_province_id` mediumint(8) unsigned NOT NULL DEFAULT '0' COMMENT '收货人省级ID',
  `store_id` int(10) unsigned NOT NULL DEFAULT '0' COMMENT '店铺ID',
  `store_name` varchar(50) NOT NULL COMMENT '卖家店铺名称',
  `grade_id` int(11) NOT NULL COMMENT '店铺等级',
  `sc_id` int(11) NOT NULL COMMENT '店铺分类',
  `buyer_id` int(10) unsigned NOT NULL DEFAULT '0' COMMENT '买家ID',
  `buyer_name` varchar(50) NOT NULL COMMENT '买家姓名',
  UNIQUE KEY `order_id` (`order_id`),
  KEY `order_add_time` (`order_add_time`),
  KEY `order_isvalid` (`order_isvalid`)
) ENGINE=InnoDB DEFAULT CHARSET=utf8 COMMENT='统计功能订单缓存表';

#
# Data for table "33hao_stat_order"
#


#
# Structure for table "33hao_stat_ordergoods"
#

DROP TABLE IF EXISTS `33hao_stat_ordergoods`;
CREATE TABLE `33hao_stat_ordergoods` (
  `rec_id` int(11) NOT NULL COMMENT '订单商品表索引id',
  `stat_updatetime` int(10) unsigned NOT NULL DEFAULT '0' COMMENT '缓存生成时间',
  `order_id` int(11) NOT NULL COMMENT '订单id',
  `order_sn` bigint(20) unsigned NOT NULL COMMENT '订单编号',
  `order_add_time` int(10) unsigned NOT NULL DEFAULT '0' COMMENT '订单生成时间',
  `payment_code` char(10) DEFAULT '' COMMENT '支付方式',
  `order_amount` decimal(10,2) unsigned NOT NULL DEFAULT '0.00' COMMENT '订单总价格',
  `shipping_fee` decimal(10,2) unsigned DEFAULT '0.00' COMMENT '运费',
  `evaluation_state` enum('0','1') DEFAULT '0' COMMENT '评价状态 0未评价，1已评价',
  `order_state` enum('0','10','20','30','40') NOT NULL DEFAULT '10' COMMENT '订单状态：0(已取消)10(默认):未付款;20:已付款;30:已发货;40:已收货;',
  `refund_state` tinyint(1) unsigned DEFAULT '0' COMMENT '退款状态:0是无退款,1是部分退款,2是全部退款',
  `refund_amount` decimal(10,2) DEFAULT '0.00' COMMENT '退款金额',
  `order_from` enum('1','2') NOT NULL DEFAULT '1' COMMENT '1WEB2mobile',
  `order_isvalid` tinyint(1) NOT NULL DEFAULT '0' COMMENT '是否为计入统计的有效订单，0为无效 1为有效',
  `reciver_province_id` mediumint(8) unsigned NOT NULL DEFAULT '0' COMMENT '收货人省级ID',
  `store_id` int(10) unsigned NOT NULL DEFAULT '0' COMMENT '店铺ID',
  `store_name` varchar(50) NOT NULL COMMENT '卖家店铺名称',
  `grade_id` int(11) NOT NULL COMMENT '店铺等级',
  `sc_id` int(11) NOT NULL COMMENT '店铺分类',
  `buyer_id` int(10) unsigned NOT NULL DEFAULT '0' COMMENT '买家ID',
  `buyer_name` varchar(50) NOT NULL COMMENT '买家姓名',
  `goods_id` int(11) NOT NULL COMMENT '商品id',
  `goods_name` varchar(50) NOT NULL COMMENT '商品名称(+规格)',
  `goods_commonid` int(10) unsigned NOT NULL COMMENT '商品公共表id',
  `goods_commonname` varchar(50) NOT NULL COMMENT '商品公共表中商品名称',
  `gc_id` mediumint(8) unsigned NOT NULL DEFAULT '0' COMMENT '商品最底级分类ID',
  `gc_parentid_1` int(11) NOT NULL DEFAULT '0' COMMENT '一级父类ID',
  `gc_parentid_2` int(11) NOT NULL DEFAULT '0' COMMENT '二级父类ID',
  `gc_parentid_3` int(11) NOT NULL DEFAULT '0' COMMENT '三级父类ID',
  `brand_id` int(10) unsigned NOT NULL COMMENT '品牌id',
  `brand_name` varchar(100) NOT NULL COMMENT '品牌名称',
  `goods_serial` varchar(50) NOT NULL COMMENT '商家编号',
  `goods_price` decimal(10,2) NOT NULL COMMENT '商品价格',
  `goods_num` smallint(5) unsigned NOT NULL DEFAULT '1' COMMENT '商品数量',
  `goods_image` varchar(100) DEFAULT NULL COMMENT '商品图片',
  `goods_pay_price` decimal(10,2) unsigned NOT NULL COMMENT '商品实际成交价',
  `goods_type` enum('1','2','3','4','5') NOT NULL DEFAULT '1' COMMENT '1默认2团购商品3限时折扣商品4优惠套装5赠品',
  `promotions_id` mediumint(8) unsigned NOT NULL DEFAULT '0' COMMENT '促销活动ID（团购ID/限时折扣ID/优惠套装ID）与goods_type搭配使用',
  `commis_rate` smallint(5) unsigned NOT NULL DEFAULT '0' COMMENT '佣金比例',
  UNIQUE KEY `rec_id` (`rec_id`),
  KEY `order_id` (`order_id`),
  KEY `order_add_time` (`order_add_time`)
) ENGINE=InnoDB DEFAULT CHARSET=utf8 COMMENT='统计功能订单商品缓存表';

#
# Data for table "33hao_stat_ordergoods"
#


#
# Structure for table "33hao_store"
#

DROP TABLE IF EXISTS `33hao_store`;
CREATE TABLE `33hao_store` (
  `store_id` int(11) NOT NULL AUTO_INCREMENT COMMENT '店铺索引id',
  `store_name` varchar(50) NOT NULL COMMENT '店铺名称',
  `grade_id` int(11) NOT NULL COMMENT '店铺等级',
  `member_id` int(11) NOT NULL COMMENT '会员id',
  `member_name` varchar(50) NOT NULL COMMENT '会员名称',
  `seller_name` varchar(50) DEFAULT NULL COMMENT '店主卖家用户名',
  `sc_id` int(11) NOT NULL COMMENT '店铺分类',
  `store_company_name` varchar(50) DEFAULT NULL COMMENT '店铺公司名称',
  `province_id` mediumint(8) unsigned NOT NULL DEFAULT '0' COMMENT '店铺所在省份ID',
  `area_info` varchar(100) NOT NULL COMMENT '地区内容，冗余数据',
  `store_address` varchar(100) NOT NULL COMMENT '详细地区',
  `store_zip` varchar(10) NOT NULL COMMENT '邮政编码',
  `store_state` tinyint(1) NOT NULL DEFAULT '2' COMMENT '店铺状态，0关闭，1开启，2审核中',
  `store_close_info` varchar(255) DEFAULT NULL COMMENT '店铺关闭原因',
  `store_sort` int(11) NOT NULL DEFAULT '0' COMMENT '店铺排序',
  `store_time` varchar(10) NOT NULL COMMENT '店铺时间',
  `store_end_time` varchar(10) DEFAULT NULL COMMENT '店铺关闭时间',
  `store_label` varchar(255) DEFAULT NULL COMMENT '店铺logo',
  `store_banner` varchar(255) DEFAULT NULL COMMENT '店铺横幅',
  `store_avatar` varchar(150) DEFAULT NULL COMMENT '店铺头像',
  `store_keywords` varchar(255) NOT NULL DEFAULT '' COMMENT '店铺seo关键字',
  `store_description` varchar(255) NOT NULL DEFAULT '' COMMENT '店铺seo描述',
  `store_qq` varchar(50) DEFAULT NULL COMMENT 'QQ',
  `store_ww` varchar(50) DEFAULT NULL COMMENT '阿里旺旺',
  `store_phone` varchar(20) DEFAULT NULL COMMENT '商家电话',
  `store_zy` text COMMENT '主营商品',
  `store_domain` varchar(50) DEFAULT NULL COMMENT '店铺二级域名',
  `store_domain_times` tinyint(1) unsigned DEFAULT '0' COMMENT '二级域名修改次数',
  `store_recommend` tinyint(1) NOT NULL DEFAULT '0' COMMENT '推荐，0为否，1为是，默认为0',
  `store_theme` varchar(50) NOT NULL DEFAULT 'default' COMMENT '店铺当前主题',
  `store_credit` int(10) NOT NULL DEFAULT '0' COMMENT '店铺信用',
  `store_desccredit` float NOT NULL DEFAULT '0' COMMENT '描述相符度分数',
  `store_servicecredit` float NOT NULL DEFAULT '0' COMMENT '服务态度分数',
  `store_deliverycredit` float NOT NULL DEFAULT '0' COMMENT '发货速度分数',
  `store_collect` int(10) unsigned NOT NULL DEFAULT '0' COMMENT '店铺收藏数量',
  `store_slide` text COMMENT '店铺幻灯片',
  `store_slide_url` text COMMENT '店铺幻灯片链接',
  `store_stamp` varchar(200) DEFAULT NULL COMMENT '店铺印章',
  `store_printdesc` varchar(500) DEFAULT NULL COMMENT '打印订单页面下方说明文字',
  `store_sales` int(10) unsigned NOT NULL DEFAULT '0' COMMENT '店铺销量',
  `store_presales` text COMMENT '售前客服',
  `store_aftersales` text COMMENT '售后客服',
  `store_workingtime` varchar(100) DEFAULT NULL COMMENT '工作时间',
  `store_free_price` decimal(10,2) unsigned NOT NULL DEFAULT '0.00' COMMENT '超出该金额免运费，大于0才表示该值有效',
  `store_decoration_switch` int(10) unsigned NOT NULL DEFAULT '0' COMMENT '店铺装修开关(0-关闭 装修编号-开启)',
  `store_decoration_only` tinyint(1) unsigned NOT NULL DEFAULT '0' COMMENT '开启店铺装修时，仅显示店铺装修(1-是 0-否',
  `store_decoration_image_count` int(10) unsigned NOT NULL DEFAULT '0' COMMENT '店铺装修相册图片数量',
  `live_store_name` varchar(255) DEFAULT NULL COMMENT '商铺名称',
  `live_store_address` varchar(255) DEFAULT NULL COMMENT '商家地址',
  `live_store_tel` varchar(255) DEFAULT NULL COMMENT '商铺电话',
  `live_store_bus` varchar(255) DEFAULT NULL COMMENT '公交线路',
  `is_own_shop` tinyint(3) unsigned NOT NULL DEFAULT '0' COMMENT '是否自营店铺 1是 0否',
  `bind_all_gc` tinyint(3) unsigned NOT NULL DEFAULT '0' COMMENT '自营店是否绑定全部分类 0否1是',
  `store_vrcode_prefix` char(3) DEFAULT NULL COMMENT '商家兑换码前缀',
  `store_baozh` tinyint(1) DEFAULT '0' COMMENT '保证服务开关',
  `store_baozhopen` tinyint(1) DEFAULT '0' COMMENT '保证金显示开关',
  `store_baozhrmb` varchar(10) DEFAULT '零' COMMENT '保证金金额',
  `store_qtian` tinyint(1) DEFAULT '0' COMMENT '7天退换',
  `store_zhping` tinyint(1) DEFAULT '0' COMMENT '正品保障',
  `store_erxiaoshi` tinyint(1) DEFAULT '0' COMMENT '两小时发货',
  `store_tuihuo` tinyint(1) DEFAULT '0' COMMENT '退货承诺',
  `store_shiyong` tinyint(1) DEFAULT '0' COMMENT '试用中心',
  `store_shiti` tinyint(1) DEFAULT '0' COMMENT '实体验证',
  `store_xiaoxie` tinyint(1) DEFAULT '0' COMMENT '消协保证',
  `store_huodaofk` tinyint(1) DEFAULT '0' COMMENT '货到付款',
  `store_free_time` varchar(10) DEFAULT NULL COMMENT '商家配送时间',
  `mb_title_img` varchar(150) DEFAULT NULL COMMENT '手机店铺 页头背景图',
  `mb_sliders` text COMMENT '手机店铺 轮播图链接地址',
  `deliver_region` varchar(50) DEFAULT NULL COMMENT '店铺默认配送区域',
  PRIMARY KEY (`store_id`),
  KEY `store_name` (`store_name`),
  KEY `sc_id` (`sc_id`),
  KEY `store_state` (`store_state`)
) ENGINE=InnoDB AUTO_INCREMENT=2 DEFAULT CHARSET=utf8 COMMENT='店铺数据表';

#
# Data for table "33hao_store"
#

INSERT INTO `33hao_store` VALUES (1,'官方旗舰店',1,1,'admin','admin',0,NULL,0,'','','',1,NULL,0,'1472607297',NULL,NULL,NULL,NULL,'','',NULL,NULL,NULL,NULL,NULL,0,0,'default',0,0,0,0,0,NULL,NULL,NULL,NULL,0,NULL,NULL,NULL,0.00,0,0,0,'好商城V4','中国','400-80000000','33路',1,1,NULL,0,0,'零',0,0,0,0,0,0,0,0,NULL,NULL,NULL,NULL);

#
# Structure for table "33hao_store_area"
#

DROP TABLE IF EXISTS `33hao_store_area`;
CREATE TABLE `33hao_store_area` (
  `store_area_id` int(11) NOT NULL AUTO_INCREMENT,
  `store_id` int(11) NOT NULL,
  `area_id` int(11) NOT NULL,
  `area_level` int(11) NOT NULL,
  `state` int(2) NOT NULL DEFAULT '99' COMMENT '1有效 2失效',
  PRIMARY KEY (`store_area_id`)
) ENGINE=InnoDB DEFAULT CHARSET=utf8 COMMENT='店铺地区表';

#
# Data for table "33hao_store_area"
#


#
# Structure for table "33hao_store_bind_class"
#

DROP TABLE IF EXISTS `33hao_store_bind_class`;
CREATE TABLE `33hao_store_bind_class` (
  `bid` int(10) unsigned NOT NULL AUTO_INCREMENT,
  `store_id` int(11) unsigned DEFAULT '0' COMMENT '店铺ID',
  `commis_rate` tinyint(4) unsigned DEFAULT '0' COMMENT '佣金比例',
  `class_1` mediumint(9) unsigned DEFAULT '0' COMMENT '一级分类',
  `class_2` mediumint(9) unsigned DEFAULT '0' COMMENT '二级分类',
  `class_3` mediumint(9) unsigned DEFAULT '0' COMMENT '三级分类',
  `state` tinyint(3) unsigned NOT NULL DEFAULT '0' COMMENT '状态0审核中1已审核 2平台自营店铺',
  PRIMARY KEY (`bid`),
  KEY `store_id` (`store_id`)
) ENGINE=InnoDB AUTO_INCREMENT=2 DEFAULT CHARSET=utf8 COMMENT='店铺可发布商品类目表';

#
# Data for table "33hao_store_bind_class"
#

INSERT INTO `33hao_store_bind_class` VALUES (1,1,0,0,0,0,1);

#
# Structure for table "33hao_store_class"
#

DROP TABLE IF EXISTS `33hao_store_class`;
CREATE TABLE `33hao_store_class` (
  `sc_id` int(10) unsigned NOT NULL AUTO_INCREMENT COMMENT '索引ID',
  `sc_name` varchar(50) NOT NULL COMMENT '分类名称',
  `sc_bail` mediumint(8) unsigned NOT NULL DEFAULT '0' COMMENT '保证金数额',
  `sc_sort` int(11) unsigned NOT NULL DEFAULT '0' COMMENT '排序',
  PRIMARY KEY (`sc_id`)
) ENGINE=InnoDB AUTO_INCREMENT=11 DEFAULT CHARSET=utf8 COMMENT='店铺分类表';

#
# Data for table "33hao_store_class"
#

INSERT INTO `33hao_store_class` VALUES (1,'珠宝/首饰',0,8),(2,'服装鞋包',0,1),(3,'3C数码',0,2),(4,'美容护理',0,3),(5,'家居用品',0,4),(6,'食品/保健',0,5),(7,'母婴用品',0,6),(8,'文体/汽车',0,7),(9,'收藏/爱好',0,9),(10,'生活/服务',0,10);

#
# Structure for table "33hao_store_cost"
#

DROP TABLE IF EXISTS `33hao_store_cost`;
CREATE TABLE `33hao_store_cost` (
  `cost_id` int(10) unsigned NOT NULL AUTO_INCREMENT COMMENT '费用编号',
  `cost_store_id` int(10) unsigned NOT NULL COMMENT '店铺编号',
  `cost_seller_id` int(10) unsigned NOT NULL COMMENT '卖家编号',
  `cost_price` int(10) unsigned NOT NULL COMMENT '价格',
  `cost_remark` varchar(255) NOT NULL COMMENT '费用备注',
  `cost_state` tinyint(3) unsigned NOT NULL COMMENT '费用状态(0-未结算 1-已结算)',
  `cost_time` int(10) unsigned NOT NULL COMMENT '费用发生时间',
  PRIMARY KEY (`cost_id`)
) ENGINE=InnoDB DEFAULT CHARSET=utf8 COMMENT='店铺费用表';

#
# Data for table "33hao_store_cost"
#


#
# Structure for table "33hao_store_decoration"
#

DROP TABLE IF EXISTS `33hao_store_decoration`;
CREATE TABLE `33hao_store_decoration` (
  `decoration_id` int(10) unsigned NOT NULL AUTO_INCREMENT COMMENT '装修编号',
  `decoration_name` varchar(50) NOT NULL COMMENT '装修名称',
  `store_id` int(10) unsigned NOT NULL COMMENT '店铺编号',
  `decoration_setting` varchar(500) DEFAULT NULL COMMENT '装修整体设置(背景、边距等)',
  `decoration_nav` varchar(5000) DEFAULT NULL COMMENT '装修导航',
  `decoration_banner` varchar(255) DEFAULT NULL COMMENT '装修头部banner',
  PRIMARY KEY (`decoration_id`)
) ENGINE=InnoDB AUTO_INCREMENT=2 DEFAULT CHARSET=utf8 COMMENT='店铺装修表';

#
# Data for table "33hao_store_decoration"
#

INSERT INTO `33hao_store_decoration` VALUES (1,'默认装修',1,NULL,NULL,NULL);

#
# Structure for table "33hao_store_decoration_album"
#

DROP TABLE IF EXISTS `33hao_store_decoration_album`;
CREATE TABLE `33hao_store_decoration_album` (
  `image_id` int(10) unsigned NOT NULL AUTO_INCREMENT COMMENT '图片编号',
  `image_name` varchar(50) NOT NULL COMMENT '图片名称',
  `image_origin_name` varchar(50) NOT NULL COMMENT '图片原始名称',
  `image_width` int(10) unsigned NOT NULL COMMENT '图片宽度',
  `image_height` int(10) unsigned NOT NULL COMMENT '图片高度',
  `image_size` int(10) unsigned NOT NULL COMMENT '图片大小',
  `store_id` int(10) unsigned NOT NULL COMMENT '店铺编号',
  `upload_time` int(10) unsigned NOT NULL COMMENT '上传时间',
  PRIMARY KEY (`image_id`)
) ENGINE=InnoDB DEFAULT CHARSET=utf8 COMMENT='店铺装修相册表';

#
# Data for table "33hao_store_decoration_album"
#


#
# Structure for table "33hao_store_decoration_block"
#

DROP TABLE IF EXISTS `33hao_store_decoration_block`;
CREATE TABLE `33hao_store_decoration_block` (
  `block_id` int(10) unsigned NOT NULL AUTO_INCREMENT COMMENT '装修块编号',
  `decoration_id` int(10) unsigned NOT NULL COMMENT '装修编号',
  `store_id` int(10) unsigned NOT NULL COMMENT '店铺编号',
  `block_layout` varchar(50) NOT NULL COMMENT '块布局',
  `block_content` text COMMENT '块内容',
  `block_module_type` varchar(50) DEFAULT NULL COMMENT '装修块模块类型',
  `block_full_width` tinyint(3) unsigned DEFAULT NULL COMMENT '是否100%宽度(0-否 1-是)',
  `block_sort` tinyint(3) unsigned NOT NULL DEFAULT '1' COMMENT '块排序',
  PRIMARY KEY (`block_id`)
) ENGINE=InnoDB DEFAULT CHARSET=utf8 COMMENT='店铺装修块表';

#
# Data for table "33hao_store_decoration_block"
#


#
# Structure for table "33hao_store_extend"
#

DROP TABLE IF EXISTS `33hao_store_extend`;
CREATE TABLE `33hao_store_extend` (
  `store_id` mediumint(8) unsigned NOT NULL COMMENT '店铺ID',
  `express` text COMMENT '快递公司ID的组合',
  `pricerange` text COMMENT '店铺统计设置的商品价格区间',
  `orderpricerange` text COMMENT '店铺统计设置的订单价格区间',
  PRIMARY KEY (`store_id`)
) ENGINE=InnoDB DEFAULT CHARSET=utf8 COMMENT='店铺信息扩展表';

#
# Data for table "33hao_store_extend"
#

INSERT INTO `33hao_store_extend` VALUES (1,'29,40,41,44,8,28,32,42',NULL,NULL);

#
# Structure for table "33hao_store_goods_class"
#

DROP TABLE IF EXISTS `33hao_store_goods_class`;
CREATE TABLE `33hao_store_goods_class` (
  `stc_id` int(11) NOT NULL AUTO_INCREMENT COMMENT '索引ID',
  `stc_name` varchar(50) NOT NULL COMMENT '店铺商品分类名称',
  `stc_parent_id` int(11) NOT NULL COMMENT '父级id',
  `stc_state` tinyint(1) NOT NULL DEFAULT '0' COMMENT '店铺商品分类状态',
  `store_id` int(11) NOT NULL DEFAULT '0' COMMENT '店铺id',
  `stc_sort` int(11) NOT NULL DEFAULT '0' COMMENT '商品分类排序',
  PRIMARY KEY (`stc_id`),
  KEY `stc_parent_id` (`stc_parent_id`,`stc_sort`),
  KEY `store_id` (`store_id`)
) ENGINE=InnoDB DEFAULT CHARSET=utf8 COMMENT='店铺商品分类表';

#
# Data for table "33hao_store_goods_class"
#


#
# Structure for table "33hao_store_grade"
#

DROP TABLE IF EXISTS `33hao_store_grade`;
CREATE TABLE `33hao_store_grade` (
  `sg_id` int(10) unsigned NOT NULL AUTO_INCREMENT COMMENT '索引ID',
  `sg_name` char(50) DEFAULT NULL COMMENT '等级名称',
  `sg_goods_limit` mediumint(10) unsigned NOT NULL DEFAULT '0' COMMENT '允许发布的商品数量',
  `sg_album_limit` mediumint(8) unsigned NOT NULL DEFAULT '0' COMMENT '允许上传图片数量',
  `sg_space_limit` int(10) unsigned NOT NULL DEFAULT '0' COMMENT '上传空间大小，单位MB',
  `sg_template_number` tinyint(3) unsigned NOT NULL DEFAULT '0' COMMENT '选择店铺模板套数',
  `sg_template` varchar(255) DEFAULT NULL COMMENT '模板内容',
  `sg_price` decimal(10,2) unsigned NOT NULL DEFAULT '0.00' COMMENT '开店费用(元/年)',
  `sg_description` text COMMENT '申请说明',
  `sg_function` varchar(255) DEFAULT NULL COMMENT '附加功能',
  `sg_sort` tinyint(3) unsigned NOT NULL DEFAULT '0' COMMENT '级别，数目越大级别越高',
  PRIMARY KEY (`sg_id`)
) ENGINE=InnoDB AUTO_INCREMENT=4 DEFAULT CHARSET=utf8 COMMENT='店铺等级表';

#
# Data for table "33hao_store_grade"
#

INSERT INTO `33hao_store_grade` VALUES (1,'系统默认',100,500,100,6,'default|style1|style2|style3|style4|style5',100.00,'用户选择“默认等级”，可以立即开通。','',0),(2,'白金店铺',200,1000,100,6,'default|style1|style2|style3|style4|style5',200.00,'享受更多特权','editor_multimedia',2),(3,'钻石店铺',0,1000,100,6,'default|style1|style2|style3|style4|style5',1000.00,'','editor_multimedia',100);

#
# Structure for table "33hao_store_joinin"
#

DROP TABLE IF EXISTS `33hao_store_joinin`;
CREATE TABLE `33hao_store_joinin` (
  `member_id` int(10) unsigned NOT NULL COMMENT '用户编号',
  `member_name` varchar(50) DEFAULT NULL COMMENT '店主用户名',
  `company_name` varchar(50) DEFAULT NULL COMMENT '公司名称',
  `company_province_id` mediumint(8) unsigned NOT NULL DEFAULT '0' COMMENT '所在地省ID',
  `company_address` varchar(50) DEFAULT NULL COMMENT '公司地址',
  `company_address_detail` varchar(50) DEFAULT NULL COMMENT '公司详细地址',
  `company_phone` varchar(20) DEFAULT NULL COMMENT '公司电话',
  `company_employee_count` int(10) unsigned DEFAULT NULL COMMENT '员工总数',
  `company_registered_capital` int(10) unsigned DEFAULT NULL COMMENT '注册资金',
  `contacts_name` varchar(50) DEFAULT NULL COMMENT '联系人姓名',
  `contacts_phone` varchar(20) DEFAULT NULL COMMENT '联系人电话',
  `contacts_email` varchar(50) DEFAULT NULL COMMENT '联系人邮箱',
  `business_licence_number` varchar(50) DEFAULT NULL COMMENT '营业执照号',
  `business_licence_address` varchar(50) DEFAULT NULL COMMENT '营业执所在地',
  `business_licence_start` date DEFAULT NULL COMMENT '营业执照有效期开始',
  `business_licence_end` date DEFAULT NULL COMMENT '营业执照有效期结束',
  `business_sphere` varchar(1000) DEFAULT NULL COMMENT '法定经营范围',
  `business_licence_number_electronic` varchar(50) DEFAULT NULL COMMENT '营业执照电子版',
  `organization_code` varchar(50) DEFAULT NULL COMMENT '组织机构代码',
  `organization_code_electronic` varchar(50) DEFAULT NULL COMMENT '组织机构代码电子版',
  `general_taxpayer` varchar(50) DEFAULT NULL COMMENT '一般纳税人证明',
  `bank_account_name` varchar(50) DEFAULT NULL COMMENT '银行开户名',
  `bank_account_number` varchar(50) DEFAULT NULL COMMENT '公司银行账号',
  `bank_name` varchar(50) DEFAULT NULL COMMENT '开户银行支行名称',
  `bank_code` varchar(50) DEFAULT NULL COMMENT '支行联行号',
  `bank_address` varchar(50) DEFAULT NULL COMMENT '开户银行所在地',
  `bank_licence_electronic` varchar(50) DEFAULT NULL COMMENT '开户银行许可证电子版',
  `is_settlement_account` tinyint(1) DEFAULT NULL COMMENT '开户行账号是否为结算账号 1-开户行就是结算账号 2-独立的计算账号',
  `settlement_bank_account_name` varchar(50) DEFAULT NULL COMMENT '结算银行开户名',
  `settlement_bank_account_number` varchar(50) DEFAULT NULL COMMENT '结算公司银行账号',
  `settlement_bank_name` varchar(50) DEFAULT NULL COMMENT '结算开户银行支行名称',
  `settlement_bank_code` varchar(50) DEFAULT NULL COMMENT '结算支行联行号',
  `settlement_bank_address` varchar(50) DEFAULT NULL COMMENT '结算开户银行所在地',
  `tax_registration_certificate` varchar(50) DEFAULT NULL COMMENT '税务登记证号',
  `taxpayer_id` varchar(50) DEFAULT NULL COMMENT '纳税人识别号',
  `tax_registration_certificate_electronic` varchar(50) DEFAULT NULL COMMENT '税务登记证号电子版',
  `seller_name` varchar(50) DEFAULT NULL COMMENT '卖家帐号',
  `store_name` varchar(50) DEFAULT NULL COMMENT '店铺名称',
  `store_class_ids` varchar(1000) DEFAULT NULL COMMENT '店铺分类编号集合',
  `store_class_names` varchar(1000) DEFAULT NULL COMMENT '店铺分类名称集合',
  `joinin_state` varchar(50) DEFAULT NULL COMMENT '申请状态 10-已提交申请 11-缴费完成  20-审核成功 30-审核失败 31-缴费审核失败 40-审核通过开店',
  `joinin_message` varchar(200) DEFAULT NULL COMMENT '管理员审核信息',
  `joinin_year` tinyint(3) unsigned NOT NULL DEFAULT '1' COMMENT '开店时长(年)',
  `sg_name` varchar(50) DEFAULT NULL COMMENT '店铺等级名称',
  `sg_id` int(10) unsigned DEFAULT NULL COMMENT '店铺等级编号',
  `sg_info` varchar(200) DEFAULT NULL COMMENT '店铺等级下的收费等信息',
  `sc_name` varchar(50) DEFAULT NULL COMMENT '店铺分类名称',
  `sc_id` int(10) unsigned DEFAULT NULL COMMENT '店铺分类编号',
  `sc_bail` mediumint(8) unsigned NOT NULL DEFAULT '0' COMMENT '店铺分类保证金',
  `store_class_commis_rates` varchar(200) DEFAULT NULL COMMENT '分类佣金比例',
  `paying_money_certificate` varchar(50) DEFAULT NULL COMMENT '付款凭证',
  `paying_money_certificate_explain` varchar(200) DEFAULT NULL COMMENT '付款凭证说明',
  `paying_amount` decimal(10,2) unsigned NOT NULL DEFAULT '0.00' COMMENT '付款金额',
  PRIMARY KEY (`member_id`)
) ENGINE=InnoDB DEFAULT CHARSET=utf8 COMMENT='店铺入住表';

#
# Data for table "33hao_store_joinin"
#

INSERT INTO `33hao_store_joinin` VALUES (1,'admin',NULL,0,NULL,NULL,NULL,NULL,NULL,NULL,NULL,NULL,NULL,NULL,NULL,NULL,NULL,NULL,NULL,NULL,NULL,NULL,NULL,NULL,NULL,NULL,NULL,NULL,NULL,NULL,NULL,NULL,NULL,NULL,NULL,NULL,'admin','官方旗舰店',NULL,NULL,'40',NULL,1,NULL,NULL,NULL,NULL,NULL,0,NULL,NULL,NULL,0.00),(2,'测试会员1','阿斯达萨达',0,'北京 北京市 东城区','asd实打实大师的撒的',NULL,NULL,NULL,'asd','13621286210','15@qq.com','1265163131',NULL,NULL,NULL,'流苏还','05271069443886862.jpg',NULL,NULL,'',NULL,NULL,NULL,NULL,NULL,NULL,NULL,'刘帅','13621286210',NULL,NULL,NULL,NULL,NULL,NULL,'liushuai','官方旗舰','a:1:{i:0;s:12:\"256,258,275,\";}','a:1:{i:0;s:39:\"数码办公,手机配件,手机饰品,\";}','20','',2,'钻石店铺',3,'a:1:{s:8:\"sg_price\";s:7:\"1000.00\";}','服装鞋包',2,0,'5',NULL,NULL,2000.00);

#
# Structure for table "33hao_store_msg"
#

DROP TABLE IF EXISTS `33hao_store_msg`;
CREATE TABLE `33hao_store_msg` (
  `sm_id` int(10) unsigned NOT NULL AUTO_INCREMENT COMMENT '店铺消息id',
  `smt_code` varchar(100) NOT NULL COMMENT '模板编码',
  `store_id` int(10) unsigned NOT NULL COMMENT '店铺id',
  `sm_content` varchar(255) NOT NULL COMMENT '消息内容',
  `sm_addtime` int(10) unsigned NOT NULL COMMENT '发送时间',
  `sm_readids` varchar(255) NOT NULL COMMENT '已读卖家id',
  PRIMARY KEY (`sm_id`)
) ENGINE=InnoDB DEFAULT CHARSET=utf8 COMMENT='店铺消息表';

#
# Data for table "33hao_store_msg"
#


#
# Structure for table "33hao_store_msg_read"
#

DROP TABLE IF EXISTS `33hao_store_msg_read`;
CREATE TABLE `33hao_store_msg_read` (
  `sm_id` int(11) NOT NULL COMMENT '店铺消息id',
  `seller_id` int(11) NOT NULL COMMENT '卖家id',
  `read_time` int(11) NOT NULL COMMENT '阅读时间',
  PRIMARY KEY (`sm_id`,`seller_id`)
) ENGINE=InnoDB DEFAULT CHARSET=utf8 COMMENT='店铺消息阅读表';

#
# Data for table "33hao_store_msg_read"
#


#
# Structure for table "33hao_store_msg_setting"
#

DROP TABLE IF EXISTS `33hao_store_msg_setting`;
CREATE TABLE `33hao_store_msg_setting` (
  `smt_code` varchar(100) NOT NULL COMMENT '模板编码',
  `store_id` int(10) unsigned NOT NULL COMMENT '店铺id',
  `sms_message_switch` tinyint(3) unsigned NOT NULL COMMENT '站内信接收开关，0关闭，1开启',
  `sms_short_switch` tinyint(3) unsigned NOT NULL COMMENT '短消息接收开关，0关闭，1开启',
  `sms_mail_switch` tinyint(3) unsigned NOT NULL COMMENT '邮件接收开关，0关闭，1开启',
  `sms_short_number` varchar(11) NOT NULL COMMENT '手机号码',
  `sms_mail_number` varchar(100) NOT NULL COMMENT '邮箱号码',
  PRIMARY KEY (`smt_code`,`store_id`)
) ENGINE=InnoDB DEFAULT CHARSET=utf8 COMMENT='店铺消息接收设置';

#
# Data for table "33hao_store_msg_setting"
#


#
# Structure for table "33hao_store_msg_tpl"
#

DROP TABLE IF EXISTS `33hao_store_msg_tpl`;
CREATE TABLE `33hao_store_msg_tpl` (
  `smt_code` varchar(100) NOT NULL COMMENT '模板编码',
  `smt_name` varchar(100) NOT NULL COMMENT '模板名称',
  `smt_message_switch` tinyint(3) unsigned NOT NULL COMMENT '站内信默认开关，0关，1开',
  `smt_message_content` varchar(255) NOT NULL COMMENT '站内信内容',
  `smt_message_forced` tinyint(3) unsigned NOT NULL COMMENT '站内信强制接收，0否，1是',
  `smt_short_switch` tinyint(3) unsigned NOT NULL COMMENT '短信默认开关，0关，1开',
  `smt_short_content` varchar(255) NOT NULL COMMENT '短信内容',
  `smt_short_forced` tinyint(3) unsigned NOT NULL COMMENT '短信强制接收，0否，1是',
  `smt_mail_switch` tinyint(3) unsigned NOT NULL COMMENT '邮件默认开，0关，1开',
  `smt_mail_subject` varchar(255) NOT NULL COMMENT '邮件标题',
  `smt_mail_content` text NOT NULL COMMENT '邮件内容',
  `smt_mail_forced` tinyint(3) unsigned NOT NULL COMMENT '邮件强制接收，0否，1是',
  PRIMARY KEY (`smt_code`)
) ENGINE=InnoDB DEFAULT CHARSET=utf8 COMMENT='商家消息模板';

#
# Data for table "33hao_store_msg_tpl"
#

INSERT INTO `33hao_store_msg_tpl` VALUES ('complain','商品被投诉提醒',1,'您售出的商品被投诉，等待商家申诉。投诉单编号：{$complain_id}。',1,0,'【{$site_name}】您售出的商品被投诉，等待商家申诉。投诉单编号：{$complain_id}。',0,0,'{$site_name}提醒：您售出的商品被投诉，等待商家申诉。投诉单编号：{$complain_id}。','<p>\r\n\t{$site_name}提醒：\r\n</p>\r\n<p>\r\n\t您售出的商品被投诉，等待商家申诉。投诉单编号：{$complain_id}。\r\n</p>\r\n<p>\r\n\t<br />\r\n</p>\r\n<p>\r\n\t<br />\r\n</p>\r\n<p>\r\n\t<br />\r\n</p>\r\n<p style=\"text-align:right;\">\r\n\t{$site_name}\r\n</p>\r\n<p style=\"text-align:right;\">\r\n\t{$mail_send_time}\r\n</p>\r\n<p>\r\n\t<br />\r\n</p>',0),('goods_storage_alarm','商品库存预警',1,'您的商品库存不足，请及时补货。平台货号：{$common_id}，SKU：{$sku_id}。',1,0,'【{$site_name}】您的商品库存不足，请及时补货。平台货号：{$common_id}，SKU：{$sku_id}。',0,0,'{$site_name}提醒：您的商品库存不足，请及时补货。','<p>\r\n\t{$site_name}提醒：\r\n</p>\r\n<p>\r\n\t您的商品库存不足，请及时补货。平台货号：{$common_id}，SKU：{$sku_id}。\r\n</p>\r\n<p>\r\n\t点击下面链接查看商品详细信息\r\n</p>\r\n<p>\r\n\t<a href=\"http://{$shop_site_url}/index.php?act=goods&amp;op=index&amp;goods_id={$sku_id}\" target=\"_blank\">http://{$shop_site_url}/index.php?act=goods&amp;op=index&amp;goods_id={$sku_id}</a> \r\n</p>\r\n<p>\r\n\t<br />\r\n</p>\r\n<p>\r\n\t<br />\r\n</p>\r\n<p>\r\n\t<br />\r\n</p>\r\n<p style=\"text-align:right;\">\r\n\t{$site_name}\r\n</p>\r\n<p style=\"text-align:right;\">\r\n\t{$mail_send_time}\r\n</p>\r\n<p>\r\n\t<br />\r\n</p>\r\n<br />',0),('goods_verify','商品审核失败提醒',1,'您的商品没有通过管理员审核，原因：“{$remark}”。平台货号：{$common_id}。',1,0,'【{$site_name}】您的商品没有通过管理员审核，原因：“{$remark}”。平台货号：{$common_id}。',0,0,'{$site_name}提醒：您的商品没有通过管理员审核。','<p>\r\n\t{$site_name}提醒：\r\n</p>\r\n<p>\r\n\t您的商品没有通过管理员审核，原因：“{$remark}”。平台货号：{$common_id}。\r\n\t</p><p>\r\n\t\t<br />\r\n\t</p>\r\n\t<p>\r\n\t\t<br />\r\n\t</p>\r\n\t<p style=\"text-align:right;\">\r\n\t\t{$site_name}\r\n\t</p>\r\n\t<p style=\"text-align:right;\">\r\n\t\t{$mail_send_time}\r\n\t</p>',0),('goods_violation','商品违规被下架',1,'您的商品被违规下架，原因：“{$remark}”。平台货号：{$common_id}。',1,0,'【{$site_name}】您的商品被违规下架，原因：“{$remark}”。平台货号：{$common_id}。',0,0,'{$site_name}提醒：您的商品被违规下架。','<p>\r\n\t{$site_name}提醒：\r\n</p>\r\n<p>\r\n\t您的商品被违规下架。，原因：“{$remark}”。平台货号：{$common_id}。\r\n</p>\r\n<p>\r\n\t<br />\r\n</p>\r\n<p>\r\n\t<br />\r\n</p>\r\n<p style=\"text-align:right;\">\r\n\t{$site_name}\r\n</p>\r\n<p style=\"text-align:right;\">\r\n\t{$mail_send_time}\r\n</p>\r\n<p>\r\n\t<br />\r\n</p>',0),('new_order','新订单提醒',1,'您有订单需要处理，订单编号：{$order_sn}。',1,0,'【{$site_name}】您有订单需要处理，订单编号：{$order_sn}。',0,0,'{$site_name}提醒：您有订单需要处理。','<p>\r\n\t{$site_name}提醒：\r\n</p>\r\n<p>\r\n\t您有订单需要处理，订单编号：{$order_sn}。\r\n</p>\r\n<p>\r\n\t<br />\r\n</p>\r\n<p>\r\n\t<br />\r\n</p>\r\n<p>\r\n\t<br />\r\n</p>\r\n<p style=\"text-align:right;\">\r\n\t{$site_name}\r\n</p>\r\n<p style=\"text-align:right;\">\r\n\t{$mail_send_time}\r\n</p>\r\n<br />',0),('refund','退款提醒',1,'您有一个{$type}退款单需要处理，退款编号：{$refund_sn}。',1,0,'【{$site_name}】您有一个{$type}退款单需要处理，退款编号：{$refund_sn}。',1,0,'{$site_name}提醒：您有一个{$type}退款单需要处理，退款编号：{$refund_sn}。','<p>\r\n\t{$site_name}提醒：\r\n</p>\r\n<p>\r\n\t您有一个{$type}退款单需要处理，退款编号：{$refund_sn}。\r\n</p>\r\n<p>\r\n\t<br />\r\n</p>\r\n<p>\r\n\t<br />\r\n</p>\r\n<p>\r\n\t<br />\r\n</p>\r\n<p style=\"text-align:right;\">\r\n\t{$site_name}\r\n</p>\r\n<p style=\"text-align:right;\">\r\n\t{$mail_send_time}\r\n</p>\r\n<p>\r\n\t<br />\r\n</p>',1),('refund_auto_process','退款自动处理提醒',1,'您的{$type}退款单超期未处理，已自动同意买家退款申请。退款单编号：{$refund_sn}。',1,0,'【{$site_name}】您的{$type}退款单超期未处理，已自动同意买家退款申请。退款单编号：{$refund_sn}。',0,0,'{site_name}提醒：您的{$type}退款单超期未处理，已自动同意买家退款申请。退款单编号：{$refund_sn}。','<p>\r\n\t{site_name}提醒：\r\n</p>\r\n<p>\r\n\t您的{$type}退款单超期未处理，已自动同意买家退款申请。退款单编号：{$refund_sn}。\r\n</p>\r\n<p>\r\n\t<br />\r\n</p>\r\n<p>\r\n\t<br />\r\n</p>\r\n<p>\r\n\t<br />\r\n</p>\r\n<p style=\"text-align:right;\">\r\n\t{$site_name}\r\n</p>\r\n<p style=\"text-align:right;\">\r\n\t{$mail_send_time}\r\n</p>\r\n<p>\r\n\t<br />\r\n</p>',0),('return','退货提醒',1,'您有一个{$type}退货单需要处理。退货编号：{$refund_sn}。',1,0,'【{site_name}】您有一个{$type}退货单需要处理。退货编号：{$refund_sn}。',0,0,'{$site_name}提醒：您有一个{$type}退货单需要处理。退货编号：{$refund_sn}。','<p>\r\n\t{$site_name}提醒：\r\n</p>\r\n<p>\r\n\t您有一个{$type}退货单需要处理。退货编号：{$refund_sn}。\r\n</p>\r\n<p>\r\n\t<br />\r\n</p>\r\n<p>\r\n\t<br />\r\n</p>\r\n<p>\r\n\t<br />\r\n</p>\r\n<p style=\"text-align:right;\">\r\n\t{$site_name}\r\n</p>\r\n<p style=\"text-align:right;\">\r\n\t{$mail_send_time}\r\n</p>\r\n<p>\r\n\t<br />\r\n</p>\r\n<br />',0),('return_auto_process','退货自动处理提醒',1,'您的{$type}退货单超期未处理，已自动同意买家退货申请（弃货）。退货单编号：{$refund_sn}。',1,0,'【{$site_name}】您的{$type}退货单超期未处理，已自动同意买家退货申请（弃货）。退货单编号：{$refund_sn}。',0,0,'{$site_name}提醒：您的{$type}退货单超期未处理，已自动同意买家退货申请（弃货）。退货单编号：{$refund_sn}。','<p>\r\n\t{$site_name}提醒：\r\n</p>\r\n<p>\r\n\t您的{$type}退货单超期未处理，已自动同意买家退货申请（弃货）。退货单编号：{$refund_sn}。\r\n</p>\r\n<p>\r\n\t<br />\r\n</p>\r\n<p>\r\n\t<br />\r\n</p>\r\n<p>\r\n\t<br />\r\n</p>\r\n<p style=\"text-align:right;\">\r\n\t{$site_name}\r\n</p>\r\n<p style=\"text-align:right;\">\r\n\t{$mail_send_time}\r\n</p>',0),('return_auto_receipt','退货未收货自动处理提醒',1,'您的{$type}退货单不处理收货超期未处理，已自动按弃货处理。退货单编号：{$refund_sn}。',1,0,'【{$site_name}】您的{$type}退货单不处理收货超期未处理，已自动按弃货处理。退货单编号：{$refund_sn}。',0,0,'{$site_name}提醒：您的{$type}退货单超期未处理，已自动同意买家退货申请（弃货）。退货单编号：{$refund_sn}。','<p>\r\n\t{$site_name}提醒：\r\n</p>\r\n<p>\r\n\t您的{$type}退货单超期未处理，已自动同意买家退货申请（弃货）。退货单编号：{$refund_sn}。\r\n</p>\r\n<p>\r\n\t<br />\r\n</p>\r\n<p>\r\n\t<br />\r\n</p>\r\n<p>\r\n\t<br />\r\n</p>\r\n<p style=\"text-align:right;\">\r\n\t{$site_name}\r\n</p>\r\n<p style=\"text-align:right;\">\r\n\t{$mail_send_time}\r\n</p>\r\n<p>\r\n\t<br />\r\n</p>',0),('store_bill_affirm','结算单等待确认提醒',1,'您有新的结算单等待确认，开始时间：{$state_time}，结束时间：{$end_time}，结算单号：{$bill_no}。',1,0,'【{$site_name}】您有新的结算单等待确认，开始时间：{$state_time}，结束时间：{$end_time}，结算单号：{$bill_no}。',0,0,'{$site_name}提醒：您有新的结算单等待确认。','<p>\r\n\t{$site_name}提醒：\r\n</p>\r\n<p>\r\n\t您有新的结算单等待确认，起止时间：开始时间：{$state_time}，结束时间：{$end_time}，结算单号：{$bill_no}。\r\n</p>\r\n<p>\r\n\t<br />\r\n</p>\r\n<p>\r\n\t<br />\r\n</p>\r\n<p>\r\n\t<br />\r\n</p>\r\n<p style=\"text-align:right;\">\r\n\t{$site_name}\r\n</p>\r\n<p style=\"text-align:right;\">\r\n\t{$mail_send_time}\r\n</p>\r\n<p>\r\n\t<br />\r\n</p>',0),('store_bill_gathering','结算单已经付款提醒',1,'您的结算单平台已付款，请注意查收，结算单编号：{$bill_no}。',1,0,'【{$site_name}】您的结算单平台已付款，请注意查收，结算单编号：{$bill_no}。',0,0,'{$site_name}提醒：您的结算单平台已付款，请注意查收。','<p>\r\n\t</p><p>\r\n\t\t{$site_name}提醒：\r\n\t</p>\r\n\r\n<p>\r\n\t您的结算单平台已付款，请注意查收，结算单编号：{$bill_no}。\r\n\t</p><p>\r\n\t\t<br />\r\n\t</p>\r\n\t<p>\r\n\t\t<br />\r\n\t</p>\r\n\t<p>\r\n\t\t<br />\r\n\t</p>\r\n\t<p style=\"text-align:right;\">\r\n\t\t{$site_name}\r\n\t</p>\r\n\t<p style=\"text-align:right;\">\r\n\t\t{$mail_send_time}\r\n\t</p>\r\n\r\n<br />',0),('store_cost','店铺消费提醒',1,'您有一条新的店铺消费记录，金额：{$price}，操作人：{$seller_name}，备注：{$remark}。',1,0,'【{$site_name}】您有一条新的店铺消费记录，金额：{$price}，操作人：{$seller_name}，备注：{$remark}。',0,0,'{$site_name}提醒：您有一条新的店铺消费记录。','<p>\r\n\t{$site_name}提醒：\r\n</p>\r\n<p>\r\n\t您有一条新的店铺消费记录，金额：{$price}，操作人：{$seller_name}，备注：{$remark}。\r\n</p>\r\n<p>\r\n\t<br />\r\n</p>\r\n<p>\r\n\t<br />\r\n</p>\r\n<p>\r\n\t<br />\r\n</p>\r\n<p style=\"text-align:right;\">\r\n\t{$site_name}\r\n</p>\r\n<p style=\"text-align:right;\">\r\n\t{$mail_send_time}\r\n</p>',0),('store_expire','店铺到期提醒',1,'你的店铺即将到期，请及时续期。',1,0,'【{$site_name}】你的店铺即将到期，请及时续期。',0,0,'{$site_name}提醒：你的店铺即将到期，请及时续期。','<p>\r\n\t{$site_name}提醒：\r\n</p>\r\n<p>\r\n\t你的店铺即将到期，请及时续期。\r\n</p>\r\n<p>\r\n\t<br />\r\n</p>\r\n<p>\r\n\t<br />\r\n</p>\r\n<p>\r\n\t<br />\r\n</p>\r\n<p style=\"text-align:right;\">\r\n\t{$site_name}\r\n</p>\r\n<p style=\"text-align:right;\">\r\n\t{$mail_send_time}\r\n</p>\r\n<p>\r\n\t<br />\r\n</p>',0);

#
# Structure for table "33hao_store_navigation"
#

DROP TABLE IF EXISTS `33hao_store_navigation`;
CREATE TABLE `33hao_store_navigation` (
  `sn_id` int(10) unsigned NOT NULL AUTO_INCREMENT COMMENT '导航ID',
  `sn_title` varchar(50) NOT NULL COMMENT '导航名称',
  `sn_store_id` int(10) unsigned NOT NULL DEFAULT '0' COMMENT '卖家店铺ID',
  `sn_content` text COMMENT '导航内容',
  `sn_sort` tinyint(3) unsigned NOT NULL DEFAULT '0' COMMENT '导航排序',
  `sn_if_show` tinyint(1) NOT NULL DEFAULT '0' COMMENT '导航是否显示',
  `sn_add_time` int(10) NOT NULL COMMENT '导航',
  `sn_url` varchar(255) DEFAULT NULL COMMENT '店铺导航的外链URL',
  `sn_new_open` tinyint(1) unsigned NOT NULL DEFAULT '0' COMMENT '店铺导航外链是否在新窗口打开：0不开新窗口1开新窗口，默认是0',
  PRIMARY KEY (`sn_id`)
) ENGINE=InnoDB DEFAULT CHARSET=utf8 COMMENT='卖家店铺导航信息表';

#
# Data for table "33hao_store_navigation"
#


#
# Structure for table "33hao_store_plate"
#

DROP TABLE IF EXISTS `33hao_store_plate`;
CREATE TABLE `33hao_store_plate` (
  `plate_id` int(10) unsigned NOT NULL AUTO_INCREMENT COMMENT '关联板式id',
  `plate_name` varchar(10) NOT NULL COMMENT '关联板式名称',
  `plate_position` tinyint(3) unsigned NOT NULL COMMENT '关联板式位置 1顶部，0底部',
  `plate_content` text NOT NULL COMMENT '关联板式内容',
  `store_id` int(10) unsigned NOT NULL COMMENT '所属店铺id',
  PRIMARY KEY (`plate_id`)
) ENGINE=InnoDB DEFAULT CHARSET=utf8 COMMENT='关联板式表';

#
# Data for table "33hao_store_plate"
#


#
# Structure for table "33hao_store_reopen"
#

DROP TABLE IF EXISTS `33hao_store_reopen`;
CREATE TABLE `33hao_store_reopen` (
  `re_id` int(10) unsigned NOT NULL AUTO_INCREMENT,
  `re_grade_id` smallint(5) unsigned NOT NULL DEFAULT '0' COMMENT '店铺等级ID',
  `re_grade_name` varchar(30) DEFAULT NULL COMMENT '等级名称',
  `re_grade_price` decimal(10,2) unsigned NOT NULL DEFAULT '0.00' COMMENT '等级收费(元/年)',
  `re_year` tinyint(3) unsigned NOT NULL DEFAULT '0' COMMENT '续签时长(年)',
  `re_pay_amount` decimal(10,2) unsigned NOT NULL DEFAULT '0.00' COMMENT '应付总金额',
  `re_store_name` varchar(50) DEFAULT NULL COMMENT '店铺名字',
  `re_store_id` int(10) unsigned NOT NULL DEFAULT '0' COMMENT '店铺ID',
  `re_state` tinyint(3) unsigned NOT NULL DEFAULT '0' COMMENT '状态0默认，未上传凭证1审核中2审核通过',
  `re_start_time` int(10) unsigned DEFAULT NULL COMMENT '有效期开始时间',
  `re_end_time` int(10) unsigned DEFAULT NULL COMMENT '有效期结束时间',
  `re_create_time` int(10) unsigned NOT NULL DEFAULT '0' COMMENT '记录创建时间',
  `re_pay_cert` varchar(50) DEFAULT NULL COMMENT '付款凭证',
  `re_pay_cert_explain` varchar(200) DEFAULT NULL COMMENT '付款凭证说明',
  PRIMARY KEY (`re_id`)
) ENGINE=InnoDB DEFAULT CHARSET=utf8 COMMENT='续签内容表';

#
# Data for table "33hao_store_reopen"
#


#
# Structure for table "33hao_store_sns_comment"
#

DROP TABLE IF EXISTS `33hao_store_sns_comment`;
CREATE TABLE `33hao_store_sns_comment` (
  `scomm_id` int(11) NOT NULL AUTO_INCREMENT COMMENT '店铺动态评论id',
  `strace_id` int(11) NOT NULL COMMENT '店铺动态id',
  `scomm_content` varchar(150) DEFAULT NULL COMMENT '评论内容',
  `scomm_memberid` int(11) DEFAULT NULL COMMENT '会员id',
  `scomm_membername` varchar(45) DEFAULT NULL COMMENT '会员名称',
  `scomm_memberavatar` varchar(50) DEFAULT NULL COMMENT '会员头像',
  `scomm_time` varchar(11) DEFAULT NULL COMMENT '评论时间',
  `scomm_state` tinyint(1) NOT NULL DEFAULT '1' COMMENT '评论状态 1正常，0屏蔽',
  PRIMARY KEY (`scomm_id`),
  UNIQUE KEY `scomm_id` (`scomm_id`)
) ENGINE=InnoDB DEFAULT CHARSET=utf8 COMMENT='店铺动态评论表';

#
# Data for table "33hao_store_sns_comment"
#


#
# Structure for table "33hao_store_sns_setting"
#

DROP TABLE IF EXISTS `33hao_store_sns_setting`;
CREATE TABLE `33hao_store_sns_setting` (
  `sauto_storeid` int(11) NOT NULL COMMENT '店铺id',
  `sauto_new` tinyint(4) NOT NULL DEFAULT '1' COMMENT '新品,0为关闭/1为开启',
  `sauto_newtitle` varchar(150) NOT NULL COMMENT '新品内容',
  `sauto_coupon` tinyint(4) NOT NULL DEFAULT '1' COMMENT '优惠券,0为关闭/1为开启',
  `sauto_coupontitle` varchar(150) NOT NULL COMMENT '优惠券内容',
  `sauto_xianshi` tinyint(4) NOT NULL DEFAULT '1' COMMENT '限时折扣,0为关闭/1为开启',
  `sauto_xianshititle` varchar(150) NOT NULL COMMENT '限时折扣内容',
  `sauto_mansong` tinyint(4) NOT NULL DEFAULT '1' COMMENT '满即送,0为关闭/1为开启',
  `sauto_mansongtitle` varchar(150) NOT NULL COMMENT '满即送内容',
  `sauto_bundling` tinyint(4) NOT NULL DEFAULT '1' COMMENT '组合销售,0为关闭/1为开启',
  `sauto_bundlingtitle` varchar(150) NOT NULL COMMENT '组合销售内容',
  `sauto_groupbuy` tinyint(4) NOT NULL DEFAULT '1' COMMENT '团购,0为关闭/1为开启',
  `sauto_groupbuytitle` varchar(150) NOT NULL COMMENT '团购内容',
  PRIMARY KEY (`sauto_storeid`)
) ENGINE=InnoDB DEFAULT CHARSET=utf8 COMMENT='店铺自动发布动态设置表';

#
# Data for table "33hao_store_sns_setting"
#


#
# Structure for table "33hao_store_sns_tracelog"
#

DROP TABLE IF EXISTS `33hao_store_sns_tracelog`;
CREATE TABLE `33hao_store_sns_tracelog` (
  `strace_id` int(11) NOT NULL AUTO_INCREMENT COMMENT '店铺动态id',
  `strace_storeid` int(11) DEFAULT NULL COMMENT '店铺id',
  `strace_storename` varchar(100) DEFAULT NULL COMMENT '店铺名称',
  `strace_storelogo` varchar(255) NOT NULL COMMENT '店标',
  `strace_title` varchar(150) DEFAULT NULL COMMENT '动态标题',
  `strace_content` text COMMENT '发表内容',
  `strace_time` varchar(11) DEFAULT NULL COMMENT '发表时间',
  `strace_cool` int(11) DEFAULT '0' COMMENT '赞数量',
  `strace_spread` int(11) DEFAULT '0' COMMENT '转播数量',
  `strace_comment` int(11) DEFAULT '0' COMMENT '评论数量',
  `strace_type` tinyint(4) DEFAULT '1' COMMENT '1=relay,2=normal,3=new,4=coupon,5=xianshi,6=mansong,7=bundling,8=groupbuy,9=recommend,10=hotsell',
  `strace_goodsdata` varchar(1000) DEFAULT NULL COMMENT '商品信息',
  `strace_state` tinyint(1) NOT NULL DEFAULT '1' COMMENT '动态状态 1正常，0屏蔽',
  PRIMARY KEY (`strace_id`)
) ENGINE=InnoDB DEFAULT CHARSET=utf8 COMMENT='店铺动态表';

#
# Data for table "33hao_store_sns_tracelog"
#


#
# Structure for table "33hao_store_watermark"
#

DROP TABLE IF EXISTS `33hao_store_watermark`;
CREATE TABLE `33hao_store_watermark` (
  `wm_id` int(11) NOT NULL AUTO_INCREMENT COMMENT '水印id',
  `jpeg_quality` int(3) NOT NULL DEFAULT '90' COMMENT 'jpeg图片质量',
  `wm_image_name` varchar(255) DEFAULT NULL COMMENT '水印图片的路径以及文件名',
  `wm_image_pos` tinyint(1) NOT NULL DEFAULT '1' COMMENT '水印图片放置的位置',
  `wm_image_transition` int(3) NOT NULL DEFAULT '20' COMMENT '水印图片与原图片的融合度 ',
  `wm_text` text COMMENT '水印文字',
  `wm_text_size` int(3) NOT NULL DEFAULT '20' COMMENT '水印文字大小',
  `wm_text_angle` tinyint(1) NOT NULL DEFAULT '4' COMMENT '水印文字角度',
  `wm_text_pos` tinyint(1) NOT NULL DEFAULT '3' COMMENT '水印文字放置位置',
  `wm_text_font` varchar(50) DEFAULT NULL COMMENT '水印文字的字体',
  `wm_text_color` varchar(7) NOT NULL DEFAULT '#CCCCCC' COMMENT '水印字体的颜色值',
  `wm_is_open` tinyint(1) NOT NULL DEFAULT '0' COMMENT '水印是否开启 0关闭 1开启',
  `store_id` int(11) DEFAULT NULL COMMENT '店铺id',
  PRIMARY KEY (`wm_id`)
) ENGINE=InnoDB DEFAULT CHARSET=utf8 COMMENT='店铺水印图片表';

#
# Data for table "33hao_store_watermark"
#


#
# Structure for table "33hao_store_waybill"
#

DROP TABLE IF EXISTS `33hao_store_waybill`;
CREATE TABLE `33hao_store_waybill` (
  `store_waybill_id` int(10) unsigned NOT NULL AUTO_INCREMENT COMMENT '店铺运单模板编号',
  `store_id` int(10) unsigned NOT NULL COMMENT '店铺编号',
  `express_id` int(10) unsigned NOT NULL COMMENT '物流公司编号',
  `waybill_id` int(10) unsigned NOT NULL COMMENT '运单模板编号',
  `waybill_name` varchar(50) NOT NULL COMMENT '运单模板名称',
  `store_waybill_data` varchar(2000) DEFAULT NULL COMMENT '店铺自定义设置',
  `is_default` tinyint(3) unsigned NOT NULL DEFAULT '0' COMMENT '是否默认模板',
  `store_waybill_left` int(11) NOT NULL DEFAULT '0' COMMENT '店铺运单左偏移',
  `store_waybill_top` int(11) NOT NULL DEFAULT '0' COMMENT '店铺运单上偏移',
  PRIMARY KEY (`store_waybill_id`)
) ENGINE=InnoDB DEFAULT CHARSET=utf8 COMMENT='店铺运单模板表';

#
# Data for table "33hao_store_waybill"
#


#
# Structure for table "33hao_transport"
#

DROP TABLE IF EXISTS `33hao_transport`;
CREATE TABLE `33hao_transport` (
  `id` mediumint(8) unsigned NOT NULL AUTO_INCREMENT COMMENT '售卖区域ID',
  `title` varchar(30) NOT NULL COMMENT '售卖区域名称',
  `send_tpl_id` mediumint(8) unsigned DEFAULT NULL COMMENT '发货地区模板ID',
  `store_id` mediumint(8) unsigned NOT NULL COMMENT '店铺ID',
  `update_time` int(10) unsigned DEFAULT '0' COMMENT '最后更新时间',
  PRIMARY KEY (`id`)
) ENGINE=InnoDB DEFAULT CHARSET=utf8 COMMENT='售卖区域';

#
# Data for table "33hao_transport"
#


#
# Structure for table "33hao_transport_extend"
#

DROP TABLE IF EXISTS `33hao_transport_extend`;
CREATE TABLE `33hao_transport_extend` (
  `id` mediumint(8) unsigned NOT NULL AUTO_INCREMENT COMMENT '运费模板扩展ID',
  `area_id` text COMMENT '市级地区ID组成的串，以，隔开，两端也有，',
  `top_area_id` text COMMENT '省级地区ID组成的串，以，隔开，两端也有，',
  `area_name` text COMMENT '地区name组成的串，以，隔开',
  `sprice` decimal(10,2) DEFAULT '0.00' COMMENT '首件运费',
  `transport_id` mediumint(8) unsigned NOT NULL COMMENT '运费模板ID',
  `transport_title` varchar(60) DEFAULT NULL COMMENT '运费模板',
  PRIMARY KEY (`id`)
) ENGINE=InnoDB DEFAULT CHARSET=utf8 COMMENT='运费模板扩展表';

#
# Data for table "33hao_transport_extend"
#


#
# Structure for table "33hao_type"
#

DROP TABLE IF EXISTS `33hao_type`;
CREATE TABLE `33hao_type` (
  `type_id` int(10) unsigned NOT NULL AUTO_INCREMENT COMMENT '类型id',
  `type_name` varchar(100) NOT NULL COMMENT '类型名称',
  `type_sort` tinyint(1) unsigned NOT NULL COMMENT '排序',
  `class_id` int(10) unsigned DEFAULT '0' COMMENT '所属分类id',
  `class_name` varchar(100) NOT NULL COMMENT '所属分类名称',
  PRIMARY KEY (`type_id`)
) ENGINE=InnoDB AUTO_INCREMENT=37 DEFAULT CHARSET=utf8 COMMENT='商品类型表';

#
# Data for table "33hao_type"
#

INSERT INTO `33hao_type` VALUES (34,'服饰鞋/女装/针织衫',3,14,'针织衫'),(35,'服饰鞋帽/女装/雪纺衫',4,15,'雪纺衫'),(36,'服饰鞋帽/女装/卫衣',5,16,'卫衣');

#
# Structure for table "33hao_type_brand"
#

DROP TABLE IF EXISTS `33hao_type_brand`;
CREATE TABLE `33hao_type_brand` (
  `type_id` int(10) unsigned NOT NULL COMMENT '类型id',
  `brand_id` int(10) unsigned NOT NULL COMMENT '品牌id'
) ENGINE=InnoDB DEFAULT CHARSET=utf8 COMMENT='商品类型与品牌对应表';

#
# Data for table "33hao_type_brand"
#

INSERT INTO `33hao_type_brand` VALUES (34,101),(34,79),(34,108),(34,105),(34,103),(34,100),(34,96),(34,89),(34,87),(34,84),(34,80),(34,104),(34,81),(34,82),(34,83),(36,101),(36,79),(36,108),(36,105),(36,103),(36,100),(36,96),(36,89),(36,87),(36,80),(36,104),(36,81),(36,82),(36,83),(35,101),(35,79),(35,108),(35,105),(35,103),(35,100),(35,96),(35,89),(35,87),(35,80),(35,104),(35,81),(35,82);

#
# Structure for table "33hao_type_spec"
#

DROP TABLE IF EXISTS `33hao_type_spec`;
CREATE TABLE `33hao_type_spec` (
  `type_id` int(10) unsigned NOT NULL COMMENT '类型id',
  `sp_id` int(10) unsigned NOT NULL COMMENT '规格id'
) ENGINE=InnoDB DEFAULT CHARSET=utf8 COMMENT='商品类型与规格对应表';

#
# Data for table "33hao_type_spec"
#

INSERT INTO `33hao_type_spec` VALUES (36,15),(36,1),(35,15),(35,1),(34,15),(34,1);

#
# Structure for table "33hao_upload"
#

DROP TABLE IF EXISTS `33hao_upload`;
CREATE TABLE `33hao_upload` (
  `upload_id` int(10) unsigned NOT NULL AUTO_INCREMENT COMMENT '索引ID',
  `file_name` varchar(100) DEFAULT NULL COMMENT '文件名',
  `file_thumb` varchar(100) DEFAULT NULL COMMENT '缩微图片',
  `file_size` int(10) unsigned NOT NULL DEFAULT '0' COMMENT '文件大小',
  `upload_type` tinyint(1) NOT NULL DEFAULT '0' COMMENT '文件类别，0为无，1为文章图片，默认为0，2为帮助内容图片，3为店铺幻灯片，4为系统文章图片，5为积分礼品切换图片，6为积分礼品内容图片',
  `upload_time` int(10) unsigned NOT NULL DEFAULT '0' COMMENT '添加时间',
  `item_id` int(11) unsigned NOT NULL DEFAULT '0' COMMENT '信息ID',
  PRIMARY KEY (`upload_id`)
) ENGINE=InnoDB AUTO_INCREMENT=181 DEFAULT CHARSET=utf8 COMMENT='上传文件表';

#
# Data for table "33hao_upload"
#

INSERT INTO `33hao_upload` VALUES (175,'help_store_04526250471329237.jpg',NULL,93814,2,1399281047,97),(176,'help_store_04526250486031950.jpg',NULL,402109,2,1399281048,97),(177,'help_store_04526250504192250.jpg',NULL,248466,2,1399281050,97),(180,'help_store_04526254603037325.jpg',NULL,884442,2,1399281460,99);

#
# Structure for table "33hao_voucher"
#

DROP TABLE IF EXISTS `33hao_voucher`;
CREATE TABLE `33hao_voucher` (
  `voucher_id` int(11) NOT NULL AUTO_INCREMENT COMMENT '代金券编号',
  `voucher_code` varchar(32) NOT NULL COMMENT '代金券编码',
  `voucher_t_id` int(11) NOT NULL COMMENT '代金券模版编号',
  `voucher_title` varchar(50) NOT NULL COMMENT '代金券标题',
  `voucher_desc` varchar(255) NOT NULL COMMENT '代金券描述',
  `voucher_start_date` int(11) NOT NULL COMMENT '代金券有效期开始时间',
  `voucher_end_date` int(11) NOT NULL COMMENT '代金券有效期结束时间',
  `voucher_price` int(11) NOT NULL COMMENT '代金券面额',
  `voucher_limit` decimal(10,2) NOT NULL COMMENT '代金券使用时的订单限额',
  `voucher_store_id` int(11) NOT NULL COMMENT '代金券的店铺id',
  `voucher_state` tinyint(4) NOT NULL COMMENT '代金券状态(1-未用,2-已用,3-过期,4-收回)',
  `voucher_active_date` int(11) NOT NULL COMMENT '代金券发放日期',
  `voucher_type` tinyint(4) NOT NULL COMMENT '代金券类别',
  `voucher_owner_id` int(11) NOT NULL COMMENT '代金券所有者id',
  `voucher_owner_name` varchar(50) NOT NULL COMMENT '代金券所有者名称',
  `voucher_order_id` int(11) DEFAULT NULL COMMENT '使用该代金券的订单编号',
  PRIMARY KEY (`voucher_id`)
) ENGINE=InnoDB DEFAULT CHARSET=utf8 COMMENT='代金券表';

#
# Data for table "33hao_voucher"
#


#
# Structure for table "33hao_voucher_price"
#

DROP TABLE IF EXISTS `33hao_voucher_price`;
CREATE TABLE `33hao_voucher_price` (
  `voucher_price_id` int(11) NOT NULL AUTO_INCREMENT COMMENT '代金券面值编号',
  `voucher_price_describe` varchar(255) NOT NULL COMMENT '代金券描述',
  `voucher_price` int(11) NOT NULL COMMENT '代金券面值',
  `voucher_defaultpoints` int(11) NOT NULL DEFAULT '0' COMMENT '代金劵默认的兑换所需积分可以为0',
  PRIMARY KEY (`voucher_price_id`)
) ENGINE=InnoDB DEFAULT CHARSET=utf8 COMMENT='代金券面额表';

#
# Data for table "33hao_voucher_price"
#


#
# Structure for table "33hao_voucher_quota"
#

DROP TABLE IF EXISTS `33hao_voucher_quota`;
CREATE TABLE `33hao_voucher_quota` (
  `quota_id` int(11) NOT NULL AUTO_INCREMENT COMMENT '套餐编号',
  `quota_applyid` int(11) NOT NULL COMMENT '申请编号',
  `quota_memberid` int(11) NOT NULL COMMENT '会员编号',
  `quota_membername` varchar(100) NOT NULL COMMENT '会员名称',
  `quota_storeid` int(11) NOT NULL COMMENT '店铺编号',
  `quota_storename` varchar(100) NOT NULL COMMENT '店铺名称',
  `quota_starttime` int(11) NOT NULL COMMENT '开始时间',
  `quota_endtime` int(11) NOT NULL COMMENT '结束时间',
  `quota_state` tinyint(1) NOT NULL DEFAULT '1' COMMENT '状态(1-可用/2-取消/3-结束)',
  PRIMARY KEY (`quota_id`)
) ENGINE=InnoDB DEFAULT CHARSET=utf8 COMMENT='代金券套餐表';

#
# Data for table "33hao_voucher_quota"
#


#
# Structure for table "33hao_voucher_template"
#

DROP TABLE IF EXISTS `33hao_voucher_template`;
CREATE TABLE `33hao_voucher_template` (
  `voucher_t_id` int(11) NOT NULL AUTO_INCREMENT COMMENT '代金券模版编号',
  `voucher_t_title` varchar(50) NOT NULL COMMENT '代金券模版名称',
  `voucher_t_desc` varchar(255) NOT NULL COMMENT '代金券模版描述',
  `voucher_t_start_date` int(11) NOT NULL COMMENT '代金券模版有效期开始时间',
  `voucher_t_end_date` int(11) NOT NULL COMMENT '代金券模版有效期结束时间',
  `voucher_t_price` int(11) NOT NULL COMMENT '代金券模版面额',
  `voucher_t_limit` decimal(10,2) NOT NULL COMMENT '代金券使用时的订单限额',
  `voucher_t_store_id` int(11) NOT NULL COMMENT '代金券模版的店铺id',
  `voucher_t_storename` varchar(100) DEFAULT NULL COMMENT '店铺名称',
  `voucher_t_sc_id` int(11) NOT NULL DEFAULT '0' COMMENT '所属店铺分类ID',
  `voucher_t_creator_id` int(11) NOT NULL COMMENT '代金券模版的创建者id',
  `voucher_t_state` tinyint(4) NOT NULL COMMENT '代金券模版状态(1-有效,2-失效)',
  `voucher_t_total` int(11) NOT NULL COMMENT '模版可发放的代金券总数',
  `voucher_t_giveout` int(11) NOT NULL COMMENT '模版已发放的代金券数量',
  `voucher_t_used` int(11) NOT NULL COMMENT '模版已经使用过的代金券',
  `voucher_t_add_date` int(11) NOT NULL COMMENT '模版的创建时间',
  `voucher_t_quotaid` int(11) NOT NULL COMMENT '套餐编号',
  `voucher_t_points` int(11) NOT NULL DEFAULT '0' COMMENT '兑换所需积分',
  `voucher_t_eachlimit` int(11) NOT NULL DEFAULT '1' COMMENT '每人限领张数',
  `voucher_t_styleimg` varchar(200) DEFAULT NULL COMMENT '样式模版图片',
  `voucher_t_customimg` varchar(200) DEFAULT NULL COMMENT '自定义代金券模板图片',
  `voucher_t_recommend` tinyint(1) NOT NULL DEFAULT '0' COMMENT '是否推荐 0不推荐 1推荐',
  PRIMARY KEY (`voucher_t_id`)
) ENGINE=InnoDB DEFAULT CHARSET=utf8 COMMENT='代金券模版表';

#
# Data for table "33hao_voucher_template"
#


#
# Structure for table "33hao_vr_groupbuy_area"
#

DROP TABLE IF EXISTS `33hao_vr_groupbuy_area`;
CREATE TABLE `33hao_vr_groupbuy_area` (
  `area_id` int(11) NOT NULL AUTO_INCREMENT COMMENT '区域id',
  `area_name` varchar(100) NOT NULL COMMENT '域区名称',
  `parent_area_id` int(11) NOT NULL COMMENT '域区id',
  `add_time` int(11) NOT NULL COMMENT '添加时间',
  `first_letter` char(1) NOT NULL COMMENT '首字母',
  `area_number` varchar(10) DEFAULT NULL COMMENT '区号',
  `post` varchar(10) DEFAULT NULL COMMENT '邮编',
  `hot_city` tinyint(3) unsigned NOT NULL DEFAULT '0' COMMENT '0.否 1.是',
  `number` int(11) NOT NULL DEFAULT '0' COMMENT '数量',
  PRIMARY KEY (`area_id`)
) ENGINE=InnoDB AUTO_INCREMENT=382 DEFAULT CHARSET=utf8 COMMENT='虚拟团购区域表';

#
# Data for table "33hao_vr_groupbuy_area"
#

INSERT INTO `33hao_vr_groupbuy_area` VALUES (1,'天津',0,1395277186,'T','022','30000',1,0),(2,'北京',0,1368172202,'B','010','0',1,0),(3,'南开区',1,1395277206,'A','','0',0,0),(5,'和平区',1,1363832792,'H',NULL,NULL,1,1),(6,'大悦城',3,1395286450,'D','','0',0,0),(7,'鞍山',0,1367830248,'A',NULL,NULL,0,0),(8,'安顺',0,1367830274,'A',NULL,NULL,0,0),(9,'阿坝',0,1367830293,'A',NULL,NULL,0,0),(10,'阿拉善',0,1367830301,'A',NULL,NULL,0,0),(12,'包头',0,1367830350,'B',NULL,NULL,0,0),(13,'保定',0,1367830358,'B',NULL,NULL,0,0),(14,'巴中',0,1367830379,'B',NULL,NULL,0,0),(15,'成都',0,1367830392,'C',NULL,NULL,0,0),(16,'重庆',0,1367830411,'C',NULL,NULL,1,0),(17,'常州',0,1367830422,'C',NULL,NULL,0,0),(18,'长沙',0,1367830434,'C',NULL,NULL,1,0),(19,'长春',0,1367830446,'C',NULL,NULL,0,0),(20,'东莞',0,1367830459,'D',NULL,NULL,0,0),(21,'大连',0,1367830469,'D',NULL,NULL,1,0),(22,'东营',0,1367830479,'C',NULL,NULL,0,0),(23,'大庆',0,1367830489,'C',NULL,NULL,0,0),(24,'大同',0,1367830498,'A',NULL,NULL,0,0),(25,'恩施',0,1367830508,'E',NULL,NULL,0,0),(26,'鄂州',0,1367830518,'E',NULL,NULL,0,0),(27,'鄂尔多斯',0,1367830530,'E',NULL,NULL,0,0),(28,'福州',0,1367830542,'F',NULL,NULL,0,0),(29,'佛山',0,1367830555,'F',NULL,NULL,0,0),(30,'抚顺',0,1367830566,'F',NULL,NULL,0,0),(31,'阜阳',0,1367830578,'F',NULL,NULL,0,0),(32,'抚州',0,1367830590,'F',NULL,NULL,0,0),(33,'广州',0,1367830602,'G',NULL,NULL,1,0),(34,'贵阳',0,1367830612,'G',NULL,NULL,0,0),(35,'桂林',0,1367830622,'G',NULL,NULL,0,0),(36,'赣州',0,1367830635,'G',NULL,NULL,0,0),(37,'广元',0,1367830646,'G',NULL,NULL,0,0),(38,'杭州',0,1367830659,'H',NULL,NULL,1,0),(39,'哈尔滨',0,1367830670,'H',NULL,NULL,0,0),(40,'合肥',0,1367830683,'H',NULL,NULL,0,0),(41,'邯郸',0,1367830694,'H',NULL,NULL,0,0),(42,'惠州',0,1367830706,'H',NULL,NULL,0,0),(43,'济南',0,1367830720,'J',NULL,NULL,1,0),(44,'济宁',0,1367830732,'J',NULL,NULL,0,0),(45,'嘉兴',0,1367830769,'J',NULL,NULL,0,0),(46,'昆明',0,1367830783,'K',NULL,NULL,0,0),(47,'昆山',0,1367830792,'K',NULL,NULL,0,0),(48,'喀什',0,1367830803,'K',NULL,NULL,0,0),(49,'克拉玛依',0,1367830814,'K',NULL,NULL,0,0),(50,'兰州',0,1367830827,'L',NULL,NULL,0,0),(51,'临沂',0,1367830836,'L',NULL,NULL,0,0),(52,'连云港',0,1367830846,'L',NULL,NULL,0,0),(53,'马鞍山',0,1367830858,'M',NULL,NULL,0,0),(54,'绵阳',0,1367830867,'M',NULL,NULL,0,0),(55,'茂名',0,1367830878,'M',NULL,NULL,0,0),(56,'南京',0,1367830891,'N',NULL,NULL,1,0),(57,'宁波',0,1367830902,'N',NULL,NULL,0,0),(58,'南通',0,1367830914,'N',NULL,NULL,0,0),(59,'萍乡',0,1367830930,'P',NULL,NULL,0,0),(60,'平顶山',0,1367830940,'P',NULL,NULL,0,0),(61,'莆田',0,1367830951,'P',NULL,NULL,0,0),(62,'青岛',0,1367830963,'Q',NULL,NULL,1,0),(63,'泉州',0,1367830973,'Q',NULL,NULL,0,0),(64,'秦皇岛',0,1367830983,'Q',NULL,NULL,0,0),(65,'日照',0,1367830998,'R',NULL,NULL,0,0),(66,'日喀则',0,1367831009,'R',NULL,NULL,0,0),(67,'上海',0,1367831021,'S',NULL,NULL,1,0),(68,'深圳',0,1367831032,'S',NULL,NULL,0,0),(69,'沈阳',0,1367831042,'S',NULL,NULL,0,0),(70,'太原',0,1367831057,'T',NULL,NULL,1,0),(71,'泰安',0,1367831068,'T',NULL,NULL,0,0),(72,'武汉',0,1367831089,'W',NULL,NULL,0,0),(73,'无锡',0,1367831100,'W',NULL,NULL,0,0),(74,'温州',0,1367831112,'W',NULL,NULL,0,0),(75,'西安',0,1367831123,'X',NULL,NULL,0,0),(76,'西安',0,1367831133,'X',NULL,NULL,0,0),(77,'徐州',0,1367831146,'X',NULL,NULL,0,0),(78,'扬州',0,1367831158,'Y',NULL,NULL,0,0),(79,'烟台',0,1367831168,'Y',NULL,NULL,0,0),(80,'盐城',0,1367831180,'Y',NULL,NULL,0,0),(81,'郑州',0,1367831190,'Z',NULL,NULL,0,0),(82,'镇江',0,1367831200,'Z',NULL,NULL,0,0),(83,'中山',0,1367831213,'Z',NULL,NULL,0,0),(84,'阿里',0,1376357672,'A','','0',0,0),(85,'安康',0,1367889614,'A',NULL,NULL,0,0),(86,'阿克苏',0,1367889622,'A',NULL,NULL,0,0),(87,'安庆',0,1367889629,'A',NULL,NULL,0,0),(88,'阿勒泰',0,1367889638,'A',NULL,NULL,0,0),(89,'安阳',0,1367889646,'A',NULL,NULL,0,0),(90,'澳门',0,1367889653,'A',NULL,NULL,0,0),(91,'巴州',0,1367889663,'B',NULL,NULL,0,0),(92,'亳州',0,1367889677,'B',NULL,NULL,0,0),(93,'滨州',0,1367889687,'B',NULL,NULL,0,0),(94,'博尔塔拉',0,1367889697,'B',NULL,NULL,0,0),(95,'毕节',0,1367889707,'B',NULL,NULL,0,0),(96,'保山',0,1367889719,'B',NULL,NULL,0,0),(97,'本溪',0,1367889728,'B',NULL,NULL,0,0),(98,'百色',0,1367889738,'B',NULL,NULL,0,0),(99,'宝鸡',0,1367889748,'B',NULL,NULL,0,0),(100,'巴彦淖尔',0,1367889757,'B',NULL,NULL,0,0),(101,'北海',0,1367889766,'B',NULL,NULL,0,0),(102,'北海',0,1367889775,'B',NULL,NULL,0,0),(103,'白城',0,1367889785,'B',NULL,NULL,0,0),(104,'白银',0,1367889797,'B',NULL,NULL,0,0),(105,'承德',0,1367889808,'C',NULL,NULL,0,0),(106,'池州',0,1367889817,'C',NULL,NULL,0,0),(107,'昌都',0,1367889826,'C',NULL,NULL,0,0),(108,'朝阳',0,1367889834,'C',NULL,NULL,0,0),(109,'滁州',0,1367889845,'C',NULL,NULL,0,0),(110,'常德',0,1367889856,'C',NULL,NULL,0,0),(111,'郴州',0,1367889865,'C',NULL,NULL,0,0),(112,'沧州',0,1367889875,'C',NULL,NULL,0,0),(113,'昌吉',0,1367889885,'C',NULL,NULL,0,0),(114,'潮州',0,1367889895,'C',NULL,NULL,0,0),(115,'崇左',0,1367889906,'C',NULL,NULL,0,0),(116,'巢湖',0,1367889915,'C',NULL,NULL,0,0),(117,'长治',0,1367889924,'C',NULL,NULL,0,0),(118,'楚雄',0,1367889936,'C',NULL,NULL,0,0),(119,'赤峰',0,1367889945,'C',NULL,NULL,0,0),(120,'定西',0,1367889956,'D',NULL,NULL,0,0),(121,'德宏',0,1367889965,'D',NULL,NULL,0,0),(122,'大兴安岭',0,1367889974,'D',NULL,NULL,0,0),(123,'丹东',0,1367889983,'D',NULL,NULL,0,0),(124,'德州',0,1367889992,'D',NULL,NULL,0,0),(125,'达州',0,1367890002,'D',NULL,NULL,0,0),(126,'迪庆',0,1367890012,'D',NULL,NULL,0,0),(127,'德阳',0,1367890022,'D',NULL,NULL,0,0),(128,'大理',0,1367890031,'D',NULL,NULL,0,0),(129,'阜新',0,1367890041,'E',NULL,NULL,0,0),(130,'防城港',0,1367890050,'E',NULL,NULL,0,0),(131,'抚州',0,1367890059,'E',NULL,NULL,0,0),(132,'阜阳',0,1367890088,'F',NULL,NULL,0,0),(133,'贵港',0,1367890101,'G',NULL,NULL,0,0),(134,'广安',0,1367890120,'G',NULL,NULL,0,0),(135,'甘孜',0,1367890130,'G',NULL,NULL,0,0),(136,'甘南',0,1367890139,'G',NULL,NULL,0,0),(137,'固原',0,1367890148,'G',NULL,NULL,0,0),(138,'果洛',0,1367890157,'G',NULL,NULL,0,0),(139,'广元',0,1367890172,'G',NULL,NULL,0,0),(140,'葫芦岛',0,1367890183,'H',NULL,NULL,0,0),(141,'鹤壁',0,1367890192,'H',NULL,NULL,0,0),(142,'黄石',0,1367890203,'G',NULL,NULL,0,0),(143,'黄冈',0,1367890214,'H',NULL,NULL,0,0),(144,'汉中',0,1367890224,'H',NULL,NULL,0,0),(145,'红河',0,1367890233,'H',NULL,NULL,0,0),(146,'河源',0,1367890243,'H',NULL,NULL,0,0),(147,'衡水',0,1367890253,'H',NULL,NULL,0,0),(148,'呼伦贝尔',0,1367890265,'H',NULL,NULL,0,0),(149,'河池',0,1367890275,'H',NULL,NULL,0,0),(150,'怀化',0,1367890284,'H',NULL,NULL,0,0),(151,'贺州',0,1367890294,'H',NULL,NULL,0,0),(152,'海西',0,1367890304,'H',NULL,NULL,0,0),(153,'黄山',0,1367890314,'H',NULL,NULL,0,0),(154,'淮南',0,1367890327,'H',NULL,NULL,0,0),(155,'淮安',0,1367890337,'H',NULL,NULL,0,0),(156,'哈密',0,1367890346,'H',NULL,NULL,0,0),(157,'和田',0,1367890355,'H',NULL,NULL,0,0),(158,'黑河',0,1367890367,'H',NULL,NULL,0,0),(159,'九江',0,1367890378,'J',NULL,NULL,0,0),(160,'荆门',0,1367890386,'J',NULL,NULL,0,0),(161,'晋中',0,1367890396,'J',NULL,NULL,0,0),(162,'揭阳',0,1367890406,'J',NULL,NULL,0,0),(163,'晋城',0,1367890421,'J',NULL,NULL,0,0),(164,'济源',0,1367890431,'J',NULL,NULL,0,0),(165,'鸡西',0,1367890440,'J',NULL,NULL,0,0),(166,'金昌',0,1367890448,'J',NULL,NULL,0,0),(167,'酒泉',0,1367890459,'J',NULL,NULL,0,0),(168,'佳木斯',0,1367890468,'J',NULL,NULL,0,0),(169,'吉安',0,1367890484,'J',NULL,NULL,0,0),(170,'景德镇',0,1367890496,'J',NULL,NULL,0,0),(171,'江门',0,1367890505,'J',NULL,NULL,0,0),(172,'锦州',0,1367890515,'J',NULL,NULL,0,0),(173,'吉林',0,1367890524,'J',NULL,NULL,0,0),(174,'荆州',0,1367890533,'J',NULL,NULL,0,0),(175,'克州',0,1367890545,'K',NULL,NULL,0,0),(176,'开封',0,1367890554,'K',NULL,NULL,0,0),(177,'乐山',0,1367890567,'L',NULL,NULL,0,0),(178,'泸州',0,1367890576,'L',NULL,NULL,0,0),(179,'来宾',0,1367890585,'L',NULL,NULL,0,0),(180,'娄底',0,1367890596,'L',NULL,NULL,0,0),(181,'林芝',0,1367890606,'L',NULL,NULL,0,0),(182,'临夏',0,1367890615,'L',NULL,NULL,0,0),(183,'丽水',0,1367890623,'L',NULL,NULL,0,0),(184,'吕梁',0,1367890633,'L',NULL,NULL,0,0),(185,'漯河',0,1367890642,'L',NULL,NULL,0,0),(186,'莱芜',0,1367890652,'L',NULL,NULL,0,0),(187,'辽阳',0,1367890661,'L',NULL,NULL,0,0),(188,'辽源',0,1367890672,'L',NULL,NULL,0,0),(189,'拉萨',0,1367890681,'L',NULL,NULL,0,0),(190,'陇南',0,1367890693,'L',NULL,NULL,0,0),(191,'临沧',0,1367890701,'L',NULL,NULL,0,0),(192,'丽江',0,1367890712,'L',NULL,NULL,0,0),(193,'六安',0,1367890721,'L',NULL,NULL,0,0),(194,'凉山',0,1367890730,'L',NULL,NULL,0,0),(195,'六盘水',0,1367890739,'L',NULL,NULL,0,0),(196,'龙岩',0,1367890749,'L',NULL,NULL,0,0),(197,'廊坊',0,1367890758,'L',NULL,NULL,0,0),(198,'眉山',0,1367890772,'M',NULL,NULL,0,0),(199,'梅州',0,1367890781,'M',NULL,NULL,0,0),(200,'牡丹江',0,1367890791,'M',NULL,NULL,0,0),(201,'那曲',0,1367890800,'N',NULL,NULL,0,0),(202,'南阳',0,1367890810,'N',NULL,NULL,0,0),(203,'南平',0,1367890819,'N',NULL,NULL,0,0),(204,'怒江',0,1367890828,'N',NULL,NULL,0,0),(205,'内江',0,1367890837,'N',NULL,NULL,0,0),(206,'宁德',0,1367890845,'N',NULL,NULL,0,0),(207,'南充',0,1367890854,'N',NULL,NULL,0,0),(208,'南昌',0,1367890863,'N',NULL,NULL,0,0),(209,'盘锦',0,1367890872,'P',NULL,NULL,0,0),(210,'普洱',0,1367890884,'P',NULL,NULL,0,0),(211,'平凉',0,1367890894,'P',NULL,NULL,0,0),(212,'攀枝花',0,1367890907,'P',NULL,NULL,0,0),(213,'濮阳',0,1367890915,'P',NULL,NULL,0,0),(214,'清远',0,1367890927,'Q',NULL,NULL,0,0),(215,'七台河',0,1367890937,'Q',NULL,NULL,0,0),(216,'黔东南',0,1367890946,'Q',NULL,NULL,0,0),(217,'曲靖',0,1367890960,'Q',NULL,NULL,0,0),(218,'黔南',0,1367890978,'Q',NULL,NULL,0,0),(219,'钦州',0,1367890986,'Q',NULL,NULL,0,0),(220,'黔西南',0,1367890995,'Q',NULL,NULL,0,0),(221,'衢州',0,1367891003,'Q',NULL,NULL,0,0),(222,'商洛',0,1367891022,'S',NULL,NULL,0,0),(223,'宿州',0,1367891034,'S',NULL,NULL,0,0),(224,'汕头',0,1367891044,'S',NULL,NULL,0,0),(225,'双鸭山',0,1367891053,'S',NULL,NULL,0,0),(226,'石嘴山',0,1367891063,'S',NULL,NULL,0,0),(227,'三明',0,1367891071,'S',NULL,NULL,0,0),(228,'宿迁',0,1367891080,'S',NULL,NULL,0,0),(229,'三峡',0,1367891089,'S',NULL,NULL,0,0),(230,'四平',0,1367891098,'S',NULL,NULL,0,0),(231,'汕尾',0,1367891107,'S',NULL,NULL,0,0),(232,'随州',0,1367891116,'S',NULL,NULL,0,0),(233,'朔州',0,1367891125,'S',NULL,NULL,0,0),(234,'商丘',0,1367891135,'S',NULL,NULL,0,0),(235,'遂宁',0,1367891144,'S',NULL,NULL,0,0),(236,'邵阳',0,1367891153,'S',NULL,NULL,0,0),(237,'山南',0,1367891161,'S',NULL,NULL,0,0),(238,'三门峡',0,1367891172,'S',NULL,NULL,0,0),(239,'十堰',0,1367891181,'S',NULL,NULL,0,0),(240,'上饶',0,1367891190,'S',NULL,NULL,0,0),(241,'松原',0,1367891199,'S',NULL,NULL,0,0),(242,'绥化',0,1367891208,'S',NULL,NULL,0,0),(243,'韶关',0,1367891218,'S',NULL,NULL,0,0),(244,'通化',0,1367891228,'T',NULL,NULL,0,0),(245,'铁岭',0,1367891236,'T',NULL,NULL,0,0),(246,'通辽',0,1367891246,'T',NULL,NULL,0,0),(247,'天水',0,1367891255,'T',NULL,NULL,0,0),(248,'吐鲁番',0,1367891264,'T',NULL,NULL,0,0),(249,'铜仁',0,1367891274,'T',NULL,NULL,0,0),(250,'台北',0,1367891282,'T',NULL,NULL,0,0),(251,'铜川',0,1367891291,'T',NULL,NULL,0,0),(252,'铜陵',0,1367891299,'T',NULL,NULL,0,0),(253,'塔城',0,1367891307,'T',NULL,NULL,0,0),(254,'泰州',0,1367891316,'T',NULL,NULL,0,0),(255,'乌海',0,1367891328,'W',NULL,NULL,0,0),(256,'文山',0,1367891345,'W',NULL,NULL,0,0),(257,'乌兰察布',0,1367891352,'A',NULL,NULL,0,0),(258,'渭南',0,1367891361,'W',NULL,NULL,0,0),(259,'武威',0,1367891370,'W',NULL,NULL,0,0),(260,'吴忠',0,1367891380,'W',NULL,NULL,0,0),(261,'梧州',0,1367891389,'W',NULL,NULL,0,0),(262,'乌鲁木齐',0,1367891398,'W',NULL,NULL,0,0),(263,'潍坊',0,1367891407,'W',NULL,NULL,0,0),(264,'威海',0,1367891416,'W',NULL,NULL,0,0),(265,'芜湖',0,1367891426,'W',NULL,NULL,0,0),(266,'许昌',0,1367891436,'X',NULL,NULL,0,0),(267,'咸宁',0,1367891449,'X',NULL,NULL,0,0),(268,'信阳',0,1367891458,'X',NULL,NULL,0,0),(269,'香港',0,1367891466,'X',NULL,NULL,0,0),(270,'宣城',0,1367891475,'X',NULL,NULL,0,0),(271,'咸阳',0,1367891485,'X',NULL,NULL,0,0),(272,'忻州',0,1367891496,'X',NULL,NULL,0,0),(273,'湘西',0,1367891520,'X',NULL,NULL,0,0),(274,'新乡',0,1367891532,'X',NULL,NULL,0,0),(275,'邢台',0,1367891541,'X',NULL,NULL,0,0),(276,'兴安',0,1367891550,'X',NULL,NULL,0,0),(277,'锡林郭勒',0,1367891560,'X',NULL,NULL,0,0),(278,'湘潭',0,1367891568,'X',NULL,NULL,0,0),(279,'新余',0,1367891578,'X',NULL,NULL,0,0),(280,'西双版纳',0,1367891588,'X',NULL,NULL,0,0),(281,'孝感',0,1367891600,'X',NULL,NULL,0,0),(282,'伊春',0,1367891610,'Y',NULL,NULL,0,0),(283,'阳江',0,1367891619,'Y',NULL,NULL,0,0),(284,'延边',0,1367891632,'Y',NULL,NULL,0,0),(285,'云浮',0,1367891643,'Y',NULL,NULL,0,0),(286,'榆林',0,1367891652,'Y',NULL,NULL,0,0),(287,'延安',0,1367891662,'Y',NULL,NULL,0,0),(288,'阳泉',0,1367891672,'Y',NULL,NULL,0,0),(289,'玉溪',0,1367891681,'Y',NULL,NULL,0,0),(290,'益阳',0,1367891690,'Y',NULL,NULL,0,0),(291,'宜宾',0,1367891699,'Y',NULL,NULL,0,0),(292,'永州',0,1367891708,'Y',NULL,NULL,0,0),(293,'营口',0,1367891719,'Y',NULL,NULL,0,0),(294,'宜春',0,1367891733,'Y',NULL,NULL,0,0),(295,'玉树',0,1367891742,'Y',NULL,NULL,0,0),(296,'伊犁',0,1367891752,'Y',NULL,NULL,0,0),(297,'雅安',0,1367891761,'Y',NULL,NULL,0,0),(298,'鹰潭',0,1367891770,'Y',NULL,NULL,0,0),(299,'银川',0,1367891780,'Y',NULL,NULL,0,0),(300,'枣庄',0,1367891790,'Z',NULL,NULL,0,0),(301,'中卫',0,1367891801,'Z',NULL,NULL,0,0),(302,'资阳',0,1367891810,'Z',NULL,NULL,0,0),(303,'张家口',0,1367891821,'Z',NULL,NULL,0,0),(304,'驻马店',0,1367891830,'Z',NULL,NULL,0,0),(305,'周口',0,1367891840,'Z',NULL,NULL,0,0),(306,'张家界',0,1367891849,'Z',NULL,NULL,0,0),(307,'昭通',0,1367891858,'Z',NULL,NULL,0,0),(308,'张掖',0,1367891866,'Z',NULL,NULL,0,0),(309,'肇庆',0,1367891878,'Z',NULL,NULL,0,0),(310,'湛江',0,1367891888,'Z',NULL,NULL,0,0),(314,'河西区',1,1367915137,'A',NULL,NULL,0,0),(315,'河东区',1,1367915221,'A',NULL,NULL,0,0),(316,'水游城',3,1367915892,'A',NULL,NULL,0,0),(317,'河北区',1,1367916777,'H',NULL,NULL,0,0),(318,'红桥区',1,1367916799,'H',NULL,NULL,0,0),(319,'滨海新区',1,1367916834,'B',NULL,NULL,0,0),(320,'老城厢/大悦城',3,1367916878,'L',NULL,NULL,0,0),(321,'白堤路/风荷园',3,1367916904,'B',NULL,NULL,0,0),(322,'王顶堤/华苑',3,1367916922,'A',NULL,NULL,0,0),(323,'水上/天塔',3,1367916942,'S',NULL,NULL,0,0),(324,'时代奥城',3,1367916960,'A',NULL,NULL,0,0),(325,'长虹公园',3,1367916985,'C',NULL,NULL,0,0),(326,'南开公园',3,1367917001,'A',NULL,NULL,0,0),(327,'南开大学/八里台',3,1367917020,'A',NULL,NULL,0,0),(328,'海光寺/六里台',3,1367917047,'A',NULL,NULL,0,0),(329,'天拖地区',3,1367917062,'A',NULL,NULL,0,0),(330,'鼓楼/七向街',3,1367917077,'A',NULL,NULL,0,0),(331,'鞍山西道',3,1367917100,'A',NULL,NULL,0,0),(332,'东马路/新世界百货',3,1367917114,'A',NULL,NULL,0,0),(333,'滨江道',5,1367917139,'A',NULL,NULL,0,1),(334,'和平路',5,1367917155,'A',NULL,NULL,0,0),(335,'小白楼',5,1367917169,'A',NULL,NULL,0,0),(336,'鞍山道沿线',5,1367917185,'A',NULL,NULL,0,0),(337,'南市',5,1367917201,'A',NULL,NULL,0,0),(338,'五大道',5,1367917216,'A',NULL,NULL,0,0),(339,'西康路沿线',5,1367917235,'A',NULL,NULL,0,0),(340,'津湾广场',5,1367917249,'A',NULL,NULL,0,0),(341,'荣业大街',5,1367917267,'A',NULL,NULL,0,0),(342,'土城',314,1367917309,'A',NULL,NULL,0,0),(343,'小海地',314,1367917326,'A',NULL,NULL,0,0),(344,'体院北',314,1367917341,'A',NULL,NULL,0,0),(345,'图书大厦',314,1367917357,'A',NULL,NULL,0,0),(346,'梅江',314,1367917373,'A',NULL,NULL,0,0),(347,'永安道',314,1367917388,'A',NULL,NULL,0,0),(348,'尖山',314,1367917401,'A',NULL,NULL,0,0),(349,'佟楼',314,1367917424,'A',NULL,NULL,0,0),(350,'乐园道',314,1367917440,'A',NULL,NULL,0,0),(351,'下瓦房',314,1367917457,'A',NULL,NULL,0,0),(352,'南楼',314,1367917471,'A',NULL,NULL,0,0),(353,'越秀路',314,1367917485,'A',NULL,NULL,0,0),(354,'天津站后广场',315,1367917503,'A',NULL,NULL,0,0),(355,'卫国道',315,1367917740,'A',NULL,NULL,0,0),(356,'二宫',3,1367917756,'A',NULL,NULL,0,0),(357,'河东万达广场',3,1367917775,'A',NULL,NULL,0,0),(358,'万新村',315,1367917791,'A',NULL,NULL,0,0),(359,'工业大学',315,1367917805,'A',NULL,NULL,0,0),(360,'大王庄',315,1367917819,'A',NULL,NULL,0,0),(361,'大直沽',315,1367917833,'A',NULL,NULL,0,0),(362,'中山门',315,1367917849,'A',NULL,NULL,0,0),(363,'金钟河大街',317,1367917874,'A',NULL,NULL,0,0),(364,'狮子林大街',317,1367917885,'A',NULL,NULL,0,0),(365,'天泰路/榆关道',317,1367917899,'A',NULL,NULL,0,0),(366,'意大利风情区/火车站',317,1367917913,'A',NULL,NULL,0,0),(367,'中山路',317,1367917924,'A',NULL,NULL,0,0),(368,'王串场/民权门',317,1367917939,'A',NULL,NULL,0,0),(369,'汉沽城区',319,1367917968,'A',NULL,NULL,0,0),(370,'大港城区',319,1367917982,'A',NULL,NULL,0,0),(371,'大港油田',319,1367917995,'A',NULL,NULL,0,0),(372,'经济开发区',319,1367918007,'A',NULL,NULL,0,0),(373,'塘沽城区',319,1367918020,'A',NULL,NULL,0,0),(374,'大胡同',318,1367918039,'A',NULL,NULL,0,0),(375,'天津西站',318,1367918053,'A',NULL,NULL,0,0),(376,'创意街/水木天成',318,1367918065,'A',NULL,NULL,0,0),(377,'凯莱赛',318,1367918077,'A',NULL,NULL,0,0),(378,'本溪路/丁字沽',318,1367918094,'A',NULL,NULL,0,0),(379,'芥园道/水游城',318,1367918107,'A',NULL,NULL,0,0),(380,'东城区',2,1367978117,'A',NULL,NULL,0,0),(381,'西城区',2,1367978125,'A',NULL,NULL,0,0);

#
# Structure for table "33hao_vr_groupbuy_class"
#

DROP TABLE IF EXISTS `33hao_vr_groupbuy_class`;
CREATE TABLE `33hao_vr_groupbuy_class` (
  `class_id` int(11) NOT NULL AUTO_INCREMENT COMMENT '分类id',
  `class_name` varchar(100) NOT NULL COMMENT '分类名称',
  `parent_class_id` int(11) NOT NULL COMMENT '父类class_id',
  `class_sort` tinyint(3) unsigned DEFAULT NULL COMMENT '分类排序',
  PRIMARY KEY (`class_id`)
) ENGINE=InnoDB AUTO_INCREMENT=101 DEFAULT CHARSET=utf8 COMMENT='虚拟团购分类表';

#
# Data for table "33hao_vr_groupbuy_class"
#

INSERT INTO `33hao_vr_groupbuy_class` VALUES (2,'餐饮美食',0,2),(3,'休闲娱乐',0,2),(7,'生活服务',0,3),(8,'小吃快餐',2,1),(9,'火锅',2,2),(10,'自助餐',2,3),(12,'川菜',2,5),(13,'甜品饮品',2,6),(14,'日本料理',2,7),(15,'韩国料理',2,8),(16,'主题餐厅',2,9),(17,'KTV',3,1),(18,'酒吧',3,2),(19,'电影院',3,3),(20,'公园景点',3,4),(21,'足浴按摩',3,5),(22,'运动健身',3,6),(23,'瑜伽馆',3,7),(24,'书店',3,8),(25,'电玩',3,9),(26,'电影演出',0,4),(27,'商场超市',0,5),(29,'婚庆摄像',7,1),(30,'母婴服务',7,2),(31,'银行',7,3),(32,'搬家',7,4),(33,'维修',7,5),(34,'家政保姆',7,6),(35,'开锁',7,7),(36,'宠物服务',7,8),(37,'洗衣店',7,9),(38,'电子通票',26,1),(39,'帮你代购',26,2),(40,'万达院线',26,3),(41,'金逸院线',26,4),(42,'嘉禾院线',26,5),(43,'博纳院线',26,6),(44,'UME院线',26,7),(45,'中影国际',26,8),(46,'耀莱国际',26,9),(47,'物美超市',27,1),(48,'超市卡',27,2),(49,'商场卡',27,3),(50,'水果券',27,4),(51,'购物券',27,5),(52,'食品券',27,6),(53,'网店优惠券',27,7),(54,'新世界',27,8),(55,'银泰',27,9),(56,'新一佳',27,10),(69,'电子优惠',0,6),(74,'俏江南',69,1),(75,'哈根达斯',69,2),(76,'银泰百货',69,3),(77,'阳澄湖',69,4),(78,'许留山',69,5),(79,'酷圣石',69,6),(80,'克丽缇娜',69,7),(81,'一兆韦德',69,8),(82,'宝岛眼镜',69,9),(83,'金钱豹',69,10),(84,'摄像写真',0,7),(85,'婚纱摄影',84,1),(86,'儿童摄影',84,2),(87,'写真摄影',84,3),(88,'商品摄影',84,4),(89,'个人写真',84,5),(94,'教育培训',0,8),(95,'语言培训',94,1),(96,'中小学教育',94,2),(97,'少儿培训',94,3),(98,'公务员培训',94,4),(99,'学历教育',94,5),(100,'职业资格认证',94,6);

#
# Structure for table "33hao_vr_order"
#

DROP TABLE IF EXISTS `33hao_vr_order`;
CREATE TABLE `33hao_vr_order` (
  `order_id` int(11) NOT NULL AUTO_INCREMENT COMMENT '虚拟订单索引id',
  `order_sn` bigint(20) unsigned NOT NULL COMMENT '订单编号',
  `store_id` int(11) unsigned NOT NULL COMMENT '卖家店铺id',
  `store_name` varchar(50) NOT NULL COMMENT '卖家店铺名称',
  `buyer_id` int(11) unsigned NOT NULL COMMENT '买家id',
  `buyer_name` varchar(50) NOT NULL COMMENT '买家登录名',
  `buyer_phone` varchar(11) NOT NULL COMMENT '买家手机',
  `add_time` int(10) unsigned NOT NULL COMMENT '订单生成时间',
  `payment_code` char(10) NOT NULL DEFAULT '' COMMENT '支付方式名称代码',
  `payment_time` int(10) unsigned DEFAULT '0' COMMENT '支付(付款)时间',
  `trade_no` varchar(35) DEFAULT NULL COMMENT '第三方平台交易号',
  `close_time` int(10) unsigned DEFAULT '0' COMMENT '关闭时间',
  `close_reason` varchar(50) DEFAULT NULL COMMENT '关闭原因',
  `finnshed_time` int(11) DEFAULT NULL COMMENT '完成时间',
  `order_amount` decimal(10,2) unsigned NOT NULL DEFAULT '0.00' COMMENT '订单总价格(支付金额)',
  `refund_amount` decimal(10,2) DEFAULT '0.00' COMMENT '退款金额',
  `rcb_amount` decimal(10,2) unsigned NOT NULL DEFAULT '0.00' COMMENT '充值卡支付金额',
  `pd_amount` decimal(10,2) unsigned NOT NULL DEFAULT '0.00' COMMENT '预存款支付金额',
  `order_state` tinyint(4) NOT NULL DEFAULT '0' COMMENT '订单状态：0(已取消)10(默认):未付款;20:已付款;40:已完成;',
  `refund_state` tinyint(1) unsigned DEFAULT '0' COMMENT '退款状态:0是无退款,1是部分退款,2是全部退款',
  `buyer_msg` varchar(150) DEFAULT NULL COMMENT '买家留言',
  `delete_state` tinyint(4) NOT NULL DEFAULT '0' COMMENT '删除状态0未删除1放入回收站2彻底删除',
  `goods_id` int(11) NOT NULL COMMENT '商品id',
  `goods_name` varchar(50) NOT NULL COMMENT '商品名称',
  `goods_price` decimal(10,2) NOT NULL COMMENT '商品价格',
  `goods_num` smallint(5) unsigned NOT NULL DEFAULT '1' COMMENT '商品数量',
  `goods_image` varchar(100) DEFAULT NULL COMMENT '商品图片',
  `commis_rate` smallint(5) unsigned NOT NULL DEFAULT '0' COMMENT '佣金比例',
  `gc_id` mediumint(9) DEFAULT '0' COMMENT '商品最底级分类ID',
  `vr_indate` int(11) DEFAULT NULL COMMENT '有效期',
  `vr_send_times` tinyint(4) NOT NULL DEFAULT '0' COMMENT '兑换码发送次数',
  `vr_invalid_refund` tinyint(4) NOT NULL DEFAULT '1' COMMENT '允许过期退款1是0否',
  `order_promotion_type` tinyint(3) unsigned NOT NULL DEFAULT '0' COMMENT '订单参加的促销类型 0无促销1团购',
  `promotions_id` mediumint(9) DEFAULT '0' COMMENT '促销ID，与order_promotion_type配合使用',
  `order_from` tinyint(4) NOT NULL DEFAULT '1' COMMENT '1WEB2mobile',
  `evaluation_state` tinyint(4) NOT NULL DEFAULT '0' COMMENT '评价状态0默认1已评价2禁止评价',
  `evaluation_time` int(11) NOT NULL DEFAULT '0' COMMENT '评价时间',
  `use_state` tinyint(4) DEFAULT '0' COMMENT '使用状态0默认，未使用1已使用，有一个被使用即为1',
  PRIMARY KEY (`order_id`)
) ENGINE=InnoDB DEFAULT CHARSET=utf8 COMMENT='虚拟订单表';

#
# Data for table "33hao_vr_order"
#


#
# Structure for table "33hao_vr_order_bill"
#

DROP TABLE IF EXISTS `33hao_vr_order_bill`;
CREATE TABLE `33hao_vr_order_bill` (
  `ob_no` int(11) NOT NULL COMMENT '结算单编号(年月店铺ID)',
  `ob_start_date` int(11) NOT NULL COMMENT '开始日期',
  `ob_end_date` int(11) NOT NULL COMMENT '结束日期',
  `ob_order_totals` decimal(10,2) NOT NULL DEFAULT '0.00' COMMENT '订单金额',
  `ob_commis_totals` decimal(10,2) NOT NULL DEFAULT '0.00' COMMENT '佣金金额',
  `ob_result_totals` decimal(10,2) NOT NULL DEFAULT '0.00' COMMENT '应结金额',
  `ob_create_date` int(11) DEFAULT '0' COMMENT '生成结算单日期',
  `os_month` mediumint(6) unsigned NOT NULL COMMENT '结算单年月份',
  `ob_state` enum('1','2','3','4') DEFAULT '1' COMMENT '1默认2店家已确认3平台已审核4结算完成',
  `ob_pay_date` int(11) DEFAULT '0' COMMENT '付款日期',
  `ob_pay_content` varchar(200) DEFAULT '' COMMENT '支付备注',
  `ob_store_id` int(11) NOT NULL COMMENT '店铺ID',
  `ob_store_name` varchar(50) DEFAULT NULL COMMENT '店铺名',
  PRIMARY KEY (`ob_no`)
) ENGINE=InnoDB DEFAULT CHARSET=utf8 COMMENT='虚拟订单结算表';

#
# Data for table "33hao_vr_order_bill"
#


#
# Structure for table "33hao_vr_order_code"
#

DROP TABLE IF EXISTS `33hao_vr_order_code`;
CREATE TABLE `33hao_vr_order_code` (
  `rec_id` int(11) NOT NULL AUTO_INCREMENT COMMENT '兑换码表索引id',
  `order_id` int(11) NOT NULL COMMENT '虚拟订单id',
  `store_id` int(10) unsigned NOT NULL DEFAULT '0' COMMENT '店铺ID',
  `buyer_id` int(10) unsigned NOT NULL DEFAULT '0' COMMENT '买家ID',
  `vr_code` varchar(18) NOT NULL COMMENT '兑换码',
  `vr_state` tinyint(4) NOT NULL DEFAULT '0' COMMENT '使用状态 0:(默认)未使用1:已使用2:已过期',
  `vr_usetime` int(11) DEFAULT NULL COMMENT '使用时间',
  `pay_price` decimal(10,2) NOT NULL DEFAULT '0.00' COMMENT '实际支付金额(结算)',
  `vr_indate` int(11) DEFAULT NULL COMMENT '过期时间',
  `commis_rate` smallint(6) NOT NULL DEFAULT '0' COMMENT '佣金比例',
  `refund_lock` tinyint(1) unsigned DEFAULT '0' COMMENT '退款锁定状态:0为正常,1为锁定,2为同意,默认为0',
  `vr_invalid_refund` tinyint(4) NOT NULL DEFAULT '1' COMMENT '允许过期退款1是0否',
  PRIMARY KEY (`rec_id`),
  KEY `order_id` (`order_id`)
) ENGINE=InnoDB DEFAULT CHARSET=utf8 COMMENT='兑换码表';

#
# Data for table "33hao_vr_order_code"
#


#
# Structure for table "33hao_vr_order_statis"
#

DROP TABLE IF EXISTS `33hao_vr_order_statis`;
CREATE TABLE `33hao_vr_order_statis` (
  `os_month` mediumint(9) unsigned NOT NULL DEFAULT '0' COMMENT '统计编号(年月)',
  `os_year` smallint(6) DEFAULT '0' COMMENT '年',
  `os_start_date` int(11) NOT NULL COMMENT '开始日期',
  `os_end_date` int(11) NOT NULL COMMENT '结束日期',
  `os_order_totals` decimal(10,2) NOT NULL DEFAULT '0.00' COMMENT '订单金额',
  `os_commis_totals` decimal(10,2) NOT NULL DEFAULT '0.00' COMMENT '佣金金额',
  `os_result_totals` decimal(10,2) NOT NULL DEFAULT '0.00' COMMENT '本期应结',
  `os_create_date` int(11) DEFAULT NULL COMMENT '创建记录日期',
  PRIMARY KEY (`os_month`)
) ENGINE=InnoDB DEFAULT CHARSET=utf8 COMMENT='虚拟订单月销量统计表';

#
# Data for table "33hao_vr_order_statis"
#


#
# Structure for table "33hao_vr_refund"
#

DROP TABLE IF EXISTS `33hao_vr_refund`;
CREATE TABLE `33hao_vr_refund` (
  `refund_id` int(10) unsigned NOT NULL AUTO_INCREMENT COMMENT '记录ID',
  `order_id` int(10) unsigned NOT NULL COMMENT '虚拟订单ID',
  `order_sn` varchar(50) NOT NULL COMMENT '虚拟订单编号',
  `refund_sn` varchar(50) NOT NULL COMMENT '申请编号',
  `store_id` int(10) unsigned NOT NULL COMMENT '店铺ID',
  `store_name` varchar(20) NOT NULL COMMENT '店铺名称',
  `buyer_id` int(10) unsigned NOT NULL COMMENT '买家ID',
  `buyer_name` varchar(50) NOT NULL COMMENT '买家会员名',
  `goods_id` int(10) unsigned NOT NULL COMMENT '商品ID',
  `goods_num` int(10) unsigned DEFAULT '1' COMMENT '退款商品数量',
  `goods_name` varchar(50) NOT NULL COMMENT '商品名称',
  `goods_image` varchar(100) DEFAULT NULL COMMENT '商品图片',
  `code_sn` varchar(300) NOT NULL COMMENT '兑换码编号',
  `refund_amount` decimal(10,2) DEFAULT '0.00' COMMENT '退款金额',
  `admin_state` tinyint(1) unsigned DEFAULT '1' COMMENT '退款状态:1为待审核,2为同意,3为不同意,默认为1',
  `add_time` int(10) unsigned NOT NULL COMMENT '添加时间',
  `admin_time` int(10) unsigned DEFAULT '0' COMMENT '管理员处理时间,默认为0',
  `buyer_message` varchar(300) DEFAULT NULL COMMENT '申请原因',
  `admin_message` varchar(300) DEFAULT NULL COMMENT '管理员备注',
  `commis_rate` smallint(6) DEFAULT '0' COMMENT '佣金比例',
  PRIMARY KEY (`refund_id`)
) ENGINE=InnoDB DEFAULT CHARSET=utf8 COMMENT='虚拟兑码退款表';

#
# Data for table "33hao_vr_refund"
#


#
# Structure for table "33hao_waybill"
#

DROP TABLE IF EXISTS `33hao_waybill`;
CREATE TABLE `33hao_waybill` (
  `waybill_id` int(10) unsigned NOT NULL AUTO_INCREMENT COMMENT '编号',
  `waybill_name` varchar(50) NOT NULL,
  `waybill_image` varchar(50) NOT NULL,
  `waybill_width` int(10) unsigned NOT NULL COMMENT '宽度',
  `waybill_height` int(10) unsigned NOT NULL COMMENT '高度',
  `waybill_data` varchar(2000) DEFAULT NULL COMMENT '打印位置数据',
  `waybill_usable` tinyint(1) unsigned NOT NULL DEFAULT '0' COMMENT '是否可用',
  `waybill_top` int(11) NOT NULL DEFAULT '0' COMMENT '上偏移量',
  `waybill_left` int(11) NOT NULL DEFAULT '0' COMMENT '左偏移量',
  `express_id` tinyint(1) unsigned NOT NULL COMMENT '快递公司编号',
  `express_name` varchar(50) NOT NULL COMMENT '快递公司名称',
  `store_id` int(11) unsigned NOT NULL DEFAULT '0' COMMENT '店铺编号(0-代表系统模板)',
  PRIMARY KEY (`waybill_id`)
) ENGINE=InnoDB AUTO_INCREMENT=5 DEFAULT CHARSET=utf8 COMMENT='快递单打印模板表';

#
# Data for table "33hao_waybill"
#

INSERT INTO `33hao_waybill` VALUES (1,'百世汇通','04558238732336424.jpg',229,126,'a:10:{s:10:\"buyer_name\";a:5:{s:5:\"check\";s:2:\"on\";s:4:\"left\";s:3:\"485\";s:3:\"top\";s:2:\"97\";s:5:\"width\";s:2:\"88\";s:6:\"height\";s:2:\"24\";}s:10:\"buyer_area\";a:5:{s:5:\"check\";s:2:\"on\";s:4:\"left\";s:3:\"423\";s:3:\"top\";s:3:\"173\";s:5:\"width\";s:3:\"256\";s:6:\"height\";s:2:\"20\";}s:13:\"buyer_address\";a:5:{s:5:\"check\";s:2:\"on\";s:4:\"left\";s:3:\"420\";s:3:\"top\";s:3:\"201\";s:5:\"width\";s:3:\"333\";s:6:\"height\";s:2:\"20\";}s:12:\"buyer_mobile\";a:5:{s:5:\"check\";s:2:\"on\";s:4:\"left\";s:3:\"473\";s:3:\"top\";s:3:\"230\";s:5:\"width\";s:3:\"141\";s:6:\"height\";s:2:\"20\";}s:11:\"buyer_phone\";a:5:{s:5:\"check\";s:2:\"on\";s:4:\"left\";s:3:\"671\";s:3:\"top\";s:3:\"227\";s:5:\"width\";s:3:\"100\";s:6:\"height\";s:2:\"20\";}s:11:\"seller_name\";a:5:{s:5:\"check\";s:2:\"on\";s:4:\"left\";s:3:\"126\";s:3:\"top\";s:2:\"98\";s:5:\"width\";s:3:\"112\";s:6:\"height\";s:2:\"16\";}s:11:\"seller_area\";a:5:{s:5:\"check\";s:2:\"on\";s:4:\"left\";s:2:\"72\";s:3:\"top\";s:3:\"174\";s:5:\"width\";s:3:\"227\";s:6:\"height\";s:2:\"20\";}s:14:\"seller_address\";a:5:{s:5:\"check\";s:2:\"on\";s:4:\"left\";s:2:\"68\";s:3:\"top\";s:3:\"204\";s:5:\"width\";s:3:\"294\";s:6:\"height\";s:2:\"20\";}s:12:\"seller_phone\";a:5:{s:5:\"check\";s:2:\"on\";s:4:\"left\";s:3:\"120\";s:3:\"top\";s:3:\"231\";s:5:\"width\";s:3:\"124\";s:6:\"height\";s:2:\"20\";}s:14:\"seller_company\";a:5:{s:5:\"check\";s:2:\"on\";s:4:\"left\";s:3:\"116\";s:3:\"top\";s:3:\"124\";s:5:\"width\";s:3:\"184\";s:6:\"height\";s:2:\"20\";}}',1,-3,-5,16,'汇通快递',0),(2,'申通','04559833067248352.jpg',229,127,'a:10:{s:10:\"buyer_name\";a:5:{s:5:\"check\";s:2:\"on\";s:4:\"left\";s:3:\"497\";s:3:\"top\";s:2:\"99\";s:5:\"width\";s:3:\"100\";s:6:\"height\";s:2:\"20\";}s:10:\"buyer_area\";a:5:{s:5:\"check\";s:2:\"on\";s:4:\"left\";s:3:\"492\";s:3:\"top\";s:3:\"165\";s:5:\"width\";s:3:\"191\";s:6:\"height\";s:2:\"20\";}s:13:\"buyer_address\";a:5:{s:5:\"check\";s:2:\"on\";s:4:\"left\";s:3:\"426\";s:3:\"top\";s:3:\"200\";s:5:\"width\";s:3:\"322\";s:6:\"height\";s:2:\"20\";}s:12:\"buyer_mobile\";a:5:{s:5:\"check\";s:2:\"on\";s:4:\"left\";s:3:\"551\";s:3:\"top\";s:3:\"235\";s:5:\"width\";s:3:\"122\";s:6:\"height\";s:2:\"20\";}s:11:\"buyer_phone\";a:5:{s:5:\"check\";s:2:\"on\";s:4:\"left\";s:3:\"688\";s:3:\"top\";s:3:\"236\";s:5:\"width\";s:3:\"100\";s:6:\"height\";s:2:\"20\";}s:11:\"seller_name\";a:5:{s:5:\"check\";s:2:\"on\";s:4:\"left\";s:3:\"132\";s:3:\"top\";s:3:\"100\";s:5:\"width\";s:3:\"100\";s:6:\"height\";s:2:\"20\";}s:11:\"seller_area\";a:5:{s:5:\"check\";s:2:\"on\";s:4:\"left\";s:3:\"125\";s:3:\"top\";s:3:\"169\";s:5:\"width\";s:3:\"218\";s:6:\"height\";s:2:\"20\";}s:14:\"seller_address\";a:5:{s:5:\"check\";s:2:\"on\";s:4:\"left\";s:2:\"68\";s:3:\"top\";s:3:\"208\";s:5:\"width\";s:3:\"100\";s:6:\"height\";s:2:\"20\";}s:12:\"seller_phone\";a:5:{s:5:\"check\";s:2:\"on\";s:4:\"left\";s:3:\"171\";s:3:\"top\";s:3:\"238\";s:5:\"width\";s:3:\"159\";s:6:\"height\";s:2:\"20\";}s:14:\"seller_company\";a:5:{s:5:\"check\";s:2:\"on\";s:4:\"left\";s:3:\"140\";s:3:\"top\";s:3:\"136\";s:5:\"width\";s:3:\"217\";s:6:\"height\";s:2:\"20\";}}',1,-3,-5,28,'申通快递',0),(3,'顺风','04559894766651678.jpg',216,139,'a:10:{s:10:\"buyer_name\";a:5:{s:5:\"check\";s:2:\"on\";s:4:\"left\";s:3:\"302\";s:3:\"top\";s:3:\"290\";s:5:\"width\";s:3:\"100\";s:6:\"height\";s:2:\"20\";}s:10:\"buyer_area\";a:5:{s:5:\"check\";s:2:\"on\";s:4:\"left\";s:3:\"101\";s:3:\"top\";s:3:\"317\";s:5:\"width\";s:3:\"100\";s:6:\"height\";s:2:\"20\";}s:13:\"buyer_address\";a:4:{s:4:\"left\";s:1:\"0\";s:3:\"top\";s:1:\"0\";s:5:\"width\";s:1:\"0\";s:6:\"height\";s:1:\"0\";}s:12:\"buyer_mobile\";a:4:{s:4:\"left\";s:1:\"0\";s:3:\"top\";s:1:\"0\";s:5:\"width\";s:1:\"0\";s:6:\"height\";s:1:\"0\";}s:11:\"buyer_phone\";a:4:{s:4:\"left\";s:1:\"0\";s:3:\"top\";s:1:\"0\";s:5:\"width\";s:1:\"0\";s:6:\"height\";s:1:\"0\";}s:11:\"seller_name\";a:4:{s:4:\"left\";s:1:\"0\";s:3:\"top\";s:1:\"0\";s:5:\"width\";s:1:\"0\";s:6:\"height\";s:1:\"0\";}s:11:\"seller_area\";a:4:{s:4:\"left\";s:1:\"0\";s:3:\"top\";s:1:\"0\";s:5:\"width\";s:1:\"0\";s:6:\"height\";s:1:\"0\";}s:14:\"seller_address\";a:4:{s:4:\"left\";s:1:\"0\";s:3:\"top\";s:1:\"0\";s:5:\"width\";s:1:\"0\";s:6:\"height\";s:1:\"0\";}s:12:\"seller_phone\";a:4:{s:4:\"left\";s:1:\"0\";s:3:\"top\";s:1:\"0\";s:5:\"width\";s:1:\"0\";s:6:\"height\";s:1:\"0\";}s:14:\"seller_company\";a:4:{s:4:\"left\";s:1:\"0\";s:3:\"top\";s:1:\"0\";s:5:\"width\";s:1:\"0\";s:6:\"height\";s:1:\"0\";}}',1,-4,-5,29,'顺丰快递',0),(4,'圆通速递','04577145745163834.jpg',229,127,'a:10:{s:10:\"buyer_name\";a:5:{s:5:\"check\";s:2:\"on\";s:4:\"left\";s:3:\"471\";s:3:\"top\";s:3:\"105\";s:5:\"width\";s:3:\"179\";s:6:\"height\";s:2:\"20\";}s:10:\"buyer_area\";a:5:{s:5:\"check\";s:2:\"on\";s:4:\"left\";s:3:\"469\";s:3:\"top\";s:3:\"144\";s:5:\"width\";s:3:\"242\";s:6:\"height\";s:2:\"20\";}s:13:\"buyer_address\";a:5:{s:5:\"check\";s:2:\"on\";s:4:\"left\";s:3:\"419\";s:3:\"top\";s:3:\"173\";s:5:\"width\";s:3:\"343\";s:6:\"height\";s:2:\"20\";}s:12:\"buyer_mobile\";a:5:{s:5:\"check\";s:2:\"on\";s:4:\"left\";s:3:\"507\";s:3:\"top\";s:3:\"201\";s:5:\"width\";s:2:\"93\";s:6:\"height\";s:2:\"20\";}s:11:\"buyer_phone\";a:5:{s:5:\"check\";s:2:\"on\";s:4:\"left\";s:3:\"613\";s:3:\"top\";s:3:\"198\";s:5:\"width\";s:3:\"109\";s:6:\"height\";s:2:\"20\";}s:11:\"seller_name\";a:5:{s:5:\"check\";s:2:\"on\";s:4:\"left\";s:3:\"116\";s:3:\"top\";s:3:\"104\";s:5:\"width\";s:3:\"100\";s:6:\"height\";s:2:\"20\";}s:11:\"seller_area\";a:5:{s:5:\"check\";s:2:\"on\";s:4:\"left\";s:3:\"110\";s:3:\"top\";s:3:\"144\";s:5:\"width\";s:3:\"148\";s:6:\"height\";s:2:\"20\";}s:14:\"seller_address\";a:5:{s:5:\"check\";s:2:\"on\";s:4:\"left\";s:2:\"63\";s:3:\"top\";s:3:\"169\";s:5:\"width\";s:3:\"323\";s:6:\"height\";s:2:\"20\";}s:12:\"seller_phone\";a:5:{s:5:\"check\";s:2:\"on\";s:4:\"left\";s:3:\"151\";s:3:\"top\";s:3:\"195\";s:5:\"width\";s:3:\"139\";s:6:\"height\";s:2:\"20\";}s:14:\"seller_company\";a:5:{s:5:\"check\";s:2:\"on\";s:4:\"left\";s:3:\"109\";s:3:\"top\";s:3:\"123\";s:5:\"width\";s:3:\"271\";s:6:\"height\";s:2:\"12\";}}',1,-3,-5,40,'圆通快递',0);

#
# Structure for table "33hao_web"
#

DROP TABLE IF EXISTS `33hao_web`;
CREATE TABLE `33hao_web` (
  `web_id` int(10) unsigned NOT NULL AUTO_INCREMENT COMMENT '模块ID',
  `web_name` varchar(20) DEFAULT '' COMMENT '模块名称',
  `style_name` varchar(20) DEFAULT 'orange' COMMENT '风格名称',
  `web_page` varchar(10) DEFAULT 'index' COMMENT '所在页面(暂时只有index)',
  `update_time` int(10) unsigned NOT NULL COMMENT '更新时间',
  `web_sort` tinyint(1) unsigned DEFAULT '9' COMMENT '排序',
  `web_show` tinyint(1) unsigned DEFAULT '1' COMMENT '是否显示，0为否，1为是，默认为1',
  `web_html` text COMMENT '模块html代码',
  PRIMARY KEY (`web_id`)
) ENGINE=InnoDB AUTO_INCREMENT=122 DEFAULT CHARSET=utf8 COMMENT='页面模块表';

#
# Data for table "33hao_web"
#

INSERT INTO `33hao_web` VALUES (1,'红色','red','index',1472709962,1,1,'\r\n<div class=\"home-standard-layout wrapper style-red\">\r\n\r\n  <div class=\"left-sidebar\">\r\n    <div class=\"title\">\r\n      \t      \t    <div class=\"txt-type\">\r\n                        <span>1F</span>                        <h2 title=\"潮流女装\">潮流女装</h2>\r\n            </div>\r\n      \t    </div>\r\n    <div class=\"recommend-classes\">\r\n      <ul>\r\n                  \t\t                            <li><a href=\"http://www.shop.com/shop/index.php?act=search&op=index&cate_id=1103\" title=\"衬衫\" target=\"_blank\">衬衫</a></li>\r\n\t\t                            <li><a href=\"http://www.shop.com/shop/index.php?act=search&op=index&cate_id=1104\" title=\"T恤\" target=\"_blank\">T恤</a></li>\r\n\t\t                            <li><a href=\"http://www.shop.com/shop/index.php?act=search&op=index&cate_id=1106\" title=\"雪纺衫\" target=\"_blank\">雪纺衫</a></li>\r\n\t\t                            <li><a href=\"http://www.shop.com/shop/index.php?act=search&op=index&cate_id=1524\" title=\"情侣装\" target=\"_blank\">情侣装</a></li>\r\n\t\t                            <li><a href=\"http://www.shop.com/shop/index.php?act=search&op=index&cate_id=1528\" title=\"大码女装\" target=\"_blank\">大码女装</a></li>\r\n\t\t                            <li><a href=\"http://www.shop.com/shop/index.php?act=search&op=index&cate_id=1264\" title=\"连衣裙\" target=\"_blank\">连衣裙</a></li>\r\n\t\t                            <li><a href=\"http://www.shop.com/shop/index.php?act=search&op=index&cate_id=1265\" title=\"半身裙\" target=\"_blank\">半身裙</a></li>\r\n\t\t                            <li><a href=\"http://www.shop.com/shop/index.php?act=search&op=index&cate_id=1434\" title=\"旗袍\" target=\"_blank\">旗袍</a></li>\r\n\t\t                            <li><a href=\"http://www.shop.com/shop/index.php?act=search&op=index&cate_id=1253\" title=\"牛仔裤\" target=\"_blank\">牛仔裤</a></li>\r\n\t\t                            <li><a href=\"http://www.shop.com/shop/index.php?act=search&op=index&cate_id=1254\" title=\"休闲裤\" target=\"_blank\">休闲裤</a></li>\r\n\t\t                            <li><a href=\"http://www.shop.com/shop/index.php?act=search&op=index&cate_id=1255\" title=\"西装裤\" target=\"_blank\">西装裤</a></li>\r\n\t\t                            <li><a href=\"http://www.shop.com/shop/index.php?act=search&op=index&cate_id=1443\" title=\"七分裤\" target=\"_blank\">七分裤</a></li>\r\n\t\t                            <li><a href=\"http://www.shop.com/shop/index.php?act=search&op=index&cate_id=1527\" title=\"短裤\" target=\"_blank\">短裤</a></li>\r\n\t\t                                          </ul>\r\n    </div>\r\n    <div class=\"left-ads\">\r\n      \t      \t<a href=\"http://www.telaigou.cn/shop\" title=\"\" target=\"_blank\">\r\n      \t<img src=\"http://www.shop.com/data/upload/shop/common/loading.gif\" alt=\"\" data-url=\"http://www.shop.com/data/upload/shop/editor/web-1-13.jpg?343\" rel=\"lazy\" />\r\n      \t</a>\r\n      \t    </div>\r\n    \r\n\t\r\n\t            <div class=\"left-hot-goods\">\r\n    <p>热卖促销：</p>\r\n        <ul>\r\n                        <li><i></i><a target=\"_blank\" title=\"新款女装韩版修身A字斗篷棉衣加厚保暖短外套大毛领连帽羽绒棉服 蓝色 M\" href=\"http://www.shop.com/shop/index.php?act=goods&op=index&goods_id=102070\">新款女装韩版修身A字斗篷棉衣加厚保暖短外套大毛领连帽羽绒棉服 蓝色 M</a></li>\r\n                        <li><i></i><a target=\"_blank\" title=\"2015秋冬新款女装女式韩版修身短款棉衣棉服羽绒棉衣女 粉色 M\" href=\"http://www.shop.com/shop/index.php?act=goods&op=index&goods_id=101680\">2015秋冬新款女装女式韩版修身短款棉衣棉服羽绒棉衣女 粉色 M</a></li>\r\n                    </ul>\r\n    </div>\r\n\t          </div>\r\n  <div class=\"middle-layout\">\r\n  <ul class=\"right-brand\">\r\n\r\n                                          <li>\r\n          <a href=\"http://www.shop.com/shop/index.php?act=brand&op=list&brand=106\" title=\"RDK\" target=\"_blank\">RDK</a>\r\n        </li>\r\n                          <li>\r\n          <a href=\"http://www.shop.com/shop/index.php?act=brand&op=list&brand=104\" title=\"esprit\" target=\"_blank\">esprit</a>\r\n        </li>\r\n                          <li>\r\n          <a href=\"http://www.shop.com/shop/index.php?act=brand&op=list&brand=83\" title=\"秀秀美\" target=\"_blank\">秀秀美</a>\r\n        </li>\r\n                          <li>\r\n          <a href=\"http://www.shop.com/shop/index.php?act=brand&op=list&brand=85\" title=\"猫人\" target=\"_blank\">猫人</a>\r\n        </li>\r\n                          <li>\r\n          <a href=\"http://www.shop.com/shop/index.php?act=brand&op=list&brand=87\" title=\"Hanes恒适\" target=\"_blank\">Hanes恒适</a>\r\n        </li>\r\n                          <li>\r\n          <a href=\"http://www.shop.com/shop/index.php?act=brand&op=list&brand=80\" title=\"享爱.\" target=\"_blank\">享爱.</a>\r\n        </li>\r\n                          <li>\r\n          <a href=\"http://www.shop.com/shop/index.php?act=brand&op=list&brand=81\" title=\"派丽蒙\" target=\"_blank\">派丽蒙</a>\r\n        </li>\r\n                          <li>\r\n          <a href=\"http://www.shop.com/shop/index.php?act=brand&op=list&brand=82\" title=\"康妮雅\" target=\"_blank\">康妮雅</a>\r\n        </li>\r\n                                                       <li>\r\n          <a href=\"http://www.shop.com/index.php?act=brand&op=index\" title=\"\" target=\"_blank\">更多</a>\r\n        </li>\r\n            </ul>\r\n    <ul class=\"tabs-nav\">\r\n    \r\n                                            <li class=\"tabs-selected\"><i class=\"arrow\"></i><h3>商品推荐</h3></li>\r\n                                        </ul>\r\n    <div class=\"right-side-layout\">\r\n    \t<div class=\"right-side-focus\">\r\n      <ul>\r\n                                                                                <li><a href=\"http://demo.33hao.com/shop/index.php?act=goods&amp;op=index&amp;goods_id=102126\" title=\"拉夏贝尔 秋新款女装街头人物印花休闲圆领长袖连衣裙 黑色 S\" target=\"_blank\">\r\n                        <img src=\"http://www.shop.com/data/upload/shop/common/loading.gif\" alt=\"拉夏贝尔 秋新款女装街头人物印花休闲圆领长袖连衣裙 黑色 S\" data-url=\"http://www.shop.com/data/upload/shop/editor/web-1-18-2.png?254\" rel=\"lazy\" /></a>\r\n                      \t</li>\r\n                                                                                    <li><a href=\"http://demo.33hao.com/shop/index.php?act=search&amp;op=index&amp;cate_id=1100\" title=\"拉夏贝尔套头针织衫 2015冬新款休闲圆领直身裙套装女 拉贝缇 墨绿色 M\" target=\"_blank\">\r\n                        <img src=\"http://www.shop.com/data/upload/shop/common/loading.gif\" alt=\"拉夏贝尔套头针织衫 2015冬新款休闲圆领直身裙套装女 拉贝缇 墨绿色 M\" data-url=\"http://www.shop.com/data/upload/shop/editor/web-1-18-1.png?318\" rel=\"lazy\" /></a>\r\n                      \t</li>\r\n                                                                                    <li><a href=\"http://demo.33hao.com/shop/index.php?act=search&amp;op=index&amp;cate_id=1100\" title=\"拉夏贝尔拉贝缇2015冬新款毛织T恤松紧腰直身裙两件套女 灰蓝色 L     拉夏贝尔拉贝缇2015冬新款毛织T恤松紧腰直身裙两件套女 灰蓝色 L     拉夏贝尔拉贝缇2015冬新款毛织T恤松紧腰直身裙两件套女 灰蓝色 L     拉夏贝尔拉贝缇2015冬新款毛织T恤松紧腰直身裙两件套女 灰蓝色 L     拉夏贝尔拉贝缇2015冬新款毛织T恤松紧腰直身裙两件套女 灰蓝色 L  商品编号：1726332280 关注商品 分享 拉夏贝尔拉贝缇2015冬新款毛织T恤松紧腰直身裙两件套女 灰蓝色 L\" target=\"_blank\">\r\n                        <img src=\"http://www.shop.com/data/upload/shop/common/loading.gif\" alt=\"拉夏贝尔拉贝缇2015冬新款毛织T恤松紧腰直身裙两件套女 灰蓝色 L     拉夏贝尔拉贝缇2015冬新款毛织T恤松紧腰直身裙两件套女 灰蓝色 L     拉夏贝尔拉贝缇2015冬新款毛织T恤松紧腰直身裙两件套女 灰蓝色 L     拉夏贝尔拉贝缇2015冬新款毛织T恤松紧腰直身裙两件套女 灰蓝色 L     拉夏贝尔拉贝缇2015冬新款毛织T恤松紧腰直身裙两件套女 灰蓝色 L  商品编号：1726332280 关注商品 分享 拉夏贝尔拉贝缇2015冬新款毛织T恤松紧腰直身裙两件套女 灰蓝色 L\" data-url=\"http://www.shop.com/data/upload/shop/editor/web-1-18-3.png?756\" rel=\"lazy\" /></a>\r\n                      \t</li>\r\n                                                                </ul>\r\n    </div>\r\n    \r\n    </div>\r\n    \r\n                                                                                              <div class=\"tabs-panel middle-banner-list fade-img \">\r\n                                    <ul>\r\n                                      <li>\r\n                                        <dl>\r\n                                                                                   <dt class=\"banner-name\"><a href=\"http://demo.33hao.com/shop/index.php?act=search&amp;op=index&amp;cate_id=1100\" title=\"针织格子提花休闲圆领七分袖连衣裙 格子混色 L\" target=\"_blank\">\r\n                                       针织格子提花休闲圆领七分袖连衣裙 格子混色 L</a></dt>\r\n\t\t\t\t\t\t\t\t\t                                             <dd class=\"banner-thumb\">\r\n                                          \t<a href=\"http://demo.33hao.com/shop/index.php?act=search&amp;op=index&amp;cate_id=1100\" title=\"针织格子提花休闲圆领七分袖连衣裙 格子混色 L\" class=\"a1\" target=\"_blank\">\r\n                                        <img src=\"http://www.shop.com/data/upload/shop/common/loading.gif\" alt=\"针织格子提花休闲圆领七分袖连衣裙 格子混色 L\" data-url=\"http://www.shop.com/data/upload/shop/editor/web-1-15-1-11.jpg?445\" rel=\"lazy\" /></a></dd>\r\n                                        </dl>\r\n                                      </li>\r\n                                      <li>\r\n                                        <dl>\r\n                                                                                   <dt class=\"banner-name\"><a href=\"http://demo.33hao.com/shop/index.php?act=search&amp;op=index&amp;cate_id=1100\" title=\"街头人物印花休闲圆领长袖连衣裙 黑色 S\" target=\"_blank\">\r\n                                       街头人物印花休闲圆领长袖连衣裙 黑色 S</a></dt>\r\n\t\t\t\t\t\t\t\t\t                                             <dd class=\"banner-thumb\">\r\n                                          \t<a href=\"http://demo.33hao.com/shop/index.php?act=search&amp;op=index&amp;cate_id=1100\" title=\"街头人物印花休闲圆领长袖连衣裙 黑色 S\" class=\"a1\" target=\"_blank\">\r\n                                        <img src=\"http://www.shop.com/data/upload/shop/common/loading.gif\" alt=\"街头人物印花休闲圆领长袖连衣裙 黑色 S\" data-url=\"http://www.shop.com/data/upload/shop/editor/web-1-15-1-12.jpg?299\" rel=\"lazy\" /></a></dd>\r\n                                        </dl>\r\n                                      </li>\r\n                                      <li>\r\n                                        <dl>\r\n                                                                                    <dt class=\"banner-name\"><a href=\"http://demo.33hao.com/shop/index.php?act=search&amp;op=index&amp;cate_id=1100\" title=\"撞色印花提花针织短袖连衣裙 米白 L\" target=\"_blank\">\r\n                                       撞色印花提花针织短袖连衣裙 米白 L</a></dt>\r\n\t\t\t\t\t\t\t\t\t                                             <dd class=\"banner-thumb\">\r\n                                          \t<a href=\"http://demo.33hao.com/shop/index.php?act=search&amp;op=index&amp;cate_id=1100\" title=\"撞色印花提花针织短袖连衣裙 米白 L\" class=\"a1\" target=\"_blank\">\r\n                                        <img src=\"http://www.shop.com/data/upload/shop/common/loading.gif\" alt=\"撞色印花提花针织短袖连衣裙 米白 L\" data-url=\"http://www.shop.com/data/upload/shop/editor/web-1-15-1-31.jpg?570\" rel=\"lazy\" /></a></dd>\r\n                                        </dl>\r\n                                      </li>\r\n                                      <li>\r\n                                        <dl>\r\n                                                                                    <dt class=\"banner-name\"><a href=\"http://demo.33hao.com/shop/index.php?act=search&amp;op=index&amp;cate_id=1100\" title=\"钉珠蝴蝶结长袖连衣裙套装女 玫红 L\" target=\"_blank\">\r\n                                       钉珠蝴蝶结长袖连衣裙套装女 玫红 L</a></dt>\r\n\t\t\t\t\t\t\t\t\t                                             <dd class=\"banner-thumb\">\r\n                                          \t<a href=\"http://demo.33hao.com/shop/index.php?act=search&amp;op=index&amp;cate_id=1100\" title=\"钉珠蝴蝶结长袖连衣裙套装女 玫红 L\" class=\"a1\" target=\"_blank\">\r\n                                        <img src=\"http://www.shop.com/data/upload/shop/common/loading.gif\" alt=\"钉珠蝴蝶结长袖连衣裙套装女 玫红 L\" data-url=\"http://www.shop.com/data/upload/shop/editor/web-1-15-1-32.jpg?568\" rel=\"lazy\" /></a></dd>\r\n                                        </dl>\r\n                                      </li>\r\n                                      <li>\r\n                                        <dl>\r\n                                                                                    <dt class=\"banner-name\"><a href=\"http://demo.33hao.com/shop/index.php?act=search&amp;op=index&amp;cate_id=1100\" title=\"钉珠蝴蝶结长袖连衣裙套装女 玫红 L\" target=\"_blank\">\r\n                                       钉珠蝴蝶结长袖连衣裙套装女 玫红 L</a></dt>\r\n\t\t\t\t\t\t\t\t\t                                             <dd class=\"banner-thumb\">\r\n                                          \t<a href=\"http://demo.33hao.com/shop/index.php?act=search&amp;op=index&amp;cate_id=1100\" title=\"钉珠蝴蝶结长袖连衣裙套装女 玫红 L\" class=\"a1\" target=\"_blank\">\r\n                                        <img src=\"http://www.shop.com/data/upload/shop/common/loading.gif\" alt=\"钉珠蝴蝶结长袖连衣裙套装女 玫红 L\" data-url=\"http://www.shop.com/data/upload/shop/editor/web-1-15-1-33.jpg?633\" rel=\"lazy\" /></a></dd>\r\n                                        </dl>\r\n                                      </li>\r\n                                      <li>\r\n                                        <dl>\r\n                                                                                    <dt class=\"banner-name\"><a href=\"http://demo.33hao.com/shop/index.php?act=search&amp;op=index&amp;cate_id=1100\" title=\"波点绣花两件套毛衣连衣裙女 黑色 M\" target=\"_blank\">\r\n                                       波点绣花两件套毛衣连衣裙女 黑色 M</a></dt>\r\n\t\t\t\t\t\t\t\t\t                                             <dd class=\"banner-thumb\">\r\n                                          \t<a href=\"http://demo.33hao.com/shop/index.php?act=search&amp;op=index&amp;cate_id=1100\" title=\"波点绣花两件套毛衣连衣裙女 黑色 M\" class=\"a1\" target=\"_blank\">\r\n                                        <img src=\"http://www.shop.com/data/upload/shop/common/loading.gif\" alt=\"波点绣花两件套毛衣连衣裙女 黑色 M\" data-url=\"http://www.shop.com/data/upload/shop/editor/web-1-15-1-34.jpg?499\" rel=\"lazy\" /></a></dd>\r\n                                        </dl>\r\n                                      </li>\r\n                                       </ul>\r\n                                </div>\r\n                                                                </div>\r\n  \r\n</div>\r\n      '),(2,'粉色','pink','index',1472709962,1,1,'\r\n<div class=\"home-standard-layout wrapper style-pink\">\r\n\r\n  <div class=\"left-sidebar\">\r\n    <div class=\"title\">\r\n      \t      \t    <div class=\"txt-type\">\r\n                        <span>2F</span>                        <h2 title=\"精品男装\">精品男装</h2>\r\n            </div>\r\n      \t    </div>\r\n    <div class=\"recommend-classes\">\r\n      <ul>\r\n                  \t\t                            <li><a href=\"http://www.shop.com/shop/index.php?act=search&op=index&cate_id=1140\" title=\"衬衫\" target=\"_blank\">衬衫</a></li>\r\n\t\t                            <li><a href=\"http://www.shop.com/shop/index.php?act=search&op=index&cate_id=1141\" title=\"T恤\" target=\"_blank\">T恤</a></li>\r\n\t\t                            <li><a href=\"http://www.shop.com/shop/index.php?act=search&op=index&cate_id=1142\" title=\"POLO衫\" target=\"_blank\">POLO衫</a></li>\r\n\t\t                            <li><a href=\"http://www.shop.com/shop/index.php?act=search&op=index&cate_id=1144\" title=\"卫衣\" target=\"_blank\">卫衣</a></li>\r\n\t\t                            <li><a href=\"http://www.shop.com/shop/index.php?act=search&op=index&cate_id=1530\" title=\"唐装\" target=\"_blank\">唐装</a></li>\r\n\t\t                            <li><a href=\"http://www.shop.com/shop/index.php?act=search&op=index&cate_id=1150\" title=\"西裤\" target=\"_blank\">西裤</a></li>\r\n\t\t                            <li><a href=\"http://www.shop.com/shop/index.php?act=search&op=index&cate_id=1151\" title=\"休闲裤\" target=\"_blank\">休闲裤</a></li>\r\n\t\t                            <li><a href=\"http://www.shop.com/shop/index.php?act=search&op=index&cate_id=1152\" title=\"牛仔裤\" target=\"_blank\">牛仔裤</a></li>\r\n\t\t                            <li><a href=\"http://www.shop.com/shop/index.php?act=search&op=index&cate_id=1158\" title=\"卫裤\" target=\"_blank\">卫裤</a></li>\r\n\t\t                            <li><a href=\"http://www.shop.com/shop/index.php?act=search&op=index&cate_id=1373\" title=\"九分裤\" target=\"_blank\">九分裤</a></li>\r\n\t\t                            <li><a href=\"http://www.shop.com/shop/index.php?act=search&op=index&cate_id=1442\" title=\"短裤\" target=\"_blank\">短裤</a></li>\r\n\t\t                            <li><a href=\"http://www.shop.com/shop/index.php?act=search&op=index&cate_id=1300\" title=\"T恤/背心\" target=\"_blank\">T恤/背心</a></li>\r\n\t\t                                          </ul>\r\n    </div>\r\n    <div class=\"left-ads\">\r\n      \t      \t<a href=\"http://www.telaigou.cn/shop\" title=\"出游服装五折起\" target=\"_blank\">\r\n      \t<img src=\"http://www.shop.com/data/upload/shop/common/loading.gif\" alt=\"出游服装五折起\" data-url=\"http://www.shop.com/data/upload/shop/editor/web-2-23.jpg?343\" rel=\"lazy\" />\r\n      \t</a>\r\n      \t    </div>\r\n    \r\n\t\r\n\t            <div class=\"left-hot-goods\">\r\n    <p>热卖促销：</p>\r\n        <ul>\r\n                        <li><i></i><a target=\"_blank\" title=\"酷迪璐新品男式夹克外套男士pu皮衣韩版休闲绒布接男装 蓝色 M\" href=\"http://www.shop.com/shop/index.php?act=goods&op=index&goods_id=102865\">酷迪璐新品男式夹克外套男士pu皮衣韩版休闲绒布接男装 蓝色 M</a></li>\r\n                        <li><i></i><a target=\"_blank\" title=\"秋冬男衬衫2015新款秋冬衬衫男装长袖酷迪璐免烫男式衬衫 白色 M\" href=\"http://www.shop.com/shop/index.php?act=goods&op=index&goods_id=102817\">秋冬男衬衫2015新款秋冬衬衫男装长袖酷迪璐免烫男式衬衫 白色 M</a></li>\r\n                    </ul>\r\n    </div>\r\n\t          </div>\r\n  <div class=\"middle-layout\">\r\n  <ul class=\"right-brand\">\r\n\r\n                                          <li>\r\n          <a href=\"http://www.shop.com/shop/index.php?act=brand&op=list&brand=104\" title=\"esprit\" target=\"_blank\">esprit</a>\r\n        </li>\r\n                          <li>\r\n          <a href=\"http://www.shop.com/shop/index.php?act=brand&op=list&brand=102\" title=\"她他/tata\" target=\"_blank\">她他/tata</a>\r\n        </li>\r\n                          <li>\r\n          <a href=\"http://www.shop.com/shop/index.php?act=brand&op=list&brand=99\" title=\"梦特娇\" target=\"_blank\">梦特娇</a>\r\n        </li>\r\n                          <li>\r\n          <a href=\"http://www.shop.com/shop/index.php?act=brand&op=list&brand=96\" title=\"佐丹奴\" target=\"_blank\">佐丹奴</a>\r\n        </li>\r\n                          <li>\r\n          <a href=\"http://www.shop.com/shop/index.php?act=brand&op=list&brand=90\" title=\"金利来\" target=\"_blank\">金利来</a>\r\n        </li>\r\n                          <li>\r\n          <a href=\"http://www.shop.com/shop/index.php?act=brand&op=list&brand=84\" title=\"阿迪达斯\" target=\"_blank\">阿迪达斯</a>\r\n        </li>\r\n                          <li>\r\n          <a href=\"http://www.shop.com/shop/index.php?act=brand&op=list&brand=85\" title=\"猫人\" target=\"_blank\">猫人</a>\r\n        </li>\r\n                          <li>\r\n          <a href=\"http://www.shop.com/shop/index.php?act=brand&op=list&brand=95\" title=\"李宁\" target=\"_blank\">李宁</a>\r\n        </li>\r\n                                                       <li>\r\n          <a href=\"http://www.shop.com/index.php?act=brand&op=index\" title=\"\" target=\"_blank\">更多</a>\r\n        </li>\r\n            </ul>\r\n    <ul class=\"tabs-nav\">\r\n    \r\n                                            <li class=\"tabs-selected\"><i class=\"arrow\"></i><h3>商品推荐</h3></li>\r\n                                        </ul>\r\n    <div class=\"right-side-layout\">\r\n    \t<div class=\"right-side-focus\">\r\n      <ul>\r\n                                                                                <li><a href=\"http://demo.33hao.com/shop/index.php?act=search&amp;op=index&amp;cate_id=1112\" title=\"冬装可拆卸帽可拆卸袖百搭羽绒服\" target=\"_blank\">\r\n                        <img src=\"http://www.shop.com/data/upload/shop/common/loading.gif\" alt=\"冬装可拆卸帽可拆卸袖百搭羽绒服\" data-url=\"http://www.shop.com/data/upload/shop/editor/web-2-28-1.png?688\" rel=\"lazy\" /></a>\r\n                      \t</li>\r\n                                                                                    <li><a href=\"http://demo.33hao.com/shop/index.php?act=search&amp;op=index&amp;cate_id=1100\" title=\"冬新品男士羊毛衫圆领套头毛衫蓝色针织衫\" target=\"_blank\">\r\n                        <img src=\"http://www.shop.com/data/upload/shop/common/loading.gif\" alt=\"冬新品男士羊毛衫圆领套头毛衫蓝色针织衫\" data-url=\"http://www.shop.com/data/upload/shop/editor/web-2-28-2.png?755\" rel=\"lazy\" /></a>\r\n                      \t</li>\r\n                                                                                    <li><a href=\"http://demo.33hao.com/shop/index.php?act=search&amp;op=index&amp;cate_id=1100\" title=\"冬装新品卡其色翻领男式羊毛呢大衣中长款\" target=\"_blank\">\r\n                        <img src=\"http://www.shop.com/data/upload/shop/common/loading.gif\" alt=\"冬装新品卡其色翻领男式羊毛呢大衣中长款\" data-url=\"http://www.shop.com/data/upload/shop/editor/web-2-28-3.png?557\" rel=\"lazy\" /></a>\r\n                      \t</li>\r\n                                                                </ul>\r\n    </div>\r\n    \r\n    </div>\r\n    \r\n                                                                                              <div class=\"tabs-panel middle-banner-list fade-img \">\r\n                                    <ul>\r\n                                      <li>\r\n                                        <dl>\r\n                                                                                   <dd class=\"banner-thumb\">\r\n                                          \t<a href=\"\" title=\"\" class=\"a1\" target=\"_blank\">\r\n                                        <img src=\"http://www.shop.com/data/upload/shop/common/loading.gif\" alt=\"\" data-url=\"http://www.shop.com/data/upload/shop/editor/web-2-25-1-11.jpg?694\" rel=\"lazy\" /></a></dd>\r\n                                        </dl>\r\n                                      </li>\r\n                                      <li>\r\n                                        <dl>\r\n                                                                                   <dd class=\"banner-thumb\">\r\n                                          \t<a href=\"\" title=\"\" class=\"a1\" target=\"_blank\">\r\n                                        <img src=\"http://www.shop.com/data/upload/shop/common/loading.gif\" alt=\"\" data-url=\"http://www.shop.com/data/upload/shop/editor/web-2-25-1-12.jpg?135\" rel=\"lazy\" /></a></dd>\r\n                                        </dl>\r\n                                      </li>\r\n                                      <li>\r\n                                        <dl>\r\n                                                                                    <dd class=\"banner-thumb\">\r\n                                          \t<a href=\"\" title=\"\" class=\"a1\" target=\"_blank\">\r\n                                        <img src=\"http://www.shop.com/data/upload/shop/common/loading.gif\" alt=\"\" data-url=\"http://www.shop.com/data/upload/shop/editor/web-2-25-1-31.jpg?959\" rel=\"lazy\" /></a></dd>\r\n                                        </dl>\r\n                                      </li>\r\n                                      <li>\r\n                                        <dl>\r\n                                                                                    <dd class=\"banner-thumb\">\r\n                                          \t<a href=\"\" title=\"\" class=\"a1\" target=\"_blank\">\r\n                                        <img src=\"http://www.shop.com/data/upload/shop/common/loading.gif\" alt=\"\" data-url=\"http://www.shop.com/data/upload/shop/editor/web-2-25-1-32.jpg?131\" rel=\"lazy\" /></a></dd>\r\n                                        </dl>\r\n                                      </li>\r\n                                      <li>\r\n                                        <dl>\r\n                                                                                    <dd class=\"banner-thumb\">\r\n                                          \t<a href=\"\" title=\"\" class=\"a1\" target=\"_blank\">\r\n                                        <img src=\"http://www.shop.com/data/upload/shop/common/loading.gif\" alt=\"\" data-url=\"http://www.shop.com/data/upload/shop/editor/web-2-25-1-33.jpg?984\" rel=\"lazy\" /></a></dd>\r\n                                        </dl>\r\n                                      </li>\r\n                                      <li>\r\n                                        <dl>\r\n                                                                                    <dd class=\"banner-thumb\">\r\n                                          \t<a href=\"\" title=\"\" class=\"a1\" target=\"_blank\">\r\n                                        <img src=\"http://www.shop.com/data/upload/shop/common/loading.gif\" alt=\"\" data-url=\"http://www.shop.com/data/upload/shop/editor/web-2-25-1-34.jpg?246\" rel=\"lazy\" /></a></dd>\r\n                                        </dl>\r\n                                      </li>\r\n                                       </ul>\r\n                                </div>\r\n                                                                </div>\r\n  \r\n</div>\r\n      '),(3,'橘色','orange','index',1472709962,2,1,'\r\n<div class=\"home-standard-layout wrapper style-orange\">\r\n\r\n  <div class=\"left-sidebar\">\r\n    <div class=\"title\">\r\n      \t      \t    <div class=\"txt-type\">\r\n                        <span>3F</span>                        <h2 title=\"时尚鞋靴\">时尚鞋靴</h2>\r\n            </div>\r\n      \t    </div>\r\n    <div class=\"recommend-classes\">\r\n      <ul>\r\n                  \t\t                            <li><a href=\"http://www.shop.com/shop/index.php?act=search&op=index&cate_id=1160\" title=\"单鞋\" target=\"_blank\">单鞋</a></li>\r\n\t\t                            <li><a href=\"http://www.shop.com/shop/index.php?act=search&op=index&cate_id=1161\" title=\"平底鞋\" target=\"_blank\">平底鞋</a></li>\r\n\t\t                            <li><a href=\"http://www.shop.com/shop/index.php?act=search&op=index&cate_id=1165\" title=\"帆布鞋\" target=\"_blank\">帆布鞋</a></li>\r\n\t\t                            <li><a href=\"http://www.shop.com/shop/index.php?act=search&op=index&cate_id=1425\" title=\"内增高\" target=\"_blank\">内增高</a></li>\r\n\t\t                            <li><a href=\"http://www.shop.com/shop/index.php?act=search&op=index&cate_id=1428\" title=\"凉鞋\" target=\"_blank\">凉鞋</a></li>\r\n\t\t                            <li><a href=\"http://www.shop.com/shop/index.php?act=search&op=index&cate_id=1472\" title=\"拖鞋\" target=\"_blank\">拖鞋</a></li>\r\n\t\t                            <li><a href=\"http://www.shop.com/shop/index.php?act=search&op=index&cate_id=1175\" title=\"休闲鞋\" target=\"_blank\">休闲鞋</a></li>\r\n\t\t                            <li><a href=\"http://www.shop.com/shop/index.php?act=search&op=index&cate_id=1176\" title=\"正装鞋\" target=\"_blank\">正装鞋</a></li>\r\n\t\t                            <li><a href=\"http://www.shop.com/shop/index.php?act=search&op=index&cate_id=1177\" title=\"商务鞋\" target=\"_blank\">商务鞋</a></li>\r\n\t\t                            <li><a href=\"http://www.shop.com/shop/index.php?act=search&op=index&cate_id=1182\" title=\"板鞋\" target=\"_blank\">板鞋</a></li>\r\n\t\t                            <li><a href=\"http://www.shop.com/shop/index.php?act=search&op=index&cate_id=1534\" title=\"短靴\" target=\"_blank\">短靴</a></li>\r\n\t\t                            <li><a href=\"http://www.shop.com/shop/index.php?act=search&op=index&cate_id=1536\" title=\"马丁靴\" target=\"_blank\">马丁靴</a></li>\r\n\t\t                            <li><a href=\"http://www.shop.com/shop/index.php?act=search&op=index&cate_id=1549\" title=\"雨靴\" target=\"_blank\">雨靴</a></li>\r\n\t\t                                          </ul>\r\n    </div>\r\n    <div class=\"left-ads\">\r\n      \t      \t<a href=\"http://www.telaigou.cn/shop\" title=\"\" target=\"_blank\">\r\n      \t<img src=\"http://www.shop.com/data/upload/shop/common/loading.gif\" alt=\"\" data-url=\"http://www.shop.com/data/upload/shop/editor/web-3-33.png?575\" rel=\"lazy\" />\r\n      \t</a>\r\n      \t    </div>\r\n    \r\n\t\r\n\t            <div class=\"left-hot-goods\">\r\n    <p>热卖促销：</p>\r\n        <ul>\r\n                        <li><i></i><a target=\"_blank\" title=\"欧洲站独家新款女靴真皮短靴内增高职业女鞋秋冬马丁靴圆头女靴子 黑色（加绒） 35\" href=\"http://www.shop.com/shop/index.php?act=goods&op=index&goods_id=102714\">欧洲站独家新款女靴真皮短靴内增高职业女鞋秋冬马丁靴圆头女靴子 黑色（加绒） 35</a></li>\r\n                        <li><i></i><a target=\"_blank\" title=\"摩伊拉夏季新款凉鞋金属色绑带潮鞋真皮内里女鞋 粉色 34\" href=\"http://www.shop.com/shop/index.php?act=goods&op=index&goods_id=101329\">摩伊拉夏季新款凉鞋金属色绑带潮鞋真皮内里女鞋 粉色 34</a></li>\r\n                    </ul>\r\n    </div>\r\n\t          </div>\r\n  <div class=\"middle-layout\">\r\n  <ul class=\"right-brand\">\r\n\r\n                                          <li>\r\n          <a href=\"http://www.shop.com/shop/index.php?act=brand&op=list&brand=105\" title=\"westside\" target=\"_blank\">westside</a>\r\n        </li>\r\n                          <li>\r\n          <a href=\"http://www.shop.com/shop/index.php?act=brand&op=list&brand=104\" title=\"esprit\" target=\"_blank\">esprit</a>\r\n        </li>\r\n                          <li>\r\n          <a href=\"http://www.shop.com/shop/index.php?act=brand&op=list&brand=103\" title=\"ELLE HOME\" target=\"_blank\">ELLE HOME</a>\r\n        </li>\r\n                          <li>\r\n          <a href=\"http://www.shop.com/shop/index.php?act=brand&op=list&brand=102\" title=\"她他/tata\" target=\"_blank\">她他/tata</a>\r\n        </li>\r\n                          <li>\r\n          <a href=\"http://www.shop.com/shop/index.php?act=brand&op=list&brand=101\" title=\"爱帝\" target=\"_blank\">爱帝</a>\r\n        </li>\r\n                          <li>\r\n          <a href=\"http://www.shop.com/shop/index.php?act=brand&op=list&brand=98\" title=\"斯波帝卡\" target=\"_blank\">斯波帝卡</a>\r\n        </li>\r\n                          <li>\r\n          <a href=\"http://www.shop.com/shop/index.php?act=brand&op=list&brand=97\" title=\"百思图\" target=\"_blank\">百思图</a>\r\n        </li>\r\n                          <li>\r\n          <a href=\"http://www.shop.com/shop/index.php?act=brand&op=list&brand=100\" title=\"宝姿\" target=\"_blank\">宝姿</a>\r\n        </li>\r\n                                                       <li>\r\n          <a href=\"http://www.shop.com/index.php?act=brand&op=index\" title=\"\" target=\"_blank\">更多</a>\r\n        </li>\r\n            </ul>\r\n    <ul class=\"tabs-nav\">\r\n    \r\n                                            <li class=\"tabs-selected\"><i class=\"arrow\"></i><h3>商品推荐</h3></li>\r\n                                        </ul>\r\n    <div class=\"right-side-layout\">\r\n    \t<div class=\"right-side-focus\">\r\n      <ul>\r\n                                                                                <li><a href=\"http://demo.33hao.com/shop/index.php?act=search&amp;op=index&amp;cate_id=1109\" title=\"冬季新款骑士靴棉靴子\" target=\"_blank\">\r\n                        <img src=\"http://www.shop.com/data/upload/shop/common/loading.gif\" alt=\"冬季新款骑士靴棉靴子\" data-url=\"http://www.shop.com/data/upload/shop/editor/web-3-38-2.png?328\" rel=\"lazy\" /></a>\r\n                      \t</li>\r\n                                                                                    <li><a href=\"http://demo.33hao.com/shop/index.php?act=search&amp;op=index&amp;cate_id=1109\" title=\"时尚平底铆钉短靴子\" target=\"_blank\">\r\n                        <img src=\"http://www.shop.com/data/upload/shop/common/loading.gif\" alt=\"时尚平底铆钉短靴子\" data-url=\"http://www.shop.com/data/upload/shop/editor/web-3-38-3.png?218\" rel=\"lazy\" /></a>\r\n                      \t</li>\r\n                                                                                    <li><a href=\"http://demo.33hao.com/shop/index.php?act=search&amp;op=index&amp;cate_id=1109\" title=\"新款粗跟圆头加绒短靴裸靴\" target=\"_blank\">\r\n                        <img src=\"http://www.shop.com/data/upload/shop/common/loading.gif\" alt=\"新款粗跟圆头加绒短靴裸靴\" data-url=\"http://www.shop.com/data/upload/shop/editor/web-3-38-5.png?708\" rel=\"lazy\" /></a>\r\n                      \t</li>\r\n                                                                </ul>\r\n    </div>\r\n    \r\n    </div>\r\n    \r\n                                                                                              <div class=\"tabs-panel middle-banner-list fade-img \">\r\n                                    <ul>\r\n                                      <li>\r\n                                        <dl>\r\n                                                                                   <dd class=\"banner-thumb\">\r\n                                          \t<a href=\"http://demo.33hao.com/shop/index.php?act=search&amp;op=index&amp;cate_id=1109\" title=\"\" class=\"a1\" target=\"_blank\">\r\n                                        <img src=\"http://www.shop.com/data/upload/shop/common/loading.gif\" alt=\"\" data-url=\"http://www.shop.com/data/upload/shop/editor/web-3-35-1-11.jpg?136\" rel=\"lazy\" /></a></dd>\r\n                                        </dl>\r\n                                      </li>\r\n                                      <li>\r\n                                        <dl>\r\n                                                                                   <dd class=\"banner-thumb\">\r\n                                          \t<a href=\"http://demo.33hao.com/shop/index.php?act=search&amp;op=index&amp;cate_id=1109\" title=\"\" class=\"a1\" target=\"_blank\">\r\n                                        <img src=\"http://www.shop.com/data/upload/shop/common/loading.gif\" alt=\"\" data-url=\"http://www.shop.com/data/upload/shop/editor/web-3-35-1-12.jpg?270\" rel=\"lazy\" /></a></dd>\r\n                                        </dl>\r\n                                      </li>\r\n                                      <li>\r\n                                        <dl>\r\n                                                                                    <dd class=\"banner-thumb\">\r\n                                          \t<a href=\"http://demo.33hao.com/shop/index.php?act=search&amp;op=index&amp;cate_id=1109\" title=\"\" class=\"a1\" target=\"_blank\">\r\n                                        <img src=\"http://www.shop.com/data/upload/shop/common/loading.gif\" alt=\"\" data-url=\"http://www.shop.com/data/upload/shop/editor/web-3-35-1-31.jpg?822\" rel=\"lazy\" /></a></dd>\r\n                                        </dl>\r\n                                      </li>\r\n                                      <li>\r\n                                        <dl>\r\n                                                                                    <dd class=\"banner-thumb\">\r\n                                          \t<a href=\"http://demo.33hao.com/shop/index.php?act=search&amp;op=index&amp;cate_id=1109\" title=\"\" class=\"a1\" target=\"_blank\">\r\n                                        <img src=\"http://www.shop.com/data/upload/shop/common/loading.gif\" alt=\"\" data-url=\"http://www.shop.com/data/upload/shop/editor/web-3-35-1-32.jpg?894\" rel=\"lazy\" /></a></dd>\r\n                                        </dl>\r\n                                      </li>\r\n                                      <li>\r\n                                        <dl>\r\n                                                                                    <dd class=\"banner-thumb\">\r\n                                          \t<a href=\"http://demo.33hao.com/shop/index.php?act=search&amp;op=index&amp;cate_id=1109\" title=\"\" class=\"a1\" target=\"_blank\">\r\n                                        <img src=\"http://www.shop.com/data/upload/shop/common/loading.gif\" alt=\"\" data-url=\"http://www.shop.com/data/upload/shop/editor/web-3-35-1-33.jpg?259\" rel=\"lazy\" /></a></dd>\r\n                                        </dl>\r\n                                      </li>\r\n                                      <li>\r\n                                        <dl>\r\n                                                                                    <dd class=\"banner-thumb\">\r\n                                          \t<a href=\"http://demo.33hao.com/shop/index.php?act=search&amp;op=index&amp;cate_id=1109\" title=\"\" class=\"a1\" target=\"_blank\">\r\n                                        <img src=\"http://www.shop.com/data/upload/shop/common/loading.gif\" alt=\"\" data-url=\"http://www.shop.com/data/upload/shop/editor/web-3-35-1-34.jpg?192\" rel=\"lazy\" /></a></dd>\r\n                                        </dl>\r\n                                      </li>\r\n                                       </ul>\r\n                                </div>\r\n                                                                </div>\r\n  \r\n</div>\r\n  '),(4,'绿色','green','index',1472709962,3,1,'\r\n<div class=\"home-standard-layout wrapper style-green\">\r\n\r\n  <div class=\"left-sidebar\">\r\n    <div class=\"title\">\r\n      \t      \t    <div class=\"txt-type\">\r\n                        <span>4F</span>                        <h2 title=\"美妆护肤\">美妆护肤</h2>\r\n            </div>\r\n      \t    </div>\r\n    <div class=\"recommend-classes\">\r\n      <ul>\r\n                  \t\t                            <li><a href=\"http://www.shop.com/shop/index.php?act=search&op=index&cate_id=1183\" title=\"洁面\" target=\"_blank\">洁面</a></li>\r\n\t\t                            <li><a href=\"http://www.shop.com/shop/index.php?act=search&op=index&cate_id=1184\" title=\"面膜\" target=\"_blank\">面膜</a></li>\r\n\t\t                            <li><a href=\"http://www.shop.com/shop/index.php?act=search&op=index&cate_id=1185\" title=\"化妆水\" target=\"_blank\">化妆水</a></li>\r\n\t\t                            <li><a href=\"http://www.shop.com/shop/index.php?act=search&op=index&cate_id=1186\" title=\"精华\" target=\"_blank\">精华</a></li>\r\n\t\t                            <li><a href=\"http://www.shop.com/shop/index.php?act=search&op=index&cate_id=1187\" title=\"乳液\" target=\"_blank\">乳液</a></li>\r\n\t\t                            <li><a href=\"http://www.shop.com/shop/index.php?act=search&op=index&cate_id=1188\" title=\"面霜\" target=\"_blank\">面霜</a></li>\r\n\t\t                            <li><a href=\"http://www.shop.com/shop/index.php?act=search&op=index&cate_id=1189\" title=\"眼霜\" target=\"_blank\">眼霜</a></li>\r\n\t\t                            <li><a href=\"http://www.shop.com/shop/index.php?act=search&op=index&cate_id=1498\" title=\"防晒\" target=\"_blank\">防晒</a></li>\r\n\t\t                            <li><a href=\"http://www.shop.com/shop/index.php?act=search&op=index&cate_id=1501\" title=\"护肤套装\" target=\"_blank\">护肤套装</a></li>\r\n\t\t                            <li><a href=\"http://www.shop.com/shop/index.php?act=search&op=index&cate_id=1225\" title=\"卸妆\" target=\"_blank\">卸妆</a></li>\r\n\t\t                            <li><a href=\"http://www.shop.com/shop/index.php?act=search&op=index&cate_id=1227\" title=\"BB霜\" target=\"_blank\">BB霜</a></li>\r\n\t\t                            <li><a href=\"http://www.shop.com/shop/index.php?act=search&op=index&cate_id=1508\" title=\"彩妆套装\" target=\"_blank\">彩妆套装</a></li>\r\n\t\t                                          </ul>\r\n    </div>\r\n    <div class=\"left-ads\">\r\n      \t      \t<a href=\"http://www.telaigou.cn/shop\" title=\"\" target=\"_blank\">\r\n      \t<img src=\"http://www.shop.com/data/upload/shop/common/loading.gif\" alt=\"\" data-url=\"http://www.shop.com/data/upload/shop/editor/web-4-43.jpg?581\" rel=\"lazy\" />\r\n      \t</a>\r\n      \t    </div>\r\n    \r\n\t\r\n\t            <div class=\"left-hot-goods\">\r\n    <p>热卖促销：</p>\r\n        <ul>\r\n                        <li><i></i><a target=\"_blank\" title=\"2015新款保暖加绒修身衬衫 白色 M\" href=\"http://www.shop.com/shop/index.php?act=goods&op=index&goods_id=102835\">2015新款保暖加绒修身衬衫 白色 M</a></li>\r\n                        <li><i></i><a target=\"_blank\" title=\"2015冬款加绒T恤 男式纯棉T恤男士加厚加绒保暖打底衫 黑色 M\" href=\"http://www.shop.com/shop/index.php?act=goods&op=index&goods_id=101915\">2015冬款加绒T恤 男式纯棉T恤男士加厚加绒保暖打底衫 黑色 M</a></li>\r\n                    </ul>\r\n    </div>\r\n\t          </div>\r\n  <div class=\"middle-layout\">\r\n  <ul class=\"right-brand\">\r\n\r\n                                          <li>\r\n          <a href=\"http://www.shop.com/shop/index.php?act=brand&op=list&brand=102\" title=\"她他/tata\" target=\"_blank\">她他/tata</a>\r\n        </li>\r\n                          <li>\r\n          <a href=\"http://www.shop.com/shop/index.php?act=brand&op=list&brand=104\" title=\"esprit\" target=\"_blank\">esprit</a>\r\n        </li>\r\n                          <li>\r\n          <a href=\"http://www.shop.com/shop/index.php?act=brand&op=list&brand=106\" title=\"RDK\" target=\"_blank\">RDK</a>\r\n        </li>\r\n                          <li>\r\n          <a href=\"http://www.shop.com/shop/index.php?act=brand&op=list&brand=86\" title=\"茵曼（INMAN）\" target=\"_blank\">茵曼（INMAN）</a>\r\n        </li>\r\n                          <li>\r\n          <a href=\"http://www.shop.com/shop/index.php?act=brand&op=list&brand=88\" title=\"缪诗\" target=\"_blank\">缪诗</a>\r\n        </li>\r\n                          <li>\r\n          <a href=\"http://www.shop.com/shop/index.php?act=brand&op=list&brand=85\" title=\"猫人\" target=\"_blank\">猫人</a>\r\n        </li>\r\n                          <li>\r\n          <a href=\"http://www.shop.com/shop/index.php?act=brand&op=list&brand=80\" title=\"享爱.\" target=\"_blank\">享爱.</a>\r\n        </li>\r\n                                                       <li>\r\n          <a href=\"http://www.shop.com/index.php?act=brand&op=index\" title=\"\" target=\"_blank\">更多</a>\r\n        </li>\r\n            </ul>\r\n    <ul class=\"tabs-nav\">\r\n    \r\n                                            <li class=\"tabs-selected\"><i class=\"arrow\"></i><h3>商品推荐</h3></li>\r\n                                        </ul>\r\n    <div class=\"right-side-layout\">\r\n    \t<div class=\"right-side-focus\">\r\n      <ul>\r\n                                                                                <li><a href=\"\" title=\"\" target=\"_blank\">\r\n                        <img src=\"http://www.shop.com/data/upload/shop/common/loading.gif\" alt=\"\" data-url=\"http://www.shop.com/data/upload/shop/editor/web-4-48-1.jpg?202\" rel=\"lazy\" /></a>\r\n                      \t</li>\r\n                                                                                    <li><a href=\"\" title=\"\" target=\"_blank\">\r\n                        <img src=\"http://www.shop.com/data/upload/shop/common/loading.gif\" alt=\"\" data-url=\"http://www.shop.com/data/upload/shop/editor/web-4-48-4.jpg?901\" rel=\"lazy\" /></a>\r\n                      \t</li>\r\n                                                                                    <li><a href=\"http://demo.33hao.com/shop/index.php?act=search&amp;op=index&amp;cate_id=1111\" title=\"海飞丝洗发露\" target=\"_blank\">\r\n                        <img src=\"http://www.shop.com/data/upload/shop/common/loading.gif\" alt=\"海飞丝洗发露\" data-url=\"http://www.shop.com/data/upload/shop/editor/web-4-48-2.png?560\" rel=\"lazy\" /></a>\r\n                      \t</li>\r\n                                                                </ul>\r\n    </div>\r\n    \r\n    </div>\r\n    \r\n                                                                                              <div class=\"tabs-panel middle-banner-list fade-img \">\r\n                                    <ul>\r\n                                      <li>\r\n                                        <dl>\r\n                                                                                   <dd class=\"banner-thumb\">\r\n                                          \t<a href=\"\" title=\"\" class=\"a1\" target=\"_blank\">\r\n                                        <img src=\"http://www.shop.com/data/upload/shop/common/loading.gif\" alt=\"\" data-url=\"http://www.shop.com/data/upload/shop/editor/web-4-45-2-11.jpg?532\" rel=\"lazy\" /></a></dd>\r\n                                        </dl>\r\n                                      </li>\r\n                                      <li>\r\n                                        <dl>\r\n                                                                                   <dd class=\"banner-thumb\">\r\n                                          \t<a href=\"http://demo.33hao.com/shop/index.php?act=search&amp;op=index&amp;cate_id=1109\" title=\"\" class=\"a1\" target=\"_blank\">\r\n                                        <img src=\"http://www.shop.com/data/upload/shop/common/loading.gif\" alt=\"\" data-url=\"http://www.shop.com/data/upload/shop/editor/web-4-45-2-12.jpg?965\" rel=\"lazy\" /></a></dd>\r\n                                        </dl>\r\n                                      </li>\r\n                                      <li>\r\n                                        <dl>\r\n                                                                                    <dd class=\"banner-thumb\">\r\n                                          \t<a href=\"\" title=\"\" class=\"a1\" target=\"_blank\">\r\n                                        <img src=\"http://www.shop.com/data/upload/shop/common/loading.gif\" alt=\"\" data-url=\"http://www.shop.com/data/upload/shop/editor/web-4-45-2-31.jpg?561\" rel=\"lazy\" /></a></dd>\r\n                                        </dl>\r\n                                      </li>\r\n                                      <li>\r\n                                        <dl>\r\n                                                                                    <dd class=\"banner-thumb\">\r\n                                          \t<a href=\"\" title=\"\" class=\"a1\" target=\"_blank\">\r\n                                        <img src=\"http://www.shop.com/data/upload/shop/common/loading.gif\" alt=\"\" data-url=\"http://www.shop.com/data/upload/shop/editor/web-4-45-2-32.jpg?189\" rel=\"lazy\" /></a></dd>\r\n                                        </dl>\r\n                                      </li>\r\n                                      <li>\r\n                                        <dl>\r\n                                                                                    <dd class=\"banner-thumb\">\r\n                                          \t<a href=\"\" title=\"\" class=\"a1\" target=\"_blank\">\r\n                                        <img src=\"http://www.shop.com/data/upload/shop/common/loading.gif\" alt=\"\" data-url=\"http://www.shop.com/data/upload/shop/editor/web-4-45-2-33.jpg?573\" rel=\"lazy\" /></a></dd>\r\n                                        </dl>\r\n                                      </li>\r\n                                      <li>\r\n                                        <dl>\r\n                                                                                    <dd class=\"banner-thumb\">\r\n                                          \t<a href=\"\" title=\"\" class=\"a1\" target=\"_blank\">\r\n                                        <img src=\"http://www.shop.com/data/upload/shop/common/loading.gif\" alt=\"\" data-url=\"http://www.shop.com/data/upload/shop/editor/web-4-45-2-34.jpg?625\" rel=\"lazy\" /></a></dd>\r\n                                        </dl>\r\n                                      </li>\r\n                                       </ul>\r\n                                </div>\r\n                                                                </div>\r\n  \r\n</div>\r\n  '),(5,'蓝色','blue','index',1472709962,4,1,'\r\n<div class=\"home-standard-layout wrapper style-blue\">\r\n\r\n  <div class=\"left-sidebar\">\r\n    <div class=\"title\">\r\n      \t      \t    <div class=\"txt-type\">\r\n                        <span>5F</span>                        <h2 title=\"箱包皮具\">箱包皮具</h2>\r\n            </div>\r\n      \t    </div>\r\n    <div class=\"recommend-classes\">\r\n      <ul>\r\n                  \t\t                            <li><a href=\"http://www.shop.com/shop/index.php?act=search&op=index&cate_id=1195\" title=\"手提包\" target=\"_blank\">手提包</a></li>\r\n\t\t                            <li><a href=\"http://www.shop.com/shop/index.php?act=search&op=index&cate_id=1196\" title=\"单肩包\" target=\"_blank\">单肩包</a></li>\r\n\t\t                            <li><a href=\"http://www.shop.com/shop/index.php?act=search&op=index&cate_id=1224\" title=\"双肩包\" target=\"_blank\">双肩包</a></li>\r\n\t\t                            <li><a href=\"http://www.shop.com/shop/index.php?act=search&op=index&cate_id=1304\" title=\"斜挎包\" target=\"_blank\">斜挎包</a></li>\r\n\t\t                            <li><a href=\"http://www.shop.com/shop/index.php?act=search&op=index&cate_id=1198\" title=\"商务包\" target=\"_blank\">商务包</a></li>\r\n\t\t                            <li><a href=\"http://www.shop.com/shop/index.php?act=search&op=index&cate_id=1311\" title=\"休闲包\" target=\"_blank\">休闲包</a></li>\r\n\t\t                            <li><a href=\"http://www.shop.com/shop/index.php?act=search&op=index&cate_id=1312\" title=\"公文包\" target=\"_blank\">公文包</a></li>\r\n\t\t                            <li><a href=\"http://www.shop.com/shop/index.php?act=search&op=index&cate_id=1193\" title=\"女士钱包\" target=\"_blank\">女士钱包</a></li>\r\n\t\t                            <li><a href=\"http://www.shop.com/shop/index.php?act=search&op=index&cate_id=1197\" title=\"男士钱包\" target=\"_blank\">男士钱包</a></li>\r\n\t\t                            <li><a href=\"http://www.shop.com/shop/index.php?act=search&op=index&cate_id=1568\" title=\"旅行包\" target=\"_blank\">旅行包</a></li>\r\n\t\t                            <li><a href=\"http://www.shop.com/shop/index.php?act=search&op=index&cate_id=1322\" title=\"行李箱\" target=\"_blank\">行李箱</a></li>\r\n\t\t                            <li><a href=\"http://www.shop.com/shop/index.php?act=search&op=index&cate_id=1323\" title=\"拉杆箱\" target=\"_blank\">拉杆箱</a></li>\r\n\t\t                            <li><a href=\"http://www.shop.com/shop/index.php?act=search&op=index&cate_id=1324\" title=\"旅行箱\" target=\"_blank\">旅行箱</a></li>\r\n\t\t                                          </ul>\r\n    </div>\r\n    <div class=\"left-ads\">\r\n      \t      \t<a href=\"http://demo.33hao.com/shop/index.php?act=search&amp;op=index&amp;cate_id=1110\" title=\"\" target=\"_blank\">\r\n      \t<img src=\"http://www.shop.com/data/upload/shop/common/loading.gif\" alt=\"\" data-url=\"http://www.shop.com/data/upload/shop/editor/web-5-53.png?994\" rel=\"lazy\" />\r\n      \t</a>\r\n      \t    </div>\r\n    \r\n\t\r\n\t            <div class=\"left-hot-goods\">\r\n    <p>热卖促销：</p>\r\n        <ul>\r\n                        <li><i></i><a target=\"_blank\" title=\"纯色透气圆头单鞋男真皮方跟低帮鞋前系带男士皮鞋 棕色 38\" href=\"http://www.shop.com/shop/index.php?act=goods&op=index&goods_id=102700\">纯色透气圆头单鞋男真皮方跟低帮鞋前系带男士皮鞋 棕色 38</a></li>\r\n                        <li><i></i><a target=\"_blank\" title=\"爵爷商务皮鞋 秋款男士正装 前系带 金属尖头低帮单鞋 黑色 38\" href=\"http://www.shop.com/shop/index.php?act=goods&op=index&goods_id=102592\">爵爷商务皮鞋 秋款男士正装 前系带 金属尖头低帮单鞋 黑色 38</a></li>\r\n                    </ul>\r\n    </div>\r\n\t          </div>\r\n  <div class=\"middle-layout\">\r\n  <ul class=\"right-brand\">\r\n\r\n                                          <li>\r\n          <a href=\"http://www.shop.com/shop/index.php?act=brand&op=list&brand=366\" title=\"摩伊拉\" target=\"_blank\">摩伊拉</a>\r\n        </li>\r\n                          <li>\r\n          <a href=\"http://www.shop.com/shop/index.php?act=brand&op=list&brand=93\" title=\"百丽\" target=\"_blank\">百丽</a>\r\n        </li>\r\n                          <li>\r\n          <a href=\"http://www.shop.com/shop/index.php?act=brand&op=list&brand=96\" title=\"佐丹奴\" target=\"_blank\">佐丹奴</a>\r\n        </li>\r\n                          <li>\r\n          <a href=\"http://www.shop.com/shop/index.php?act=brand&op=list&brand=91\" title=\"其乐\" target=\"_blank\">其乐</a>\r\n        </li>\r\n                          <li>\r\n          <a href=\"http://www.shop.com/shop/index.php?act=brand&op=list&brand=81\" title=\"派丽蒙\" target=\"_blank\">派丽蒙</a>\r\n        </li>\r\n                          <li>\r\n          <a href=\"http://www.shop.com/shop/index.php?act=brand&op=list&brand=83\" title=\"秀秀美\" target=\"_blank\">秀秀美</a>\r\n        </li>\r\n                          <li>\r\n          <a href=\"http://www.shop.com/shop/index.php?act=brand&op=list&brand=80\" title=\"享爱.\" target=\"_blank\">享爱.</a>\r\n        </li>\r\n                          <li>\r\n          <a href=\"http://www.shop.com/shop/index.php?act=brand&op=list&brand=82\" title=\"康妮雅\" target=\"_blank\">康妮雅</a>\r\n        </li>\r\n                                                       <li>\r\n          <a href=\"http://www.shop.com/index.php?act=brand&op=index\" title=\"\" target=\"_blank\">更多</a>\r\n        </li>\r\n            </ul>\r\n    <ul class=\"tabs-nav\">\r\n    \r\n                                            <li class=\"tabs-selected\"><i class=\"arrow\"></i><h3>商品推荐</h3></li>\r\n                                        </ul>\r\n    <div class=\"right-side-layout\">\r\n    \t<div class=\"right-side-focus\">\r\n      <ul>\r\n                                                                                <li><a href=\"\" title=\"\" target=\"_blank\">\r\n                        <img src=\"http://www.shop.com/data/upload/shop/common/loading.gif\" alt=\"\" data-url=\"http://www.shop.com/data/upload/shop/editor/web-5-58-1.jpg?965\" rel=\"lazy\" /></a>\r\n                      \t</li>\r\n                                                                                    <li><a href=\"\" title=\"\" target=\"_blank\">\r\n                        <img src=\"http://www.shop.com/data/upload/shop/common/loading.gif\" alt=\"\" data-url=\"http://www.shop.com/data/upload/shop/editor/web-5-58-2.jpg?837\" rel=\"lazy\" /></a>\r\n                      \t</li>\r\n                                                                </ul>\r\n    </div>\r\n    \r\n    </div>\r\n    \r\n                                                                                              <div class=\"tabs-panel middle-banner-list fade-img \">\r\n                                    <ul>\r\n                                      <li>\r\n                                        <dl>\r\n                                                                                   <dd class=\"banner-thumb\">\r\n                                          \t<a href=\"\" title=\"\" class=\"a1\" target=\"_blank\">\r\n                                        <img src=\"http://www.shop.com/data/upload/shop/common/loading.gif\" alt=\"\" data-url=\"http://www.shop.com/data/upload/shop/editor/web-5-55-1-11.jpg?978\" rel=\"lazy\" /></a></dd>\r\n                                        </dl>\r\n                                      </li>\r\n                                      <li>\r\n                                        <dl>\r\n                                                                                   <dd class=\"banner-thumb\">\r\n                                          \t<a href=\"\" title=\"\" class=\"a1\" target=\"_blank\">\r\n                                        <img src=\"http://www.shop.com/data/upload/shop/common/loading.gif\" alt=\"\" data-url=\"http://www.shop.com/data/upload/shop/editor/web-5-55-1-12.jpg?770\" rel=\"lazy\" /></a></dd>\r\n                                        </dl>\r\n                                      </li>\r\n                                      <li>\r\n                                        <dl>\r\n                                                                                    <dd class=\"banner-thumb\">\r\n                                          \t<a href=\"\" title=\"\" class=\"a1\" target=\"_blank\">\r\n                                        <img src=\"http://www.shop.com/data/upload/shop/common/loading.gif\" alt=\"\" data-url=\"http://www.shop.com/data/upload/shop/editor/web-5-55-1-31.jpg?165\" rel=\"lazy\" /></a></dd>\r\n                                        </dl>\r\n                                      </li>\r\n                                      <li>\r\n                                        <dl>\r\n                                                                                    <dd class=\"banner-thumb\">\r\n                                          \t<a href=\"\" title=\"\" class=\"a1\" target=\"_blank\">\r\n                                        <img src=\"http://www.shop.com/data/upload/shop/common/loading.gif\" alt=\"\" data-url=\"http://www.shop.com/data/upload/shop/editor/web-5-55-1-32.jpg?495\" rel=\"lazy\" /></a></dd>\r\n                                        </dl>\r\n                                      </li>\r\n                                      <li>\r\n                                        <dl>\r\n                                                                                    <dd class=\"banner-thumb\">\r\n                                          \t<a href=\"\" title=\"\" class=\"a1\" target=\"_blank\">\r\n                                        <img src=\"http://www.shop.com/data/upload/shop/common/loading.gif\" alt=\"\" data-url=\"http://www.shop.com/data/upload/shop/editor/web-5-55-1-33.jpg?687\" rel=\"lazy\" /></a></dd>\r\n                                        </dl>\r\n                                      </li>\r\n                                      <li>\r\n                                        <dl>\r\n                                                                                    <dd class=\"banner-thumb\">\r\n                                          \t<a href=\"\" title=\"\" class=\"a1\" target=\"_blank\">\r\n                                        <img src=\"http://www.shop.com/data/upload/shop/common/loading.gif\" alt=\"\" data-url=\"http://www.shop.com/data/upload/shop/editor/web-5-55-1-34.jpg?363\" rel=\"lazy\" /></a></dd>\r\n                                        </dl>\r\n                                      </li>\r\n                                       </ul>\r\n                                </div>\r\n                                                                </div>\r\n  \r\n</div>\r\n  '),(6,'紫色','purple','index',1472709962,6,1,'\r\n<div class=\"home-standard-layout wrapper style-purple\">\r\n\r\n  <div class=\"left-sidebar\">\r\n    <div class=\"title\">\r\n      \t      \t    <div class=\"txt-type\">\r\n                        <span>6F</span>                        <h2 title=\"运动户外\">运动户外</h2>\r\n            </div>\r\n      \t    </div>\r\n    <div class=\"recommend-classes\">\r\n      <ul>\r\n                  \t\t                            <li><a href=\"http://www.shop.com/shop/index.php?act=search&op=index&cate_id=1124\" title=\"运动鞋\" target=\"_blank\">运动鞋</a></li>\r\n\t\t                            <li><a href=\"http://www.shop.com/shop/index.php?act=search&op=index&cate_id=1125\" title=\"运动服\" target=\"_blank\">运动服</a></li>\r\n\t\t                            <li><a href=\"http://www.shop.com/shop/index.php?act=search&op=index&cate_id=1408\" title=\"户外鞋\" target=\"_blank\">户外鞋</a></li>\r\n\t\t                            <li><a href=\"http://www.shop.com/shop/index.php?act=search&op=index&cate_id=1474\" title=\"户外服\" target=\"_blank\">户外服</a></li>\r\n\t\t                            <li><a href=\"http://www.shop.com/shop/index.php?act=search&op=index&cate_id=1475\" title=\"冲锋衣裤\" target=\"_blank\">冲锋衣裤</a></li>\r\n\t\t                            <li><a href=\"http://www.shop.com/shop/index.php?act=search&op=index&cate_id=1476\" title=\"速干衣裤\" target=\"_blank\">速干衣裤</a></li>\r\n\t\t                            <li><a href=\"http://www.shop.com/shop/index.php?act=search&op=index&cate_id=1477\" title=\"抓绒衣裤\" target=\"_blank\">抓绒衣裤</a></li>\r\n\t\t                            <li><a href=\"http://www.shop.com/shop/index.php?act=search&op=index&cate_id=1478\" title=\"软壳衣裤\" target=\"_blank\">软壳衣裤</a></li>\r\n\t\t                            <li><a href=\"http://www.shop.com/shop/index.php?act=search&op=index&cate_id=1479\" title=\"T恤\" target=\"_blank\">T恤</a></li>\r\n\t\t                            <li><a href=\"http://www.shop.com/shop/index.php?act=search&op=index&cate_id=1481\" title=\"滑雪服\" target=\"_blank\">滑雪服</a></li>\r\n\t\t                            <li><a href=\"http://www.shop.com/shop/index.php?act=search&op=index&cate_id=1482\" title=\"功能内衣\" target=\"_blank\">功能内衣</a></li>\r\n\t\t                            <li><a href=\"http://www.shop.com/shop/index.php?act=search&op=index&cate_id=1220\" title=\"T恤\" target=\"_blank\">T恤</a></li>\r\n\t\t                            <li><a href=\"http://www.shop.com/shop/index.php?act=search&op=index&cate_id=1221\" title=\"卫衣\" target=\"_blank\">卫衣</a></li>\r\n\t\t                            <li><a href=\"http://www.shop.com/shop/index.php?act=search&op=index&cate_id=1222\" title=\"运动裤\" target=\"_blank\">运动裤</a></li>\r\n\t\t                            <li><a href=\"http://www.shop.com/shop/index.php?act=search&op=index&cate_id=1223\" title=\"运动套装\" target=\"_blank\">运动套装</a></li>\r\n\t\t                            <li><a href=\"http://www.shop.com/shop/index.php?act=search&op=index&cate_id=1331\" title=\"足球服\" target=\"_blank\">足球服</a></li>\r\n\t\t                            <li><a href=\"http://www.shop.com/shop/index.php?act=search&op=index&cate_id=1332\" title=\"篮球服\" target=\"_blank\">篮球服</a></li>\r\n\t\t                            <li><a href=\"http://www.shop.com/shop/index.php?act=search&op=index&cate_id=1333\" title=\"风衣夹克\" target=\"_blank\">风衣夹克</a></li>\r\n\t\t                            <li><a href=\"http://www.shop.com/shop/index.php?act=search&op=index&cate_id=1334\" title=\"网羽服\" target=\"_blank\">网羽服</a></li>\r\n\t\t                            <li><a href=\"http://www.shop.com/shop/index.php?act=search&op=index&cate_id=1335\" title=\"棒球服\" target=\"_blank\">棒球服</a></li>\r\n\t\t                            <li><a href=\"http://www.shop.com/shop/index.php?act=search&op=index&cate_id=1415\" title=\"训练服\" target=\"_blank\">训练服</a></li>\r\n\t\t                            <li><a href=\"http://www.shop.com/shop/index.php?act=search&op=index&cate_id=1416\" title=\"运动帽\" target=\"_blank\">运动帽</a></li>\r\n\t\t                            <li><a href=\"http://www.shop.com/shop/index.php?act=search&op=index&cate_id=1563\" title=\"运动手套\" target=\"_blank\">运动手套</a></li>\r\n\t\t                            <li><a href=\"http://www.shop.com/shop/index.php?act=search&op=index&cate_id=1564\" title=\"运动袜\" target=\"_blank\">运动袜</a></li>\r\n\t\t                                          </ul>\r\n    </div>\r\n    <div class=\"left-ads\">\r\n      \t      \t<a href=\"http://demo.33hao.com/shop\" title=\"\" target=\"_blank\">\r\n      \t<img src=\"http://www.shop.com/data/upload/shop/common/loading.gif\" alt=\"\" data-url=\"http://www.shop.com/data/upload/shop/editor/web-6-63.png?949\" rel=\"lazy\" />\r\n      \t</a>\r\n      \t    </div>\r\n    \r\n\t\r\n\t            <div class=\"left-hot-goods\">\r\n    <p>热卖促销：</p>\r\n        <ul>\r\n                        <li><i></i><a target=\"_blank\" title=\"欧洲站独家新款女靴真皮短靴内增高职业女鞋秋冬马丁靴圆头女靴子 黑色（加绒） 35\" href=\"http://www.shop.com/shop/index.php?act=goods&op=index&goods_id=102714\">欧洲站独家新款女靴真皮短靴内增高职业女鞋秋冬马丁靴圆头女靴子 黑色（加绒） 35</a></li>\r\n                        <li><i></i><a target=\"_blank\" title=\"优质超纤皮男鞋纯色前系带尖头低帮皮鞋 棕色 38\" href=\"http://www.shop.com/shop/index.php?act=goods&op=index&goods_id=102649\">优质超纤皮男鞋纯色前系带尖头低帮皮鞋 棕色 38</a></li>\r\n                    </ul>\r\n    </div>\r\n\t          </div>\r\n  <div class=\"middle-layout\">\r\n  <ul class=\"right-brand\">\r\n\r\n                                          <li>\r\n          <a href=\"http://www.shop.com/shop/index.php?act=brand&op=list&brand=106\" title=\"RDK\" target=\"_blank\">RDK</a>\r\n        </li>\r\n                          <li>\r\n          <a href=\"http://www.shop.com/shop/index.php?act=brand&op=list&brand=105\" title=\"westside\" target=\"_blank\">westside</a>\r\n        </li>\r\n                          <li>\r\n          <a href=\"http://www.shop.com/shop/index.php?act=brand&op=list&brand=104\" title=\"esprit\" target=\"_blank\">esprit</a>\r\n        </li>\r\n                          <li>\r\n          <a href=\"http://www.shop.com/shop/index.php?act=brand&op=list&brand=103\" title=\"ELLE HOME\" target=\"_blank\">ELLE HOME</a>\r\n        </li>\r\n                          <li>\r\n          <a href=\"http://www.shop.com/shop/index.php?act=brand&op=list&brand=100\" title=\"宝姿\" target=\"_blank\">宝姿</a>\r\n        </li>\r\n                          <li>\r\n          <a href=\"http://www.shop.com/shop/index.php?act=brand&op=list&brand=98\" title=\"斯波帝卡\" target=\"_blank\">斯波帝卡</a>\r\n        </li>\r\n                          <li>\r\n          <a href=\"http://www.shop.com/shop/index.php?act=brand&op=list&brand=81\" title=\"派丽蒙\" target=\"_blank\">派丽蒙</a>\r\n        </li>\r\n                                                       <li>\r\n          <a href=\"http://www.shop.com/index.php?act=brand&op=index\" title=\"\" target=\"_blank\">更多</a>\r\n        </li>\r\n            </ul>\r\n    <ul class=\"tabs-nav\">\r\n    \r\n                                            <li class=\"tabs-selected\"><i class=\"arrow\"></i><h3>商品推荐</h3></li>\r\n                                        </ul>\r\n    <div class=\"right-side-layout\">\r\n    \t<div class=\"right-side-focus\">\r\n      <ul>\r\n                                                                                <li><a href=\"http://demo.33hao.com/shop/index.php?act=search&amp;op=index\" title=\"\" target=\"_blank\">\r\n                        <img src=\"http://www.shop.com/data/upload/shop/common/loading.gif\" alt=\"\" data-url=\"http://www.shop.com/data/upload/shop/editor/web-6-68-1.png?180\" rel=\"lazy\" /></a>\r\n                      \t</li>\r\n                                                                                    <li><a href=\"http://demo.33hao.com/shop/index.php?act=search&amp;op=index&amp;cate_id=1100\" title=\"\" target=\"_blank\">\r\n                        <img src=\"http://www.shop.com/data/upload/shop/common/loading.gif\" alt=\"\" data-url=\"http://www.shop.com/data/upload/shop/editor/web-6-68-2.png?492\" rel=\"lazy\" /></a>\r\n                      \t</li>\r\n                                                                </ul>\r\n    </div>\r\n    \r\n    </div>\r\n    \r\n                                                                                              <div class=\"tabs-panel middle-banner-list fade-img \">\r\n                                    <ul>\r\n                                      <li>\r\n                                        <dl>\r\n                                                                                   <dd class=\"banner-thumb\">\r\n                                          \t<a href=\"\" title=\"\" class=\"a1\" target=\"_blank\">\r\n                                        <img src=\"http://www.shop.com/data/upload/shop/common/loading.gif\" alt=\"\" data-url=\"http://www.shop.com/data/upload/shop/editor/web-6-65-1-11.jpg?387\" rel=\"lazy\" /></a></dd>\r\n                                        </dl>\r\n                                      </li>\r\n                                      <li>\r\n                                        <dl>\r\n                                                                                   <dd class=\"banner-thumb\">\r\n                                          \t<a href=\"\" title=\"\" class=\"a1\" target=\"_blank\">\r\n                                        <img src=\"http://www.shop.com/data/upload/shop/common/loading.gif\" alt=\"\" data-url=\"http://www.shop.com/data/upload/shop/editor/web-6-65-1-12.jpg?513\" rel=\"lazy\" /></a></dd>\r\n                                        </dl>\r\n                                      </li>\r\n                                      <li>\r\n                                        <dl>\r\n                                                                                    <dd class=\"banner-thumb\">\r\n                                          \t<a href=\"\" title=\"\" class=\"a1\" target=\"_blank\">\r\n                                        <img src=\"http://www.shop.com/data/upload/shop/common/loading.gif\" alt=\"\" data-url=\"http://www.shop.com/data/upload/shop/editor/web-6-65-1-31.png?563\" rel=\"lazy\" /></a></dd>\r\n                                        </dl>\r\n                                      </li>\r\n                                      <li>\r\n                                        <dl>\r\n                                                                                    <dd class=\"banner-thumb\">\r\n                                          \t<a href=\"\" title=\"\" class=\"a1\" target=\"_blank\">\r\n                                        <img src=\"http://www.shop.com/data/upload/shop/common/loading.gif\" alt=\"\" data-url=\"http://www.shop.com/data/upload/shop/editor/web-6-65-1-32.png?804\" rel=\"lazy\" /></a></dd>\r\n                                        </dl>\r\n                                      </li>\r\n                                      <li>\r\n                                        <dl>\r\n                                                                                    <dd class=\"banner-thumb\">\r\n                                          \t<a href=\"\" title=\"\" class=\"a1\" target=\"_blank\">\r\n                                        <img src=\"http://www.shop.com/data/upload/shop/common/loading.gif\" alt=\"\" data-url=\"http://www.shop.com/data/upload/shop/editor/web-6-65-1-33.jpg?841\" rel=\"lazy\" /></a></dd>\r\n                                        </dl>\r\n                                      </li>\r\n                                      <li>\r\n                                        <dl>\r\n                                                                                    <dd class=\"banner-thumb\">\r\n                                          \t<a href=\"\" title=\"\" class=\"a1\" target=\"_blank\">\r\n                                        <img src=\"http://www.shop.com/data/upload/shop/common/loading.gif\" alt=\"\" data-url=\"http://www.shop.com/data/upload/shop/editor/web-6-65-1-34.jpg?793\" rel=\"lazy\" /></a></dd>\r\n                                        </dl>\r\n                                      </li>\r\n                                       </ul>\r\n                                </div>\r\n                                                                </div>\r\n  \r\n</div>\r\n  '),(7,'褐色','brown','index',1472709962,7,1,'\r\n<div class=\"home-standard-layout wrapper style-brown\">\r\n\r\n  <div class=\"left-sidebar\">\r\n    <div class=\"title\">\r\n      \t      \t    <div class=\"txt-type\">\r\n                        <span>7F</span>                        <h2 title=\"礼品配饰\">礼品配饰</h2>\r\n            </div>\r\n      \t    </div>\r\n    <div class=\"recommend-classes\">\r\n      <ul>\r\n                  \t\t                            <li><a href=\"http://www.shop.com/shop/index.php?act=search&op=index&cate_id=1203\" title=\"项链\" target=\"_blank\">项链</a></li>\r\n\t\t                            <li><a href=\"http://www.shop.com/shop/index.php?act=search&op=index&cate_id=1204\" title=\"戒指\" target=\"_blank\">戒指</a></li>\r\n\t\t                            <li><a href=\"http://www.shop.com/shop/index.php?act=search&op=index&cate_id=1205\" title=\"手镯\" target=\"_blank\">手镯</a></li>\r\n\t\t                            <li><a href=\"http://www.shop.com/shop/index.php?act=search&op=index&cate_id=1206\" title=\"耳饰\" target=\"_blank\">耳饰</a></li>\r\n\t\t                            <li><a href=\"http://www.shop.com/shop/index.php?act=search&op=index&cate_id=1207\" title=\"发饰\" target=\"_blank\">发饰</a></li>\r\n\t\t                            <li><a href=\"http://www.shop.com/shop/index.php?act=search&op=index&cate_id=1208\" title=\"手链\" target=\"_blank\">手链</a></li>\r\n\t\t                            <li><a href=\"http://www.shop.com/shop/index.php?act=search&op=index&cate_id=1209\" title=\"锁骨链\" target=\"_blank\">锁骨链</a></li>\r\n\t\t                            <li><a href=\"http://www.shop.com/shop/index.php?act=search&op=index&cate_id=1210\" title=\"佛珠\" target=\"_blank\">佛珠</a></li>\r\n\t\t                            <li><a href=\"http://www.shop.com/shop/index.php?act=search&op=index&cate_id=1211\" title=\"转运珠\" target=\"_blank\">转运珠</a></li>\r\n\t\t                            <li><a href=\"http://www.shop.com/shop/index.php?act=search&op=index&cate_id=1212\" title=\"太阳镜\" target=\"_blank\">太阳镜</a></li>\r\n\t\t                            <li><a href=\"http://www.shop.com/shop/index.php?act=search&op=index&cate_id=1422\" title=\"护目镜\" target=\"_blank\">护目镜</a></li>\r\n\t\t                            <li><a href=\"http://www.shop.com/shop/index.php?act=search&op=index&cate_id=1999\" title=\"情侣饰品\" target=\"_blank\">情侣饰品</a></li>\r\n\t\t                            <li><a href=\"http://www.shop.com/shop/index.php?act=search&op=index&cate_id=1213\" title=\"机械表\" target=\"_blank\">机械表</a></li>\r\n\t\t                            <li><a href=\"http://www.shop.com/shop/index.php?act=search&op=index&cate_id=1214\" title=\"电子表\" target=\"_blank\">电子表</a></li>\r\n\t\t                            <li><a href=\"http://www.shop.com/shop/index.php?act=search&op=index&cate_id=1215\" title=\"石英表\" target=\"_blank\">石英表</a></li>\r\n\t\t                            <li><a href=\"http://www.shop.com/shop/index.php?act=search&op=index&cate_id=1336\" title=\"时装表\" target=\"_blank\">时装表</a></li>\r\n\t\t                            <li><a href=\"http://www.shop.com/shop/index.php?act=search&op=index&cate_id=1337\" title=\"学生表\" target=\"_blank\">学生表</a></li>\r\n\t\t                            <li><a href=\"http://www.shop.com/shop/index.php?act=search&op=index&cate_id=1338\" title=\"运动表\" target=\"_blank\">运动表</a></li>\r\n\t\t                            <li><a href=\"http://www.shop.com/shop/index.php?act=search&op=index&cate_id=1339\" title=\"儿童表\" target=\"_blank\">儿童表</a></li>\r\n\t\t                            <li><a href=\"http://www.shop.com/shop/index.php?act=search&op=index&cate_id=1340\" title=\"防水表\" target=\"_blank\">防水表</a></li>\r\n\t\t                            <li><a href=\"http://www.shop.com/shop/index.php?act=search&op=index&cate_id=1341\" title=\"情侣表\" target=\"_blank\">情侣表</a></li>\r\n\t\t                                          </ul>\r\n    </div>\r\n    <div class=\"left-ads\">\r\n      \t      \t<a href=\"http://demo.33hao.com/shop/index.php?act=search&amp;op=index&amp;cate_id=1114\" title=\"\" target=\"_blank\">\r\n      \t<img src=\"http://www.shop.com/data/upload/shop/common/loading.gif\" alt=\"\" data-url=\"http://www.shop.com/data/upload/shop/editor/web-7-73.png?848\" rel=\"lazy\" />\r\n      \t</a>\r\n      \t    </div>\r\n    \r\n\t\r\n\t            <div class=\"left-hot-goods\">\r\n    <p>热卖促销：</p>\r\n        <ul>\r\n                        <li><i></i><a target=\"_blank\" title=\"欧洲站独家新款女靴真皮短靴内增高职业女鞋秋冬马丁靴圆头女靴子 黑色（加绒） 35\" href=\"http://www.shop.com/shop/index.php?act=goods&op=index&goods_id=102714\">欧洲站独家新款女靴真皮短靴内增高职业女鞋秋冬马丁靴圆头女靴子 黑色（加绒） 35</a></li>\r\n                        <li><i></i><a target=\"_blank\" title=\"爵爷2015春秋商务正装男士皮鞋透气超纤皮男鞋 黑色 38\" href=\"http://www.shop.com/shop/index.php?act=goods&op=index&goods_id=102688\">爵爷2015春秋商务正装男士皮鞋透气超纤皮男鞋 黑色 38</a></li>\r\n                    </ul>\r\n    </div>\r\n\t          </div>\r\n  <div class=\"middle-layout\">\r\n  <ul class=\"right-brand\">\r\n\r\n                                          <li>\r\n          <a href=\"http://www.shop.com/shop/index.php?act=brand&op=list&brand=106\" title=\"RDK\" target=\"_blank\">RDK</a>\r\n        </li>\r\n                          <li>\r\n          <a href=\"http://www.shop.com/shop/index.php?act=brand&op=list&brand=105\" title=\"westside\" target=\"_blank\">westside</a>\r\n        </li>\r\n                          <li>\r\n          <a href=\"http://www.shop.com/shop/index.php?act=brand&op=list&brand=365\" title=\"柒牌\" target=\"_blank\">柒牌</a>\r\n        </li>\r\n                          <li>\r\n          <a href=\"http://www.shop.com/shop/index.php?act=brand&op=list&brand=87\" title=\"Hanes恒适\" target=\"_blank\">Hanes恒适</a>\r\n        </li>\r\n                          <li>\r\n          <a href=\"http://www.shop.com/shop/index.php?act=brand&op=list&brand=88\" title=\"缪诗\" target=\"_blank\">缪诗</a>\r\n        </li>\r\n                          <li>\r\n          <a href=\"http://www.shop.com/shop/index.php?act=brand&op=list&brand=90\" title=\"金利来\" target=\"_blank\">金利来</a>\r\n        </li>\r\n                                                       <li>\r\n          <a href=\"http://www.shop.com/index.php?act=brand&op=index\" title=\"\" target=\"_blank\">更多</a>\r\n        </li>\r\n            </ul>\r\n    <ul class=\"tabs-nav\">\r\n    \r\n                                            <li class=\"tabs-selected\"><i class=\"arrow\"></i><h3>商品推荐</h3></li>\r\n                                        </ul>\r\n    <div class=\"right-side-layout\">\r\n    \t<div class=\"right-side-focus\">\r\n      <ul>\r\n                                                                                <li><a href=\"http://demo.33hao.com/shop/index.php?act=search&amp;op=index\" title=\"七度银饰专场\" target=\"_blank\">\r\n                        <img src=\"http://www.shop.com/data/upload/shop/common/loading.gif\" alt=\"七度银饰专场\" data-url=\"http://www.shop.com/data/upload/shop/editor/web-7-78-1.jpg?446\" rel=\"lazy\" /></a>\r\n                      \t</li>\r\n                                                                                    <li><a href=\"http://demo.33hao.com/shop/index.php?act=goods&amp;op=index&amp;goods_id=102126\" title=\"七度银饰专场\" target=\"_blank\">\r\n                        <img src=\"http://www.shop.com/data/upload/shop/common/loading.gif\" alt=\"七度银饰专场\" data-url=\"http://www.shop.com/data/upload/shop/editor/web-7-78-2.png?182\" rel=\"lazy\" /></a>\r\n                      \t</li>\r\n                                                                </ul>\r\n    </div>\r\n    \r\n    </div>\r\n    \r\n                                                                                              <div class=\"tabs-panel middle-banner-list fade-img \">\r\n                                    <ul>\r\n                                      <li>\r\n                                        <dl>\r\n                                                                                   <dd class=\"banner-thumb\">\r\n                                          \t<a href=\"\" title=\"\" class=\"a1\" target=\"_blank\">\r\n                                        <img src=\"http://www.shop.com/data/upload/shop/common/loading.gif\" alt=\"\" data-url=\"http://www.shop.com/data/upload/shop/editor/web-7-75-1-11.jpg?585\" rel=\"lazy\" /></a></dd>\r\n                                        </dl>\r\n                                      </li>\r\n                                      <li>\r\n                                        <dl>\r\n                                                                                   <dd class=\"banner-thumb\">\r\n                                          \t<a href=\"\" title=\"\" class=\"a1\" target=\"_blank\">\r\n                                        <img src=\"http://www.shop.com/data/upload/shop/common/loading.gif\" alt=\"\" data-url=\"http://www.shop.com/data/upload/shop/editor/web-7-75-1-12.jpg?181\" rel=\"lazy\" /></a></dd>\r\n                                        </dl>\r\n                                      </li>\r\n                                      <li>\r\n                                        <dl>\r\n                                                                                    <dd class=\"banner-thumb\">\r\n                                          \t<a href=\"\" title=\"\" class=\"a1\" target=\"_blank\">\r\n                                        <img src=\"http://www.shop.com/data/upload/shop/common/loading.gif\" alt=\"\" data-url=\"http://www.shop.com/data/upload/shop/editor/web-7-75-1-31.png?392\" rel=\"lazy\" /></a></dd>\r\n                                        </dl>\r\n                                      </li>\r\n                                      <li>\r\n                                        <dl>\r\n                                                                                    <dd class=\"banner-thumb\">\r\n                                          \t<a href=\"\" title=\"\" class=\"a1\" target=\"_blank\">\r\n                                        <img src=\"http://www.shop.com/data/upload/shop/common/loading.gif\" alt=\"\" data-url=\"http://www.shop.com/data/upload/shop/editor/web-7-75-1-32.jpg?806\" rel=\"lazy\" /></a></dd>\r\n                                        </dl>\r\n                                      </li>\r\n                                      <li>\r\n                                        <dl>\r\n                                                                                    <dd class=\"banner-thumb\">\r\n                                          \t<a href=\"\" title=\"\" class=\"a1\" target=\"_blank\">\r\n                                        <img src=\"http://www.shop.com/data/upload/shop/common/loading.gif\" alt=\"\" data-url=\"http://www.shop.com/data/upload/shop/editor/web-7-75-1-33.png?752\" rel=\"lazy\" /></a></dd>\r\n                                        </dl>\r\n                                      </li>\r\n                                      <li>\r\n                                        <dl>\r\n                                                                                    <dd class=\"banner-thumb\">\r\n                                          \t<a href=\"\" title=\"\" class=\"a1\" target=\"_blank\">\r\n                                        <img src=\"http://www.shop.com/data/upload/shop/common/loading.gif\" alt=\"\" data-url=\"http://www.shop.com/data/upload/shop/editor/web-7-75-1-34.jpg?541\" rel=\"lazy\" /></a></dd>\r\n                                        </dl>\r\n                                      </li>\r\n                                       </ul>\r\n                                </div>\r\n                                                                </div>\r\n  \r\n</div>\r\n  '),(8,'灰色','default','index',1472709962,8,1,'\r\n<div class=\"home-standard-layout wrapper style-default\">\r\n\r\n  <div class=\"left-sidebar\">\r\n    <div class=\"title\">\r\n      \t      \t    <div class=\"txt-type\">\r\n                        <span>8F</span>                        <h2 title=\"生活家居\">生活家居</h2>\r\n            </div>\r\n      \t    </div>\r\n    <div class=\"recommend-classes\">\r\n      <ul>\r\n                  \t\t                            <li><a href=\"http://www.shop.com/shop/index.php?act=search&op=index&cate_id=1234\" title=\"四件套\" target=\"_blank\">四件套</a></li>\r\n\t\t                            <li><a href=\"http://www.shop.com/shop/index.php?act=search&op=index&cate_id=1235\" title=\"被子/被套\" target=\"_blank\">被子/被套</a></li>\r\n\t\t                            <li><a href=\"http://www.shop.com/shop/index.php?act=search&op=index&cate_id=1236\" title=\"枕头/枕套\" target=\"_blank\">枕头/枕套</a></li>\r\n\t\t                            <li><a href=\"http://www.shop.com/shop/index.php?act=search&op=index&cate_id=1419\" title=\"公仔\" target=\"_blank\">公仔</a></li>\r\n\t\t                            <li><a href=\"http://www.shop.com/shop/index.php?act=search&op=index&cate_id=1421\" title=\"凉席/凉枕\" target=\"_blank\">凉席/凉枕</a></li>\r\n\t\t                            <li><a href=\"http://www.shop.com/shop/index.php?act=search&op=index&cate_id=1858\" title=\"手工/十字绣\" target=\"_blank\">手工/十字绣</a></li>\r\n\t\t                            <li><a href=\"http://www.shop.com/shop/index.php?act=search&op=index&cate_id=1240\" title=\"工艺摆件\" target=\"_blank\">工艺摆件</a></li>\r\n\t\t                            <li><a href=\"http://www.shop.com/shop/index.php?act=search&op=index&cate_id=1241\" title=\"花瓶/花器\" target=\"_blank\">花瓶/花器</a></li>\r\n\t\t                            <li><a href=\"http://www.shop.com/shop/index.php?act=search&op=index&cate_id=1242\" title=\"仿真花卉\" target=\"_blank\">仿真花卉</a></li>\r\n\t\t                            <li><a href=\"http://www.shop.com/shop/index.php?act=search&op=index&cate_id=1243\" title=\"装饰画\" target=\"_blank\">装饰画</a></li>\r\n\t\t                            <li><a href=\"http://www.shop.com/shop/index.php?act=search&op=index&cate_id=1352\" title=\"相架/画框\" target=\"_blank\">相架/画框</a></li>\r\n\t\t                            <li><a href=\"http://www.shop.com/shop/index.php?act=search&op=index&cate_id=1353\" title=\"闹钟/挂钟\" target=\"_blank\">闹钟/挂钟</a></li>\r\n\t\t                            <li><a href=\"http://www.shop.com/shop/index.php?act=search&op=index&cate_id=1354\" title=\"香薰/蜡烛\" target=\"_blank\">香薰/蜡烛</a></li>\r\n\t\t                            <li><a href=\"http://www.shop.com/shop/index.php?act=search&op=index&cate_id=1355\" title=\"创意家居\" target=\"_blank\">创意家居</a></li>\r\n\t\t                            <li><a href=\"http://www.shop.com/shop/index.php?act=search&op=index&cate_id=1356\" title=\"办公用品\" target=\"_blank\">办公用品</a></li>\r\n\t\t                                          </ul>\r\n    </div>\r\n    <div class=\"left-ads\">\r\n      \t      \t<a href=\"http://demo.33hao.com/shop/index.php?act=search&amp;op=index&amp;cate_id=1231\" title=\"\" target=\"_blank\">\r\n      \t<img src=\"http://www.shop.com/data/upload/shop/common/loading.gif\" alt=\"\" data-url=\"http://www.shop.com/data/upload/shop/editor/web-8-83.png?171\" rel=\"lazy\" />\r\n      \t</a>\r\n      \t    </div>\r\n    \r\n\t\r\n\t            <div class=\"left-hot-goods\">\r\n    <p>热卖促销：</p>\r\n        <ul>\r\n                        <li><i></i><a target=\"_blank\" title=\"2015秋冬酷迪璐男士夹克潮青年韩版时尚修身立领夹克男装外套 咖啡色 M\" href=\"http://www.shop.com/shop/index.php?act=goods&op=index&goods_id=102880\">2015秋冬酷迪璐男士夹克潮青年韩版时尚修身立领夹克男装外套 咖啡色 M</a></li>\r\n                        <li><i></i><a target=\"_blank\" title=\"酷迪璐新品男式夹克外套男士pu皮衣韩版休闲绒布接男装 蓝色 M\" href=\"http://www.shop.com/shop/index.php?act=goods&op=index&goods_id=102865\">酷迪璐新品男式夹克外套男士pu皮衣韩版休闲绒布接男装 蓝色 M</a></li>\r\n                    </ul>\r\n    </div>\r\n\t          </div>\r\n  <div class=\"middle-layout\">\r\n  <ul class=\"right-brand\">\r\n\r\n                                          <li>\r\n          <a href=\"http://www.shop.com/shop/index.php?act=brand&op=list&brand=104\" title=\"esprit\" target=\"_blank\">esprit</a>\r\n        </li>\r\n                          <li>\r\n          <a href=\"http://www.shop.com/shop/index.php?act=brand&op=list&brand=103\" title=\"ELLE HOME\" target=\"_blank\">ELLE HOME</a>\r\n        </li>\r\n                          <li>\r\n          <a href=\"http://www.shop.com/shop/index.php?act=brand&op=list&brand=105\" title=\"westside\" target=\"_blank\">westside</a>\r\n        </li>\r\n                          <li>\r\n          <a href=\"http://www.shop.com/shop/index.php?act=brand&op=list&brand=106\" title=\"RDK\" target=\"_blank\">RDK</a>\r\n        </li>\r\n                          <li>\r\n          <a href=\"http://www.shop.com/shop/index.php?act=brand&op=list&brand=92\" title=\"Newbalance\" target=\"_blank\">Newbalance</a>\r\n        </li>\r\n                          <li>\r\n          <a href=\"http://www.shop.com/shop/index.php?act=brand&op=list&brand=91\" title=\"其乐\" target=\"_blank\">其乐</a>\r\n        </li>\r\n                          <li>\r\n          <a href=\"http://www.shop.com/shop/index.php?act=brand&op=list&brand=85\" title=\"猫人\" target=\"_blank\">猫人</a>\r\n        </li>\r\n                          <li>\r\n          <a href=\"http://www.shop.com/shop/index.php?act=brand&op=list&brand=93\" title=\"百丽\" target=\"_blank\">百丽</a>\r\n        </li>\r\n                                                       <li>\r\n          <a href=\"http://www.shop.com/index.php?act=brand&op=index\" title=\"\" target=\"_blank\">更多</a>\r\n        </li>\r\n            </ul>\r\n    <ul class=\"tabs-nav\">\r\n    \r\n                                            <li class=\"tabs-selected\"><i class=\"arrow\"></i><h3>商品推荐</h3></li>\r\n                                        </ul>\r\n    <div class=\"right-side-layout\">\r\n    \t<div class=\"right-side-focus\">\r\n      <ul>\r\n                                                                                <li><a href=\"http://demo.33hao.com/shop/index.php?act=search&amp;op=index&amp;cate_id=1109\" title=\"\" target=\"_blank\">\r\n                        <img src=\"http://www.shop.com/data/upload/shop/common/loading.gif\" alt=\"\" data-url=\"http://www.shop.com/data/upload/shop/editor/web-8-88-2.jpg?934\" rel=\"lazy\" /></a>\r\n                      \t</li>\r\n                                                                                    <li><a href=\"http://demo.33hao.com/shop/index.php?act=goods&amp;op=index&amp;goods_id=102126\" title=\"拉夏贝尔 秋新款女装街头人物印花休闲圆领长袖连衣裙 黑色 S\" target=\"_blank\">\r\n                        <img src=\"http://www.shop.com/data/upload/shop/common/loading.gif\" alt=\"拉夏贝尔 秋新款女装街头人物印花休闲圆领长袖连衣裙 黑色 S\" data-url=\"http://www.shop.com/data/upload/shop/editor/web-8-88-3.jpg?885\" rel=\"lazy\" /></a>\r\n                      \t</li>\r\n                                                                </ul>\r\n    </div>\r\n    \r\n    </div>\r\n    \r\n                                                                                              <div class=\"tabs-panel middle-banner-list fade-img \">\r\n                                    <ul>\r\n                                      <li>\r\n                                        <dl>\r\n                                                                                   <dd class=\"banner-thumb\">\r\n                                          \t<a href=\"\" title=\"\" class=\"a1\" target=\"_blank\">\r\n                                        <img src=\"http://www.shop.com/data/upload/shop/common/loading.gif\" alt=\"\" data-url=\"http://www.shop.com/data/upload/shop/editor/web-8-85-1-11.jpg?195\" rel=\"lazy\" /></a></dd>\r\n                                        </dl>\r\n                                      </li>\r\n                                      <li>\r\n                                        <dl>\r\n                                                                                   <dd class=\"banner-thumb\">\r\n                                          \t<a href=\"\" title=\"\" class=\"a1\" target=\"_blank\">\r\n                                        <img src=\"http://www.shop.com/data/upload/shop/common/loading.gif\" alt=\"\" data-url=\"http://www.shop.com/data/upload/shop/editor/web-8-85-1-12.jpg?235\" rel=\"lazy\" /></a></dd>\r\n                                        </dl>\r\n                                      </li>\r\n                                      <li>\r\n                                        <dl>\r\n                                                                                    <dd class=\"banner-thumb\">\r\n                                          \t<a href=\"\" title=\"\" class=\"a1\" target=\"_blank\">\r\n                                        <img src=\"http://www.shop.com/data/upload/shop/common/loading.gif\" alt=\"\" data-url=\"http://www.shop.com/data/upload/shop/editor/web-8-85-1-31.jpg?634\" rel=\"lazy\" /></a></dd>\r\n                                        </dl>\r\n                                      </li>\r\n                                      <li>\r\n                                        <dl>\r\n                                                                                    <dd class=\"banner-thumb\">\r\n                                          \t<a href=\"\" title=\"\" class=\"a1\" target=\"_blank\">\r\n                                        <img src=\"http://www.shop.com/data/upload/shop/common/loading.gif\" alt=\"\" data-url=\"http://www.shop.com/data/upload/shop/editor/web-8-85-1-32.jpg?454\" rel=\"lazy\" /></a></dd>\r\n                                        </dl>\r\n                                      </li>\r\n                                      <li>\r\n                                        <dl>\r\n                                                                                    <dd class=\"banner-thumb\">\r\n                                          \t<a href=\"\" title=\"\" class=\"a1\" target=\"_blank\">\r\n                                        <img src=\"http://www.shop.com/data/upload/shop/common/loading.gif\" alt=\"\" data-url=\"http://www.shop.com/data/upload/shop/editor/web-8-85-1-33.jpg?689\" rel=\"lazy\" /></a></dd>\r\n                                        </dl>\r\n                                      </li>\r\n                                      <li>\r\n                                        <dl>\r\n                                                                                    <dd class=\"banner-thumb\">\r\n                                          \t<a href=\"\" title=\"\" class=\"a1\" target=\"_blank\">\r\n                                        <img src=\"http://www.shop.com/data/upload/shop/common/loading.gif\" alt=\"\" data-url=\"http://www.shop.com/data/upload/shop/editor/web-8-85-1-34.jpg?772\" rel=\"lazy\" /></a></dd>\r\n                                        </dl>\r\n                                      </li>\r\n                                       </ul>\r\n                                </div>\r\n                                                                </div>\r\n  \r\n</div>\r\n  '),(101,'首页头部焦点图片','orange','index_pic',1472709962,100,1,'\r\n  <ul id=\"fullScreenSlides\" class=\"full-screen-slides\">\r\n                                        <li style=\"background: #EDD9C0 url(\'http://www.shop.com/data/upload/shop/editor/web-101-101-1.png?177\') no-repeat center top\">\r\n            <a href=\"http://demo.33hao.com/shop/index.php?act=search&amp;op=index&amp;cate_id=1100\" target=\"_blank\" title=\"好商城\">&nbsp;</a></li>\r\n                                        <li style=\"background: #200772 url(\'http://www.shop.com/data/upload/shop/editor/web-101-101-2.png?442\') no-repeat center top\">\r\n            <a href=\"http://demo.33hao.com/shop/index.php?act=show_groupbuy&amp;op=index\" target=\"_blank\" title=\"好商城\">&nbsp;</a></li>\r\n                                        <li style=\"background: #EFE6DD url(\'http://www.shop.com/data/upload/shop/editor/web-101-101-3.png?983\') no-repeat center top\">\r\n            <a href=\"http://demo.33hao.com/shop/index.php?act=show_groupbuy&amp;op=index\" target=\"_blank\" title=\"好商城\">&nbsp;</a></li>\r\n                                        <li style=\"background: #760907 url(\'http://www.shop.com/data/upload/shop/editor/web-101-101-4.png?779\') no-repeat center top\">\r\n            <a href=\"http://demo.33hao.com/shop/index.php?act=search&amp;op=index&amp;cate_id=1100\" target=\"_blank\" title=\"好商城\">&nbsp;</a></li>\r\n                              \r\n  </ul>\r\n  <div class=\"jfocus-trigeminybox\">\r\n  <a class=\"limited_time\" title=\"限时打折\" href=\"http://www.shop.com/index.php?act=promotion&op=index\">\r\n        <div class=\"clock-wrap\">\r\n          <div class=\"clock\">\r\n            <div class=\"clock-h\" id=\"ClockHours\" style=\"-webkit-transform: rotate(93deg);\"></div>\r\n            <div class=\"clock-m\"></div>\r\n            <div class=\"clock-s\"></div>\r\n          </div>\r\n    </div>\r\n    </a>\r\n  <div class=\"jfocus-trigeminy\"> \r\n    <ul>\r\n                              <li>\r\n                                        <a href=\"http://demo.33hao.com/shop/index.php?act=search&amp;op=index\" target=\"_blank\" title=\"测试\">\r\n                <img src=\"http://www.shop.com/data/upload/shop/common/loading.gif\" rel=\"lazy\" data-url=\"http://www.shop.com/data/upload/shop/editor/web-101-102-1-1.jpg?306\" alt=\"测试\"></a>\r\n                          <a href=\"http://demo.33hao.com/shop/index.php?act=search&amp;op=index\" target=\"_blank\" title=\"测试\">\r\n                <img src=\"http://www.shop.com/data/upload/shop/common/loading.gif\" rel=\"lazy\" data-url=\"http://www.shop.com/data/upload/shop/editor/web-101-102-1-2.jpg?220\" alt=\"测试\"></a>\r\n                          <a href=\"http://demo.33hao.com/shop/index.php?act=search&amp;op=index\" target=\"_blank\" title=\"测试\">\r\n                <img src=\"http://www.shop.com/data/upload/shop/common/loading.gif\" rel=\"lazy\" data-url=\"http://www.shop.com/data/upload/shop/editor/web-101-102-1-3.jpg?296\" alt=\"测试\"></a>\r\n                          <a href=\"http://demo.33hao.com/shop/index.php?act=search&amp;op=index\" target=\"_blank\" title=\"测试\">\r\n                <img src=\"http://www.shop.com/data/upload/shop/common/loading.gif\" rel=\"lazy\" data-url=\"http://www.shop.com/data/upload/shop/editor/web-101-102-1-4.jpg?752\" alt=\"测试\"></a>\r\n                                      </li>\r\n                    <li>\r\n                                        <a href=\"http://demo.33hao.com/shop/index.php?act=search&amp;op=index\" target=\"_blank\" title=\"测试\">\r\n                <img src=\"http://www.shop.com/data/upload/shop/common/loading.gif\" rel=\"lazy\" data-url=\"http://www.shop.com/data/upload/shop/editor/web-101-102-2-1.jpg?718\" alt=\"测试\"></a>\r\n                          <a href=\"http://demo.33hao.com/shop/index.php?act=search&amp;op=index\" target=\"_blank\" title=\"测试\">\r\n                <img src=\"http://www.shop.com/data/upload/shop/common/loading.gif\" rel=\"lazy\" data-url=\"http://www.shop.com/data/upload/shop/editor/web-101-102-2-2.jpg?967\" alt=\"测试\"></a>\r\n                          <a href=\"http://demo.33hao.com/shop/index.php?act=search&amp;op=index\" target=\"_blank\" title=\"测试\">\r\n                <img src=\"http://www.shop.com/data/upload/shop/common/loading.gif\" rel=\"lazy\" data-url=\"http://www.shop.com/data/upload/shop/editor/web-101-102-2-3.jpg?477\" alt=\"测试\"></a>\r\n                          <a href=\"http://demo.33hao.com/shop/index.php?act=search&amp;op=index\" target=\"_blank\" title=\"测试\">\r\n                <img src=\"http://www.shop.com/data/upload/shop/common/loading.gif\" rel=\"lazy\" data-url=\"http://www.shop.com/data/upload/shop/editor/web-101-102-2-4.jpg?643\" alt=\"测试\"></a>\r\n                                      </li>\r\n                    <li>\r\n                                        <a href=\"http://demo.33hao.com/shop/index.php?act=search&amp;op=index\" target=\"_blank\" title=\"测试\">\r\n                <img src=\"http://www.shop.com/data/upload/shop/common/loading.gif\" rel=\"lazy\" data-url=\"http://www.shop.com/data/upload/shop/editor/web-101-102-3-1.jpg?970\" alt=\"测试\"></a>\r\n                          <a href=\"http://demo.33hao.com/shop/index.php?act=search&amp;op=index\" target=\"_blank\" title=\"测试\">\r\n                <img src=\"http://www.shop.com/data/upload/shop/common/loading.gif\" rel=\"lazy\" data-url=\"http://www.shop.com/data/upload/shop/editor/web-101-102-3-2.jpg?341\" alt=\"测试\"></a>\r\n                          <a href=\"http://demo.33hao.com/shop/index.php?act=search&amp;op=index\" target=\"_blank\" title=\"测试\">\r\n                <img src=\"http://www.shop.com/data/upload/shop/common/loading.gif\" rel=\"lazy\" data-url=\"http://www.shop.com/data/upload/shop/editor/web-101-102-3-3.jpg?480\" alt=\"测试\"></a>\r\n                          <a href=\"http://demo.33hao.com/shop/index.php?act=search&amp;op=index\" target=\"_blank\" title=\"测试\">\r\n                <img src=\"http://www.shop.com/data/upload/shop/common/loading.gif\" rel=\"lazy\" data-url=\"http://www.shop.com/data/upload/shop/editor/web-101-102-3-4.jpg?162\" alt=\"测试\"></a>\r\n                                      </li>\r\n                        </ul>\r\n  </div>\r\n  </div>\r\n<script type=\"text/javascript\">\r\n\tupdate_screen_focus();\r\n</script>');
INSERT INTO `33hao_web` VALUES (121,'首页促销区','orange','index_sale',1472709962,120,1,'\r\n    <ul class=\"tabs-nav\">\r\n                                            <li class=\"tabs-selected\"><i class=\"arrow\"></i><h3>新品上架</h3></li>\r\n                          <li class=\"\"><i class=\"arrow\"></i><h3>热卖商品</h3></li>\r\n                          <li class=\"\"><i class=\"arrow\"></i><h3>疯狂抢购</h3></li>\r\n                          <li class=\"\"><i class=\"arrow\"></i><h3>猜您喜欢</h3></li>\r\n                          <li class=\"\"><i class=\"arrow\"></i><h3>热评商品</h3></li>\r\n                                        </ul>\r\n                                                                                                <div class=\"tabs-panel sale-goods-list \">\r\n                                    <ul>\r\n                                                                          <li>\r\n                                        <dl>\r\n                                          <dt class=\"goods-name\"><a target=\"_blank\" href=\"http://www.shop.com/shop/index.php?act=goods&op=index&goods_id=102592\" title=\"爵爷商务皮鞋 秋款男士正装 前系带 金属尖头低帮单鞋 黑色 38\">\r\n                                          \t爵爷商务皮鞋 秋款男士正装 前系带 金属尖头低帮单鞋 黑色 38</a></dt>\r\n                                          <dd class=\"goods-thumb\">\r\n                                          \t<a target=\"_blank\" href=\"http://www.shop.com/shop/index.php?act=goods&op=index&goods_id=102592\">\r\n                                          \t<img src=\"http://www.shop.com/data/upload/shop/common/loading.gif\" rel=\"lazy\" data-url=\"http://www.shop.com/data/upload/shop/store/goods/16/16_05000683915287946_240.jpg\" alt=\"爵爷商务皮鞋 秋款男士正装 前系带 金属尖头低帮单鞋 黑色 38\" />\r\n                                          \t</a></dd>\r\n                                          <dd class=\"goods-price\">商城价：<em>￥108.00</em></dd>\r\n                                        </dl>\r\n                                      </li>\r\n                                                                          <li>\r\n                                        <dl>\r\n                                          <dt class=\"goods-name\"><a target=\"_blank\" href=\"http://www.shop.com/shop/index.php?act=goods&op=index&goods_id=102700\" title=\"纯色透气圆头单鞋男真皮方跟低帮鞋前系带男士皮鞋 棕色 38\">\r\n                                          \t纯色透气圆头单鞋男真皮方跟低帮鞋前系带男士皮鞋 棕色 38</a></dt>\r\n                                          <dd class=\"goods-thumb\">\r\n                                          \t<a target=\"_blank\" href=\"http://www.shop.com/shop/index.php?act=goods&op=index&goods_id=102700\">\r\n                                          \t<img src=\"http://www.shop.com/data/upload/shop/common/loading.gif\" rel=\"lazy\" data-url=\"http://www.shop.com/data/upload/shop/store/goods/16/16_05003068354931461_240.jpg\" alt=\"纯色透气圆头单鞋男真皮方跟低帮鞋前系带男士皮鞋 棕色 38\" />\r\n                                          \t</a></dd>\r\n                                          <dd class=\"goods-price\">商城价：<em>￥88.00</em></dd>\r\n                                        </dl>\r\n                                      </li>\r\n                                                                          <li>\r\n                                        <dl>\r\n                                          <dt class=\"goods-name\"><a target=\"_blank\" href=\"http://www.shop.com/shop/index.php?act=goods&op=index&goods_id=102649\" title=\"优质超纤皮男鞋纯色前系带尖头低帮皮鞋 棕色 38\">\r\n                                          \t优质超纤皮男鞋纯色前系带尖头低帮皮鞋 棕色 38</a></dt>\r\n                                          <dd class=\"goods-thumb\">\r\n                                          \t<a target=\"_blank\" href=\"http://www.shop.com/shop/index.php?act=goods&op=index&goods_id=102649\">\r\n                                          \t<img src=\"http://www.shop.com/data/upload/shop/common/loading.gif\" rel=\"lazy\" data-url=\"http://www.shop.com/data/upload/shop/store/goods/16/16_05002911543965426_240.jpg\" alt=\"优质超纤皮男鞋纯色前系带尖头低帮皮鞋 棕色 38\" />\r\n                                          \t</a></dd>\r\n                                          <dd class=\"goods-price\">商城价：<em>￥108.00</em></dd>\r\n                                        </dl>\r\n                                      </li>\r\n                                                                          <li>\r\n                                        <dl>\r\n                                          <dt class=\"goods-name\"><a target=\"_blank\" href=\"http://www.shop.com/shop/index.php?act=goods&op=index&goods_id=102688\" title=\"爵爷2015春秋商务正装男士皮鞋透气超纤皮男鞋 黑色 38\">\r\n                                          \t爵爷2015春秋商务正装男士皮鞋透气超纤皮男鞋 黑色 38</a></dt>\r\n                                          <dd class=\"goods-thumb\">\r\n                                          \t<a target=\"_blank\" href=\"http://www.shop.com/shop/index.php?act=goods&op=index&goods_id=102688\">\r\n                                          \t<img src=\"http://www.shop.com/data/upload/shop/common/loading.gif\" rel=\"lazy\" data-url=\"http://www.shop.com/data/upload/shop/store/goods/16/16_05003062100708546_240.jpg\" alt=\"爵爷2015春秋商务正装男士皮鞋透气超纤皮男鞋 黑色 38\" />\r\n                                          \t</a></dd>\r\n                                          <dd class=\"goods-price\">商城价：<em>￥108.00</em></dd>\r\n                                        </dl>\r\n                                      </li>\r\n                                                                          <li>\r\n                                        <dl>\r\n                                          <dt class=\"goods-name\"><a target=\"_blank\" href=\"http://www.shop.com/shop/index.php?act=goods&op=index&goods_id=102604\" title=\"日常休闲鞋男士豆豆鞋驾车真皮男鞋英伦皮鞋 黄色 38\">\r\n                                          \t日常休闲鞋男士豆豆鞋驾车真皮男鞋英伦皮鞋 黄色 38</a></dt>\r\n                                          <dd class=\"goods-thumb\">\r\n                                          \t<a target=\"_blank\" href=\"http://www.shop.com/shop/index.php?act=goods&op=index&goods_id=102604\">\r\n                                          \t<img src=\"http://www.shop.com/data/upload/shop/common/loading.gif\" rel=\"lazy\" data-url=\"http://www.shop.com/data/upload/shop/store/goods/16/16_05001210537684207_240.jpg\" alt=\"日常休闲鞋男士豆豆鞋驾车真皮男鞋英伦皮鞋 黄色 38\" />\r\n                                          \t</a></dd>\r\n                                          <dd class=\"goods-price\">商城价：<em>￥108.00</em></dd>\r\n                                        </dl>\r\n                                      </li>\r\n                                                                        </ul>\r\n                                  </div>\r\n                                                                                                        <div class=\"tabs-panel sale-goods-list tabs-hide\">\r\n                                    <ul>\r\n                                                                          <li>\r\n                                        <dl>\r\n                                          <dt class=\"goods-name\"><a target=\"_blank\" href=\"http://www.shop.com/shop/index.php?act=goods&op=index&goods_id=102020\" title=\"冬装男装立领 男式纯棉T恤男士加厚加绒保暖打底衫 白色 M\">\r\n                                          \t冬装男装立领 男式纯棉T恤男士加厚加绒保暖打底衫 白色 M</a></dt>\r\n                                          <dd class=\"goods-thumb\">\r\n                                          \t<a target=\"_blank\" href=\"http://www.shop.com/shop/index.php?act=goods&op=index&goods_id=102020\">\r\n                                          \t<img src=\"http://www.shop.com/data/upload/shop/common/loading.gif\" rel=\"lazy\" data-url=\"http://www.shop.com/data/upload/shop/store/goods/15/15_04999727187217105_240.png\" alt=\"冬装男装立领 男式纯棉T恤男士加厚加绒保暖打底衫 白色 M\" />\r\n                                          \t</a></dd>\r\n                                          <dd class=\"goods-price\">商城价：<em>￥73.00</em></dd>\r\n                                        </dl>\r\n                                      </li>\r\n                                                                          <li>\r\n                                        <dl>\r\n                                          <dt class=\"goods-name\"><a target=\"_blank\" href=\"http://www.shop.com/shop/index.php?act=goods&op=index&goods_id=102165\" title=\"2015秋新款男装男式牛仔裤男休闲商务长裤子韩版修身直筒 图片色 28\">\r\n                                          \t2015秋新款男装男式牛仔裤男休闲商务长裤子韩版修身直筒 图片色 28</a></dt>\r\n                                          <dd class=\"goods-thumb\">\r\n                                          \t<a target=\"_blank\" href=\"http://www.shop.com/shop/index.php?act=goods&op=index&goods_id=102165\">\r\n                                          \t<img src=\"http://www.shop.com/data/upload/shop/common/loading.gif\" rel=\"lazy\" data-url=\"http://www.shop.com/data/upload/shop/store/goods/15/15_04999963827312369_240.jpg\" alt=\"2015秋新款男装男式牛仔裤男休闲商务长裤子韩版修身直筒 图片色 28\" />\r\n                                          \t</a></dd>\r\n                                          <dd class=\"goods-price\">商城价：<em>￥81.00</em></dd>\r\n                                        </dl>\r\n                                      </li>\r\n                                                                          <li>\r\n                                        <dl>\r\n                                          <dt class=\"goods-name\"><a target=\"_blank\" href=\"http://www.shop.com/shop/index.php?act=goods&op=index&goods_id=102126\" title=\"2015秋冬新款韩版女羽绒棉服女立领修身显瘦棉衣短款棉服外套 红色 L\">\r\n                                          \t2015秋冬新款韩版女羽绒棉服女立领修身显瘦棉衣短款棉服外套 红色 L</a></dt>\r\n                                          <dd class=\"goods-thumb\">\r\n                                          \t<a target=\"_blank\" href=\"http://www.shop.com/shop/index.php?act=goods&op=index&goods_id=102126\">\r\n                                          \t<img src=\"http://www.shop.com/data/upload/shop/common/loading.gif\" rel=\"lazy\" data-url=\"http://www.shop.com/data/upload/shop/store/goods/12/12_04999931964380007_240.jpg\" alt=\"2015秋冬新款韩版女羽绒棉服女立领修身显瘦棉衣短款棉服外套 红色 L\" />\r\n                                          \t</a></dd>\r\n                                          <dd class=\"goods-price\">商城价：<em>￥103.00</em></dd>\r\n                                        </dl>\r\n                                      </li>\r\n                                                                          <li>\r\n                                        <dl>\r\n                                          <dt class=\"goods-name\"><a target=\"_blank\" href=\"http://www.shop.com/shop/index.php?act=goods&op=index&goods_id=102070\" title=\"新款女装韩版修身A字斗篷棉衣加厚保暖短外套大毛领连帽羽绒棉服 蓝色 M\">\r\n                                          \t新款女装韩版修身A字斗篷棉衣加厚保暖短外套大毛领连帽羽绒棉服 蓝色 M</a></dt>\r\n                                          <dd class=\"goods-thumb\">\r\n                                          \t<a target=\"_blank\" href=\"http://www.shop.com/shop/index.php?act=goods&op=index&goods_id=102070\">\r\n                                          \t<img src=\"http://www.shop.com/data/upload/shop/common/loading.gif\" rel=\"lazy\" data-url=\"http://www.shop.com/data/upload/shop/store/goods/12/12_04999920485539383_240.jpg\" alt=\"新款女装韩版修身A字斗篷棉衣加厚保暖短外套大毛领连帽羽绒棉服 蓝色 M\" />\r\n                                          \t</a></dd>\r\n                                          <dd class=\"goods-price\">商城价：<em>￥118.00</em></dd>\r\n                                        </dl>\r\n                                      </li>\r\n                                                                          <li>\r\n                                        <dl>\r\n                                          <dt class=\"goods-name\"><a target=\"_blank\" href=\"http://www.shop.com/shop/index.php?act=goods&op=index&goods_id=101680\" title=\"2015秋冬新款女装女式韩版修身短款棉衣棉服羽绒棉衣女 粉色 M\">\r\n                                          \t2015秋冬新款女装女式韩版修身短款棉衣棉服羽绒棉衣女 粉色 M</a></dt>\r\n                                          <dd class=\"goods-thumb\">\r\n                                          \t<a target=\"_blank\" href=\"http://www.shop.com/shop/index.php?act=goods&op=index&goods_id=101680\">\r\n                                          \t<img src=\"http://www.shop.com/data/upload/shop/common/loading.gif\" rel=\"lazy\" data-url=\"http://www.shop.com/data/upload/shop/store/goods/12/12_04999938698283696_240.png\" alt=\"2015秋冬新款女装女式韩版修身短款棉衣棉服羽绒棉衣女 粉色 M\" />\r\n                                          \t</a></dd>\r\n                                          <dd class=\"goods-price\">商城价：<em>￥112.00</em></dd>\r\n                                        </dl>\r\n                                      </li>\r\n                                                                        </ul>\r\n                                  </div>\r\n                                                                                                        <div class=\"tabs-panel sale-goods-list tabs-hide\">\r\n                                    <ul>\r\n                                                                          <li>\r\n                                        <dl>\r\n                                          <dt class=\"goods-name\"><a target=\"_blank\" href=\"http://www.shop.com/shop/index.php?act=goods&op=index&goods_id=101559\" title=\"2015冬季新款棉衣女修身大码羽绒棉服女士短款韩版连帽冬季防寒服 蓝色 M\">\r\n                                          \t2015冬季新款棉衣女修身大码羽绒棉服女士短款韩版连帽冬季防寒服 蓝色 M</a></dt>\r\n                                          <dd class=\"goods-thumb\">\r\n                                          \t<a target=\"_blank\" href=\"http://www.shop.com/shop/index.php?act=goods&op=index&goods_id=101559\">\r\n                                          \t<img src=\"http://www.shop.com/data/upload/shop/common/loading.gif\" rel=\"lazy\" data-url=\"http://www.shop.com/data/upload/shop/store/goods/12/12_039f2d0f136e6927e9cfa6fff35e077_240.jpg\" alt=\"2015冬季新款棉衣女修身大码羽绒棉服女士短款韩版连帽冬季防寒服 蓝色 M\" />\r\n                                          \t</a></dd>\r\n                                          <dd class=\"goods-price\">商城价：<em>￥88.00</em></dd>\r\n                                        </dl>\r\n                                      </li>\r\n                                                                          <li>\r\n                                        <dl>\r\n                                          <dt class=\"goods-name\"><a target=\"_blank\" href=\"http://www.shop.com/shop/index.php?act=goods&op=index&goods_id=101598\" title=\"2015新款冬装棉衣外套女中长款大码加厚毛领羽绒棉服韩版修身棉袄 粉色 M\">\r\n                                          \t2015新款冬装棉衣外套女中长款大码加厚毛领羽绒棉服韩版修身棉袄 粉色 M</a></dt>\r\n                                          <dd class=\"goods-thumb\">\r\n                                          \t<a target=\"_blank\" href=\"http://www.shop.com/shop/index.php?act=goods&op=index&goods_id=101598\">\r\n                                          \t<img src=\"http://www.shop.com/data/upload/shop/common/loading.gif\" rel=\"lazy\" data-url=\"http://www.shop.com/data/upload/shop/store/goods/12/12_cc322b39c176a5ae261b62795d46258_240.jpg\" alt=\"2015新款冬装棉衣外套女中长款大码加厚毛领羽绒棉服韩版修身棉袄 粉色 M\" />\r\n                                          \t</a></dd>\r\n                                          <dd class=\"goods-price\">商城价：<em>￥119.00</em></dd>\r\n                                        </dl>\r\n                                      </li>\r\n                                                                          <li>\r\n                                        <dl>\r\n                                          <dt class=\"goods-name\"><a target=\"_blank\" href=\"http://www.shop.com/shop/index.php?act=goods&op=index&goods_id=101429\" title=\"2015夏季新款鱼嘴凉鞋超高跟防水台夜店鞋透气网纱粗跟女鞋 粉色 34\">\r\n                                          \t2015夏季新款鱼嘴凉鞋超高跟防水台夜店鞋透气网纱粗跟女鞋 粉色 34</a></dt>\r\n                                          <dd class=\"goods-thumb\">\r\n                                          \t<a target=\"_blank\" href=\"http://www.shop.com/shop/index.php?act=goods&op=index&goods_id=101429\">\r\n                                          \t<img src=\"http://www.shop.com/data/upload/shop/common/loading.gif\" rel=\"lazy\" data-url=\"http://www.shop.com/data/upload/shop/store/goods/6/6_04847714326505496_240.jpg\" alt=\"2015夏季新款鱼嘴凉鞋超高跟防水台夜店鞋透气网纱粗跟女鞋 粉色 34\" />\r\n                                          \t</a></dd>\r\n                                          <dd class=\"goods-price\">商城价：<em>￥108.00</em></dd>\r\n                                        </dl>\r\n                                      </li>\r\n                                                                          <li>\r\n                                        <dl>\r\n                                          <dt class=\"goods-name\"><a target=\"_blank\" href=\"http://www.shop.com/shop/index.php?act=goods&op=index&goods_id=102433\" title=\"秋冬季时尚单鞋 糖果色亮面浅口细跟职业女鞋 漆皮镜面尖头高跟鞋 白色 34\">\r\n                                          \t秋冬季时尚单鞋 糖果色亮面浅口细跟职业女鞋 漆皮镜面尖头高跟鞋 白色 34</a></dt>\r\n                                          <dd class=\"goods-thumb\">\r\n                                          \t<a target=\"_blank\" href=\"http://www.shop.com/shop/index.php?act=goods&op=index&goods_id=102433\">\r\n                                          \t<img src=\"http://www.shop.com/data/upload/shop/common/loading.gif\" rel=\"lazy\" data-url=\"http://www.shop.com/data/upload/shop/store/goods/17/17_05000574018138552_240.jpg\" alt=\"秋冬季时尚单鞋 糖果色亮面浅口细跟职业女鞋 漆皮镜面尖头高跟鞋 白色 34\" />\r\n                                          \t</a></dd>\r\n                                          <dd class=\"goods-price\">商城价：<em>￥119.00</em></dd>\r\n                                        </dl>\r\n                                      </li>\r\n                                                                          <li>\r\n                                        <dl>\r\n                                          <dt class=\"goods-name\"><a target=\"_blank\" href=\"http://www.shop.com/shop/index.php?act=goods&op=index&goods_id=102265\" title=\"秋季新款糖果色细跟单鞋 浅口真皮尖头高跟鞋 杏色 34\">\r\n                                          \t秋季新款糖果色细跟单鞋 浅口真皮尖头高跟鞋 杏色 34</a></dt>\r\n                                          <dd class=\"goods-thumb\">\r\n                                          \t<a target=\"_blank\" href=\"http://www.shop.com/shop/index.php?act=goods&op=index&goods_id=102265\">\r\n                                          \t<img src=\"http://www.shop.com/data/upload/shop/common/loading.gif\" rel=\"lazy\" data-url=\"http://www.shop.com/data/upload/shop/store/goods/17/17_05000548082598798_240.jpg\" alt=\"秋季新款糖果色细跟单鞋 浅口真皮尖头高跟鞋 杏色 34\" />\r\n                                          \t</a></dd>\r\n                                          <dd class=\"goods-price\">商城价：<em>￥119.00</em></dd>\r\n                                        </dl>\r\n                                      </li>\r\n                                                                        </ul>\r\n                                  </div>\r\n                                                                                                        <div class=\"tabs-panel sale-goods-list tabs-hide\">\r\n                                    <ul>\r\n                                                                          <li>\r\n                                        <dl>\r\n                                          <dt class=\"goods-name\"><a target=\"_blank\" href=\"http://www.shop.com/shop/index.php?act=goods&op=index&goods_id=102865\" title=\"酷迪璐新品男式夹克外套男士pu皮衣韩版休闲绒布接男装 蓝色 M\">\r\n                                          \t酷迪璐新品男式夹克外套男士pu皮衣韩版休闲绒布接男装 蓝色 M</a></dt>\r\n                                          <dd class=\"goods-thumb\">\r\n                                          \t<a target=\"_blank\" href=\"http://www.shop.com/shop/index.php?act=goods&op=index&goods_id=102865\">\r\n                                          \t<img src=\"http://www.shop.com/data/upload/shop/common/loading.gif\" rel=\"lazy\" data-url=\"http://www.shop.com/data/upload/shop/store/goods/18/18_05011806114146918_240.jpg\" alt=\"酷迪璐新品男式夹克外套男士pu皮衣韩版休闲绒布接男装 蓝色 M\" />\r\n                                          \t</a></dd>\r\n                                          <dd class=\"goods-price\">商城价：<em>￥128.00</em></dd>\r\n                                        </dl>\r\n                                      </li>\r\n                                                                          <li>\r\n                                        <dl>\r\n                                          <dt class=\"goods-name\"><a target=\"_blank\" href=\"http://www.shop.com/shop/index.php?act=goods&op=index&goods_id=102835\" title=\"2015新款保暖加绒修身衬衫 白色 M\">\r\n                                          \t2015新款保暖加绒修身衬衫 白色 M</a></dt>\r\n                                          <dd class=\"goods-thumb\">\r\n                                          \t<a target=\"_blank\" href=\"http://www.shop.com/shop/index.php?act=goods&op=index&goods_id=102835\">\r\n                                          \t<img src=\"http://www.shop.com/data/upload/shop/common/loading.gif\" rel=\"lazy\" data-url=\"http://www.shop.com/data/upload/shop/store/goods/18/18_05011800162520471_240.jpg\" alt=\"2015新款保暖加绒修身衬衫 白色 M\" />\r\n                                          \t</a></dd>\r\n                                          <dd class=\"goods-price\">商城价：<em>￥98.00</em></dd>\r\n                                        </dl>\r\n                                      </li>\r\n                                                                          <li>\r\n                                        <dl>\r\n                                          <dt class=\"goods-name\"><a target=\"_blank\" href=\"http://www.shop.com/shop/index.php?act=goods&op=index&goods_id=102805\" title=\"酷迪璐冬装男士加棉加厚长袖衬衫格子夹克衬衫 灰色 M\">\r\n                                          \t酷迪璐冬装男士加棉加厚长袖衬衫格子夹克衬衫 灰色 M</a></dt>\r\n                                          <dd class=\"goods-thumb\">\r\n                                          \t<a target=\"_blank\" href=\"http://www.shop.com/shop/index.php?act=goods&op=index&goods_id=102805\">\r\n                                          \t<img src=\"http://www.shop.com/data/upload/shop/common/loading.gif\" rel=\"lazy\" data-url=\"http://www.shop.com/data/upload/shop/store/goods/18/18_05011789584196803_240.jpg\" alt=\"酷迪璐冬装男士加棉加厚长袖衬衫格子夹克衬衫 灰色 M\" />\r\n                                          \t</a></dd>\r\n                                          <dd class=\"goods-price\">商城价：<em>￥108.00</em></dd>\r\n                                        </dl>\r\n                                      </li>\r\n                                                                          <li>\r\n                                        <dl>\r\n                                          <dt class=\"goods-name\"><a target=\"_blank\" href=\"http://www.shop.com/shop/index.php?act=goods&op=index&goods_id=102751\" title=\"2015新款秋冬男式PU皮夹克外贸 海宁男士立领休闲修身外套 黑色 M\">\r\n                                          \t2015新款秋冬男式PU皮夹克外贸 海宁男士立领休闲修身外套 黑色 M</a></dt>\r\n                                          <dd class=\"goods-thumb\">\r\n                                          \t<a target=\"_blank\" href=\"http://www.shop.com/shop/index.php?act=goods&op=index&goods_id=102751\">\r\n                                          \t<img src=\"http://www.shop.com/data/upload/shop/common/loading.gif\" rel=\"lazy\" data-url=\"http://www.shop.com/data/upload/shop/store/goods/18/18_05011764627052815_240.jpg\" alt=\"2015新款秋冬男式PU皮夹克外贸 海宁男士立领休闲修身外套 黑色 M\" />\r\n                                          \t</a></dd>\r\n                                          <dd class=\"goods-price\">商城价：<em>￥158.00</em></dd>\r\n                                        </dl>\r\n                                      </li>\r\n                                                                          <li>\r\n                                        <dl>\r\n                                          <dt class=\"goods-name\"><a target=\"_blank\" href=\"http://www.shop.com/shop/index.php?act=goods&op=index&goods_id=102633\" title=\"2015秋冬新款 全棉男式牛仔裤直筒型 图片色 28\">\r\n                                          \t2015秋冬新款 全棉男式牛仔裤直筒型 图片色 28</a></dt>\r\n                                          <dd class=\"goods-thumb\">\r\n                                          \t<a target=\"_blank\" href=\"http://www.shop.com/shop/index.php?act=goods&op=index&goods_id=102633\">\r\n                                          \t<img src=\"http://www.shop.com/data/upload/shop/common/loading.gif\" rel=\"lazy\" data-url=\"http://www.shop.com/data/upload/shop/store/goods/15/15_05002060806639307_240.jpg\" alt=\"2015秋冬新款 全棉男式牛仔裤直筒型 图片色 28\" />\r\n                                          \t</a></dd>\r\n                                          <dd class=\"goods-price\">商城价：<em>￥89.00</em></dd>\r\n                                        </dl>\r\n                                      </li>\r\n                                                                        </ul>\r\n                                  </div>\r\n                                                                                                        <div class=\"tabs-panel sale-goods-list tabs-hide\">\r\n                                    <ul>\r\n                                                                          <li>\r\n                                        <dl>\r\n                                          <dt class=\"goods-name\"><a target=\"_blank\" href=\"http://www.shop.com/shop/index.php?act=goods&op=index&goods_id=102150\" title=\"韩版品牌直筒修身牛仔裤 秋冬男士长裤休闲牛仔裤 图片色 28\">\r\n                                          \t韩版品牌直筒修身牛仔裤 秋冬男士长裤休闲牛仔裤 图片色 28</a></dt>\r\n                                          <dd class=\"goods-thumb\">\r\n                                          \t<a target=\"_blank\" href=\"http://www.shop.com/shop/index.php?act=goods&op=index&goods_id=102150\">\r\n                                          \t<img src=\"http://www.shop.com/data/upload/shop/common/loading.gif\" rel=\"lazy\" data-url=\"http://www.shop.com/data/upload/shop/store/goods/15/15_04999958412070501_240.jpg\" alt=\"韩版品牌直筒修身牛仔裤 秋冬男士长裤休闲牛仔裤 图片色 28\" />\r\n                                          \t</a></dd>\r\n                                          <dd class=\"goods-price\">商城价：<em>￥82.00</em></dd>\r\n                                        </dl>\r\n                                      </li>\r\n                                                                          <li>\r\n                                        <dl>\r\n                                          <dt class=\"goods-name\"><a target=\"_blank\" href=\"http://www.shop.com/shop/index.php?act=goods&op=index&goods_id=102005\" title=\"冬装男装爆款 男式纯棉T恤男士加厚加绒保暖打底衫 黑色 M\">\r\n                                          \t冬装男装爆款 男式纯棉T恤男士加厚加绒保暖打底衫 黑色 M</a></dt>\r\n                                          <dd class=\"goods-thumb\">\r\n                                          \t<a target=\"_blank\" href=\"http://www.shop.com/shop/index.php?act=goods&op=index&goods_id=102005\">\r\n                                          \t<img src=\"http://www.shop.com/data/upload/shop/common/loading.gif\" rel=\"lazy\" data-url=\"http://www.shop.com/data/upload/shop/store/goods/15/15_04999724012252809_240.jpg\" alt=\"冬装男装爆款 男式纯棉T恤男士加厚加绒保暖打底衫 黑色 M\" />\r\n                                          \t</a></dd>\r\n                                          <dd class=\"goods-price\">商城价：<em>￥69.00</em></dd>\r\n                                        </dl>\r\n                                      </li>\r\n                                                                          <li>\r\n                                        <dl>\r\n                                          <dt class=\"goods-name\"><a target=\"_blank\" href=\"http://www.shop.com/shop/index.php?act=goods&op=index&goods_id=101930\" title=\"2015冬款新品 男式拼接长袖加厚加绒保暖V领T恤男装不倒绒 酒红 M\">\r\n                                          \t2015冬款新品 男式拼接长袖加厚加绒保暖V领T恤男装不倒绒 酒红 M</a></dt>\r\n                                          <dd class=\"goods-thumb\">\r\n                                          \t<a target=\"_blank\" href=\"http://www.shop.com/shop/index.php?act=goods&op=index&goods_id=101930\">\r\n                                          \t<img src=\"http://www.shop.com/data/upload/shop/common/loading.gif\" rel=\"lazy\" data-url=\"http://www.shop.com/data/upload/shop/store/goods/15/15_04999707884947293_240.jpg\" alt=\"2015冬款新品 男式拼接长袖加厚加绒保暖V领T恤男装不倒绒 酒红 M\" />\r\n                                          \t</a></dd>\r\n                                          <dd class=\"goods-price\">商城价：<em>￥65.00</em></dd>\r\n                                        </dl>\r\n                                      </li>\r\n                                                                          <li>\r\n                                        <dl>\r\n                                          <dt class=\"goods-name\"><a target=\"_blank\" href=\"http://www.shop.com/shop/index.php?act=goods&op=index&goods_id=101807\" title=\"2015秋季新款男士长袖t恤潮纯棉秋长袖修身韩版青年体恤运动小衫 白拼枣红 M\">\r\n                                          \t2015秋季新款男士长袖t恤潮纯棉秋长袖修身韩版青年体恤运动小衫 白拼枣红 M</a></dt>\r\n                                          <dd class=\"goods-thumb\">\r\n                                          \t<a target=\"_blank\" href=\"http://www.shop.com/shop/index.php?act=goods&op=index&goods_id=101807\">\r\n                                          \t<img src=\"http://www.shop.com/data/upload/shop/common/loading.gif\" rel=\"lazy\" data-url=\"http://www.shop.com/data/upload/shop/store/goods/15/15_04999618551849829_240.jpg\" alt=\"2015秋季新款男士长袖t恤潮纯棉秋长袖修身韩版青年体恤运动小衫 白拼枣红 M\" />\r\n                                          \t</a></dd>\r\n                                          <dd class=\"goods-price\">商城价：<em>￥65.00</em></dd>\r\n                                        </dl>\r\n                                      </li>\r\n                                                                          <li>\r\n                                        <dl>\r\n                                          <dt class=\"goods-name\"><a target=\"_blank\" href=\"http://www.shop.com/shop/index.php?act=goods&op=index&goods_id=102157\" title=\"品牌男装牛仔裤纯棉商务男裤男式牛仔裤 图片色 28\">\r\n                                          \t品牌男装牛仔裤纯棉商务男裤男式牛仔裤 图片色 28</a></dt>\r\n                                          <dd class=\"goods-thumb\">\r\n                                          \t<a target=\"_blank\" href=\"http://www.shop.com/shop/index.php?act=goods&op=index&goods_id=102157\">\r\n                                          \t<img src=\"http://www.shop.com/data/upload/shop/common/loading.gif\" rel=\"lazy\" data-url=\"http://www.shop.com/data/upload/shop/store/goods/15/15_04999961053663021_240.jpg\" alt=\"品牌男装牛仔裤纯棉商务男裤男式牛仔裤 图片色 28\" />\r\n                                          \t</a></dd>\r\n                                          <dd class=\"goods-price\">商城价：<em>￥89.00</em></dd>\r\n                                        </dl>\r\n                                      </li>\r\n                                                                        </ul>\r\n                                  </div>\r\n                                                              ');

#
# Structure for table "33hao_web_channel"
#

DROP TABLE IF EXISTS `33hao_web_channel`;
CREATE TABLE `33hao_web_channel` (
  `channel_id` int(10) unsigned NOT NULL AUTO_INCREMENT COMMENT '频道ID',
  `channel_name` varchar(50) DEFAULT '' COMMENT '频道名称',
  `channel_style` varchar(20) DEFAULT '' COMMENT '颜色风格',
  `gc_id` int(10) unsigned DEFAULT '0' COMMENT '绑定分类ID',
  `gc_name` varchar(50) DEFAULT '' COMMENT '分类名称',
  `keywords` varchar(255) DEFAULT '' COMMENT '关键词',
  `description` varchar(255) DEFAULT '' COMMENT '描述',
  `top_id` int(10) unsigned DEFAULT '0' COMMENT '顶部楼层编号',
  `floor_ids` varchar(100) DEFAULT '' COMMENT '中部楼层编号',
  `update_time` int(10) unsigned NOT NULL COMMENT '更新时间',
  `channel_show` tinyint(1) unsigned NOT NULL DEFAULT '1' COMMENT '启用状态，0为否，1为是，默认为1',
  PRIMARY KEY (`channel_id`),
  KEY `gc_id` (`gc_id`)
) ENGINE=InnoDB DEFAULT CHARSET=utf8 COMMENT='商城频道表';

#
# Data for table "33hao_web_channel"
#


#
# Structure for table "33hao_web_code"
#

DROP TABLE IF EXISTS `33hao_web_code`;
CREATE TABLE `33hao_web_code` (
  `code_id` int(10) unsigned NOT NULL AUTO_INCREMENT COMMENT '内容ID',
  `web_id` int(10) unsigned NOT NULL COMMENT '模块ID',
  `code_type` varchar(10) NOT NULL DEFAULT 'array' COMMENT '数据类型:array,html,json',
  `var_name` varchar(20) NOT NULL COMMENT '变量名称',
  `code_info` text COMMENT '内容数据',
  `show_name` varchar(20) DEFAULT '' COMMENT '页面名称',
  PRIMARY KEY (`code_id`),
  KEY `web_id` (`web_id`)
) ENGINE=InnoDB AUTO_INCREMENT=161 DEFAULT CHARSET=utf8 COMMENT='模块内容表';

#
# Data for table "33hao_web_code"
#

INSERT INTO `33hao_web_code` VALUES (11,1,'array','tit','a:5:{s:3:\"pic\";s:28:\"shop/editor/web-1-11.png?926\";s:3:\"url\";s:0:\"\";s:4:\"type\";s:3:\"txt\";s:5:\"floor\";s:2:\"1F\";s:5:\"title\";s:12:\"潮流女装\";}','标题图片'),(12,1,'array','category_list','a:1:{s:11:\"goods_class\";a:13:{i:1103;a:2:{s:5:\"gc_id\";s:4:\"1103\";s:7:\"gc_name\";s:6:\"衬衫\";}i:1104;a:2:{s:5:\"gc_id\";s:4:\"1104\";s:7:\"gc_name\";s:4:\"T恤\";}i:1106;a:2:{s:5:\"gc_id\";s:4:\"1106\";s:7:\"gc_name\";s:9:\"雪纺衫\";}i:1524;a:2:{s:5:\"gc_id\";s:4:\"1524\";s:7:\"gc_name\";s:9:\"情侣装\";}i:1528;a:2:{s:5:\"gc_id\";s:4:\"1528\";s:7:\"gc_name\";s:12:\"大码女装\";}i:1264;a:2:{s:5:\"gc_id\";s:4:\"1264\";s:7:\"gc_name\";s:9:\"连衣裙\";}i:1265;a:2:{s:5:\"gc_id\";s:4:\"1265\";s:7:\"gc_name\";s:9:\"半身裙\";}i:1434;a:2:{s:5:\"gc_id\";s:4:\"1434\";s:7:\"gc_name\";s:6:\"旗袍\";}i:1253;a:2:{s:5:\"gc_id\";s:4:\"1253\";s:7:\"gc_name\";s:9:\"牛仔裤\";}i:1254;a:2:{s:5:\"gc_id\";s:4:\"1254\";s:7:\"gc_name\";s:9:\"休闲裤\";}i:1255;a:2:{s:5:\"gc_id\";s:4:\"1255\";s:7:\"gc_name\";s:9:\"西装裤\";}i:1443;a:2:{s:5:\"gc_id\";s:4:\"1443\";s:7:\"gc_name\";s:9:\"七分裤\";}i:1527;a:2:{s:5:\"gc_id\";s:4:\"1527\";s:7:\"gc_name\";s:6:\"短裤\";}}}','推荐分类'),(13,1,'array','act','a:4:{s:3:\"pic\";s:28:\"shop/editor/web-1-13.jpg?343\";s:4:\"type\";s:3:\"pic\";s:5:\"title\";s:0:\"\";s:3:\"url\";s:27:\"http://www.telaigou.cn/shop\";}','活动图片'),(15,1,'array','recommend_list','a:1:{i:1;a:2:{s:9:\"recommend\";a:1:{s:4:\"name\";s:12:\"商品推荐\";}s:8:\"pic_list\";a:9:{i:14;a:4:{s:6:\"pic_id\";s:2:\"14\";s:8:\"pic_name\";s:0:\"\";s:7:\"pic_url\";s:0:\"\";s:7:\"pic_img\";s:33:\"shop/editor/web-1-15-1-14.jpg?393\";}i:11;a:4:{s:6:\"pic_id\";s:2:\"11\";s:8:\"pic_name\";s:63:\"针织格子提花休闲圆领七分袖连衣裙 格子混色 L\";s:7:\"pic_url\";s:77:\"http://demo.33hao.com/shop/index.php?act=search&amp;op=index&amp;cate_id=1100\";s:7:\"pic_img\";s:33:\"shop/editor/web-1-15-1-11.jpg?445\";}i:21;a:4:{s:6:\"pic_id\";s:2:\"21\";s:8:\"pic_name\";s:0:\"\";s:7:\"pic_url\";s:0:\"\";s:7:\"pic_img\";s:33:\"shop/editor/web-1-15-1-21.jpg?368\";}i:12;a:4:{s:6:\"pic_id\";s:2:\"12\";s:8:\"pic_name\";s:54:\"街头人物印花休闲圆领长袖连衣裙 黑色 S\";s:7:\"pic_url\";s:77:\"http://demo.33hao.com/shop/index.php?act=search&amp;op=index&amp;cate_id=1100\";s:7:\"pic_img\";s:33:\"shop/editor/web-1-15-1-12.jpg?299\";}i:24;a:4:{s:6:\"pic_id\";s:2:\"24\";s:8:\"pic_name\";s:0:\"\";s:7:\"pic_url\";s:0:\"\";s:7:\"pic_img\";s:33:\"shop/editor/web-1-15-1-24.jpg?466\";}i:31;a:4:{s:6:\"pic_id\";s:2:\"31\";s:8:\"pic_name\";s:48:\"撞色印花提花针织短袖连衣裙 米白 L\";s:7:\"pic_url\";s:77:\"http://demo.33hao.com/shop/index.php?act=search&amp;op=index&amp;cate_id=1100\";s:7:\"pic_img\";s:33:\"shop/editor/web-1-15-1-31.jpg?570\";}i:32;a:4:{s:6:\"pic_id\";s:2:\"32\";s:8:\"pic_name\";s:48:\"钉珠蝴蝶结长袖连衣裙套装女 玫红 L\";s:7:\"pic_url\";s:77:\"http://demo.33hao.com/shop/index.php?act=search&amp;op=index&amp;cate_id=1100\";s:7:\"pic_img\";s:33:\"shop/editor/web-1-15-1-32.jpg?568\";}i:33;a:4:{s:6:\"pic_id\";s:2:\"33\";s:8:\"pic_name\";s:48:\"钉珠蝴蝶结长袖连衣裙套装女 玫红 L\";s:7:\"pic_url\";s:77:\"http://demo.33hao.com/shop/index.php?act=search&amp;op=index&amp;cate_id=1100\";s:7:\"pic_img\";s:33:\"shop/editor/web-1-15-1-33.jpg?633\";}i:34;a:4:{s:6:\"pic_id\";s:2:\"34\";s:8:\"pic_name\";s:48:\"波点绣花两件套毛衣连衣裙女 黑色 M\";s:7:\"pic_url\";s:77:\"http://demo.33hao.com/shop/index.php?act=search&amp;op=index&amp;cate_id=1100\";s:7:\"pic_img\";s:33:\"shop/editor/web-1-15-1-34.jpg?499\";}}}}','商品推荐'),(18,1,'array','adv','a:3:{i:2;a:4:{s:6:\"pic_id\";s:1:\"2\";s:8:\"pic_name\";s:82:\"拉夏贝尔 秋新款女装街头人物印花休闲圆领长袖连衣裙 黑色 S\";s:7:\"pic_url\";s:79:\"http://demo.33hao.com/shop/index.php?act=goods&amp;op=index&amp;goods_id=102126\";s:7:\"pic_img\";s:30:\"shop/editor/web-1-18-2.png?254\";}i:1;a:4:{s:6:\"pic_id\";s:1:\"1\";s:8:\"pic_name\";s:93:\"拉夏贝尔套头针织衫 2015冬新款休闲圆领直身裙套装女 拉贝缇 墨绿色 M\";s:7:\"pic_url\";s:77:\"http://demo.33hao.com/shop/index.php?act=search&amp;op=index&amp;cate_id=1100\";s:7:\"pic_img\";s:30:\"shop/editor/web-1-18-1.png?318\";}i:3;a:4:{s:6:\"pic_id\";s:1:\"3\";s:8:\"pic_name\";s:584:\"拉夏贝尔拉贝缇2015冬新款毛织T恤松紧腰直身裙两件套女 灰蓝色 L     拉夏贝尔拉贝缇2015冬新款毛织T恤松紧腰直身裙两件套女 灰蓝色 L     拉夏贝尔拉贝缇2015冬新款毛织T恤松紧腰直身裙两件套女 灰蓝色 L     拉夏贝尔拉贝缇2015冬新款毛织T恤松紧腰直身裙两件套女 灰蓝色 L     拉夏贝尔拉贝缇2015冬新款毛织T恤松紧腰直身裙两件套女 灰蓝色 L  商品编号：1726332280 关注商品 分享 拉夏贝尔拉贝缇2015冬新款毛织T恤松紧腰直身裙两件套女 灰蓝色 L\";s:7:\"pic_url\";s:77:\"http://demo.33hao.com/shop/index.php?act=search&amp;op=index&amp;cate_id=1100\";s:7:\"pic_img\";s:30:\"shop/editor/web-1-18-3.png?756\";}}','广告图片'),(19,1,'array','brand_list','a:8:{i:106;a:3:{s:8:\"brand_id\";s:3:\"106\";s:10:\"brand_name\";s:3:\"RDK\";s:9:\"brand_pic\";s:35:\"shop/brand/04398091763582415_sm.jpg\";}i:104;a:3:{s:8:\"brand_id\";s:3:\"104\";s:10:\"brand_name\";s:6:\"esprit\";s:9:\"brand_pic\";s:35:\"shop/brand/04398090828687339_sm.jpg\";}i:83;a:3:{s:8:\"brand_id\";s:2:\"83\";s:10:\"brand_name\";s:9:\"秀秀美\";s:9:\"brand_pic\";s:35:\"shop/brand/04397471716977022_sm.jpg\";}i:85;a:3:{s:8:\"brand_id\";s:2:\"85\";s:10:\"brand_name\";s:6:\"猫人\";s:9:\"brand_pic\";s:35:\"shop/brand/04397472152849925_sm.jpg\";}i:87;a:3:{s:8:\"brand_id\";s:2:\"87\";s:10:\"brand_name\";s:11:\"Hanes恒适\";s:9:\"brand_pic\";s:35:\"shop/brand/04397472577467506_sm.jpg\";}i:80;a:3:{s:8:\"brand_id\";s:2:\"80\";s:10:\"brand_name\";s:7:\"享爱.\";s:9:\"brand_pic\";s:35:\"shop/brand/04397468934349942_sm.jpg\";}i:81;a:3:{s:8:\"brand_id\";s:2:\"81\";s:10:\"brand_name\";s:9:\"派丽蒙\";s:9:\"brand_pic\";s:35:\"shop/brand/04397469152627878_sm.jpg\";}i:82;a:3:{s:8:\"brand_id\";s:2:\"82\";s:10:\"brand_name\";s:9:\"康妮雅\";s:9:\"brand_pic\";s:35:\"shop/brand/04397471448679692_sm.jpg\";}}','品牌推荐'),(21,2,'array','tit','a:5:{s:3:\"pic\";s:28:\"shop/editor/web-2-21.png?920\";s:3:\"url\";s:0:\"\";s:4:\"type\";s:3:\"txt\";s:5:\"floor\";s:2:\"2F\";s:5:\"title\";s:12:\"精品男装\";}','标题图片'),(22,2,'array','category_list','a:1:{s:11:\"goods_class\";a:12:{i:1140;a:2:{s:5:\"gc_id\";s:4:\"1140\";s:7:\"gc_name\";s:6:\"衬衫\";}i:1141;a:2:{s:5:\"gc_id\";s:4:\"1141\";s:7:\"gc_name\";s:4:\"T恤\";}i:1142;a:2:{s:5:\"gc_id\";s:4:\"1142\";s:7:\"gc_name\";s:7:\"POLO衫\";}i:1144;a:2:{s:5:\"gc_id\";s:4:\"1144\";s:7:\"gc_name\";s:6:\"卫衣\";}i:1530;a:2:{s:5:\"gc_id\";s:4:\"1530\";s:7:\"gc_name\";s:6:\"唐装\";}i:1150;a:2:{s:5:\"gc_id\";s:4:\"1150\";s:7:\"gc_name\";s:6:\"西裤\";}i:1151;a:2:{s:5:\"gc_id\";s:4:\"1151\";s:7:\"gc_name\";s:9:\"休闲裤\";}i:1152;a:2:{s:5:\"gc_id\";s:4:\"1152\";s:7:\"gc_name\";s:9:\"牛仔裤\";}i:1158;a:2:{s:5:\"gc_id\";s:4:\"1158\";s:7:\"gc_name\";s:6:\"卫裤\";}i:1373;a:2:{s:5:\"gc_id\";s:4:\"1373\";s:7:\"gc_name\";s:9:\"九分裤\";}i:1442;a:2:{s:5:\"gc_id\";s:4:\"1442\";s:7:\"gc_name\";s:6:\"短裤\";}i:1300;a:2:{s:5:\"gc_id\";s:4:\"1300\";s:7:\"gc_name\";s:11:\"T恤/背心\";}}}','推荐分类'),(23,2,'array','act','a:4:{s:3:\"pic\";s:28:\"shop/editor/web-2-23.jpg?343\";s:4:\"type\";s:3:\"pic\";s:5:\"title\";s:21:\"出游服装五折起\";s:3:\"url\";s:27:\"http://www.telaigou.cn/shop\";}','活动图片'),(25,2,'array','recommend_list','a:1:{i:1;a:2:{s:9:\"recommend\";a:1:{s:4:\"name\";s:12:\"商品推荐\";}s:8:\"pic_list\";a:9:{i:31;a:4:{s:6:\"pic_id\";s:2:\"31\";s:8:\"pic_name\";s:0:\"\";s:7:\"pic_url\";s:0:\"\";s:7:\"pic_img\";s:33:\"shop/editor/web-2-25-1-31.jpg?959\";}i:32;a:4:{s:6:\"pic_id\";s:2:\"32\";s:8:\"pic_name\";s:0:\"\";s:7:\"pic_url\";s:0:\"\";s:7:\"pic_img\";s:33:\"shop/editor/web-2-25-1-32.jpg?131\";}i:33;a:4:{s:6:\"pic_id\";s:2:\"33\";s:8:\"pic_name\";s:0:\"\";s:7:\"pic_url\";s:0:\"\";s:7:\"pic_img\";s:33:\"shop/editor/web-2-25-1-33.jpg?984\";}i:34;a:4:{s:6:\"pic_id\";s:2:\"34\";s:8:\"pic_name\";s:0:\"\";s:7:\"pic_url\";s:0:\"\";s:7:\"pic_img\";s:33:\"shop/editor/web-2-25-1-34.jpg?246\";}i:11;a:4:{s:6:\"pic_id\";s:2:\"11\";s:8:\"pic_name\";s:0:\"\";s:7:\"pic_url\";s:0:\"\";s:7:\"pic_img\";s:33:\"shop/editor/web-2-25-1-11.jpg?694\";}i:12;a:4:{s:6:\"pic_id\";s:2:\"12\";s:8:\"pic_name\";s:0:\"\";s:7:\"pic_url\";s:0:\"\";s:7:\"pic_img\";s:33:\"shop/editor/web-2-25-1-12.jpg?135\";}i:21;a:4:{s:6:\"pic_id\";s:2:\"21\";s:8:\"pic_name\";s:0:\"\";s:7:\"pic_url\";s:0:\"\";s:7:\"pic_img\";s:33:\"shop/editor/web-2-25-1-21.jpg?852\";}i:24;a:4:{s:6:\"pic_id\";s:2:\"24\";s:8:\"pic_name\";s:0:\"\";s:7:\"pic_url\";s:0:\"\";s:7:\"pic_img\";s:33:\"shop/editor/web-2-25-1-24.jpg?645\";}i:14;a:4:{s:6:\"pic_id\";s:2:\"14\";s:8:\"pic_name\";s:0:\"\";s:7:\"pic_url\";s:0:\"\";s:7:\"pic_img\";s:33:\"shop/editor/web-2-25-1-14.jpg?588\";}}}}','商品推荐'),(28,2,'array','adv','a:3:{i:1;a:4:{s:6:\"pic_id\";s:1:\"1\";s:8:\"pic_name\";s:45:\"冬装可拆卸帽可拆卸袖百搭羽绒服\";s:7:\"pic_url\";s:77:\"http://demo.33hao.com/shop/index.php?act=search&amp;op=index&amp;cate_id=1112\";s:7:\"pic_img\";s:30:\"shop/editor/web-2-28-1.png?688\";}i:2;a:4:{s:6:\"pic_id\";s:1:\"2\";s:8:\"pic_name\";s:57:\"冬新品男士羊毛衫圆领套头毛衫蓝色针织衫\";s:7:\"pic_url\";s:77:\"http://demo.33hao.com/shop/index.php?act=search&amp;op=index&amp;cate_id=1100\";s:7:\"pic_img\";s:30:\"shop/editor/web-2-28-2.png?755\";}i:3;a:4:{s:8:\"pic_name\";s:57:\"冬装新品卡其色翻领男式羊毛呢大衣中长款\";s:7:\"pic_url\";s:77:\"http://demo.33hao.com/shop/index.php?act=search&amp;op=index&amp;cate_id=1100\";s:6:\"pic_id\";s:1:\"3\";s:7:\"pic_img\";s:30:\"shop/editor/web-2-28-3.png?557\";}}','广告图片'),(29,2,'array','brand_list','a:8:{i:104;a:3:{s:8:\"brand_id\";s:3:\"104\";s:10:\"brand_name\";s:6:\"esprit\";s:9:\"brand_pic\";s:35:\"shop/brand/04398090828687339_sm.jpg\";}i:102;a:3:{s:8:\"brand_id\";s:3:\"102\";s:10:\"brand_name\";s:11:\"她他/tata\";s:9:\"brand_pic\";s:35:\"shop/brand/04398090459092275_sm.jpg\";}i:99;a:3:{s:8:\"brand_id\";s:2:\"99\";s:10:\"brand_name\";s:9:\"梦特娇\";s:9:\"brand_pic\";s:35:\"shop/brand/04398089942879365_sm.jpg\";}i:96;a:3:{s:8:\"brand_id\";s:2:\"96\";s:10:\"brand_name\";s:9:\"佐丹奴\";s:9:\"brand_pic\";s:35:\"shop/brand/04398089412399747_sm.jpg\";}i:90;a:3:{s:8:\"brand_id\";s:2:\"90\";s:10:\"brand_name\";s:9:\"金利来\";s:9:\"brand_pic\";s:35:\"shop/brand/04397473042647991_sm.jpg\";}i:84;a:3:{s:8:\"brand_id\";s:2:\"84\";s:10:\"brand_name\";s:12:\"阿迪达斯\";s:9:\"brand_pic\";s:35:\"shop/brand/04397471910652190_sm.jpg\";}i:85;a:3:{s:8:\"brand_id\";s:2:\"85\";s:10:\"brand_name\";s:6:\"猫人\";s:9:\"brand_pic\";s:35:\"shop/brand/04397472152849925_sm.jpg\";}i:95;a:3:{s:8:\"brand_id\";s:2:\"95\";s:10:\"brand_name\";s:6:\"李宁\";s:9:\"brand_pic\";s:35:\"shop/brand/04398089270610035_sm.jpg\";}}','品牌推荐'),(31,3,'array','tit','a:5:{s:3:\"pic\";s:0:\"\";s:3:\"url\";s:0:\"\";s:4:\"type\";s:3:\"txt\";s:5:\"floor\";s:2:\"3F\";s:5:\"title\";s:12:\"时尚鞋靴\";}','标题图片'),(32,3,'array','category_list','a:1:{s:11:\"goods_class\";a:13:{i:1160;a:2:{s:5:\"gc_id\";s:4:\"1160\";s:7:\"gc_name\";s:6:\"单鞋\";}i:1161;a:2:{s:5:\"gc_id\";s:4:\"1161\";s:7:\"gc_name\";s:9:\"平底鞋\";}i:1165;a:2:{s:5:\"gc_id\";s:4:\"1165\";s:7:\"gc_name\";s:9:\"帆布鞋\";}i:1425;a:2:{s:5:\"gc_id\";s:4:\"1425\";s:7:\"gc_name\";s:9:\"内增高\";}i:1428;a:2:{s:5:\"gc_id\";s:4:\"1428\";s:7:\"gc_name\";s:6:\"凉鞋\";}i:1472;a:2:{s:5:\"gc_id\";s:4:\"1472\";s:7:\"gc_name\";s:6:\"拖鞋\";}i:1175;a:2:{s:5:\"gc_id\";s:4:\"1175\";s:7:\"gc_name\";s:9:\"休闲鞋\";}i:1176;a:2:{s:5:\"gc_id\";s:4:\"1176\";s:7:\"gc_name\";s:9:\"正装鞋\";}i:1177;a:2:{s:5:\"gc_id\";s:4:\"1177\";s:7:\"gc_name\";s:9:\"商务鞋\";}i:1182;a:2:{s:5:\"gc_id\";s:4:\"1182\";s:7:\"gc_name\";s:6:\"板鞋\";}i:1534;a:2:{s:5:\"gc_id\";s:4:\"1534\";s:7:\"gc_name\";s:6:\"短靴\";}i:1536;a:2:{s:5:\"gc_id\";s:4:\"1536\";s:7:\"gc_name\";s:9:\"马丁靴\";}i:1549;a:2:{s:5:\"gc_id\";s:4:\"1549\";s:7:\"gc_name\";s:6:\"雨靴\";}}}','推荐分类'),(33,3,'array','act','a:4:{s:3:\"pic\";s:28:\"shop/editor/web-3-33.png?575\";s:4:\"type\";s:3:\"pic\";s:5:\"title\";s:0:\"\";s:3:\"url\";s:27:\"http://www.telaigou.cn/shop\";}','活动图片'),(35,3,'array','recommend_list','a:1:{i:1;a:2:{s:9:\"recommend\";a:1:{s:4:\"name\";s:12:\"商品推荐\";}s:8:\"pic_list\";a:9:{i:11;a:4:{s:6:\"pic_id\";s:2:\"11\";s:8:\"pic_name\";s:0:\"\";s:7:\"pic_url\";s:77:\"http://demo.33hao.com/shop/index.php?act=search&amp;op=index&amp;cate_id=1109\";s:7:\"pic_img\";s:33:\"shop/editor/web-3-35-1-11.jpg?136\";}i:12;a:4:{s:6:\"pic_id\";s:2:\"12\";s:8:\"pic_name\";s:0:\"\";s:7:\"pic_url\";s:77:\"http://demo.33hao.com/shop/index.php?act=search&amp;op=index&amp;cate_id=1109\";s:7:\"pic_img\";s:33:\"shop/editor/web-3-35-1-12.jpg?270\";}i:21;a:4:{s:6:\"pic_id\";s:2:\"21\";s:8:\"pic_name\";s:0:\"\";s:7:\"pic_url\";s:0:\"\";s:7:\"pic_img\";s:33:\"shop/editor/web-3-35-1-21.jpg?361\";}i:24;a:4:{s:6:\"pic_id\";s:2:\"24\";s:8:\"pic_name\";s:0:\"\";s:7:\"pic_url\";s:0:\"\";s:7:\"pic_img\";s:33:\"shop/editor/web-3-35-1-24.jpg?112\";}i:14;a:4:{s:6:\"pic_id\";s:2:\"14\";s:8:\"pic_name\";s:0:\"\";s:7:\"pic_url\";s:0:\"\";s:7:\"pic_img\";s:33:\"shop/editor/web-3-35-1-14.jpg?395\";}i:31;a:4:{s:6:\"pic_id\";s:2:\"31\";s:8:\"pic_name\";s:0:\"\";s:7:\"pic_url\";s:77:\"http://demo.33hao.com/shop/index.php?act=search&amp;op=index&amp;cate_id=1109\";s:7:\"pic_img\";s:33:\"shop/editor/web-3-35-1-31.jpg?822\";}i:32;a:4:{s:6:\"pic_id\";s:2:\"32\";s:8:\"pic_name\";s:0:\"\";s:7:\"pic_url\";s:77:\"http://demo.33hao.com/shop/index.php?act=search&amp;op=index&amp;cate_id=1109\";s:7:\"pic_img\";s:33:\"shop/editor/web-3-35-1-32.jpg?894\";}i:33;a:4:{s:6:\"pic_id\";s:2:\"33\";s:8:\"pic_name\";s:0:\"\";s:7:\"pic_url\";s:77:\"http://demo.33hao.com/shop/index.php?act=search&amp;op=index&amp;cate_id=1109\";s:7:\"pic_img\";s:33:\"shop/editor/web-3-35-1-33.jpg?259\";}i:34;a:4:{s:6:\"pic_id\";s:2:\"34\";s:8:\"pic_name\";s:0:\"\";s:7:\"pic_url\";s:77:\"http://demo.33hao.com/shop/index.php?act=search&amp;op=index&amp;cate_id=1109\";s:7:\"pic_img\";s:33:\"shop/editor/web-3-35-1-34.jpg?192\";}}}}','商品推荐'),(38,3,'array','adv','a:3:{i:2;a:4:{s:6:\"pic_id\";s:1:\"2\";s:8:\"pic_name\";s:30:\"冬季新款骑士靴棉靴子\";s:7:\"pic_url\";s:77:\"http://demo.33hao.com/shop/index.php?act=search&amp;op=index&amp;cate_id=1109\";s:7:\"pic_img\";s:30:\"shop/editor/web-3-38-2.png?328\";}i:3;a:4:{s:6:\"pic_id\";s:1:\"3\";s:8:\"pic_name\";s:27:\"时尚平底铆钉短靴子\";s:7:\"pic_url\";s:77:\"http://demo.33hao.com/shop/index.php?act=search&amp;op=index&amp;cate_id=1109\";s:7:\"pic_img\";s:30:\"shop/editor/web-3-38-3.png?218\";}i:5;a:4:{s:8:\"pic_name\";s:36:\"新款粗跟圆头加绒短靴裸靴\";s:7:\"pic_url\";s:77:\"http://demo.33hao.com/shop/index.php?act=search&amp;op=index&amp;cate_id=1109\";s:6:\"pic_id\";s:1:\"5\";s:7:\"pic_img\";s:30:\"shop/editor/web-3-38-5.png?708\";}}','广告图片'),(39,3,'array','brand_list','a:8:{i:105;a:3:{s:8:\"brand_id\";s:3:\"105\";s:10:\"brand_name\";s:8:\"westside\";s:9:\"brand_pic\";s:35:\"shop/brand/04398090975832253_sm.jpg\";}i:104;a:3:{s:8:\"brand_id\";s:3:\"104\";s:10:\"brand_name\";s:6:\"esprit\";s:9:\"brand_pic\";s:35:\"shop/brand/04398090828687339_sm.jpg\";}i:103;a:3:{s:8:\"brand_id\";s:3:\"103\";s:10:\"brand_name\";s:9:\"ELLE HOME\";s:9:\"brand_pic\";s:35:\"shop/brand/04398090611386532_sm.jpg\";}i:102;a:3:{s:8:\"brand_id\";s:3:\"102\";s:10:\"brand_name\";s:11:\"她他/tata\";s:9:\"brand_pic\";s:35:\"shop/brand/04398090459092275_sm.jpg\";}i:101;a:3:{s:8:\"brand_id\";s:3:\"101\";s:10:\"brand_name\";s:6:\"爱帝\";s:9:\"brand_pic\";s:35:\"shop/brand/04398090218578648_sm.jpg\";}i:98;a:3:{s:8:\"brand_id\";s:2:\"98\";s:10:\"brand_name\";s:12:\"斯波帝卡\";s:9:\"brand_pic\";s:35:\"shop/brand/04398089726299223_sm.jpg\";}i:97;a:3:{s:8:\"brand_id\";s:2:\"97\";s:10:\"brand_name\";s:9:\"百思图\";s:9:\"brand_pic\";s:35:\"shop/brand/04398089574801901_sm.jpg\";}i:100;a:3:{s:8:\"brand_id\";s:3:\"100\";s:10:\"brand_name\";s:6:\"宝姿\";s:9:\"brand_pic\";s:35:\"shop/brand/04398090061006740_sm.jpg\";}}','品牌推荐'),(41,4,'array','tit','a:5:{s:3:\"pic\";s:0:\"\";s:3:\"url\";s:0:\"\";s:4:\"type\";s:3:\"txt\";s:5:\"floor\";s:2:\"4F\";s:5:\"title\";s:12:\"美妆护肤\";}','标题图片'),(42,4,'array','category_list','a:1:{s:11:\"goods_class\";a:12:{i:1183;a:2:{s:5:\"gc_id\";s:4:\"1183\";s:7:\"gc_name\";s:6:\"洁面\";}i:1184;a:2:{s:5:\"gc_id\";s:4:\"1184\";s:7:\"gc_name\";s:6:\"面膜\";}i:1185;a:2:{s:5:\"gc_id\";s:4:\"1185\";s:7:\"gc_name\";s:9:\"化妆水\";}i:1186;a:2:{s:5:\"gc_id\";s:4:\"1186\";s:7:\"gc_name\";s:6:\"精华\";}i:1187;a:2:{s:5:\"gc_id\";s:4:\"1187\";s:7:\"gc_name\";s:6:\"乳液\";}i:1188;a:2:{s:5:\"gc_id\";s:4:\"1188\";s:7:\"gc_name\";s:6:\"面霜\";}i:1189;a:2:{s:5:\"gc_id\";s:4:\"1189\";s:7:\"gc_name\";s:6:\"眼霜\";}i:1498;a:2:{s:5:\"gc_id\";s:4:\"1498\";s:7:\"gc_name\";s:6:\"防晒\";}i:1501;a:2:{s:5:\"gc_id\";s:4:\"1501\";s:7:\"gc_name\";s:12:\"护肤套装\";}i:1225;a:2:{s:5:\"gc_id\";s:4:\"1225\";s:7:\"gc_name\";s:6:\"卸妆\";}i:1227;a:2:{s:5:\"gc_id\";s:4:\"1227\";s:7:\"gc_name\";s:5:\"BB霜\";}i:1508;a:2:{s:5:\"gc_id\";s:4:\"1508\";s:7:\"gc_name\";s:12:\"彩妆套装\";}}}','推荐分类'),(43,4,'array','act','a:4:{s:3:\"pic\";s:28:\"shop/editor/web-4-43.jpg?581\";s:4:\"type\";s:3:\"pic\";s:5:\"title\";s:0:\"\";s:3:\"url\";s:27:\"http://www.telaigou.cn/shop\";}','活动图片'),(45,4,'array','recommend_list','a:1:{i:2;a:2:{s:9:\"recommend\";a:1:{s:4:\"name\";s:12:\"商品推荐\";}s:8:\"pic_list\";a:9:{i:14;a:4:{s:8:\"pic_name\";s:0:\"\";s:7:\"pic_url\";s:0:\"\";s:6:\"pic_id\";s:2:\"14\";s:7:\"pic_img\";s:33:\"shop/editor/web-4-45-2-14.png?467\";}i:11;a:4:{s:8:\"pic_name\";s:0:\"\";s:7:\"pic_url\";s:0:\"\";s:6:\"pic_id\";s:2:\"11\";s:7:\"pic_img\";s:33:\"shop/editor/web-4-45-2-11.jpg?532\";}i:12;a:4:{s:8:\"pic_name\";s:0:\"\";s:7:\"pic_url\";s:77:\"http://demo.33hao.com/shop/index.php?act=search&amp;op=index&amp;cate_id=1109\";s:6:\"pic_id\";s:2:\"12\";s:7:\"pic_img\";s:33:\"shop/editor/web-4-45-2-12.jpg?965\";}i:21;a:4:{s:8:\"pic_name\";s:0:\"\";s:7:\"pic_url\";s:0:\"\";s:6:\"pic_id\";s:2:\"21\";s:7:\"pic_img\";s:33:\"shop/editor/web-4-45-2-21.jpg?449\";}i:24;a:4:{s:8:\"pic_name\";s:0:\"\";s:7:\"pic_url\";s:0:\"\";s:6:\"pic_id\";s:2:\"24\";s:7:\"pic_img\";s:33:\"shop/editor/web-4-45-2-24.jpg?629\";}i:31;a:4:{s:8:\"pic_name\";s:0:\"\";s:7:\"pic_url\";s:0:\"\";s:6:\"pic_id\";s:2:\"31\";s:7:\"pic_img\";s:33:\"shop/editor/web-4-45-2-31.jpg?561\";}i:33;a:4:{s:8:\"pic_name\";s:0:\"\";s:7:\"pic_url\";s:0:\"\";s:6:\"pic_id\";s:2:\"33\";s:7:\"pic_img\";s:33:\"shop/editor/web-4-45-2-33.jpg?573\";}i:34;a:4:{s:8:\"pic_name\";s:0:\"\";s:7:\"pic_url\";s:0:\"\";s:6:\"pic_id\";s:2:\"34\";s:7:\"pic_img\";s:33:\"shop/editor/web-4-45-2-34.jpg?625\";}i:32;a:4:{s:8:\"pic_name\";s:0:\"\";s:7:\"pic_url\";s:0:\"\";s:6:\"pic_id\";s:2:\"32\";s:7:\"pic_img\";s:33:\"shop/editor/web-4-45-2-32.jpg?189\";}}}}','商品推荐'),(48,4,'array','adv','a:3:{i:1;a:4:{s:6:\"pic_id\";s:1:\"1\";s:8:\"pic_name\";s:0:\"\";s:7:\"pic_url\";s:0:\"\";s:7:\"pic_img\";s:30:\"shop/editor/web-4-48-1.jpg?202\";}i:4;a:4:{s:6:\"pic_id\";s:1:\"4\";s:8:\"pic_name\";s:0:\"\";s:7:\"pic_url\";s:0:\"\";s:7:\"pic_img\";s:30:\"shop/editor/web-4-48-4.jpg?901\";}i:2;a:4:{s:8:\"pic_name\";s:18:\"海飞丝洗发露\";s:7:\"pic_url\";s:77:\"http://demo.33hao.com/shop/index.php?act=search&amp;op=index&amp;cate_id=1111\";s:6:\"pic_id\";s:1:\"2\";s:7:\"pic_img\";s:30:\"shop/editor/web-4-48-2.png?560\";}}','广告图片'),(49,4,'array','brand_list','a:7:{i:102;a:3:{s:8:\"brand_id\";s:3:\"102\";s:10:\"brand_name\";s:11:\"她他/tata\";s:9:\"brand_pic\";s:35:\"shop/brand/04398090459092275_sm.jpg\";}i:104;a:3:{s:8:\"brand_id\";s:3:\"104\";s:10:\"brand_name\";s:6:\"esprit\";s:9:\"brand_pic\";s:35:\"shop/brand/04398090828687339_sm.jpg\";}i:106;a:3:{s:8:\"brand_id\";s:3:\"106\";s:10:\"brand_name\";s:3:\"RDK\";s:9:\"brand_pic\";s:35:\"shop/brand/04398091763582415_sm.jpg\";}i:86;a:3:{s:8:\"brand_id\";s:2:\"86\";s:10:\"brand_name\";s:17:\"茵曼（INMAN）\";s:9:\"brand_pic\";s:35:\"shop/brand/04397472336312422_sm.jpg\";}i:88;a:3:{s:8:\"brand_id\";s:2:\"88\";s:10:\"brand_name\";s:6:\"缪诗\";s:9:\"brand_pic\";s:35:\"shop/brand/04397472716852803_sm.jpg\";}i:85;a:3:{s:8:\"brand_id\";s:2:\"85\";s:10:\"brand_name\";s:6:\"猫人\";s:9:\"brand_pic\";s:35:\"shop/brand/04397472152849925_sm.jpg\";}i:80;a:3:{s:8:\"brand_id\";s:2:\"80\";s:10:\"brand_name\";s:7:\"享爱.\";s:9:\"brand_pic\";s:35:\"shop/brand/04397468934349942_sm.jpg\";}}','品牌推荐'),(51,5,'array','tit','a:5:{s:3:\"pic\";s:0:\"\";s:3:\"url\";s:0:\"\";s:4:\"type\";s:3:\"txt\";s:5:\"floor\";s:2:\"5F\";s:5:\"title\";s:12:\"箱包皮具\";}','标题图片'),(52,5,'array','category_list','a:1:{s:11:\"goods_class\";a:13:{i:1195;a:2:{s:5:\"gc_id\";s:4:\"1195\";s:7:\"gc_name\";s:9:\"手提包\";}i:1196;a:2:{s:5:\"gc_id\";s:4:\"1196\";s:7:\"gc_name\";s:9:\"单肩包\";}i:1224;a:2:{s:5:\"gc_id\";s:4:\"1224\";s:7:\"gc_name\";s:9:\"双肩包\";}i:1304;a:2:{s:5:\"gc_id\";s:4:\"1304\";s:7:\"gc_name\";s:9:\"斜挎包\";}i:1198;a:2:{s:5:\"gc_id\";s:4:\"1198\";s:7:\"gc_name\";s:9:\"商务包\";}i:1311;a:2:{s:5:\"gc_id\";s:4:\"1311\";s:7:\"gc_name\";s:9:\"休闲包\";}i:1312;a:2:{s:5:\"gc_id\";s:4:\"1312\";s:7:\"gc_name\";s:9:\"公文包\";}i:1193;a:2:{s:5:\"gc_id\";s:4:\"1193\";s:7:\"gc_name\";s:12:\"女士钱包\";}i:1197;a:2:{s:5:\"gc_id\";s:4:\"1197\";s:7:\"gc_name\";s:12:\"男士钱包\";}i:1568;a:2:{s:5:\"gc_id\";s:4:\"1568\";s:7:\"gc_name\";s:9:\"旅行包\";}i:1322;a:2:{s:5:\"gc_id\";s:4:\"1322\";s:7:\"gc_name\";s:9:\"行李箱\";}i:1323;a:2:{s:5:\"gc_id\";s:4:\"1323\";s:7:\"gc_name\";s:9:\"拉杆箱\";}i:1324;a:2:{s:5:\"gc_id\";s:4:\"1324\";s:7:\"gc_name\";s:9:\"旅行箱\";}}}','推荐分类'),(53,5,'array','act','a:4:{s:3:\"pic\";s:28:\"shop/editor/web-5-53.png?994\";s:4:\"type\";s:3:\"pic\";s:5:\"title\";s:0:\"\";s:3:\"url\";s:77:\"http://demo.33hao.com/shop/index.php?act=search&amp;op=index&amp;cate_id=1110\";}','活动图片'),(55,5,'array','recommend_list','a:1:{i:1;a:2:{s:9:\"recommend\";a:1:{s:4:\"name\";s:12:\"商品推荐\";}s:8:\"pic_list\";a:9:{i:14;a:4:{s:8:\"pic_name\";s:0:\"\";s:7:\"pic_url\";s:0:\"\";s:6:\"pic_id\";s:2:\"14\";s:7:\"pic_img\";s:33:\"shop/editor/web-5-55-1-14.jpg?296\";}i:11;a:4:{s:8:\"pic_name\";s:0:\"\";s:7:\"pic_url\";s:0:\"\";s:6:\"pic_id\";s:2:\"11\";s:7:\"pic_img\";s:33:\"shop/editor/web-5-55-1-11.jpg?978\";}i:12;a:4:{s:8:\"pic_name\";s:0:\"\";s:7:\"pic_url\";s:0:\"\";s:6:\"pic_id\";s:2:\"12\";s:7:\"pic_img\";s:33:\"shop/editor/web-5-55-1-12.jpg?770\";}i:21;a:4:{s:8:\"pic_name\";s:0:\"\";s:7:\"pic_url\";s:0:\"\";s:6:\"pic_id\";s:2:\"21\";s:7:\"pic_img\";s:33:\"shop/editor/web-5-55-1-21.jpg?364\";}i:24;a:4:{s:8:\"pic_name\";s:0:\"\";s:7:\"pic_url\";s:0:\"\";s:6:\"pic_id\";s:2:\"24\";s:7:\"pic_img\";s:33:\"shop/editor/web-5-55-1-24.jpg?393\";}i:31;a:4:{s:8:\"pic_name\";s:0:\"\";s:7:\"pic_url\";s:0:\"\";s:6:\"pic_id\";s:2:\"31\";s:7:\"pic_img\";s:33:\"shop/editor/web-5-55-1-31.jpg?165\";}i:32;a:4:{s:8:\"pic_name\";s:0:\"\";s:7:\"pic_url\";s:0:\"\";s:6:\"pic_id\";s:2:\"32\";s:7:\"pic_img\";s:33:\"shop/editor/web-5-55-1-32.jpg?495\";}i:33;a:4:{s:8:\"pic_name\";s:0:\"\";s:7:\"pic_url\";s:0:\"\";s:6:\"pic_id\";s:2:\"33\";s:7:\"pic_img\";s:33:\"shop/editor/web-5-55-1-33.jpg?687\";}i:34;a:4:{s:8:\"pic_name\";s:0:\"\";s:7:\"pic_url\";s:0:\"\";s:6:\"pic_id\";s:2:\"34\";s:7:\"pic_img\";s:33:\"shop/editor/web-5-55-1-34.jpg?363\";}}}}','商品推荐'),(58,5,'array','adv','a:2:{i:1;a:4:{s:6:\"pic_id\";s:1:\"1\";s:8:\"pic_name\";s:0:\"\";s:7:\"pic_url\";s:0:\"\";s:7:\"pic_img\";s:30:\"shop/editor/web-5-58-1.jpg?965\";}i:2;a:4:{s:6:\"pic_id\";s:1:\"2\";s:8:\"pic_name\";s:0:\"\";s:7:\"pic_url\";s:0:\"\";s:7:\"pic_img\";s:30:\"shop/editor/web-5-58-2.jpg?837\";}}','广告图片'),(59,5,'array','brand_list','a:8:{i:366;a:3:{s:8:\"brand_id\";s:3:\"366\";s:10:\"brand_name\";s:9:\"摩伊拉\";s:9:\"brand_pic\";s:38:\"shop/brand/04847455077997907_small.png\";}i:93;a:3:{s:8:\"brand_id\";s:2:\"93\";s:10:\"brand_name\";s:6:\"百丽\";s:9:\"brand_pic\";s:35:\"shop/brand/04398088925179484_sm.png\";}i:96;a:3:{s:8:\"brand_id\";s:2:\"96\";s:10:\"brand_name\";s:9:\"佐丹奴\";s:9:\"brand_pic\";s:35:\"shop/brand/04398089412399747_sm.jpg\";}i:91;a:3:{s:8:\"brand_id\";s:2:\"91\";s:10:\"brand_name\";s:6:\"其乐\";s:9:\"brand_pic\";s:35:\"shop/brand/04397473331842699_sm.jpg\";}i:81;a:3:{s:8:\"brand_id\";s:2:\"81\";s:10:\"brand_name\";s:9:\"派丽蒙\";s:9:\"brand_pic\";s:35:\"shop/brand/04397469152627878_sm.jpg\";}i:83;a:3:{s:8:\"brand_id\";s:2:\"83\";s:10:\"brand_name\";s:9:\"秀秀美\";s:9:\"brand_pic\";s:35:\"shop/brand/04397471716977022_sm.jpg\";}i:80;a:3:{s:8:\"brand_id\";s:2:\"80\";s:10:\"brand_name\";s:7:\"享爱.\";s:9:\"brand_pic\";s:35:\"shop/brand/04397468934349942_sm.jpg\";}i:82;a:3:{s:8:\"brand_id\";s:2:\"82\";s:10:\"brand_name\";s:9:\"康妮雅\";s:9:\"brand_pic\";s:35:\"shop/brand/04397471448679692_sm.jpg\";}}','品牌推荐'),(61,6,'array','tit','a:5:{s:3:\"pic\";s:0:\"\";s:3:\"url\";s:0:\"\";s:4:\"type\";s:3:\"txt\";s:5:\"floor\";s:2:\"6F\";s:5:\"title\";s:12:\"运动户外\";}','标题图片'),(62,6,'array','category_list','a:1:{s:11:\"goods_class\";a:24:{i:1124;a:2:{s:5:\"gc_id\";s:4:\"1124\";s:7:\"gc_name\";s:9:\"运动鞋\";}i:1125;a:2:{s:5:\"gc_id\";s:4:\"1125\";s:7:\"gc_name\";s:9:\"运动服\";}i:1408;a:2:{s:5:\"gc_id\";s:4:\"1408\";s:7:\"gc_name\";s:9:\"户外鞋\";}i:1474;a:2:{s:5:\"gc_id\";s:4:\"1474\";s:7:\"gc_name\";s:9:\"户外服\";}i:1475;a:2:{s:5:\"gc_id\";s:4:\"1475\";s:7:\"gc_name\";s:12:\"冲锋衣裤\";}i:1476;a:2:{s:5:\"gc_id\";s:4:\"1476\";s:7:\"gc_name\";s:12:\"速干衣裤\";}i:1477;a:2:{s:5:\"gc_id\";s:4:\"1477\";s:7:\"gc_name\";s:12:\"抓绒衣裤\";}i:1478;a:2:{s:5:\"gc_id\";s:4:\"1478\";s:7:\"gc_name\";s:12:\"软壳衣裤\";}i:1479;a:2:{s:5:\"gc_id\";s:4:\"1479\";s:7:\"gc_name\";s:4:\"T恤\";}i:1481;a:2:{s:5:\"gc_id\";s:4:\"1481\";s:7:\"gc_name\";s:9:\"滑雪服\";}i:1482;a:2:{s:5:\"gc_id\";s:4:\"1482\";s:7:\"gc_name\";s:12:\"功能内衣\";}i:1220;a:2:{s:5:\"gc_id\";s:4:\"1220\";s:7:\"gc_name\";s:4:\"T恤\";}i:1221;a:2:{s:5:\"gc_id\";s:4:\"1221\";s:7:\"gc_name\";s:6:\"卫衣\";}i:1222;a:2:{s:5:\"gc_id\";s:4:\"1222\";s:7:\"gc_name\";s:9:\"运动裤\";}i:1223;a:2:{s:5:\"gc_id\";s:4:\"1223\";s:7:\"gc_name\";s:12:\"运动套装\";}i:1331;a:2:{s:5:\"gc_id\";s:4:\"1331\";s:7:\"gc_name\";s:9:\"足球服\";}i:1332;a:2:{s:5:\"gc_id\";s:4:\"1332\";s:7:\"gc_name\";s:9:\"篮球服\";}i:1333;a:2:{s:5:\"gc_id\";s:4:\"1333\";s:7:\"gc_name\";s:12:\"风衣夹克\";}i:1334;a:2:{s:5:\"gc_id\";s:4:\"1334\";s:7:\"gc_name\";s:9:\"网羽服\";}i:1335;a:2:{s:5:\"gc_id\";s:4:\"1335\";s:7:\"gc_name\";s:9:\"棒球服\";}i:1415;a:2:{s:5:\"gc_id\";s:4:\"1415\";s:7:\"gc_name\";s:9:\"训练服\";}i:1416;a:2:{s:5:\"gc_id\";s:4:\"1416\";s:7:\"gc_name\";s:9:\"运动帽\";}i:1563;a:2:{s:5:\"gc_id\";s:4:\"1563\";s:7:\"gc_name\";s:12:\"运动手套\";}i:1564;a:2:{s:5:\"gc_id\";s:4:\"1564\";s:7:\"gc_name\";s:9:\"运动袜\";}}}','活动图片'),(63,6,'array','act','a:4:{s:3:\"pic\";s:28:\"shop/editor/web-6-63.png?949\";s:4:\"type\";s:3:\"pic\";s:5:\"title\";s:0:\"\";s:3:\"url\";s:26:\"http://demo.33hao.com/shop\";}','活动图片'),(65,6,'array','recommend_list','a:1:{i:1;a:2:{s:9:\"recommend\";a:1:{s:4:\"name\";s:12:\"商品推荐\";}s:8:\"pic_list\";a:9:{i:14;a:4:{s:8:\"pic_name\";s:0:\"\";s:7:\"pic_url\";s:0:\"\";s:6:\"pic_id\";s:2:\"14\";s:7:\"pic_img\";s:33:\"shop/editor/web-6-65-1-14.jpg?840\";}i:11;a:4:{s:8:\"pic_name\";s:0:\"\";s:7:\"pic_url\";s:0:\"\";s:6:\"pic_id\";s:2:\"11\";s:7:\"pic_img\";s:33:\"shop/editor/web-6-65-1-11.jpg?387\";}i:12;a:4:{s:8:\"pic_name\";s:0:\"\";s:7:\"pic_url\";s:0:\"\";s:6:\"pic_id\";s:2:\"12\";s:7:\"pic_img\";s:33:\"shop/editor/web-6-65-1-12.jpg?513\";}i:21;a:4:{s:8:\"pic_name\";s:0:\"\";s:7:\"pic_url\";s:0:\"\";s:6:\"pic_id\";s:2:\"21\";s:7:\"pic_img\";s:33:\"shop/editor/web-6-65-1-21.jpg?996\";}i:24;a:4:{s:8:\"pic_name\";s:0:\"\";s:7:\"pic_url\";s:0:\"\";s:6:\"pic_id\";s:2:\"24\";s:7:\"pic_img\";s:33:\"shop/editor/web-6-65-1-24.jpg?314\";}i:31;a:4:{s:8:\"pic_name\";s:0:\"\";s:7:\"pic_url\";s:0:\"\";s:6:\"pic_id\";s:2:\"31\";s:7:\"pic_img\";s:33:\"shop/editor/web-6-65-1-31.png?563\";}i:34;a:4:{s:8:\"pic_name\";s:0:\"\";s:7:\"pic_url\";s:0:\"\";s:6:\"pic_id\";s:2:\"34\";s:7:\"pic_img\";s:33:\"shop/editor/web-6-65-1-34.jpg?793\";}i:33;a:4:{s:8:\"pic_name\";s:0:\"\";s:7:\"pic_url\";s:0:\"\";s:6:\"pic_id\";s:2:\"33\";s:7:\"pic_img\";s:33:\"shop/editor/web-6-65-1-33.jpg?841\";}i:32;a:4:{s:8:\"pic_name\";s:0:\"\";s:7:\"pic_url\";s:0:\"\";s:6:\"pic_id\";s:2:\"32\";s:7:\"pic_img\";s:33:\"shop/editor/web-6-65-1-32.png?804\";}}}}','商品推荐'),(68,6,'array','adv','a:2:{i:1;a:4:{s:6:\"pic_id\";s:1:\"1\";s:8:\"pic_name\";s:0:\"\";s:7:\"pic_url\";s:60:\"http://demo.33hao.com/shop/index.php?act=search&amp;op=index\";s:7:\"pic_img\";s:30:\"shop/editor/web-6-68-1.png?180\";}i:2;a:4:{s:8:\"pic_name\";s:0:\"\";s:7:\"pic_url\";s:77:\"http://demo.33hao.com/shop/index.php?act=search&amp;op=index&amp;cate_id=1100\";s:6:\"pic_id\";s:1:\"2\";s:7:\"pic_img\";s:30:\"shop/editor/web-6-68-2.png?492\";}}','广告图片'),(69,6,'array','brand_list','a:7:{i:106;a:3:{s:8:\"brand_id\";s:3:\"106\";s:10:\"brand_name\";s:3:\"RDK\";s:9:\"brand_pic\";s:35:\"shop/brand/04398091763582415_sm.jpg\";}i:105;a:3:{s:8:\"brand_id\";s:3:\"105\";s:10:\"brand_name\";s:8:\"westside\";s:9:\"brand_pic\";s:35:\"shop/brand/04398090975832253_sm.jpg\";}i:104;a:3:{s:8:\"brand_id\";s:3:\"104\";s:10:\"brand_name\";s:6:\"esprit\";s:9:\"brand_pic\";s:35:\"shop/brand/04398090828687339_sm.jpg\";}i:103;a:3:{s:8:\"brand_id\";s:3:\"103\";s:10:\"brand_name\";s:9:\"ELLE HOME\";s:9:\"brand_pic\";s:35:\"shop/brand/04398090611386532_sm.jpg\";}i:100;a:3:{s:8:\"brand_id\";s:3:\"100\";s:10:\"brand_name\";s:6:\"宝姿\";s:9:\"brand_pic\";s:35:\"shop/brand/04398090061006740_sm.jpg\";}i:98;a:3:{s:8:\"brand_id\";s:2:\"98\";s:10:\"brand_name\";s:12:\"斯波帝卡\";s:9:\"brand_pic\";s:35:\"shop/brand/04398089726299223_sm.jpg\";}i:81;a:3:{s:8:\"brand_id\";s:2:\"81\";s:10:\"brand_name\";s:9:\"派丽蒙\";s:9:\"brand_pic\";s:35:\"shop/brand/04397469152627878_sm.jpg\";}}','品牌推荐'),(71,7,'array','tit','a:5:{s:3:\"pic\";s:0:\"\";s:3:\"url\";s:0:\"\";s:4:\"type\";s:3:\"txt\";s:5:\"floor\";s:2:\"7F\";s:5:\"title\";s:12:\"礼品配饰\";}','标题图片'),(72,7,'array','category_list','a:1:{s:11:\"goods_class\";a:21:{i:1203;a:2:{s:5:\"gc_id\";s:4:\"1203\";s:7:\"gc_name\";s:6:\"项链\";}i:1204;a:2:{s:5:\"gc_id\";s:4:\"1204\";s:7:\"gc_name\";s:6:\"戒指\";}i:1205;a:2:{s:5:\"gc_id\";s:4:\"1205\";s:7:\"gc_name\";s:6:\"手镯\";}i:1206;a:2:{s:5:\"gc_id\";s:4:\"1206\";s:7:\"gc_name\";s:6:\"耳饰\";}i:1207;a:2:{s:5:\"gc_id\";s:4:\"1207\";s:7:\"gc_name\";s:6:\"发饰\";}i:1208;a:2:{s:5:\"gc_id\";s:4:\"1208\";s:7:\"gc_name\";s:6:\"手链\";}i:1209;a:2:{s:5:\"gc_id\";s:4:\"1209\";s:7:\"gc_name\";s:9:\"锁骨链\";}i:1210;a:2:{s:5:\"gc_id\";s:4:\"1210\";s:7:\"gc_name\";s:6:\"佛珠\";}i:1211;a:2:{s:5:\"gc_id\";s:4:\"1211\";s:7:\"gc_name\";s:9:\"转运珠\";}i:1212;a:2:{s:5:\"gc_id\";s:4:\"1212\";s:7:\"gc_name\";s:9:\"太阳镜\";}i:1422;a:2:{s:5:\"gc_id\";s:4:\"1422\";s:7:\"gc_name\";s:9:\"护目镜\";}i:1999;a:2:{s:5:\"gc_id\";s:4:\"1999\";s:7:\"gc_name\";s:12:\"情侣饰品\";}i:1213;a:2:{s:5:\"gc_id\";s:4:\"1213\";s:7:\"gc_name\";s:9:\"机械表\";}i:1214;a:2:{s:5:\"gc_id\";s:4:\"1214\";s:7:\"gc_name\";s:9:\"电子表\";}i:1215;a:2:{s:5:\"gc_id\";s:4:\"1215\";s:7:\"gc_name\";s:9:\"石英表\";}i:1336;a:2:{s:5:\"gc_id\";s:4:\"1336\";s:7:\"gc_name\";s:9:\"时装表\";}i:1337;a:2:{s:5:\"gc_id\";s:4:\"1337\";s:7:\"gc_name\";s:9:\"学生表\";}i:1338;a:2:{s:5:\"gc_id\";s:4:\"1338\";s:7:\"gc_name\";s:9:\"运动表\";}i:1339;a:2:{s:5:\"gc_id\";s:4:\"1339\";s:7:\"gc_name\";s:9:\"儿童表\";}i:1340;a:2:{s:5:\"gc_id\";s:4:\"1340\";s:7:\"gc_name\";s:9:\"防水表\";}i:1341;a:2:{s:5:\"gc_id\";s:4:\"1341\";s:7:\"gc_name\";s:9:\"情侣表\";}}}','推荐分类'),(73,7,'array','act','a:4:{s:3:\"pic\";s:28:\"shop/editor/web-7-73.png?848\";s:4:\"type\";s:3:\"pic\";s:5:\"title\";s:0:\"\";s:3:\"url\";s:77:\"http://demo.33hao.com/shop/index.php?act=search&amp;op=index&amp;cate_id=1114\";}','活动图片'),(75,7,'array','recommend_list','a:1:{i:1;a:2:{s:9:\"recommend\";a:1:{s:4:\"name\";s:12:\"商品推荐\";}s:8:\"pic_list\";a:9:{i:14;a:4:{s:8:\"pic_name\";s:0:\"\";s:7:\"pic_url\";s:0:\"\";s:6:\"pic_id\";s:2:\"14\";s:7:\"pic_img\";s:33:\"shop/editor/web-7-75-1-14.jpg?249\";}i:11;a:4:{s:8:\"pic_name\";s:0:\"\";s:7:\"pic_url\";s:0:\"\";s:6:\"pic_id\";s:2:\"11\";s:7:\"pic_img\";s:33:\"shop/editor/web-7-75-1-11.jpg?585\";}i:21;a:4:{s:8:\"pic_name\";s:0:\"\";s:7:\"pic_url\";s:0:\"\";s:6:\"pic_id\";s:2:\"21\";s:7:\"pic_img\";s:33:\"shop/editor/web-7-75-1-21.jpg?331\";}i:24;a:4:{s:8:\"pic_name\";s:0:\"\";s:7:\"pic_url\";s:0:\"\";s:6:\"pic_id\";s:2:\"24\";s:7:\"pic_img\";s:33:\"shop/editor/web-7-75-1-24.jpg?551\";}i:12;a:4:{s:8:\"pic_name\";s:0:\"\";s:7:\"pic_url\";s:0:\"\";s:6:\"pic_id\";s:2:\"12\";s:7:\"pic_img\";s:33:\"shop/editor/web-7-75-1-12.jpg?181\";}i:31;a:4:{s:8:\"pic_name\";s:0:\"\";s:7:\"pic_url\";s:0:\"\";s:6:\"pic_id\";s:2:\"31\";s:7:\"pic_img\";s:33:\"shop/editor/web-7-75-1-31.png?392\";}i:32;a:4:{s:8:\"pic_name\";s:0:\"\";s:7:\"pic_url\";s:0:\"\";s:6:\"pic_id\";s:2:\"32\";s:7:\"pic_img\";s:33:\"shop/editor/web-7-75-1-32.jpg?806\";}i:33;a:4:{s:8:\"pic_name\";s:0:\"\";s:7:\"pic_url\";s:0:\"\";s:6:\"pic_id\";s:2:\"33\";s:7:\"pic_img\";s:33:\"shop/editor/web-7-75-1-33.png?752\";}i:34;a:4:{s:8:\"pic_name\";s:0:\"\";s:7:\"pic_url\";s:0:\"\";s:6:\"pic_id\";s:2:\"34\";s:7:\"pic_img\";s:33:\"shop/editor/web-7-75-1-34.jpg?541\";}}}}','商品推荐'),(78,7,'array','adv','a:2:{i:1;a:4:{s:8:\"pic_name\";s:18:\"七度银饰专场\";s:7:\"pic_url\";s:60:\"http://demo.33hao.com/shop/index.php?act=search&amp;op=index\";s:6:\"pic_id\";s:1:\"1\";s:7:\"pic_img\";s:30:\"shop/editor/web-7-78-1.jpg?446\";}i:2;a:4:{s:6:\"pic_id\";s:1:\"2\";s:8:\"pic_name\";s:18:\"七度银饰专场\";s:7:\"pic_url\";s:79:\"http://demo.33hao.com/shop/index.php?act=goods&amp;op=index&amp;goods_id=102126\";s:7:\"pic_img\";s:30:\"shop/editor/web-7-78-2.png?182\";}}','广告图片'),(79,7,'array','brand_list','a:6:{i:106;a:3:{s:8:\"brand_id\";s:3:\"106\";s:10:\"brand_name\";s:3:\"RDK\";s:9:\"brand_pic\";s:35:\"shop/brand/04398091763582415_sm.jpg\";}i:105;a:3:{s:8:\"brand_id\";s:3:\"105\";s:10:\"brand_name\";s:8:\"westside\";s:9:\"brand_pic\";s:35:\"shop/brand/04398090975832253_sm.jpg\";}i:365;a:3:{s:8:\"brand_id\";s:3:\"365\";s:10:\"brand_name\";s:6:\"柒牌\";s:9:\"brand_pic\";s:38:\"shop/brand/04820158988380844_small.png\";}i:87;a:3:{s:8:\"brand_id\";s:2:\"87\";s:10:\"brand_name\";s:11:\"Hanes恒适\";s:9:\"brand_pic\";s:35:\"shop/brand/04397472577467506_sm.jpg\";}i:88;a:3:{s:8:\"brand_id\";s:2:\"88\";s:10:\"brand_name\";s:6:\"缪诗\";s:9:\"brand_pic\";s:35:\"shop/brand/04397472716852803_sm.jpg\";}i:90;a:3:{s:8:\"brand_id\";s:2:\"90\";s:10:\"brand_name\";s:9:\"金利来\";s:9:\"brand_pic\";s:35:\"shop/brand/04397473042647991_sm.jpg\";}}','品牌推荐'),(81,8,'array','tit','a:5:{s:3:\"pic\";s:0:\"\";s:3:\"url\";s:0:\"\";s:4:\"type\";s:3:\"txt\";s:5:\"floor\";s:2:\"8F\";s:5:\"title\";s:12:\"生活家居\";}','标题图片'),(82,8,'array','category_list','a:1:{s:11:\"goods_class\";a:15:{i:1234;a:2:{s:5:\"gc_id\";s:4:\"1234\";s:7:\"gc_name\";s:9:\"四件套\";}i:1235;a:2:{s:5:\"gc_id\";s:4:\"1235\";s:7:\"gc_name\";s:13:\"被子/被套\";}i:1236;a:2:{s:5:\"gc_id\";s:4:\"1236\";s:7:\"gc_name\";s:13:\"枕头/枕套\";}i:1419;a:2:{s:5:\"gc_id\";s:4:\"1419\";s:7:\"gc_name\";s:6:\"公仔\";}i:1421;a:2:{s:5:\"gc_id\";s:4:\"1421\";s:7:\"gc_name\";s:13:\"凉席/凉枕\";}i:1858;a:2:{s:5:\"gc_id\";s:4:\"1858\";s:7:\"gc_name\";s:16:\"手工/十字绣\";}i:1240;a:2:{s:5:\"gc_id\";s:4:\"1240\";s:7:\"gc_name\";s:12:\"工艺摆件\";}i:1241;a:2:{s:5:\"gc_id\";s:4:\"1241\";s:7:\"gc_name\";s:13:\"花瓶/花器\";}i:1242;a:2:{s:5:\"gc_id\";s:4:\"1242\";s:7:\"gc_name\";s:12:\"仿真花卉\";}i:1243;a:2:{s:5:\"gc_id\";s:4:\"1243\";s:7:\"gc_name\";s:9:\"装饰画\";}i:1352;a:2:{s:5:\"gc_id\";s:4:\"1352\";s:7:\"gc_name\";s:13:\"相架/画框\";}i:1353;a:2:{s:5:\"gc_id\";s:4:\"1353\";s:7:\"gc_name\";s:13:\"闹钟/挂钟\";}i:1354;a:2:{s:5:\"gc_id\";s:4:\"1354\";s:7:\"gc_name\";s:13:\"香薰/蜡烛\";}i:1355;a:2:{s:5:\"gc_id\";s:4:\"1355\";s:7:\"gc_name\";s:12:\"创意家居\";}i:1356;a:2:{s:5:\"gc_id\";s:4:\"1356\";s:7:\"gc_name\";s:12:\"办公用品\";}}}','推荐分类'),(83,8,'array','act','a:4:{s:3:\"pic\";s:28:\"shop/editor/web-8-83.png?171\";s:4:\"type\";s:3:\"pic\";s:5:\"title\";s:0:\"\";s:3:\"url\";s:77:\"http://demo.33hao.com/shop/index.php?act=search&amp;op=index&amp;cate_id=1231\";}','活动图片'),(85,8,'array','recommend_list','a:1:{i:1;a:2:{s:9:\"recommend\";a:1:{s:4:\"name\";s:12:\"商品推荐\";}s:8:\"pic_list\";a:9:{i:14;a:4:{s:8:\"pic_name\";s:0:\"\";s:7:\"pic_url\";s:0:\"\";s:6:\"pic_id\";s:2:\"14\";s:7:\"pic_img\";s:33:\"shop/editor/web-8-85-1-14.jpg?297\";}i:11;a:4:{s:8:\"pic_name\";s:0:\"\";s:7:\"pic_url\";s:0:\"\";s:6:\"pic_id\";s:2:\"11\";s:7:\"pic_img\";s:33:\"shop/editor/web-8-85-1-11.jpg?195\";}i:12;a:4:{s:8:\"pic_name\";s:0:\"\";s:7:\"pic_url\";s:0:\"\";s:6:\"pic_id\";s:2:\"12\";s:7:\"pic_img\";s:33:\"shop/editor/web-8-85-1-12.jpg?235\";}i:31;a:4:{s:8:\"pic_name\";s:0:\"\";s:7:\"pic_url\";s:0:\"\";s:6:\"pic_id\";s:2:\"31\";s:7:\"pic_img\";s:33:\"shop/editor/web-8-85-1-31.jpg?634\";}i:32;a:4:{s:8:\"pic_name\";s:0:\"\";s:7:\"pic_url\";s:0:\"\";s:6:\"pic_id\";s:2:\"32\";s:7:\"pic_img\";s:33:\"shop/editor/web-8-85-1-32.jpg?454\";}i:33;a:4:{s:8:\"pic_name\";s:0:\"\";s:7:\"pic_url\";s:0:\"\";s:6:\"pic_id\";s:2:\"33\";s:7:\"pic_img\";s:33:\"shop/editor/web-8-85-1-33.jpg?689\";}i:34;a:4:{s:8:\"pic_name\";s:0:\"\";s:7:\"pic_url\";s:0:\"\";s:6:\"pic_id\";s:2:\"34\";s:7:\"pic_img\";s:33:\"shop/editor/web-8-85-1-34.jpg?772\";}i:21;a:4:{s:8:\"pic_name\";s:0:\"\";s:7:\"pic_url\";s:0:\"\";s:6:\"pic_id\";s:2:\"21\";s:7:\"pic_img\";s:33:\"shop/editor/web-8-85-1-21.jpg?151\";}i:24;a:4:{s:8:\"pic_name\";s:0:\"\";s:7:\"pic_url\";s:0:\"\";s:6:\"pic_id\";s:2:\"24\";s:7:\"pic_img\";s:33:\"shop/editor/web-8-85-1-24.jpg?459\";}}}}','商品推荐'),(88,8,'array','adv','a:2:{i:2;a:4:{s:6:\"pic_id\";s:1:\"2\";s:8:\"pic_name\";s:0:\"\";s:7:\"pic_url\";s:77:\"http://demo.33hao.com/shop/index.php?act=search&amp;op=index&amp;cate_id=1109\";s:7:\"pic_img\";s:30:\"shop/editor/web-8-88-2.jpg?934\";}i:3;a:4:{s:6:\"pic_id\";s:1:\"3\";s:8:\"pic_name\";s:82:\"拉夏贝尔 秋新款女装街头人物印花休闲圆领长袖连衣裙 黑色 S\";s:7:\"pic_url\";s:79:\"http://demo.33hao.com/shop/index.php?act=goods&amp;op=index&amp;goods_id=102126\";s:7:\"pic_img\";s:30:\"shop/editor/web-8-88-3.jpg?885\";}}','广告图片'),(89,8,'array','brand_list','a:8:{i:104;a:3:{s:8:\"brand_id\";s:3:\"104\";s:10:\"brand_name\";s:6:\"esprit\";s:9:\"brand_pic\";s:35:\"shop/brand/04398090828687339_sm.jpg\";}i:103;a:3:{s:8:\"brand_id\";s:3:\"103\";s:10:\"brand_name\";s:9:\"ELLE HOME\";s:9:\"brand_pic\";s:35:\"shop/brand/04398090611386532_sm.jpg\";}i:105;a:3:{s:8:\"brand_id\";s:3:\"105\";s:10:\"brand_name\";s:8:\"westside\";s:9:\"brand_pic\";s:35:\"shop/brand/04398090975832253_sm.jpg\";}i:106;a:3:{s:8:\"brand_id\";s:3:\"106\";s:10:\"brand_name\";s:3:\"RDK\";s:9:\"brand_pic\";s:35:\"shop/brand/04398091763582415_sm.jpg\";}i:92;a:3:{s:8:\"brand_id\";s:2:\"92\";s:10:\"brand_name\";s:10:\"Newbalance\";s:9:\"brand_pic\";s:35:\"shop/brand/04397473633585549_sm.jpg\";}i:91;a:3:{s:8:\"brand_id\";s:2:\"91\";s:10:\"brand_name\";s:6:\"其乐\";s:9:\"brand_pic\";s:35:\"shop/brand/04397473331842699_sm.jpg\";}i:85;a:3:{s:8:\"brand_id\";s:2:\"85\";s:10:\"brand_name\";s:6:\"猫人\";s:9:\"brand_pic\";s:35:\"shop/brand/04397472152849925_sm.jpg\";}i:93;a:3:{s:8:\"brand_id\";s:2:\"93\";s:10:\"brand_name\";s:6:\"百丽\";s:9:\"brand_pic\";s:35:\"shop/brand/04398088925179484_sm.png\";}}','品牌推荐'),(101,101,'array','screen_list','a:4:{i:1;a:5:{s:6:\"pic_id\";s:1:\"1\";s:8:\"pic_name\";s:9:\"好商城\";s:7:\"pic_url\";s:77:\"http://demo.33hao.com/shop/index.php?act=search&amp;op=index&amp;cate_id=1100\";s:5:\"color\";s:7:\"#EDD9C0\";s:7:\"pic_img\";s:33:\"shop/editor/web-101-101-1.png?177\";}i:2;a:5:{s:6:\"pic_id\";s:1:\"2\";s:8:\"pic_name\";s:9:\"好商城\";s:7:\"pic_url\";s:67:\"http://demo.33hao.com/shop/index.php?act=show_groupbuy&amp;op=index\";s:5:\"color\";s:7:\"#200772\";s:7:\"pic_img\";s:33:\"shop/editor/web-101-101-2.png?442\";}i:3;a:5:{s:6:\"pic_id\";s:1:\"3\";s:8:\"pic_name\";s:9:\"好商城\";s:7:\"pic_url\";s:67:\"http://demo.33hao.com/shop/index.php?act=show_groupbuy&amp;op=index\";s:5:\"color\";s:7:\"#EFE6DD\";s:7:\"pic_img\";s:33:\"shop/editor/web-101-101-3.png?983\";}i:4;a:5:{s:8:\"pic_name\";s:9:\"好商城\";s:7:\"pic_url\";s:77:\"http://demo.33hao.com/shop/index.php?act=search&amp;op=index&amp;cate_id=1100\";s:5:\"color\";s:7:\"#760907\";s:6:\"pic_id\";s:1:\"4\";s:7:\"pic_img\";s:33:\"shop/editor/web-101-101-4.png?779\";}}','切换大图'),(102,101,'array','focus_list','a:3:{i:1;a:1:{s:8:\"pic_list\";a:4:{i:1;a:4:{s:6:\"pic_id\";s:1:\"1\";s:8:\"pic_name\";s:6:\"测试\";s:7:\"pic_url\";s:60:\"http://demo.33hao.com/shop/index.php?act=search&amp;op=index\";s:7:\"pic_img\";s:35:\"shop/editor/web-101-102-1-1.jpg?306\";}i:2;a:4:{s:6:\"pic_id\";s:1:\"2\";s:8:\"pic_name\";s:6:\"测试\";s:7:\"pic_url\";s:60:\"http://demo.33hao.com/shop/index.php?act=search&amp;op=index\";s:7:\"pic_img\";s:35:\"shop/editor/web-101-102-1-2.jpg?220\";}i:3;a:4:{s:6:\"pic_id\";s:1:\"3\";s:8:\"pic_name\";s:6:\"测试\";s:7:\"pic_url\";s:60:\"http://demo.33hao.com/shop/index.php?act=search&amp;op=index\";s:7:\"pic_img\";s:35:\"shop/editor/web-101-102-1-3.jpg?296\";}i:4;a:4:{s:6:\"pic_id\";s:1:\"4\";s:8:\"pic_name\";s:6:\"测试\";s:7:\"pic_url\";s:60:\"http://demo.33hao.com/shop/index.php?act=search&amp;op=index\";s:7:\"pic_img\";s:35:\"shop/editor/web-101-102-1-4.jpg?752\";}}}i:2;a:1:{s:8:\"pic_list\";a:4:{i:1;a:4:{s:6:\"pic_id\";s:1:\"1\";s:8:\"pic_name\";s:6:\"测试\";s:7:\"pic_url\";s:60:\"http://demo.33hao.com/shop/index.php?act=search&amp;op=index\";s:7:\"pic_img\";s:35:\"shop/editor/web-101-102-2-1.jpg?718\";}i:2;a:4:{s:6:\"pic_id\";s:1:\"2\";s:8:\"pic_name\";s:6:\"测试\";s:7:\"pic_url\";s:60:\"http://demo.33hao.com/shop/index.php?act=search&amp;op=index\";s:7:\"pic_img\";s:35:\"shop/editor/web-101-102-2-2.jpg?967\";}i:3;a:4:{s:6:\"pic_id\";s:1:\"3\";s:8:\"pic_name\";s:6:\"测试\";s:7:\"pic_url\";s:60:\"http://demo.33hao.com/shop/index.php?act=search&amp;op=index\";s:7:\"pic_img\";s:35:\"shop/editor/web-101-102-2-3.jpg?477\";}i:4;a:4:{s:6:\"pic_id\";s:1:\"4\";s:8:\"pic_name\";s:6:\"测试\";s:7:\"pic_url\";s:60:\"http://demo.33hao.com/shop/index.php?act=search&amp;op=index\";s:7:\"pic_img\";s:35:\"shop/editor/web-101-102-2-4.jpg?643\";}}}i:3;a:1:{s:8:\"pic_list\";a:4:{i:1;a:4:{s:6:\"pic_id\";s:1:\"1\";s:8:\"pic_name\";s:6:\"测试\";s:7:\"pic_url\";s:60:\"http://demo.33hao.com/shop/index.php?act=search&amp;op=index\";s:7:\"pic_img\";s:35:\"shop/editor/web-101-102-3-1.jpg?970\";}i:2;a:4:{s:6:\"pic_id\";s:1:\"2\";s:8:\"pic_name\";s:6:\"测试\";s:7:\"pic_url\";s:60:\"http://demo.33hao.com/shop/index.php?act=search&amp;op=index\";s:7:\"pic_img\";s:35:\"shop/editor/web-101-102-3-2.jpg?341\";}i:3;a:4:{s:6:\"pic_id\";s:1:\"3\";s:8:\"pic_name\";s:6:\"测试\";s:7:\"pic_url\";s:60:\"http://demo.33hao.com/shop/index.php?act=search&amp;op=index\";s:7:\"pic_img\";s:35:\"shop/editor/web-101-102-3-3.jpg?480\";}i:4;a:4:{s:8:\"pic_name\";s:6:\"测试\";s:7:\"pic_url\";s:60:\"http://demo.33hao.com/shop/index.php?act=search&amp;op=index\";s:6:\"pic_id\";s:1:\"4\";s:7:\"pic_img\";s:35:\"shop/editor/web-101-102-3-4.jpg?162\";}}}}','切换小图'),(121,121,'array','sale_list','a:5:{i:5;a:2:{s:9:\"recommend\";a:1:{s:4:\"name\";s:12:\"新品上架\";}s:10:\"goods_list\";a:5:{i:102592;a:5:{s:8:\"goods_id\";s:6:\"102592\";s:12:\"market_price\";s:0:\"\";s:10:\"goods_name\";s:82:\"爵爷商务皮鞋 秋款男士正装 前系带 金属尖头低帮单鞋 黑色 38\";s:11:\"goods_price\";s:6:\"108.00\";s:9:\"goods_pic\";s:48:\"shop/store/goods/16/16_05000683915287946_240.jpg\";}i:102700;a:5:{s:8:\"goods_id\";s:6:\"102700\";s:12:\"market_price\";s:0:\"\";s:10:\"goods_name\";s:79:\"纯色透气圆头单鞋男真皮方跟低帮鞋前系带男士皮鞋 棕色 38\";s:11:\"goods_price\";s:5:\"88.00\";s:9:\"goods_pic\";s:48:\"shop/store/goods/16/16_05003068354931461_240.jpg\";}i:102649;a:5:{s:8:\"goods_id\";s:6:\"102649\";s:12:\"market_price\";s:0:\"\";s:10:\"goods_name\";s:64:\"优质超纤皮男鞋纯色前系带尖头低帮皮鞋 棕色 38\";s:11:\"goods_price\";s:6:\"108.00\";s:9:\"goods_pic\";s:48:\"shop/store/goods/16/16_05002911543965426_240.jpg\";}i:102688;a:5:{s:8:\"goods_id\";s:6:\"102688\";s:12:\"market_price\";s:0:\"\";s:10:\"goods_name\";s:71:\"爵爷2015春秋商务正装男士皮鞋透气超纤皮男鞋 黑色 38\";s:11:\"goods_price\";s:6:\"108.00\";s:9:\"goods_pic\";s:48:\"shop/store/goods/16/16_05003062100708546_240.jpg\";}i:102604;a:5:{s:8:\"goods_id\";s:6:\"102604\";s:12:\"market_price\";s:6:\"168.00\";s:10:\"goods_name\";s:70:\"日常休闲鞋男士豆豆鞋驾车真皮男鞋英伦皮鞋 黄色 38\";s:11:\"goods_price\";s:6:\"108.00\";s:9:\"goods_pic\";s:48:\"shop/store/goods/16/16_05001210537684207_240.jpg\";}}}i:3;a:2:{s:9:\"recommend\";a:1:{s:4:\"name\";s:12:\"热卖商品\";}s:10:\"goods_list\";a:5:{i:102020;a:5:{s:8:\"goods_id\";s:6:\"102020\";s:12:\"market_price\";s:0:\"\";s:10:\"goods_name\";s:77:\"冬装男装立领 男式纯棉T恤男士加厚加绒保暖打底衫 白色 M\";s:11:\"goods_price\";s:5:\"73.00\";s:9:\"goods_pic\";s:48:\"shop/store/goods/15/15_04999727187217105_240.png\";}i:102165;a:5:{s:8:\"goods_id\";s:6:\"102165\";s:12:\"market_price\";s:0:\"\";s:10:\"goods_name\";s:89:\"2015秋新款男装男式牛仔裤男休闲商务长裤子韩版修身直筒 图片色 28\";s:11:\"goods_price\";s:5:\"81.00\";s:9:\"goods_pic\";s:48:\"shop/store/goods/15/15_04999963827312369_240.jpg\";}i:102126;a:5:{s:8:\"goods_id\";s:6:\"102126\";s:12:\"market_price\";s:6:\"163.00\";s:10:\"goods_name\";s:91:\"2015秋冬新款韩版女羽绒棉服女立领修身显瘦棉衣短款棉服外套 红色 L\";s:11:\"goods_price\";s:6:\"103.00\";s:9:\"goods_pic\";s:48:\"shop/store/goods/12/12_04999931964380007_240.jpg\";}i:102070;a:5:{s:8:\"goods_id\";s:6:\"102070\";s:12:\"market_price\";s:6:\"188.00\";s:10:\"goods_name\";s:97:\"新款女装韩版修身A字斗篷棉衣加厚保暖短外套大毛领连帽羽绒棉服 蓝色 M\";s:11:\"goods_price\";s:6:\"118.00\";s:9:\"goods_pic\";s:48:\"shop/store/goods/12/12_04999920485539383_240.jpg\";}i:101680;a:5:{s:8:\"goods_id\";s:6:\"101680\";s:12:\"market_price\";s:6:\"162.00\";s:10:\"goods_name\";s:82:\"2015秋冬新款女装女式韩版修身短款棉衣棉服羽绒棉衣女 粉色 M\";s:11:\"goods_price\";s:6:\"112.00\";s:9:\"goods_pic\";s:48:\"shop/store/goods/12/12_04999938698283696_240.png\";}}}i:1;a:2:{s:9:\"recommend\";a:1:{s:4:\"name\";s:12:\"疯狂抢购\";}s:10:\"goods_list\";a:5:{i:101559;a:5:{s:8:\"goods_id\";s:6:\"101559\";s:12:\"market_price\";s:6:\"118.00\";s:10:\"goods_name\";s:97:\"2015冬季新款棉衣女修身大码羽绒棉服女士短款韩版连帽冬季防寒服 蓝色 M\";s:11:\"goods_price\";s:5:\"88.00\";s:9:\"goods_pic\";s:62:\"shop/store/goods/12/12_039f2d0f136e6927e9cfa6fff35e077_240.jpg\";}i:101598;a:5:{s:8:\"goods_id\";s:6:\"101598\";s:12:\"market_price\";s:6:\"169.00\";s:10:\"goods_name\";s:97:\"2015新款冬装棉衣外套女中长款大码加厚毛领羽绒棉服韩版修身棉袄 粉色 M\";s:11:\"goods_price\";s:6:\"119.00\";s:9:\"goods_pic\";s:62:\"shop/store/goods/12/12_cc322b39c176a5ae261b62795d46258_240.jpg\";}i:101429;a:5:{s:8:\"goods_id\";s:6:\"101429\";s:12:\"market_price\";s:6:\"138.00\";s:10:\"goods_name\";s:89:\"2015夏季新款鱼嘴凉鞋超高跟防水台夜店鞋透气网纱粗跟女鞋 粉色 34\";s:11:\"goods_price\";s:6:\"108.00\";s:9:\"goods_pic\";s:46:\"shop/store/goods/6/6_04847714326505496_240.jpg\";}i:102433;a:5:{s:8:\"goods_id\";s:6:\"102433\";s:12:\"market_price\";s:6:\"199.00\";s:10:\"goods_name\";s:99:\"秋冬季时尚单鞋 糖果色亮面浅口细跟职业女鞋 漆皮镜面尖头高跟鞋 白色 34\";s:11:\"goods_price\";s:6:\"119.00\";s:9:\"goods_pic\";s:48:\"shop/store/goods/17/17_05000574018138552_240.jpg\";}i:102265;a:5:{s:8:\"goods_id\";s:6:\"102265\";s:12:\"market_price\";s:6:\"199.00\";s:10:\"goods_name\";s:71:\"秋季新款糖果色细跟单鞋 浅口真皮尖头高跟鞋 杏色 34\";s:11:\"goods_price\";s:6:\"119.00\";s:9:\"goods_pic\";s:48:\"shop/store/goods/17/17_05000548082598798_240.jpg\";}}}i:2;a:2:{s:9:\"recommend\";a:1:{s:4:\"name\";s:12:\"猜您喜欢\";}s:10:\"goods_list\";a:5:{i:102865;a:5:{s:8:\"goods_id\";s:6:\"102865\";s:12:\"market_price\";s:6:\"188.00\";s:10:\"goods_name\";s:83:\"酷迪璐新品男式夹克外套男士pu皮衣韩版休闲绒布接男装 蓝色 M\";s:11:\"goods_price\";s:6:\"128.00\";s:9:\"goods_pic\";s:48:\"shop/store/goods/18/18_05011806114146918_240.jpg\";}i:102835;a:5:{s:8:\"goods_id\";s:6:\"102835\";s:12:\"market_price\";s:6:\"198.00\";s:10:\"goods_name\";s:43:\"2015新款保暖加绒修身衬衫 白色 M\";s:11:\"goods_price\";s:5:\"98.00\";s:9:\"goods_pic\";s:48:\"shop/store/goods/18/18_05011800162520471_240.jpg\";}i:102805;a:5:{s:8:\"goods_id\";s:6:\"102805\";s:12:\"market_price\";s:6:\"198.00\";s:10:\"goods_name\";s:72:\"酷迪璐冬装男士加棉加厚长袖衬衫格子夹克衬衫 灰色 M\";s:11:\"goods_price\";s:6:\"108.00\";s:9:\"goods_pic\";s:48:\"shop/store/goods/18/18_05011789584196803_240.jpg\";}i:102751;a:5:{s:8:\"goods_id\";s:6:\"102751\";s:12:\"market_price\";s:6:\"308.00\";s:10:\"goods_name\";s:85:\"2015新款秋冬男式PU皮夹克外贸 海宁男士立领休闲修身外套 黑色 M\";s:11:\"goods_price\";s:6:\"158.00\";s:9:\"goods_pic\";s:48:\"shop/store/goods/18/18_05011764627052815_240.jpg\";}i:102633;a:5:{s:8:\"goods_id\";s:6:\"102633\";s:12:\"market_price\";s:6:\"139.00\";s:10:\"goods_name\";s:60:\"2015秋冬新款 全棉男式牛仔裤直筒型 图片色 28\";s:11:\"goods_price\";s:5:\"89.00\";s:9:\"goods_pic\";s:48:\"shop/store/goods/15/15_05002060806639307_240.jpg\";}}}i:4;a:2:{s:9:\"recommend\";a:1:{s:4:\"name\";s:12:\"热评商品\";}s:10:\"goods_list\";a:5:{i:102150;a:5:{s:8:\"goods_id\";s:6:\"102150\";s:12:\"market_price\";s:6:\"132.00\";s:10:\"goods_name\";s:80:\"韩版品牌直筒修身牛仔裤 秋冬男士长裤休闲牛仔裤 图片色 28\";s:11:\"goods_price\";s:5:\"82.00\";s:9:\"goods_pic\";s:48:\"shop/store/goods/15/15_04999958412070501_240.jpg\";}i:102005;a:5:{s:8:\"goods_id\";s:6:\"102005\";s:12:\"market_price\";s:6:\"129.00\";s:10:\"goods_name\";s:77:\"冬装男装爆款 男式纯棉T恤男士加厚加绒保暖打底衫 黑色 M\";s:11:\"goods_price\";s:5:\"69.00\";s:9:\"goods_pic\";s:48:\"shop/store/goods/15/15_04999724012252809_240.jpg\";}i:101930;a:5:{s:8:\"goods_id\";s:6:\"101930\";s:12:\"market_price\";s:6:\"125.00\";s:10:\"goods_name\";s:85:\"2015冬款新品 男式拼接长袖加厚加绒保暖V领T恤男装不倒绒 酒红 M\";s:11:\"goods_price\";s:5:\"65.00\";s:9:\"goods_pic\";s:48:\"shop/store/goods/15/15_04999707884947293_240.jpg\";}i:101807;a:5:{s:8:\"goods_id\";s:6:\"101807\";s:12:\"market_price\";s:6:\"135.00\";s:10:\"goods_name\";s:101:\"2015秋季新款男士长袖t恤潮纯棉秋长袖修身韩版青年体恤运动小衫 白拼枣红 M\";s:11:\"goods_price\";s:5:\"65.00\";s:9:\"goods_pic\";s:48:\"shop/store/goods/15/15_04999618551849829_240.jpg\";}i:102157;a:5:{s:8:\"goods_id\";s:6:\"102157\";s:12:\"market_price\";s:6:\"159.00\";s:10:\"goods_name\";s:67:\"品牌男装牛仔裤纯棉商务男裤男式牛仔裤 图片色 28\";s:11:\"goods_price\";s:5:\"89.00\";s:9:\"goods_pic\";s:48:\"shop/store/goods/15/15_04999961053663021_240.jpg\";}}}}','促销区'),(122,1,'array','banner','a:5:{s:3:\"pic\";s:29:\"shop/editor/web-1-122.png?883\";s:4:\"type\";s:3:\"pic\";s:5:\"title\";s:7:\"广告1\";s:3:\"url\";s:20:\"http://www.33hao.com\";s:4:\"show\";s:1:\"1\";}','横幅图片'),(123,2,'array','banner','a:4:{s:3:\"pic\";s:29:\"shop/editor/web-2-123.png?872\";s:4:\"type\";s:3:\"pic\";s:5:\"title\";s:9:\"好商城\";s:3:\"url\";s:20:\"http://www.33hao.com\";}','横幅图片'),(124,3,'array','banner','a:5:{s:3:\"pic\";s:29:\"shop/editor/web-3-124.png?997\";s:4:\"type\";s:3:\"pic\";s:5:\"title\";s:9:\"好商城\";s:3:\"url\";s:19:\"http://ww.33hao.com\";s:4:\"show\";s:1:\"1\";}','横幅图片'),(125,4,'array','banner','a:5:{s:3:\"pic\";s:29:\"shop/editor/web-4-125.png?335\";s:4:\"type\";s:3:\"pic\";s:5:\"title\";s:9:\"好商城\";s:3:\"url\";s:20:\"http://www.33hao.com\";s:4:\"show\";s:1:\"1\";}','横幅图片'),(126,5,'array','banner','a:5:{s:3:\"pic\";s:29:\"shop/editor/web-5-126.png?135\";s:4:\"type\";s:3:\"pic\";s:5:\"title\";s:11:\"好商城V3\";s:3:\"url\";s:20:\"http://www.33hao.com\";s:4:\"show\";s:1:\"1\";}','横幅图片'),(127,6,'array','banner','',''),(128,7,'array','banner','',''),(129,8,'array','banner','a:5:{s:3:\"pic\";s:29:\"shop/editor/web-8-129.png?227\";s:4:\"type\";s:3:\"pic\";s:5:\"title\";s:0:\"\";s:3:\"url\";s:21:\"http://demo.33hao.com\";s:4:\"show\";s:1:\"1\";}',''),(130,122,'array','channel_tit','a:3:{s:3:\"pic\";s:0:\"\";s:3:\"url\";s:0:\"\";s:5:\"title\";s:12:\"男女服装\";}','频道中部标题'),(131,122,'array','channel_act','a:4:{s:3:\"pic\";s:35:\"shop/editor/channel-122-131.jpg?213\";s:4:\"type\";s:3:\"pic\";s:5:\"title\";s:0:\"\";s:3:\"url\";s:0:\"\";}','频道中部活动'),(132,122,'array','recommend_list','a:1:{i:1;a:2:{s:9:\"recommend\";a:1:{s:4:\"name\";s:12:\"商品推荐\";}s:10:\"goods_list\";a:8:{i:101559;a:5:{s:8:\"goods_id\";s:6:\"101559\";s:12:\"market_price\";s:6:\"118.00\";s:10:\"goods_name\";s:97:\"2015冬季新款棉衣女修身大码羽绒棉服女士短款韩版连帽冬季防寒服 蓝色 M\";s:11:\"goods_price\";s:5:\"88.00\";s:9:\"goods_pic\";s:62:\"shop/store/goods/12/12_039f2d0f136e6927e9cfa6fff35e077_240.jpg\";}i:101598;a:5:{s:8:\"goods_id\";s:6:\"101598\";s:12:\"market_price\";s:6:\"169.00\";s:10:\"goods_name\";s:97:\"2015新款冬装棉衣外套女中长款大码加厚毛领羽绒棉服韩版修身棉袄 粉色 M\";s:11:\"goods_price\";s:6:\"119.00\";s:9:\"goods_pic\";s:62:\"shop/store/goods/12/12_cc322b39c176a5ae261b62795d46258_240.jpg\";}i:101583;a:5:{s:8:\"goods_id\";s:6:\"101583\";s:12:\"market_price\";s:6:\"228.00\";s:10:\"goods_name\";s:94:\"2015冬季新款棉衣女韩版加厚修身显瘦中长款连帽毛领外套棉袄女 蓝色 M\";s:11:\"goods_price\";s:6:\"168.00\";s:9:\"goods_pic\";s:48:\"shop/store/goods/12/12_04998647920805428_240.jpg\";}i:101623;a:5:{s:8:\"goods_id\";s:6:\"101623\";s:12:\"market_price\";s:6:\"192.00\";s:10:\"goods_name\";s:96:\"2015新款棉衣女 加厚羽绒棉服连帽中长款贴布刺绣 欧美风宽松大码 白色 M\";s:11:\"goods_price\";s:6:\"132.00\";s:9:\"goods_pic\";s:62:\"shop/store/goods/12/12_4eefff7530f50c03279f0ad372075be_240.jpg\";}i:101635;a:5:{s:8:\"goods_id\";s:6:\"101635\";s:12:\"market_price\";s:6:\"168.00\";s:10:\"goods_name\";s:97:\"2015秋冬装新款韩版中长款修身气质连帽毛领女装棉衣外套羽绒棉服 绿色 M\";s:11:\"goods_price\";s:6:\"138.00\";s:9:\"goods_pic\";s:48:\"shop/store/goods/12/12_04999935528632429_240.jpg\";}i:101655;a:5:{s:8:\"goods_id\";s:6:\"101655\";s:12:\"market_price\";s:6:\"195.00\";s:10:\"goods_name\";s:82:\"冬装新款2015羽绒棉服女中长款韩版连帽大毛领女式棉衣 蓝色 M\";s:11:\"goods_price\";s:6:\"165.00\";s:9:\"goods_pic\";s:48:\"shop/store/goods/12/12_04999940350217540_240.jpg\";}i:102433;a:5:{s:8:\"goods_id\";s:6:\"102433\";s:12:\"market_price\";s:6:\"199.00\";s:10:\"goods_name\";s:99:\"秋冬季时尚单鞋 糖果色亮面浅口细跟职业女鞋 漆皮镜面尖头高跟鞋 白色 34\";s:11:\"goods_price\";s:6:\"119.00\";s:9:\"goods_pic\";s:48:\"shop/store/goods/17/17_05000574018138552_240.jpg\";}i:102265;a:5:{s:8:\"goods_id\";s:6:\"102265\";s:12:\"market_price\";s:6:\"199.00\";s:10:\"goods_name\";s:71:\"秋季新款糖果色细跟单鞋 浅口真皮尖头高跟鞋 杏色 34\";s:11:\"goods_price\";s:6:\"119.00\";s:9:\"goods_pic\";s:48:\"shop/store/goods/17/17_05000548082598798_240.jpg\";}}}}','频道中部商品'),(133,122,'array','adv_a','a:3:{s:8:\"pic_name\";s:0:\"\";s:3:\"pic\";s:35:\"shop/editor/channel-122-133.jpg?162\";s:7:\"pic_url\";s:0:\"\";}','频道中部广告1'),(134,122,'array','adv_b','a:3:{s:8:\"pic_name\";s:0:\"\";s:3:\"pic\";s:35:\"shop/editor/channel-122-134.jpg?188\";s:7:\"pic_url\";s:0:\"\";}','频道中部广告2'),(135,122,'array','adv_c','a:3:{s:8:\"pic_name\";s:0:\"\";s:3:\"pic\";s:35:\"shop/editor/channel-122-135.jpg?441\";s:7:\"pic_url\";s:0:\"\";}','频道中部广告3'),(136,123,'array','channel_category','a:6:{i:1101;a:2:{s:9:\"gc_parent\";a:3:{s:5:\"gc_id\";s:4:\"1101\";s:7:\"gc_name\";s:6:\"上衣\";s:6:\"gc_pic\";s:0:\"\";}s:11:\"goods_class\";a:23:{i:1103;a:2:{s:5:\"gc_id\";s:4:\"1103\";s:7:\"gc_name\";s:6:\"衬衫\";}i:1104;a:2:{s:5:\"gc_id\";s:4:\"1104\";s:7:\"gc_name\";s:4:\"T恤\";}i:1106;a:2:{s:5:\"gc_id\";s:4:\"1106\";s:7:\"gc_name\";s:9:\"雪纺衫\";}i:1130;a:2:{s:5:\"gc_id\";s:4:\"1130\";s:7:\"gc_name\";s:6:\"卫衣\";}i:1847;a:2:{s:5:\"gc_id\";s:4:\"1847\";s:7:\"gc_name\";s:13:\"吊带/背心\";}i:1849;a:2:{s:5:\"gc_id\";s:4:\"1849\";s:7:\"gc_name\";s:6:\"开衫\";}i:1131;a:2:{s:5:\"gc_id\";s:4:\"1131\";s:7:\"gc_name\";s:9:\"打底衫\";}i:1846;a:2:{s:5:\"gc_id\";s:4:\"1846\";s:7:\"gc_name\";s:6:\"马甲\";}i:1848;a:2:{s:5:\"gc_id\";s:4:\"1848\";s:7:\"gc_name\";s:9:\"羊毛衫\";}i:1134;a:2:{s:5:\"gc_id\";s:4:\"1134\";s:7:\"gc_name\";s:9:\"羊绒衫\";}i:1105;a:2:{s:5:\"gc_id\";s:4:\"1105\";s:7:\"gc_name\";s:9:\"针织衫\";}i:1129;a:2:{s:5:\"gc_id\";s:4:\"1129\";s:7:\"gc_name\";s:6:\"毛衣\";}i:1432;a:2:{s:5:\"gc_id\";s:4:\"1432\";s:7:\"gc_name\";s:6:\"风衣\";}i:1366;a:2:{s:5:\"gc_id\";s:4:\"1366\";s:7:\"gc_name\";s:9:\"小西装\";}i:1368;a:2:{s:5:\"gc_id\";s:4:\"1368\";s:7:\"gc_name\";s:9:\"薄外套\";}i:1370;a:2:{s:5:\"gc_id\";s:4:\"1370\";s:7:\"gc_name\";s:9:\"羽绒服\";}i:1431;a:2:{s:5:\"gc_id\";s:4:\"1431\";s:7:\"gc_name\";s:6:\"棉服\";}i:1435;a:2:{s:5:\"gc_id\";s:4:\"1435\";s:7:\"gc_name\";s:6:\"大衣\";}i:1436;a:2:{s:5:\"gc_id\";s:4:\"1436\";s:7:\"gc_name\";s:6:\"皮衣\";}i:1439;a:2:{s:5:\"gc_id\";s:4:\"1439\";s:7:\"gc_name\";s:6:\"皮草\";}i:1524;a:2:{s:5:\"gc_id\";s:4:\"1524\";s:7:\"gc_name\";s:9:\"情侣装\";}i:1528;a:2:{s:5:\"gc_id\";s:4:\"1528\";s:7:\"gc_name\";s:12:\"大码女装\";}i:1845;a:2:{s:5:\"gc_id\";s:4:\"1845\";s:7:\"gc_name\";s:9:\"妈妈装\";}}}i:1247;a:2:{s:9:\"gc_parent\";a:3:{s:5:\"gc_id\";s:4:\"1247\";s:7:\"gc_name\";s:6:\"下装\";s:6:\"gc_pic\";s:0:\"\";}s:11:\"goods_class\";a:18:{i:1253;a:2:{s:5:\"gc_id\";s:4:\"1253\";s:7:\"gc_name\";s:9:\"牛仔裤\";}i:1254;a:2:{s:5:\"gc_id\";s:4:\"1254\";s:7:\"gc_name\";s:9:\"休闲裤\";}i:1255;a:2:{s:5:\"gc_id\";s:4:\"1255\";s:7:\"gc_name\";s:9:\"西装裤\";}i:1256;a:2:{s:5:\"gc_id\";s:4:\"1256\";s:7:\"gc_name\";s:9:\"打底裤\";}i:1257;a:2:{s:5:\"gc_id\";s:4:\"1257\";s:7:\"gc_name\";s:9:\"连体裤\";}i:1258;a:2:{s:5:\"gc_id\";s:4:\"1258\";s:7:\"gc_name\";s:9:\"哈伦裤\";}i:1259;a:2:{s:5:\"gc_id\";s:4:\"1259\";s:7:\"gc_name\";s:9:\"铅笔裤\";}i:1260;a:2:{s:5:\"gc_id\";s:4:\"1260\";s:7:\"gc_name\";s:9:\"小脚裤\";}i:1261;a:2:{s:5:\"gc_id\";s:4:\"1261\";s:7:\"gc_name\";s:9:\"阔腿裤\";}i:1262;a:2:{s:5:\"gc_id\";s:4:\"1262\";s:7:\"gc_name\";s:9:\"背带裤\";}i:1371;a:2:{s:5:\"gc_id\";s:4:\"1371\";s:7:\"gc_name\";s:9:\"直筒裤\";}i:1372;a:2:{s:5:\"gc_id\";s:4:\"1372\";s:7:\"gc_name\";s:9:\"喇叭裤\";}i:1441;a:2:{s:5:\"gc_id\";s:4:\"1441\";s:7:\"gc_name\";s:6:\"卫裤\";}i:1443;a:2:{s:5:\"gc_id\";s:4:\"1443\";s:7:\"gc_name\";s:9:\"五分裤\";}i:1525;a:2:{s:5:\"gc_id\";s:4:\"1525\";s:7:\"gc_name\";s:9:\"七分裤\";}i:1526;a:2:{s:5:\"gc_id\";s:4:\"1526\";s:7:\"gc_name\";s:9:\"九分裤\";}i:1527;a:2:{s:5:\"gc_id\";s:4:\"1527\";s:7:\"gc_name\";s:6:\"长裤\";}i:1850;a:2:{s:5:\"gc_id\";s:4:\"1850\";s:7:\"gc_name\";s:6:\"短裤\";}}}i:1248;a:2:{s:9:\"gc_parent\";a:3:{s:5:\"gc_id\";s:4:\"1248\";s:7:\"gc_name\";s:6:\"裙装\";s:6:\"gc_pic\";s:0:\"\";}s:11:\"goods_class\";a:7:{i:1264;a:2:{s:5:\"gc_id\";s:4:\"1264\";s:7:\"gc_name\";s:9:\"连衣裙\";}i:1265;a:2:{s:5:\"gc_id\";s:4:\"1265\";s:7:\"gc_name\";s:9:\"半身裙\";}i:1266;a:2:{s:5:\"gc_id\";s:4:\"1266\";s:7:\"gc_name\";s:6:\"长裙\";}i:1267;a:2:{s:5:\"gc_id\";s:4:\"1267\";s:7:\"gc_name\";s:6:\"短裙\";}i:1429;a:2:{s:5:\"gc_id\";s:4:\"1429\";s:7:\"gc_name\";s:6:\"礼服\";}i:1433;a:2:{s:5:\"gc_id\";s:4:\"1433\";s:7:\"gc_name\";s:6:\"婚纱\";}i:1434;a:2:{s:5:\"gc_id\";s:4:\"1434\";s:7:\"gc_name\";s:6:\"旗袍\";}}}i:1292;a:2:{s:9:\"gc_parent\";a:3:{s:5:\"gc_id\";s:4:\"1292\";s:7:\"gc_name\";s:12:\"女式内衣\";s:6:\"gc_pic\";s:0:\"\";}s:11:\"goods_class\";a:12:{i:1851;a:2:{s:5:\"gc_id\";s:4:\"1851\";s:7:\"gc_name\";s:12:\"内衣配件\";}i:1852;a:2:{s:5:\"gc_id\";s:4:\"1852\";s:7:\"gc_name\";s:12:\"大码内衣\";}i:1293;a:2:{s:5:\"gc_id\";s:4:\"1293\";s:7:\"gc_name\";s:6:\"文胸\";}i:1294;a:2:{s:5:\"gc_id\";s:4:\"1294\";s:7:\"gc_name\";s:6:\"内裤\";}i:1295;a:2:{s:5:\"gc_id\";s:4:\"1295\";s:7:\"gc_name\";s:12:\"文胸套装\";}i:1296;a:2:{s:5:\"gc_id\";s:4:\"1296\";s:7:\"gc_name\";s:12:\"性感内衣\";}i:1297;a:2:{s:5:\"gc_id\";s:4:\"1297\";s:7:\"gc_name\";s:12:\"保暖内衣\";}i:1375;a:2:{s:5:\"gc_id\";s:4:\"1375\";s:7:\"gc_name\";s:13:\"吊带/背心\";}i:1383;a:2:{s:5:\"gc_id\";s:4:\"1383\";s:7:\"gc_name\";s:16:\"睡衣/家具服\";}i:1417;a:2:{s:5:\"gc_id\";s:4:\"1417\";s:7:\"gc_name\";s:9:\"塑身衣\";}i:1445;a:2:{s:5:\"gc_id\";s:4:\"1445\";s:7:\"gc_name\";s:13:\"袜子/丝袜\";}i:1572;a:2:{s:5:\"gc_id\";s:4:\"1572\";s:7:\"gc_name\";s:6:\"泳衣\";}}}i:1386;a:2:{s:9:\"gc_parent\";a:3:{s:5:\"gc_id\";s:4:\"1386\";s:7:\"gc_name\";s:12:\"女士配件\";s:6:\"gc_pic\";s:0:\"\";}s:11:\"goods_class\";a:6:{i:1387;a:2:{s:5:\"gc_id\";s:4:\"1387\";s:7:\"gc_name\";s:6:\"帽子\";}i:1388;a:2:{s:5:\"gc_id\";s:4:\"1388\";s:7:\"gc_name\";s:13:\"皮带/腰链\";}i:1389;a:2:{s:5:\"gc_id\";s:4:\"1389\";s:7:\"gc_name\";s:6:\"围巾\";}i:1390;a:2:{s:5:\"gc_id\";s:4:\"1390\";s:7:\"gc_name\";s:6:\"丝巾\";}i:1391;a:2:{s:5:\"gc_id\";s:4:\"1391\";s:7:\"gc_name\";s:6:\"披肩\";}i:1392;a:2:{s:5:\"gc_id\";s:4:\"1392\";s:7:\"gc_name\";s:6:\"手套\";}}}i:1117;a:2:{s:9:\"gc_parent\";a:3:{s:5:\"gc_id\";s:4:\"1117\";s:7:\"gc_name\";s:6:\"女鞋\";s:6:\"gc_pic\";s:0:\"\";}s:11:\"goods_class\";a:20:{i:1160;a:2:{s:5:\"gc_id\";s:4:\"1160\";s:7:\"gc_name\";s:6:\"单鞋\";}i:1161;a:2:{s:5:\"gc_id\";s:4:\"1161\";s:7:\"gc_name\";s:9:\"平底鞋\";}i:2004;a:2:{s:5:\"gc_id\";s:4:\"2004\";s:7:\"gc_name\";s:9:\"高跟鞋\";}i:1162;a:2:{s:5:\"gc_id\";s:4:\"1162\";s:7:\"gc_name\";s:9:\"细跟鞋\";}i:1164;a:2:{s:5:\"gc_id\";s:4:\"1164\";s:7:\"gc_name\";s:9:\"粗跟鞋\";}i:2003;a:2:{s:5:\"gc_id\";s:4:\"2003\";s:7:\"gc_name\";s:9:\"方根鞋\";}i:1163;a:2:{s:5:\"gc_id\";s:4:\"1163\";s:7:\"gc_name\";s:9:\"坡跟鞋\";}i:1165;a:2:{s:5:\"gc_id\";s:4:\"1165\";s:7:\"gc_name\";s:9:\"帆布鞋\";}i:1166;a:2:{s:5:\"gc_id\";s:4:\"1166\";s:7:\"gc_name\";s:9:\"乐福鞋\";}i:1167;a:2:{s:5:\"gc_id\";s:4:\"1167\";s:7:\"gc_name\";s:9:\"牛津鞋\";}i:1168;a:2:{s:5:\"gc_id\";s:4:\"1168\";s:7:\"gc_name\";s:16:\"布鞋/绣花鞋\";}i:1169;a:2:{s:5:\"gc_id\";s:4:\"1169\";s:7:\"gc_name\";s:9:\"懒人鞋\";}i:1170;a:2:{s:5:\"gc_id\";s:4:\"1170\";s:7:\"gc_name\";s:9:\"罗马鞋\";}i:1171;a:2:{s:5:\"gc_id\";s:4:\"1171\";s:7:\"gc_name\";s:9:\"豆豆鞋\";}i:1172;a:2:{s:5:\"gc_id\";s:4:\"1172\";s:7:\"gc_name\";s:9:\"松糕鞋\";}i:1424;a:2:{s:5:\"gc_id\";s:4:\"1424\";s:7:\"gc_name\";s:9:\"妈妈鞋\";}i:1425;a:2:{s:5:\"gc_id\";s:4:\"1425\";s:7:\"gc_name\";s:9:\"内增高\";}i:1426;a:2:{s:5:\"gc_id\";s:4:\"1426\";s:7:\"gc_name\";s:6:\"婚鞋\";}i:1428;a:2:{s:5:\"gc_id\";s:4:\"1428\";s:7:\"gc_name\";s:6:\"凉鞋\";}i:1472;a:2:{s:5:\"gc_id\";s:4:\"1472\";s:7:\"gc_name\";s:6:\"拖鞋\";}}}}','频道顶部分类'),(137,123,'array','channel_slide','a:2:{i:1;a:5:{s:6:\"pic_id\";s:1:\"1\";s:8:\"pic_name\";s:12:\"上衣推荐\";s:7:\"pic_url\";s:77:\"http://demo.33hao.com/shop/index.php?act=search&amp;op=index&amp;cate_id=1101\";s:5:\"color\";s:7:\"#EFD8AE\";s:7:\"pic_img\";s:37:\"shop/editor/channel-123-137-1.png?205\";}i:2;a:5:{s:5:\"color\";s:7:\"#C6122B\";s:8:\"pic_name\";s:12:\"上衣推荐\";s:7:\"pic_url\";s:77:\"http://demo.33hao.com/shop/index.php?act=search&amp;op=index&amp;cate_id=1101\";s:6:\"pic_id\";s:1:\"2\";s:7:\"pic_img\";s:37:\"shop/editor/channel-123-137-2.png?136\";}}','频道顶部切换'),(138,123,'array','channel_adv','a:1:{i:1;a:1:{s:8:\"pic_list\";a:3:{i:1;a:4:{s:6:\"pic_id\";s:1:\"1\";s:8:\"pic_name\";s:12:\"衬衫推荐\";s:7:\"pic_url\";s:79:\"http://demo.33hao.com/shop/index.php?act=goods&amp;op=index&amp;goods_id=102126\";s:7:\"pic_img\";s:39:\"shop/editor/channel-123-138-1-1.png?239\";}i:2;a:4:{s:6:\"pic_id\";s:1:\"2\";s:8:\"pic_name\";s:6:\"推荐\";s:7:\"pic_url\";s:79:\"http://demo.33hao.com/shop/index.php?act=goods&amp;op=index&amp;goods_id=102126\";s:7:\"pic_img\";s:39:\"shop/editor/channel-123-138-1-2.png?245\";}i:3;a:4:{s:8:\"pic_name\";s:6:\"推荐\";s:7:\"pic_url\";s:79:\"http://demo.33hao.com/shop/index.php?act=goods&amp;op=index&amp;goods_id=102126\";s:6:\"pic_id\";s:1:\"3\";s:7:\"pic_img\";s:39:\"shop/editor/channel-123-138-1-3.png?106\";}}}}','频道顶部广告'),(139,1,'array','recommends_list','a:1:{i:1;a:2:{s:10:\"recommends\";a:1:{s:4:\"name\";s:12:\"热卖促销\";}s:10:\"goods_list\";a:2:{i:102070;a:5:{s:8:\"goods_id\";s:6:\"102070\";s:12:\"market_price\";s:6:\"188.00\";s:10:\"goods_name\";s:97:\"新款女装韩版修身A字斗篷棉衣加厚保暖短外套大毛领连帽羽绒棉服 蓝色 M\";s:11:\"goods_price\";s:6:\"118.00\";s:9:\"goods_pic\";s:48:\"shop/store/goods/12/12_04999920485539383_240.jpg\";}i:101680;a:5:{s:8:\"goods_id\";s:6:\"101680\";s:12:\"market_price\";s:6:\"162.00\";s:10:\"goods_name\";s:82:\"2015秋冬新款女装女式韩版修身短款棉衣棉服羽绒棉衣女 粉色 M\";s:11:\"goods_price\";s:6:\"112.00\";s:9:\"goods_pic\";s:48:\"shop/store/goods/12/12_04999938698283696_240.png\";}}}}','热卖促销'),(140,2,'array','recommends_list','a:1:{i:1;a:2:{s:10:\"recommends\";a:1:{s:4:\"name\";s:12:\"热卖促销\";}s:10:\"goods_list\";a:2:{i:102865;a:5:{s:8:\"goods_id\";s:6:\"102865\";s:12:\"market_price\";s:6:\"188.00\";s:10:\"goods_name\";s:83:\"酷迪璐新品男式夹克外套男士pu皮衣韩版休闲绒布接男装 蓝色 M\";s:11:\"goods_price\";s:6:\"128.00\";s:9:\"goods_pic\";s:48:\"shop/store/goods/18/18_05011806114146918_240.jpg\";}i:102817;a:5:{s:8:\"goods_id\";s:6:\"102817\";s:12:\"market_price\";s:6:\"128.00\";s:10:\"goods_name\";s:85:\"秋冬男衬衫2015新款秋冬衬衫男装长袖酷迪璐免烫男式衬衫 白色 M\";s:11:\"goods_price\";s:5:\"78.00\";s:9:\"goods_pic\";s:48:\"shop/store/goods/18/18_05011794098190322_240.jpg\";}}}}','热卖促销'),(141,3,'array','recommends_list','a:1:{i:1;a:2:{s:10:\"recommends\";a:1:{s:4:\"name\";s:12:\"热卖促销\";}s:10:\"goods_list\";a:2:{i:102714;a:5:{s:8:\"goods_id\";s:6:\"102714\";s:12:\"market_price\";s:6:\"199.00\";s:10:\"goods_name\";s:112:\"欧洲站独家新款女靴真皮短靴内增高职业女鞋秋冬马丁靴圆头女靴子 黑色（加绒） 35\";s:11:\"goods_price\";s:6:\"139.00\";s:9:\"goods_pic\";s:48:\"shop/store/goods/17/17_05003992073017413_240.jpg\";}i:101329;a:5:{s:8:\"goods_id\";s:6:\"101329\";s:12:\"market_price\";s:6:\"158.00\";s:10:\"goods_name\";s:76:\"摩伊拉夏季新款凉鞋金属色绑带潮鞋真皮内里女鞋 粉色 34\";s:11:\"goods_price\";s:6:\"128.00\";s:9:\"goods_pic\";s:46:\"shop/store/goods/6/6_04849943887552948_240.jpg\";}}}}','热卖促销'),(142,4,'array','recommends_list','a:1:{i:1;a:2:{s:10:\"recommends\";a:1:{s:4:\"name\";s:12:\"热卖促销\";}s:10:\"goods_list\";a:2:{i:102835;a:5:{s:8:\"goods_id\";s:6:\"102835\";s:12:\"market_price\";s:6:\"198.00\";s:10:\"goods_name\";s:43:\"2015新款保暖加绒修身衬衫 白色 M\";s:11:\"goods_price\";s:5:\"98.00\";s:9:\"goods_pic\";s:48:\"shop/store/goods/18/18_05011800162520471_240.jpg\";}i:101915;a:5:{s:8:\"goods_id\";s:6:\"101915\";s:12:\"market_price\";s:6:\"122.00\";s:10:\"goods_name\";s:79:\"2015冬款加绒T恤 男式纯棉T恤男士加厚加绒保暖打底衫 黑色 M\";s:11:\"goods_price\";s:5:\"72.00\";s:9:\"goods_pic\";s:48:\"shop/store/goods/15/15_04999703686355513_240.jpg\";}}}}','热卖促销'),(143,5,'array','recommends_list','a:1:{i:1;a:2:{s:10:\"recommends\";a:1:{s:4:\"name\";s:12:\"热卖促销\";}s:10:\"goods_list\";a:2:{i:102700;a:5:{s:8:\"goods_id\";s:6:\"102700\";s:12:\"market_price\";s:6:\"158.00\";s:10:\"goods_name\";s:79:\"纯色透气圆头单鞋男真皮方跟低帮鞋前系带男士皮鞋 棕色 38\";s:11:\"goods_price\";s:5:\"88.00\";s:9:\"goods_pic\";s:48:\"shop/store/goods/16/16_05003068354931461_240.jpg\";}i:102592;a:5:{s:8:\"goods_id\";s:6:\"102592\";s:12:\"market_price\";s:6:\"188.00\";s:10:\"goods_name\";s:82:\"爵爷商务皮鞋 秋款男士正装 前系带 金属尖头低帮单鞋 黑色 38\";s:11:\"goods_price\";s:6:\"118.00\";s:9:\"goods_pic\";s:48:\"shop/store/goods/16/16_05000683915287946_240.jpg\";}}}}','热卖促销'),(144,6,'array','recommends_list','a:1:{i:1;a:2:{s:10:\"recommends\";a:1:{s:4:\"name\";s:12:\"热卖促销\";}s:10:\"goods_list\";a:2:{i:102714;a:5:{s:8:\"goods_id\";s:6:\"102714\";s:12:\"market_price\";s:6:\"199.00\";s:10:\"goods_name\";s:112:\"欧洲站独家新款女靴真皮短靴内增高职业女鞋秋冬马丁靴圆头女靴子 黑色（加绒） 35\";s:11:\"goods_price\";s:6:\"139.00\";s:9:\"goods_pic\";s:48:\"shop/store/goods/17/17_05003992073017413_240.jpg\";}i:102649;a:5:{s:8:\"goods_id\";s:6:\"102649\";s:12:\"market_price\";s:6:\"188.00\";s:10:\"goods_name\";s:64:\"优质超纤皮男鞋纯色前系带尖头低帮皮鞋 棕色 38\";s:11:\"goods_price\";s:6:\"108.00\";s:9:\"goods_pic\";s:48:\"shop/store/goods/16/16_05002911543965426_240.jpg\";}}}}','热卖促销'),(145,7,'array','recommends_list','a:1:{i:1;a:2:{s:10:\"recommends\";a:1:{s:4:\"name\";s:12:\"热卖促销\";}s:10:\"goods_list\";a:2:{i:102714;a:5:{s:8:\"goods_id\";s:6:\"102714\";s:12:\"market_price\";s:6:\"199.00\";s:10:\"goods_name\";s:112:\"欧洲站独家新款女靴真皮短靴内增高职业女鞋秋冬马丁靴圆头女靴子 黑色（加绒） 35\";s:11:\"goods_price\";s:6:\"139.00\";s:9:\"goods_pic\";s:48:\"shop/store/goods/17/17_05003992073017413_240.jpg\";}i:102688;a:5:{s:8:\"goods_id\";s:6:\"102688\";s:12:\"market_price\";s:6:\"188.00\";s:10:\"goods_name\";s:71:\"爵爷2015春秋商务正装男士皮鞋透气超纤皮男鞋 黑色 38\";s:11:\"goods_price\";s:6:\"108.00\";s:9:\"goods_pic\";s:48:\"shop/store/goods/16/16_05003062100708546_240.jpg\";}}}}','热卖促销'),(146,8,'array','recommends_list','a:1:{i:1;a:2:{s:10:\"recommends\";a:1:{s:4:\"name\";s:12:\"热卖促销\";}s:10:\"goods_list\";a:2:{i:102880;a:5:{s:8:\"goods_id\";s:6:\"102880\";s:12:\"market_price\";s:6:\"198.00\";s:10:\"goods_name\";s:94:\"2015秋冬酷迪璐男士夹克潮青年韩版时尚修身立领夹克男装外套 咖啡色 M\";s:11:\"goods_price\";s:6:\"128.00\";s:9:\"goods_pic\";s:48:\"shop/store/goods/18/18_05013234251110713_240.jpg\";}i:102865;a:5:{s:8:\"goods_id\";s:6:\"102865\";s:12:\"market_price\";s:6:\"188.00\";s:10:\"goods_name\";s:83:\"酷迪璐新品男式夹克外套男士pu皮衣韩版休闲绒布接男装 蓝色 M\";s:11:\"goods_price\";s:6:\"128.00\";s:9:\"goods_pic\";s:48:\"shop/store/goods/18/18_05011806114146918_240.jpg\";}}}}','热卖促销'),(147,1,'array','banner','a:5:{s:3:\"pic\";s:29:\"shop/editor/web-1-147.png?937\";s:4:\"type\";s:3:\"pic\";s:5:\"title\";s:7:\"广告1\";s:3:\"url\";s:26:\"http://demo.33hao.com/shop\";s:4:\"show\";s:1:\"0\";}','横幅图片'),(148,2,'array','banner','a:5:{s:3:\"pic\";s:29:\"shop/editor/web-2-148.png?871\";s:4:\"type\";s:3:\"pic\";s:5:\"title\";s:7:\"广告2\";s:3:\"url\";s:21:\"http://www.33hao.com/\";s:4:\"show\";s:1:\"0\";}','横幅图片'),(149,3,'array','banner','','横幅图片'),(150,4,'array','banner','','横幅图片'),(151,5,'array','banner','','横幅图片'),(152,6,'array','banner','','横幅图片'),(153,7,'array','banner','','横幅图片'),(154,8,'array','banner','','横幅图片'),(155,124,'array','channel_tit','a:3:{s:3:\"pic\";s:0:\"\";s:3:\"url\";s:0:\"\";s:5:\"title\";s:12:\"上衣推荐\";}','频道中部标题'),(156,124,'array','channel_act','a:4:{s:3:\"pic\";s:35:\"shop/editor/channel-124-156.jpg?810\";s:4:\"type\";s:3:\"pic\";s:5:\"title\";s:6:\"大衣\";s:3:\"url\";s:77:\"http://demo.33hao.com/shop/index.php?act=search&amp;op=index&amp;cate_id=1100\";}','频道中部活动'),(157,124,'array','recommend_list','a:2:{i:1;a:2:{s:9:\"recommend\";a:1:{s:4:\"name\";s:12:\"商品推荐\";}s:10:\"goods_list\";a:8:{i:102126;a:5:{s:8:\"goods_id\";s:6:\"102126\";s:12:\"market_price\";s:6:\"163.00\";s:10:\"goods_name\";s:91:\"2015秋冬新款韩版女羽绒棉服女立领修身显瘦棉衣短款棉服外套 红色 L\";s:11:\"goods_price\";s:6:\"103.00\";s:9:\"goods_pic\";s:48:\"shop/store/goods/12/12_04999931964380007_240.jpg\";}i:102110;a:5:{s:8:\"goods_id\";s:6:\"102110\";s:12:\"market_price\";s:6:\"168.00\";s:10:\"goods_name\";s:79:\"2015秋冬新款修身连帽棉服女中长款外穿女装外套棉衣 红色 L\";s:11:\"goods_price\";s:6:\"108.00\";s:9:\"goods_pic\";s:48:\"shop/store/goods/12/12_04999927971638202_240.png\";}i:102070;a:5:{s:8:\"goods_id\";s:6:\"102070\";s:12:\"market_price\";s:6:\"188.00\";s:10:\"goods_name\";s:97:\"新款女装韩版修身A字斗篷棉衣加厚保暖短外套大毛领连帽羽绒棉服 蓝色 M\";s:11:\"goods_price\";s:6:\"118.00\";s:9:\"goods_pic\";s:48:\"shop/store/goods/12/12_04999920485539383_240.jpg\";}i:101730;a:5:{s:8:\"goods_id\";s:6:\"101730\";s:12:\"market_price\";s:6:\"168.00\";s:10:\"goods_name\";s:97:\"2015秋冬装新款韩版中长款修身气质连帽毛领女装棉衣外套羽绒棉服 绿色 L\";s:11:\"goods_price\";s:6:\"138.00\";s:9:\"goods_pic\";s:48:\"shop/store/goods/12/12_04998693284537206_240.jpg\";}i:101705;a:5:{s:8:\"goods_id\";s:6:\"101705\";s:12:\"market_price\";s:6:\"178.00\";s:10:\"goods_name\";s:97:\"冬装新款羽绒棉服女 韩版时尚修身中长款棉袄加厚大毛领连帽棉衣 灰色 L\";s:11:\"goods_price\";s:6:\"128.00\";s:9:\"goods_pic\";s:48:\"shop/store/goods/12/12_04999936911250267_240.jpg\";}i:101680;a:5:{s:8:\"goods_id\";s:6:\"101680\";s:12:\"market_price\";s:6:\"162.00\";s:10:\"goods_name\";s:82:\"2015秋冬新款女装女式韩版修身短款棉衣棉服羽绒棉衣女 粉色 M\";s:11:\"goods_price\";s:6:\"112.00\";s:9:\"goods_pic\";s:48:\"shop/store/goods/12/12_04999938698283696_240.png\";}i:101655;a:5:{s:8:\"goods_id\";s:6:\"101655\";s:12:\"market_price\";s:6:\"195.00\";s:10:\"goods_name\";s:82:\"冬装新款2015羽绒棉服女中长款韩版连帽大毛领女式棉衣 蓝色 M\";s:11:\"goods_price\";s:6:\"165.00\";s:9:\"goods_pic\";s:48:\"shop/store/goods/12/12_04999940350217540_240.jpg\";}i:101635;a:5:{s:8:\"goods_id\";s:6:\"101635\";s:12:\"market_price\";s:6:\"168.00\";s:10:\"goods_name\";s:97:\"2015秋冬装新款韩版中长款修身气质连帽毛领女装棉衣外套羽绒棉服 绿色 M\";s:11:\"goods_price\";s:6:\"138.00\";s:9:\"goods_pic\";s:48:\"shop/store/goods/12/12_04999935528632429_240.jpg\";}}}i:2;a:2:{s:9:\"recommend\";a:1:{s:4:\"name\";s:12:\"商品推荐\";}s:10:\"goods_list\";a:8:{i:102714;a:5:{s:8:\"goods_id\";s:6:\"102714\";s:12:\"market_price\";s:6:\"199.00\";s:10:\"goods_name\";s:112:\"欧洲站独家新款女靴真皮短靴内增高职业女鞋秋冬马丁靴圆头女靴子 黑色（加绒） 35\";s:11:\"goods_price\";s:6:\"139.00\";s:9:\"goods_pic\";s:48:\"shop/store/goods/17/17_05003992073017413_240.jpg\";}i:102700;a:5:{s:8:\"goods_id\";s:6:\"102700\";s:12:\"market_price\";s:6:\"158.00\";s:10:\"goods_name\";s:79:\"纯色透气圆头单鞋男真皮方跟低帮鞋前系带男士皮鞋 棕色 38\";s:11:\"goods_price\";s:5:\"88.00\";s:9:\"goods_pic\";s:48:\"shop/store/goods/16/16_05003068354931461_240.jpg\";}i:102688;a:5:{s:8:\"goods_id\";s:6:\"102688\";s:12:\"market_price\";s:6:\"188.00\";s:10:\"goods_name\";s:71:\"爵爷2015春秋商务正装男士皮鞋透气超纤皮男鞋 黑色 38\";s:11:\"goods_price\";s:6:\"108.00\";s:9:\"goods_pic\";s:48:\"shop/store/goods/16/16_05003062100708546_240.jpg\";}i:102649;a:5:{s:8:\"goods_id\";s:6:\"102649\";s:12:\"market_price\";s:6:\"188.00\";s:10:\"goods_name\";s:64:\"优质超纤皮男鞋纯色前系带尖头低帮皮鞋 棕色 38\";s:11:\"goods_price\";s:6:\"108.00\";s:9:\"goods_pic\";s:48:\"shop/store/goods/16/16_05002911543965426_240.jpg\";}i:102604;a:5:{s:8:\"goods_id\";s:6:\"102604\";s:12:\"market_price\";s:6:\"168.00\";s:10:\"goods_name\";s:70:\"日常休闲鞋男士豆豆鞋驾车真皮男鞋英伦皮鞋 黄色 38\";s:11:\"goods_price\";s:6:\"108.00\";s:9:\"goods_pic\";s:48:\"shop/store/goods/16/16_05001210537684207_240.jpg\";}i:102592;a:5:{s:8:\"goods_id\";s:6:\"102592\";s:12:\"market_price\";s:6:\"188.00\";s:10:\"goods_name\";s:82:\"爵爷商务皮鞋 秋款男士正装 前系带 金属尖头低帮单鞋 黑色 38\";s:11:\"goods_price\";s:6:\"118.00\";s:9:\"goods_pic\";s:48:\"shop/store/goods/16/16_05000683915287946_240.jpg\";}i:102550;a:5:{s:8:\"goods_id\";s:6:\"102550\";s:12:\"market_price\";s:6:\"188.00\";s:10:\"goods_name\";s:83:\"2015新款男士尖头皮鞋男超纤套脚商务休闲鞋新郎结婚鞋 棕色 38\";s:11:\"goods_price\";s:6:\"108.00\";s:9:\"goods_pic\";s:48:\"shop/store/goods/16/16_05000599917943696_240.jpg\";}i:102529;a:5:{s:8:\"goods_id\";s:6:\"102529\";s:12:\"market_price\";s:6:\"198.00\";s:10:\"goods_name\";s:70:\"商务鞋英伦真皮休闲皮鞋透气低帮鞋潮流单鞋 黄色 38\";s:11:\"goods_price\";s:6:\"118.00\";s:9:\"goods_pic\";s:48:\"shop/store/goods/16/16_05000591480492095_240.jpg\";}}}}','频道中部商品'),(158,124,'array','adv_a','a:3:{s:8:\"pic_name\";s:6:\"推荐\";s:3:\"pic\";s:35:\"shop/editor/channel-124-158.jpg?604\";s:7:\"pic_url\";s:77:\"http://demo.33hao.com/shop/index.php?act=search&amp;op=index&amp;cate_id=1100\";}','频道中部广告1'),(159,124,'array','adv_b','a:3:{s:8:\"pic_name\";s:6:\"推荐\";s:3:\"pic\";s:35:\"shop/editor/channel-124-159.jpg?879\";s:7:\"pic_url\";s:77:\"http://demo.33hao.com/shop/index.php?act=search&amp;op=index&amp;cate_id=1100\";}','频道中部广告2'),(160,124,'array','adv_c','a:3:{s:8:\"pic_name\";s:7:\"推荐2\";s:3:\"pic\";s:35:\"shop/editor/channel-124-160.jpg?189\";s:7:\"pic_url\";s:79:\"http://demo.33hao.com/shop/index.php?act=goods&amp;op=index&amp;goods_id=102070\";}','频道中部广告3');

#
# Structure for table "33hao_web_special"
#

DROP TABLE IF EXISTS `33hao_web_special`;
CREATE TABLE `33hao_web_special` (
  `special_id` int(10) unsigned NOT NULL AUTO_INCREMENT COMMENT '专题编号',
  `special_title` varchar(50) NOT NULL COMMENT '专题标题',
  `special_margin_top` int(10) DEFAULT '0' COMMENT '正文距顶部距离',
  `special_background` varchar(255) DEFAULT NULL COMMENT '专题背景',
  `special_image` varchar(255) DEFAULT NULL COMMENT '专题封面图',
  `special_image_all` text COMMENT '专题图片',
  `special_content` text COMMENT '专题内容',
  `special_modify_time` int(10) unsigned NOT NULL COMMENT '专题修改时间',
  `special_publish_id` int(10) unsigned NOT NULL COMMENT '专题发布者编号',
  `special_state` tinyint(1) unsigned NOT NULL COMMENT '专题状态1-草稿、2-已发布',
  `special_background_color` varchar(10) NOT NULL DEFAULT '#FFFFFF' COMMENT '专题背景色',
  `special_repeat` varchar(10) NOT NULL DEFAULT 'no-repeat' COMMENT '背景重复方式',
  PRIMARY KEY (`special_id`)
) ENGINE=InnoDB DEFAULT CHARSET=utf8 COMMENT='商城专题表';

#
# Data for table "33hao_web_special"
#


#
# Structure for table "33hao_ybk_attr"
#

DROP TABLE IF EXISTS `33hao_ybk_attr`;
CREATE TABLE `33hao_ybk_attr` (
  `attr_id` int(11) NOT NULL AUTO_INCREMENT COMMENT '属性id',
  `attr_value` varchar(50) NOT NULL DEFAULT '' COMMENT '属性值',
  PRIMARY KEY (`attr_id`)
) ENGINE=InnoDB AUTO_INCREMENT=6 DEFAULT CHARSET=utf8 COMMENT='邮币品相表';

#
# Data for table "33hao_ybk_attr"
#

INSERT INTO `33hao_ybk_attr` VALUES (1,'上品'),(2,'流通品'),(3,'中品'),(4,'差品'),(5,'全品');

#
# Structure for table "33hao_ybk_bank"
#

DROP TABLE IF EXISTS `33hao_ybk_bank`;
CREATE TABLE `33hao_ybk_bank` (
  `bank_id` int(11) unsigned NOT NULL AUTO_INCREMENT,
  `member_id` int(11) unsigned NOT NULL DEFAULT '0' COMMENT '用户id',
  `member_card` char(18) DEFAULT NULL COMMENT '用户身份证',
  `bank_num` varchar(50) NOT NULL DEFAULT '' COMMENT '银行卡号',
  `bank_name` varchar(50) NOT NULL DEFAULT '' COMMENT '银行名称',
  PRIMARY KEY (`bank_id`)
) ENGINE=InnoDB DEFAULT CHARSET=utf8 COMMENT='用户银行卡信息表';

#
# Data for table "33hao_ybk_bank"
#


#
# Structure for table "33hao_ybk_blacklist"
#

DROP TABLE IF EXISTS `33hao_ybk_blacklist`;
CREATE TABLE `33hao_ybk_blacklist` (
  `black_id` int(11) NOT NULL AUTO_INCREMENT,
  `ybk_id` int(11) unsigned NOT NULL DEFAULT '0' COMMENT '加入黑名单的信息id',
  `black_uid` int(11) unsigned NOT NULL DEFAULT '0' COMMENT '加入黑名单的用户id',
  `black_time` int(11) unsigned NOT NULL DEFAULT '0' COMMENT '加入黑名单时间',
  PRIMARY KEY (`black_id`)
) ENGINE=InnoDB DEFAULT CHARSET=utf8 COMMENT='黑名单表';

#
# Data for table "33hao_ybk_blacklist"
#


#
# Structure for table "33hao_ybk_buymode"
#

DROP TABLE IF EXISTS `33hao_ybk_buymode`;
CREATE TABLE `33hao_ybk_buymode` (
  `mode_id` int(11) NOT NULL AUTO_INCREMENT,
  `method` varchar(50) NOT NULL DEFAULT '' COMMENT '交割方式',
  PRIMARY KEY (`mode_id`)
) ENGINE=InnoDB AUTO_INCREMENT=5 DEFAULT CHARSET=utf8 COMMENT='交割方式';

#
# Data for table "33hao_ybk_buymode"
#

INSERT INTO `33hao_ybk_buymode` VALUES (1,'先款后货'),(2,'先货后款'),(3,'当面交割'),(4,'其它');

#
# Structure for table "33hao_ybk_class"
#

DROP TABLE IF EXISTS `33hao_ybk_class`;
CREATE TABLE `33hao_ybk_class` (
  `ybk_id` int(10) unsigned NOT NULL AUTO_INCREMENT COMMENT '索引ID',
  `ybk_name` varchar(50) NOT NULL COMMENT '分类名称',
  `ybk_pid` int(11) NOT NULL DEFAULT '0' COMMENT '父id',
  `ybk_bail` mediumint(8) unsigned NOT NULL DEFAULT '0' COMMENT '保证金数额',
  `ybk_sort` int(11) unsigned NOT NULL DEFAULT '0' COMMENT '排序',
  PRIMARY KEY (`ybk_id`)
) ENGINE=InnoDB AUTO_INCREMENT=23 DEFAULT CHARSET=utf8 COMMENT='邮币卡分类表';

#
# Data for table "33hao_ybk_class"
#

INSERT INTO `33hao_ybk_class` VALUES (1,'邮票',0,2000,0),(2,'邮资封片',0,10,0),(3,'邮品',0,0,0),(4,'钱币',0,23,0),(5,'版票',1,0,0),(6,'小型/全张',1,0,0),(7,'小/大本票 ',1,0,0),(8,'套票',1,0,0),(9,'JP',2,0,0),(10,'TP',2,0,0),(11,'PP',2,0,0),(12,'JF',2,0,0),(13,'WJ',2,0,0),(14,'其它',2,0,0),(15,'年册',3,0,0),(16,'专题册',3,0,0),(17,'流通纪念币',4,0,0),(18,'贵金属纪念币',4,0,0),(19,'纪念钞',4,0,0),(20,'纸币',4,0,0),(21,'硬币',4,0,0),(22,'港澳台币',4,0,0);

#
# Structure for table "33hao_ybk_collect"
#

DROP TABLE IF EXISTS `33hao_ybk_collect`;
CREATE TABLE `33hao_ybk_collect` (
  `collect_id` int(11) NOT NULL AUTO_INCREMENT,
  `member_id` int(11) unsigned NOT NULL DEFAULT '0' COMMENT '用户id',
  `ybk_id` int(11) unsigned NOT NULL DEFAULT '0' COMMENT '邮币卡主题',
  PRIMARY KEY (`collect_id`)
) ENGINE=InnoDB AUTO_INCREMENT=67 DEFAULT CHARSET=utf8 COMMENT='邮币卡收藏表';

#
# Data for table "33hao_ybk_collect"
#

INSERT INTO `33hao_ybk_collect` VALUES (2,1,5),(3,1,4),(4,1,7),(5,2,8),(6,1,8),(8,1,52),(11,3,92),(45,1,91),(46,1,93),(47,1,94),(48,1,4),(52,1,94),(56,1,93),(57,1,91),(61,1,92),(63,1,11),(65,37,92),(66,43,92);

#
# Structure for table "33hao_ybk_deposit"
#

DROP TABLE IF EXISTS `33hao_ybk_deposit`;
CREATE TABLE `33hao_ybk_deposit` (
  `deposit_id` int(11) NOT NULL AUTO_INCREMENT,
  `member_id` int(11) NOT NULL DEFAULT '0' COMMENT '用户id',
  `deposit_money` decimal(10,2) NOT NULL DEFAULT '0.00' COMMENT '充值金额',
  `deposit_method` varchar(255) NOT NULL DEFAULT '' COMMENT '充值方式',
  `deposit_time` int(11) NOT NULL DEFAULT '0' COMMENT '充值时间',
  PRIMARY KEY (`deposit_id`)
) ENGINE=InnoDB DEFAULT CHARSET=utf8 COMMENT='充值记录';

#
# Data for table "33hao_ybk_deposit"
#


#
# Structure for table "33hao_ybk_history"
#

DROP TABLE IF EXISTS `33hao_ybk_history`;
CREATE TABLE `33hao_ybk_history` (
  `history_id` int(11) NOT NULL AUTO_INCREMENT,
  `member_id` int(11) NOT NULL DEFAULT '0' COMMENT '用户id',
  `ybk_id` int(11) NOT NULL DEFAULT '0' COMMENT '访问过的商品id',
  `view_time` int(11) NOT NULL DEFAULT '0' COMMENT '访问时间',
  PRIMARY KEY (`history_id`)
) ENGINE=InnoDB AUTO_INCREMENT=178 DEFAULT CHARSET=utf8 COMMENT='访问足迹';

#
# Data for table "33hao_ybk_history"
#

INSERT INTO `33hao_ybk_history` VALUES (31,40,47,1475057835),(35,40,43,1475057889),(45,40,92,1475060826),(46,33,92,1475109555),(47,33,40,1475110472),(49,33,41,1475112328),(50,43,41,1475117130),(51,43,52,1475117140),(52,33,57,1475117321),(53,33,57,1475117344),(54,33,57,1475117359),(56,33,52,1475135884),(57,33,22,1475135898),(58,33,92,1475135934),(59,33,52,1475135938),(60,33,41,1475135941),(61,33,43,1475135945),(62,33,39,1475135947),(63,33,57,1475135950),(66,40,92,1475202702),(67,40,92,1475202710),(68,40,92,1475202805),(69,40,92,1475202811),(70,40,92,1475202948),(71,40,92,1475203011),(72,40,92,1475203018),(73,40,92,1475203078),(74,40,92,1475203115),(75,40,92,1475203258),(76,40,92,1475203266),(79,40,92,1475203482),(80,40,92,1475203500),(81,40,92,1475203785),(82,40,92,1475203801),(83,40,92,1475203849),(85,40,92,1475204655),(86,40,92,1475204722),(87,40,92,1475204777),(88,40,92,1475204783),(89,40,92,1475204865),(90,40,92,1475204900),(91,33,92,1475205208),(92,33,92,1475205214),(93,33,92,1475207391),(94,33,92,1475207395),(95,33,1,1475207398),(96,33,76,1475207406),(97,33,92,1475207410),(98,43,92,1475207415),(99,43,92,1475207422),(100,43,76,1475207427),(101,43,76,1475207434),(102,43,1,1475207454),(103,43,1,1475207469),(104,33,33,1475214207),(105,33,34,1475214219),(106,33,37,1475214232),(107,33,32,1475214241),(108,33,33,1475214247),(109,33,37,1475214255),(110,33,41,1475214259),(111,33,32,1475214278),(112,33,33,1475214282),(113,33,34,1475214284),(114,33,34,1475214286),(115,33,33,1475214327),(116,33,33,1475214330),(117,33,50,1475215063),(118,33,35,1475292193),(119,33,35,1475292196),(120,33,38,1475292199),(121,33,39,1475292202),(122,33,41,1475292204),(123,33,32,1475292207),(124,33,33,1475292209),(125,33,34,1475292211),(126,33,35,1475292213),(127,33,36,1475292218),(128,33,38,1475292221),(129,33,38,1475292223),(130,33,38,1475292229),(131,33,32,1475766017),(132,33,32,1475766032),(133,33,33,1475766056),(134,33,33,1475766065),(136,33,7,1475890946),(137,37,46,1475895781),(138,37,1,1475895911),(139,37,1,1475895966),(140,37,9,1475896245),(141,37,5,1475897332),(142,37,5,1475897463),(143,40,1,1475905842),(144,40,1,1475905851),(145,40,1,1475906021),(146,40,1,1475906021),(147,40,1,1475906021),(148,40,1,1475906032),(149,33,95,1475909192),(150,40,9,1475909400),(151,40,7,1475914218),(152,40,7,1475914234),(153,40,4,1475915075),(154,40,5,1475915209),(155,40,4,1475915212),(156,40,18,1475915331),(157,40,18,1475915351),(158,40,24,1475916220),(159,40,34,1475916244),(160,40,7,1475916346),(161,37,96,1475918455),(162,37,96,1475918462),(163,37,96,1475918469),(164,37,96,1475918476),(165,37,96,1475918517),(166,37,96,1475918521),(167,37,96,1475918532),(168,37,96,1475918534),(169,40,4,1475974160),(170,40,4,1475974173),(171,40,4,1475974839),(172,40,7,1475976054),(173,40,7,1475976226),(174,40,7,1475978221),(175,43,96,1475978385),(176,40,7,1475978969),(177,40,7,1475979009);

#
# Structure for table "33hao_ybk_info"
#

DROP TABLE IF EXISTS `33hao_ybk_info`;
CREATE TABLE `33hao_ybk_info` (
  `ybk_id` int(11) unsigned NOT NULL AUTO_INCREMENT COMMENT '邮币卡id',
  `ybk_identity` tinyint(1) unsigned NOT NULL DEFAULT '0' COMMENT '身份1买家2卖家',
  `ybk_type` int(11) unsigned NOT NULL DEFAULT '0' COMMENT '邮币类别',
  `ybk_member_id` int(11) unsigned NOT NULL DEFAULT '0' COMMENT '发布人',
  `ybk_status` tinyint(3) unsigned NOT NULL DEFAULT '0' COMMENT '邮币卡状态0审核1上架2审核失败3主动下架4到期5强制下架6删除状态',
  `ybk_viewed` int(11) unsigned NOT NULL DEFAULT '0' COMMENT '浏览次数',
  `ybk_city` varchar(50) DEFAULT NULL COMMENT '城市',
  `ybk_title` varchar(50) NOT NULL DEFAULT '' COMMENT '标题',
  `ybk_price` float(10,2) unsigned NOT NULL DEFAULT '0.00' COMMENT '单价',
  `ybk_num` int(11) unsigned NOT NULL DEFAULT '0' COMMENT '数量',
  `ybk_lessnum` int(11) unsigned NOT NULL DEFAULT '0' COMMENT '最小购买量',
  `ybk_attr` tinyint(3) unsigned NOT NULL DEFAULT '0' COMMENT '品相1上品2流通品3中品4差品5全品',
  `ybk_buymode` tinyint(3) unsigned NOT NULL DEFAULT '0' COMMENT '交易方式1先款2先货3当面4其它',
  `ybk_addtime` int(11) unsigned NOT NULL DEFAULT '0' COMMENT '发布时间',
  `ybk_deadline` int(11) unsigned NOT NULL DEFAULT '0' COMMENT '截止时间',
  `ybk_content` varchar(255) NOT NULL DEFAULT '' COMMENT '详细介绍',
  `ybk_pic` text NOT NULL COMMENT '图片,逗号隔开',
  `ybk_blacklist` text COMMENT '黑名单列表',
  PRIMARY KEY (`ybk_id`),
  KEY `ybk_identity` (`ybk_identity`,`ybk_member_id`,`ybk_status`,`ybk_type`)
) ENGINE=InnoDB DEFAULT CHARSET=utf8 COMMENT='邮币信息表';

#
# Data for table "33hao_ybk_info"
#


#
# Structure for table "33hao_ybk_member"
#

DROP TABLE IF EXISTS `33hao_ybk_member`;
CREATE TABLE `33hao_ybk_member` (
  `ybk_m_id` int(11) NOT NULL AUTO_INCREMENT,
  `ybk_member_id` int(11) unsigned DEFAULT '0' COMMENT '用户id',
  `ybk_member_status` tinyint(3) DEFAULT '0' COMMENT '审核状态0未审核1成功2失败',
  `ybk_idcard` char(18) DEFAULT '' COMMENT '身份证号',
  `ybk_identity_pic` varchar(255) DEFAULT '' COMMENT '身份证正反面图片',
  `ybk_balance` decimal(10,2) DEFAULT '0.00' COMMENT '余额',
  PRIMARY KEY (`ybk_m_id`),
  UNIQUE KEY `ybk_member_id` (`ybk_member_id`)
) ENGINE=InnoDB AUTO_INCREMENT=32 DEFAULT CHARSET=utf8 COMMENT='邮币卡用户';

#
# Data for table "33hao_ybk_member"
#

INSERT INTO `33hao_ybk_member` VALUES (1,36,0,'','',31.00),(2,1,0,'13062619931012319','',0.00),(11,2,0,'13062619931012319','',0.00),(13,3,0,'13062619931012319','',0.00),(15,14,0,'13062619931012319','',0.00),(16,5,0,'13062619931012319','',0.00),(17,7,0,'13062619931012319','',0.00),(18,18,0,'13062619931012319','',0.00),(19,33,0,'130626199310123191','',8952.00),(25,20,0,'130626199310123191','',0.00),(26,21,0,'130626199310123191','',0.00),(28,22,0,'130626199310123191','',0.00),(30,37,0,'','',9983.00),(31,44,0,'','',0.00);

#
# Structure for table "33hao_ybk_subscribe"
#

DROP TABLE IF EXISTS `33hao_ybk_subscribe`;
CREATE TABLE `33hao_ybk_subscribe` (
  `subscribe_id` int(11) NOT NULL AUTO_INCREMENT,
  `subscribe_uid` int(11) unsigned NOT NULL DEFAULT '0' COMMENT '用户id',
  `subscribe_identity` tinyint(1) unsigned NOT NULL DEFAULT '0' COMMENT '订阅买卖盘',
  `subscribe_keyword` varchar(50) DEFAULT NULL COMMENT '订阅关键字',
  `subscribe_type` int(5) unsigned NOT NULL DEFAULT '0' COMMENT '订阅类别',
  `subscribe_attr` tinyint(1) unsigned NOT NULL DEFAULT '0' COMMENT '订阅品相',
  `subscribe_minprice` int(11) unsigned DEFAULT '0' COMMENT '订阅最小金额',
  `subscribe_maxprice` int(11) unsigned DEFAULT '0' COMMENT '订阅最大金额',
  `subscribe_city` varchar(255) DEFAULT NULL COMMENT '订阅城市',
  `subscribe_status` tinyint(1) NOT NULL DEFAULT '1' COMMENT '订阅状态 1生效0不生效(删除)',
  `subscribe_addtime` int(11) unsigned NOT NULL DEFAULT '0' COMMENT '添加时间',
  PRIMARY KEY (`subscribe_id`)
) ENGINE=InnoDB AUTO_INCREMENT=26 DEFAULT CHARSET=utf8 COMMENT='订阅表';

#
# Data for table "33hao_ybk_subscribe"
#

INSERT INTO `33hao_ybk_subscribe` VALUES (1,1,1,'猴年',2,1,1000,2000,'北京',1,1474594425),(7,39,1,'',2,1,10,100,'北京',1,1474594425),(8,39,1,'',2,5,4000,5999,'6000~9999',1,1474594425),(9,39,1,'猴年',2,5,4000,5999,'杭州',1,1474594425),(10,39,1,'猴年',2,5,1000,5999,'杭州',1,1474594425),(17,33,1,'猴年',2,5,500,5999,'杭州',0,1474594125),(18,39,1,'猴年',2,5,800,1999,'杭州',1,1474594425),(19,40,2,'测试',8,3,1,60000,'上海',1,1474958616),(20,40,2,'测试',8,3,1,60000,'上海',1,1474958619),(21,40,1,'旅途',6,2,1,30,'上海',1,1474959546),(22,37,2,'哥几个',10,4,54,63,'武汉',1,1474964513),(23,37,2,'给个机会沟沟壑壑',13,5,36,542,'南京',1,1474964539),(24,39,1,'',4,5,4000,5999,'福州',1,1475037973),(25,39,1,'',4,5,4000,5999,'福州',1,1475060345);

#
# Structure for table "33hao_ybk_trade"
#

DROP TABLE IF EXISTS `33hao_ybk_trade`;
CREATE TABLE `33hao_ybk_trade` (
  `trade_id` int(11) NOT NULL AUTO_INCREMENT,
  `trade_orderid` int(11) unsigned NOT NULL DEFAULT '0' COMMENT '订单编号',
  `trade_type` tinyint(3) unsigned DEFAULT '0' COMMENT '购买类别1信息2商品',
  `trade_buyer_id` int(11) NOT NULL DEFAULT '0' COMMENT '购买人',
  `trade_buytime` int(11) NOT NULL DEFAULT '0' COMMENT '购买时间',
  `trade_cost` float(6,2) NOT NULL DEFAULT '0.00' COMMENT '花费',
  `trade_identity_type` tinyint(3) NOT NULL DEFAULT '0' COMMENT '买卖盘类别1买2卖',
  `trade_price` float(10,2) unsigned DEFAULT NULL COMMENT '总交易额',
  `trade_comment` tinyint(1) DEFAULT NULL COMMENT '评价-1差评0中评1好评',
  `trade_comment_time` int(11) DEFAULT NULL COMMENT '评价时间',
  `ybk_info_id` int(11) NOT NULL DEFAULT '0' COMMENT '邮币主题id',
  `ybk_member_id` int(11) NOT NULL DEFAULT '0' COMMENT '发布人id',
  `ybk_city` varchar(50) DEFAULT NULL COMMENT '城市',
  `ybk_title` varchar(50) NOT NULL DEFAULT '' COMMENT '标题',
  `ybk_price` float(10,2) NOT NULL DEFAULT '0.00' COMMENT '单价',
  `ybk_num` int(11) NOT NULL DEFAULT '0' COMMENT '数量',
  `ybk_lessnum` int(11) DEFAULT '0' COMMENT '最小数量',
  `ybk_attr` tinyint(3) NOT NULL DEFAULT '0' COMMENT '品相1上品2流通品3中品4差品5全品',
  `ybk_type` varchar(50) NOT NULL DEFAULT '' COMMENT '邮币类别',
  `ybk_buymode` tinyint(3) NOT NULL DEFAULT '0' COMMENT '交易方式1当面交易2中介交易3先款4先货5其他',
  `ybk_content` varchar(255) NOT NULL DEFAULT '' COMMENT '详细介绍',
  `ybk_member_name` varchar(50) DEFAULT '' COMMENT '发布人姓名',
  `ybk_member_phone` char(11) NOT NULL DEFAULT '' COMMENT '发布人电话',
  `ybk_member_qq` char(11) DEFAULT '0' COMMENT '发布人qq',
  `ybk_member_weixin` varchar(50) DEFAULT '' COMMENT '发布人微信',
  PRIMARY KEY (`trade_id`)
) ENGINE=InnoDB AUTO_INCREMENT=47 DEFAULT CHARSET=utf8 COMMENT='交易表';

#
# Data for table "33hao_ybk_trade"
#

INSERT INTO `33hao_ybk_trade` VALUES (1,0,1,1,1474425634,5.00,1,0.00,NULL,NULL,1,1,'北京','6',10000.00,20,0,1,'金币',2,'','','13800138000','',''),(2,0,1,1,1474436874,5.00,1,0.00,NULL,NULL,1,1,'北京','6',2000.00,100,100,1,'金币',1,'','','13800138000','',''),(3,0,2,1,1474437019,5.00,1,0.00,NULL,NULL,1,1,'北京','6',2000.00,100,100,1,'金币',1,'','','13800138000','',''),(4,0,1,1,1474438328,5.00,1,0.00,NULL,NULL,19,1,'北京','6',2000.00,100,100,1,'金币',1,'','','13800138000','',''),(5,0,1,1,1474957592,5.00,1,0.00,NULL,NULL,1,1,'北京','6',2000.00,100,100,1,'钱币',1,'','','13800138000','',''),(6,0,1,1,1474961775,5.00,1,0.00,NULL,NULL,1,1,'北京','6',2000.00,100,100,1,'钱币',1,'','','13800138000','',''),(7,0,1,40,1475023926,5.00,1,885.00,1,1474435874,1,1,'北京','6',2000.00,100,100,1,'钱币',1,'',NULL,'18301081124',NULL,''),(8,0,1,40,1475024170,5.00,1,0.00,NULL,NULL,1,1,'北京','6',2000.00,100,100,1,'钱币',1,'',NULL,'18301081124',NULL,''),(9,0,1,40,1475024596,5.00,1,0.00,NULL,NULL,1,1,'北京','6',2000.00,100,100,1,'钱币',1,'',NULL,'18301081124',NULL,''),(10,0,1,40,1475025538,5.00,1,NULL,NULL,NULL,1,1,'北京','6',2000.00,100,100,1,'钱币',1,'',NULL,'18301081124',NULL,''),(11,0,1,40,1475025614,5.00,1,NULL,NULL,NULL,1,1,'北京','6',2000.00,100,100,1,'钱币',1,'',NULL,'18301081124',NULL,''),(12,0,1,40,1475025755,5.00,1,NULL,NULL,NULL,1,1,'北京','6',2000.00,100,100,1,'钱币',1,'',NULL,'18301081124',NULL,''),(13,0,1,40,1475026108,5.00,1,NULL,NULL,NULL,1,1,'北京','6',2000.00,100,100,1,'钱币',1,'',NULL,'18301081124',NULL,''),(14,0,1,40,1475026494,5.00,1,NULL,NULL,NULL,1,1,'北京','6',2000.00,100,100,1,'钱币',1,'',NULL,'18301081124',NULL,''),(15,0,1,40,1475026553,5.00,1,NULL,NULL,NULL,1,1,'北京','6',2000.00,100,100,1,'钱币',1,'',NULL,'18301081124',NULL,''),(16,0,1,33,1475026694,5.00,2,888.00,0,1474436874,1,1,'北京','6',2000.00,100,100,1,'钱币',1,'',NULL,'13621286210',NULL,''),(17,0,1,39,1475026744,5.00,1,NULL,NULL,NULL,1,1,'北京','6',2000.00,100,100,1,'钱币',1,'',NULL,'13621286210',NULL,''),(18,0,1,33,1475027377,5.00,1,888.00,1,1474436674,40,39,'杭州','999',999.00,456,123,5,'邮资封片',4,'1111',NULL,'13621286210',NULL,''),(19,0,1,40,1475027510,5.00,1,NULL,NULL,NULL,1,1,'北京','6',2000.00,100,100,1,'钱币',1,'',NULL,'18301081124',NULL,''),(20,0,1,40,1475027620,5.00,1,NULL,NULL,NULL,40,39,'杭州','999',999.00,456,123,5,'邮资封片',4,'1111',NULL,'18301081124',NULL,''),(21,0,1,40,1475027774,5.00,1,NULL,NULL,NULL,47,39,'武汉','21312',1321.00,12312,32112,5,'邮资封片',4,'1111',NULL,'18301081124',NULL,''),(22,0,1,40,1475028007,5.00,1,NULL,NULL,NULL,43,39,'杭州','999',999.00,456,123,5,'邮资封片',4,'1111',NULL,'18301081124',NULL,''),(23,0,1,39,1475028037,5.00,1,NULL,NULL,NULL,40,39,'杭州','999',999.00,456,123,5,'邮资封片',4,'1111',NULL,'13621286210',NULL,''),(24,0,1,40,1475028299,5.00,1,NULL,NULL,NULL,41,39,'杭州','999',999.00,456,123,5,'邮资封片',4,'1111',NULL,'18301081124',NULL,''),(25,0,1,40,1475028560,5.00,1,888.00,1,1474436123,92,37,'杭州','好v男孩女孩哥哥',56366.00,566525,5566,4,'钱币',2,'好几个号',NULL,'18301081124',NULL,''),(26,0,1,40,1475029253,5.00,1,NULL,NULL,NULL,52,39,'武汉','21312',1321.00,12312,32112,5,'邮资封片',4,'1111',NULL,'18301081124',NULL,''),(27,0,1,40,1475029418,5.00,1,NULL,NULL,NULL,54,39,'武汉','21312',1321.00,12312,32112,5,'邮资封片',4,'1111',NULL,'18301081124',NULL,''),(28,0,1,40,1475029934,5.00,1,12.00,1,1475913184,57,39,'武汉','21312',1321.00,12312,32112,5,'邮资封片',4,'1111',NULL,'18301081124',NULL,''),(29,0,1,40,1475030350,5.00,1,12.00,1,1475913198,57,39,'武汉','21312',1321.00,12312,32112,5,'邮资封片',4,'1111',NULL,'18301081124',NULL,''),(30,0,1,37,1475033308,5.00,1,0.00,1,1474436874,41,39,'杭州','999',999.00,456,123,5,'邮资封片',4,'1111',NULL,'13051276294',NULL,''),(31,0,1,33,1475050921,5.00,1,NULL,NULL,NULL,1,1,'北京','6',2000.00,100,100,1,'钱币',1,'','刘帅','12345678900','936794508','ls93679'),(32,0,1,37,1475056581,5.00,1,65.00,-1,1474436898,52,39,'武汉','21312',1321.00,12312,32112,5,'邮资封片',4,'1111',NULL,'13051276294',NULL,''),(33,0,0,0,0,0.00,0,NULL,NULL,NULL,0,0,NULL,'',0.00,0,0,0,'',0,'','','','0',''),(34,0,1,37,1475193941,5.00,2,2000.00,1,1475895461,22,40,'杭州','兔兔',11.00,1,1,3,'钱币',3,'',NULL,'13051276294',NULL,''),(35,0,1,33,1475204912,5.00,2,NULL,NULL,NULL,12,8,'上海','17',900.00,1500,0,1,'邮票',1,'','刘帅','13621286210','936794508','ls93679'),(36,0,1,33,1475205092,5.00,2,NULL,NULL,NULL,12,8,'上海','17',900.00,1500,0,1,'邮票',1,'','刘帅','13621286210','936794508','ls93679'),(37,0,1,33,1475205212,5.00,1,NULL,NULL,NULL,92,37,'杭州','好v男孩女孩哥哥',56366.00,566525,5566,4,'流通纪念币',2,'好几个号','刘帅','13621286210','936794508','ls93679'),(38,0,1,33,1475292227,5.00,1,NULL,NULL,NULL,38,39,'杭州','999',999.00,456,123,5,'纪念钞',4,'1111','刘帅','13621286210','936794508','ls93679'),(39,0,1,33,1475766030,5.00,1,NULL,NULL,NULL,32,39,'武汉','womendedede',24324.00,243242,24324,5,'纪念钞',4,'1111','刘帅','13621286210','936794508','ls93679'),(40,0,1,33,1475766063,5.00,1,NULL,NULL,NULL,33,39,'厦门','89089',8089.00,78789,8089,5,'纪念钞',4,'1111','刘帅','13621286210','936794508','ls93679'),(41,0,1,37,1475895963,2.00,1,500.00,1,1475896018,1,17,'北京','6',2000.00,100,100,1,'流通纪念币',1,'',NULL,'13051276294',NULL,''),(42,0,1,33,1475906662,2.00,1,NULL,NULL,NULL,1,17,'北京','6',2000.00,100,100,1,'流通纪念币',1,'','刘帅','13621286210','936794508','ls93679'),(43,0,1,33,1475906688,2.00,1,NULL,NULL,NULL,1,17,'北京','6',2000.00,100,100,1,'流通纪念币',1,'','刘帅','13621286210','936794508','ls93679'),(44,4294967295,1,33,1475909020,2.00,1,15200.00,-1,NULL,1,17,'北京','6',2000.00,100,100,1,'流通纪念币',1,'','刘帅','13621286210','936794508','ls93679'),(45,4294967295,1,37,1475918460,2.00,1,NULL,NULL,NULL,96,37,'北京','测试123646',585.00,2568,8,4,'TP',3,'感觉好v好你你你你',NULL,'13051276294',NULL,''),(46,4294967295,1,37,1475918530,2.00,1,NULL,NULL,NULL,96,37,'北京','测试123646',585.00,2568,8,4,'TP',3,'感觉好v好你你你你',NULL,'13051276294',NULL,'');
